county,year,month,date,season,rainfall_mm,rainfall_anomaly,ndvi,ndvi_anomaly,stress_avg,stress_min,stress_category
Baringo,2017,1,2017-01-01,hot_dry,23.02004976477474,-0.2908982182603911,0.2961605561694183,-0.5858369206770475,-0.48260837483121777,-0.5858369206770475,normal
Baringo,2017,2,2017-02-01,hot_dry,37.96331637725234,1.0388678394379267,0.3575773942025485,0.4052723195495956,0.6270307515105115,0.4052723195495956,good
Baringo,2017,3,2017-03-01,long_rains,31.28157983534038,-0.8098739364020968,0.2546439650604217,-0.6560345985436338,-0.7098783667940958,-0.8098739364020968,moderate_stress
Baringo,2017,4,2017-04-01,long_rains,53.773676302284,-1.1310911064307805,0.2753566053617723,-0.6053815225800135,-0.789379876927782,-1.1310911064307805,moderate_stress
Baringo,2017,5,2017-05-01,long_rains,110.4159553507343,-0.5570261895790657,0.4589119958865531,-0.3724222568447648,-0.43703363330177014,-0.5570261895790657,normal
Baringo,2017,6,2017-06-01,cool_dry,50.34358145669103,-0.8598033528912713,0.4065392552338581,-0.8977482944078824,-0.8844675648770686,-0.8977482944078824,moderate_stress
Baringo,2017,7,2017-07-01,cool_dry,238.91900017857552,1.58498971560461,0.3280765311815631,-0.9593748351789414,-0.06884724240469842,-0.9593748351789414,normal
Baringo,2017,8,2017-08-01,cool_dry,152.5951623469591,0.4277200925692405,0.5719383950136473,1.2102161755314835,0.9363425464946985,0.4277200925692405,good
Baringo,2017,9,2017-09-01,cool_dry,99.38310653716326,0.8967709136706179,0.5503324860346863,0.8551517662998606,0.8697184678796257,0.8551517662998606,good
Baringo,2017,10,2017-10-01,short_rains,125.36290846392512,1.1709527816004843,0.4786915021966407,0.5544091643593057,0.7701994303937181,0.5544091643593057,good
Baringo,2017,11,2017-11-01,short_rains,89.99506720155478,0.0667238265668125,0.5180160623459265,0.8959425913710746,0.6057160236895829,0.0667238265668125,good
Baringo,2017,12,2017-12-01,short_rains,21.022773534059525,-0.4402902981934609,0.4353738540693313,0.3661729204760566,0.08391079394172549,-0.4402902981934609,normal
Baringo,2018,1,2018-01-01,hot_dry,8.138539194129407,-1.0789647931400888,0.3282739318216328,-0.0811514606978823,-0.43038612705265455,-1.0789647931400888,normal
Baringo,2018,2,2018-02-01,hot_dry,9.641530903987586,-0.9052723279481232,0.2986915646295243,-0.3892880698595435,-0.5698825601905464,-0.9052723279481232,moderate_stress
Baringo,2018,3,2018-03-01,long_rains,168.56304412335157,1.424048035176805,0.5056719791315126,1.945798359841204,1.7631857462086644,1.424048035176805,very_good
Baringo,2018,4,2018-04-01,long_rains,291.6290397644043,1.6409255500933824,,,,,no_data
Baringo,2018,5,2018-05-01,long_rains,275.20200822502375,1.7098989386822607,0.6377707297089044,1.5280804030945063,1.5917168905502204,1.5280804030945063,very_good
Baringo,2018,6,2018-06-01,cool_dry,207.1015231013298,1.6101889197722932,0.6285451962680607,1.7410276169557664,1.6952340729415507,1.6101889197722932,very_good
Baringo,2018,7,2018-07-01,cool_dry,95.70750208944082,-0.6123183869550988,0.622445196599639,1.5652328677980467,0.803089928634446,-0.6123183869550988,good
Baringo,2018,8,2018-08-01,cool_dry,97.08970084041356,-0.8441068518756659,,,,,no_data
Baringo,2018,9,2018-09-01,cool_dry,29.925740780308843,-1.707528410011848,0.520844115507733,0.363332081113105,-0.36146909078062844,-1.707528410011848,normal
Baringo,2018,10,2018-10-01,short_rains,52.00922230258584,-0.9996299238579406,0.5179435835348624,1.185809511299763,0.4209057089945668,-0.9996299238579406,normal
Baringo,2018,11,2018-11-01,short_rains,30.665741888806224,-1.5547182195995586,0.4871527614647142,0.553126425208416,-0.18461920047437508,-1.5547182195995586,normal
Baringo,2018,12,2018-12-01,short_rains,74.73326497524977,0.8291342951040368,0.4244715570171434,0.2233016692041176,0.4353430882690893,0.2233016692041176,normal
Baringo,2019,1,2019-01-01,hot_dry,15.507306607440114,-0.6887437017444539,0.3788590007677337,0.7138303271285943,0.22292941702302746,-0.6887437017444539,normal
Baringo,2019,2,2019-02-01,hot_dry,9.511540642939508,-0.9141954690442636,0.3144752224616018,-0.1763154514165281,-0.43457345758623556,-0.9141954690442636,normal
Baringo,2019,3,2019-03-01,long_rains,38.75817528180778,-0.6882105281110119,0.2642079237084129,-0.5569069258213132,-0.6028631866227078,-0.6882105281110119,moderate_stress
Baringo,2019,4,2019-04-01,long_rains,89.41951818577945,-0.7156669343682819,0.2527755428439743,-0.8301256973633131,-0.7900651303150521,-0.8301256973633131,moderate_stress
Baringo,2019,5,2019-05-01,long_rains,64.83136860653758,-1.1841232244880844,0.3182695433813431,-1.866849447367188,-1.6278952693595017,-1.866849447367188,severe_stress
Baringo,2019,6,2019-06-01,cool_dry,158.35118100047112,0.8420430318159723,0.4007254750769462,-0.9668512335479638,-0.33373824067058616,-0.9668512335479638,normal
Baringo,2019,7,2019-07-01,cool_dry,141.41364366188645,0.0889554391965423,0.5329471619126744,0.797666702251481,0.5496177601822525,0.0889554391965423,good
Baringo,2019,8,2019-08-01,cool_dry,152.48687721788883,0.4252388962851949,0.5176491693749851,0.3636340939300785,0.3851957747543693,0.3636340939300785,normal
Baringo,2019,9,2019-09-01,cool_dry,70.45564873889089,-0.1878621984404512,0.4719316485389694,-0.4524510115571681,-0.3598449269663172,-0.4524510115571681,normal
Baringo,2019,10,2019-10-01,short_rains,137.86046895384789,1.540763626554913,0.4196504150910963,-0.3953127767771646,0.28231396438906253,-0.3953127767771646,normal
Baringo,2019,11,2019-11-01,short_rains,111.8320249542594,0.6635174235603338,0.5381800117524393,1.1199149997937428,0.9601758481120497,0.6635174235603338,good
Baringo,2019,12,2019-12-01,short_rains,127.68075846135616,2.080525756645895,0.4742437494307549,0.8755509497585596,1.2972921321691269,0.8755509497585596,very_good
Baringo,2020,1,2020-01-01,hot_dry,43.90969040198251,0.8153354177190903,0.4565612431525638,1.9349785603164784,1.5431034604073925,0.8153354177190903,very_good
Baringo,2020,2,2020-02-01,hot_dry,28.513594330288463,0.3901946045008699,0.4977245340008267,2.296310737113287,1.629170090698941,0.3901946045008699,very_good
Baringo,2020,3,2020-03-01,long_rains,172.70030250027776,1.4913718537144938,0.4080853249680525,0.9343408376975278,1.129301693303466,0.9343408376975278,good
Baringo,2020,4,2020-04-01,long_rains,220.0127090960741,0.8062937023933446,0.4906873838419533,1.5377566967500178,1.2817446487251822,0.8062937023933446,very_good
Baringo,2020,5,2020-05-01,long_rains,132.7591313496232,-0.249656080072976,0.5714943201501295,0.8238458937370678,0.44812020290355253,-0.249656080072976,normal
Baringo,2020,6,2020-06-01,cool_dry,171.18438585102558,1.0442523520061764,0.56845076091431,1.026741559205416,1.0328703366856822,1.026741559205416,good
Baringo,2020,7,2020-07-01,cool_dry,218.77945724129677,1.2759867272384882,0.5476372317797905,0.9236538330186744,1.0469703459956092,0.9236538330186744,good
Baringo,2020,8,2020-08-01,cool_dry,203.40221998095512,1.591889943841647,0.5072378996033885,0.2012815399626281,0.6879944813202846,0.2012815399626281,good
Baringo,2020,9,2020-09-01,cool_dry,96.28748144209383,0.7807006559864192,0.5582642756715752,0.9874415541881612,0.9150822398175515,0.7807006559864192,good
Baringo,2020,10,2020-10-01,short_rains,98.171767026186,0.3663494353335173,0.5255459902566948,1.30810015368344,0.9784874022609671,0.3663494353335173,good
Baringo,2020,11,2020-11-01,short_rains,108.33907685428856,0.568056824867959,0.486567338329254,0.5466237988155415,0.5541253579338876,0.5466237988155415,good
Baringo,2020,12,2020-12-01,short_rains,17.052352181635797,-0.5341295161056421,0.4618187374887906,0.7127249879709034,0.2763259115441125,-0.5341295161056421,normal
Baringo,2021,1,2021-01-01,hot_dry,34.98958594724536,0.3429615863232225,0.3575125408907325,0.3783549153056628,0.3659672501618087,0.3429615863232225,normal
Baringo,2021,2,2021-02-01,hot_dry,27.17840113863349,0.2985406825556165,0.2932667725800996,-0.46248606867366,-0.19612670574341323,-0.46248606867366,normal
Baringo,2021,3,2021-03-01,long_rains,31.048068476840857,-0.8136737658770429,0.3260596393450961,0.0841682660120353,-0.23007644514914208,-0.8136737658770429,normal
Baringo,2021,4,2021-04-01,long_rains,77.30994566902518,-0.85679445081874,0.298586833960605,-0.3741763455713117,-0.5430926824079115,-0.85679445081874,moderate_stress
Baringo,2021,5,2021-05-01,long_rains,210.04347377456725,0.8135274528071514,0.4807613967768948,-0.1402566609985048,0.19356777883347487,-0.1402566609985048,normal
Baringo,2021,6,2021-06-01,cool_dry,63.33847429230809,-0.6550463590744734,0.4416395825520356,-0.4805437016987314,-0.5416196317802411,-0.6550463590744734,moderate_stress
Baringo,2021,7,2021-07-01,cool_dry,93.24262278340755,-0.6501372726119449,0.3672025446927415,-0.6238165822079133,-0.6330288238493244,-0.6501372726119449,moderate_stress
Baringo,2021,8,2021-08-01,cool_dry,95.23854929953814,-0.8865232978259161,0.484698124980539,-0.1502020020212406,-0.407914455552877,-0.8865232978259161,normal
Baringo,2021,9,2021-09-01,cool_dry,95.59303972870111,0.754662609987718,0.4873923869695853,-0.1945901880589661,0.13764829125737327,-0.1945901880589661,normal
Baringo,2021,10,2021-10-01,short_rains,71.43309394270182,-0.424865081606551,0.3953574751048603,-0.7860836661816255,-0.6596571615803495,-0.7860836661816255,moderate_stress
Baringo,2021,11,2021-11-01,short_rains,32.68595057167113,-1.4995068838366743,0.3596493406957005,-0.8631262967182195,-1.0858595022096789,-1.4995068838366743,moderate_stress
Baringo,2021,12,2021-12-01,short_rains,0.0,-0.9371545983959528,0.3214327571761753,-1.1269901264027211,-1.0605476916003522,-1.1269901264027211,moderate_stress
Baringo,2022,1,2022-01-01,hot_dry,33.86035244073719,0.2831617980229213,0.2869519821495215,-0.7305564750868722,-0.3757550794984445,-0.7305564750868722,normal
Baringo,2022,2,2022-02-01,hot_dry,27.385098575614393,0.3127293639192847,0.279829385476996,-0.6437999026928112,-0.30901465937857764,-0.6437999026928112,normal
Baringo,2022,3,2022-03-01,long_rains,40.63754164706915,-0.657628411014739,0.2580565415238662,-0.6206642278363876,-0.6336016919488106,-0.657628411014739,moderate_stress
Baringo,2022,4,2022-04-01,long_rains,100.54733190033583,-0.5859810424108326,0.2271435485493731,-1.085235101593072,-0.9104961808792882,-1.085235101593072,moderate_stress
Baringo,2022,5,2022-05-01,long_rains,105.28278560936452,-0.627642065567181,0.4703536714078231,-0.2508462269935559,-0.3827247704943247,-0.627642065567181,normal
Baringo,2022,6,2022-06-01,cool_dry,58.786159521434456,-0.7267759453960392,0.4316752099427594,-0.5989808313121189,-0.6437091212414909,-0.7267759453960392,moderate_stress
Baringo,2022,7,2022-07-01,cool_dry,67.26995491981506,-1.0486384705132732,0.3258591413847415,-0.978391938625084,-1.0029782247859502,-1.0486384705132732,moderate_stress
Baringo,2022,8,2022-08-01,cool_dry,157.51022323966026,0.5403415663351615,0.4283269271056798,-1.0292502013250266,-0.4798930826439609,-1.0292502013250266,normal
Baringo,2022,9,2022-09-01,cool_dry,87.21134294942021,0.4403914449970041,0.4779093826724533,-0.3527517990498865,-0.07515166363347481,-0.3527517990498865,normal
Baringo,2022,10,2022-10-01,short_rains,44.06435410771519,-1.2347236785603706,0.3747706836893245,-1.1172382648424326,-1.158358159643711,-1.2347236785603706,moderate_stress
Baringo,2022,11,2022-11-01,short_rains,98.98764453455806,0.3124866582570804,0.2724201240309886,-1.8320306193460023,-1.0814495721849233,-1.8320306193460023,moderate_stress
Baringo,2022,12,2022-12-01,short_rains,44.1780081037432,0.106973810505178,0.2666894212176237,-1.844384714878807,-1.1614092309944122,-1.844384714878807,moderate_stress
Baringo,2023,1,2023-01-01,hot_dry,6.8977953121066085,-1.1446697346355703,0.3097548539046,-0.3721924729591759,-0.642559514545914,-1.1446697346355703,moderate_stress
Baringo,2023,2,2023-02-01,hot_dry,0.8728033797815438,-1.5071989053796644,0.2647186386209197,-0.847692774599078,-1.0785199203722833,-1.5071989053796644,moderate_stress
Baringo,2023,3,2023-03-01,long_rains,114.11549876257776,0.5380466473653144,0.2119407191455232,-1.098641424967119,-0.5258005996507674,-1.098641424967119,moderate_stress
Baringo,2023,4,2023-04-01,long_rains,147.01801711134613,-0.0444018592887903,0.362873234667756,0.2656515662166971,0.15713286728977652,-0.0444018592887903,normal
Baringo,2023,5,2023-05-01,long_rains,97.0952608268708,-0.7402760254439713,0.4743906383861717,-0.2079505499613184,-0.3942644663802469,-0.7402760254439713,normal
Baringo,2023,6,2023-06-01,cool_dry,80.88786061108112,-0.3785254495589486,0.4446274218556835,-0.4450300647899025,-0.4217534494590687,-0.4450300647899025,normal
Baringo,2023,7,2023-07-01,cool_dry,74.8738488741219,-0.9319711775951858,0.3375909845821598,-0.8777755851003118,-0.8967440424735178,-0.9319711775951858,moderate_stress
Baringo,2023,8,2023-08-01,cool_dry,68.44670963287354,-1.5004193479523276,0.395349862269142,-1.5434920580837823,-1.5284166095377731,-1.5434920580837823,severe_stress
Baringo,2023,9,2023-09-01,cool_dry,84.70588137581944,0.3464493294194785,0.3773980471254478,-2.029122942082184,-1.197672647056602,-2.029122942082184,moderate_stress
Baringo,2023,10,2023-10-01,short_rains,92.41363169811666,0.19596251120122,0.3713467465202641,-1.1723149650514968,-0.6934178483630459,-1.1723149650514968,moderate_stress
Baringo,2023,11,2023-11-01,short_rains,97.04425882920624,0.2593748576767518,0.4429707216356953,0.0623714808255769,0.1313226627234881,0.0623714808255769,normal
Baringo,2023,12,2023-12-01,short_rains,18.284965937957168,-0.5049972148675419,0.3975245226850159,-0.1298309316294216,-0.26113913076276374,-0.5049972148675419,normal
Baringo,2024,1,2024-01-01,hot_dry,61.7826540954411,1.76181764571527,0.253426993785177,-1.2574264733297569,-0.2006910316639975,-1.2574264733297569,normal
Baringo,2024,2,2024-02-01,hot_dry,41.56834940519184,1.2863342119583532,0.3140538751992986,-0.1820007894212671,0.33191646106159994,-0.1820007894212671,normal
Baringo,2024,3,2024-03-01,long_rains,51.30263860523701,-0.4840798948517226,0.3148457669894998,-0.0320602863823131,-0.19026714934660643,-0.4840798948517226,normal
Baringo,2024,4,2024-04-01,long_rains,226.91342820972204,0.8867161408306983,0.4458510029148126,1.091510404140996,1.0198324119823918,0.8867161408306983,good
Baringo,2024,5,2024-05-01,long_rains,211.62594759464264,0.8352971936618662,0.5397367472291664,0.4863988453337582,0.608513267248596,0.4863988453337582,good
Baringo,2024,6,2024-06-01,cool_dry,49.29451571032405,-0.8763331966737097,0.5343472301130161,0.6213849495954129,0.09718359840122004,-0.8763331966737097,normal
Baringo,2024,7,2024-07-01,cool_dry,154.72112442925572,0.293133425635862,0.4577565015721205,0.1528055380440479,0.20192029870118283,0.1528055380440479,normal
Baringo,2024,8,2024-08-01,cool_dry,144.65832471847534,0.2458589986226656,0.5551110899424601,0.9478124520058628,0.7021287433217438,0.2458589986226656,good
Baringo,2024,9,2024-09-01,cool_dry,40.16563258878887,-1.3235843456089385,0.5484041732577738,0.8229905391470796,0.07168932948247336,-1.3235843456089385,normal
Baringo,2024,10,2024-10-01,short_rains,65.01401774771512,-0.6148096706652724,0.4704992777329588,0.4226308435102131,0.05952666354879321,-0.6148096706652724,normal
Baringo,2024,11,2024-11-01,short_rains,130.87912379018962,1.1840655125072947,0.3938876158065301,-0.4828223799501321,0.10058838240996726,-0.4828223799501321,normal
Baringo,2024,12,2024-12-01,short_rains,14.2626798087731,-0.6000622346925123,0.4778992564527328,0.923455245501311,0.3902241274334728,-0.6000622346925123,normal
Bomet,2017,1,2017-01-01,hot_dry,30.266892343759537,-0.804403712076143,0.6222274480315365,-1.2762675242136765,-1.1111151899655398,-1.2762675242136765,moderate_stress
Bomet,2017,2,2017-02-01,hot_dry,73.35428729653358,-0.3580991155157386,0.5779140645866538,-1.054733559442245,-0.8109115040679677,-1.054733559442245,moderate_stress
Bomet,2017,3,2017-03-01,long_rains,104.75507805496454,-0.7191039003940789,0.6912525798649359,0.2424745891467205,-0.09407788219255925,-0.7191039003940789,normal
Bomet,2017,4,2017-04-01,long_rains,181.9597106575966,-1.4158002274526444,0.7051079123563212,1.049970087154136,0.18695047704176282,-1.4158002274526444,normal
Bomet,2017,5,2017-05-01,long_rains,210.24452075362208,-0.6242192949834016,0.7522400357307537,1.15715692033143,0.533675244971239,-0.6242192949834016,good
Bomet,2017,6,2017-06-01,cool_dry,111.94987285137177,-0.5934253328073853,0.6905321755369501,0.6086064169944804,0.18789530456382741,-0.5934253328073853,normal
Bomet,2017,7,2017-07-01,cool_dry,169.68706619739532,1.7732562760220612,0.5033461864871837,-1.71974038181224,-0.49719155157023487,-1.71974038181224,normal
Bomet,2017,8,2017-08-01,cool_dry,135.87172561883926,-0.1222935174142002,0.6826205919180204,1.4365765430899424,0.8909720219134925,-0.1222935174142002,good
Bomet,2017,9,2017-09-01,cool_dry,147.69154701381922,-0.066196820493717,0.538670319502515,-2.0613662451293835,-1.3630569465069002,-2.0613662451293835,severe_stress
Bomet,2017,10,2017-10-01,short_rains,147.08528672158718,-0.0018549134366182,0.6615272562236489,0.6796436304641006,0.441119140098849,-0.0018549134366182,normal
Bomet,2017,11,2017-11-01,short_rains,133.1146810464561,-0.9071264062257308,0.6970747091831859,0.915458110717369,0.2775535297872841,-0.9071264062257308,normal
Bomet,2017,12,2017-12-01,short_rains,82.27421248331666,-0.6175071948700265,0.681803930378553,-0.6064084581448913,-0.6102930159986886,-0.6175071948700265,moderate_stress
Bomet,2018,1,2018-01-01,hot_dry,48.7344788312912,-0.6105802714576573,0.672763258961099,-0.1110466129741589,-0.2858833934433833,-0.6105802714576573,normal
Bomet,2018,2,2018-02-01,hot_dry,47.41082082688808,-0.6469579095595611,0.6564650431985831,0.2161981694449191,-0.08590645820664897,-0.6469579095595611,normal
Bomet,2018,3,2018-03-01,long_rains,285.8107096552849,1.169433648727404,0.7596956502415277,1.0237778053872468,1.0747573505563017,1.0237778053872468,good
Bomet,2018,4,2018-04-01,long_rains,356.8568935394287,1.5384550105146468,,,,,no_data
Bomet,2018,5,2018-05-01,long_rains,285.9156302213669,1.6598918138929752,0.7758152479252471,1.5461140204441948,1.585936248151268,1.5461140204441948,very_good
Bomet,2018,6,2018-06-01,cool_dry,177.10690435767174,1.0558701915860127,,,,,no_data
Bomet,2018,7,2018-07-01,cool_dry,87.65808539092541,-0.3930822024114611,,,,,no_data
Bomet,2018,8,2018-08-01,cool_dry,137.04053232073784,-0.0968324960700902,,,,,no_data
Bomet,2018,9,2018-09-01,cool_dry,71.62145094573498,-1.6900063275890589,0.6904638710597238,1.281910656742732,0.24173971222660529,-1.6900063275890589,normal
Bomet,2018,10,2018-10-01,short_rains,141.86480097472668,-0.1222968657462774,0.6301850526750545,-0.0486441886039473,-0.07442262560376284,-0.1222968657462774,normal
Bomet,2018,11,2018-11-01,short_rains,113.184945628047,-1.1717708520288772,0.3542909677406863,-2.042377232819705,-1.7376649995429152,-2.042377232819705,severe_stress
Bomet,2018,12,2018-12-01,short_rains,132.27915939921513,-0.1330772767518324,0.6900963234964912,-0.3401158333276715,-0.2676523385261278,-0.3401158333276715,normal
Bomet,2019,1,2019-01-01,hot_dry,29.492569118738174,-0.812530490944934,0.7101584589153896,0.7511868837328808,0.20388580259564565,-0.812530490944934,normal
Bomet,2019,2,2019-02-01,hot_dry,36.91427317261696,-0.7638281859578138,0.6373265956683596,-0.0934562821943289,-0.32808644851154856,-0.7638281859578138,normal
Bomet,2019,3,2019-03-01,long_rains,73.50696948170662,-1.0450436453112324,0.6079637006493144,-0.7082990808563968,-0.8261596784155892,-1.0450436453112324,moderate_stress
Bomet,2019,4,2019-04-01,long_rains,211.5920835658908,-0.915268478254174,0.6188397007741872,-0.5059676466674343,-0.6492229377227932,-0.915268478254174,moderate_stress
Bomet,2019,5,2019-05-01,long_rains,216.65639189630747,-0.4306787719396063,0.6915223400094044,0.1554022528242807,-0.04972610584307974,-0.4306787719396063,normal
Bomet,2019,6,2019-06-01,cool_dry,193.1910376250744,1.4630018303118997,0.4782990819240218,-2.215113777568565,-0.9277733148104027,-2.215113777568565,moderate_stress
Bomet,2019,7,2019-07-01,cool_dry,96.47694500535728,-0.1601811626713659,0.6955010892517843,1.4086936674481365,0.8595874769063108,-0.1601811626713659,good
Bomet,2019,8,2019-08-01,cool_dry,130.31526386737823,-0.2433342258751245,0.6076475720577988,0.187045697060696,0.03641272403315883,-0.2433342258751245,normal
Bomet,2019,9,2019-09-01,cool_dry,140.29843600094318,-0.2240118433507233,0.6175236170888371,-0.3246099353105107,-0.2894006031245851,-0.3246099353105107,normal
Bomet,2019,10,2019-10-01,short_rains,186.6886344924569,0.9118348761371712,0.6681353483611758,0.8331935556816593,0.8607180178410885,0.8331935556816593,good
Bomet,2019,11,2019-11-01,short_rains,241.26248448342085,0.5289546507744632,0.703229106831861,0.9685635900111884,0.8147004612783346,0.5289546507744632,good
Bomet,2019,12,2019-12-01,short_rains,320.2192582041025,1.687618720152238,0.7306224691717458,0.9612954181774732,1.2155085738686409,0.9612954181774732,good
Bomet,2020,1,2020-01-01,hot_dry,186.31085543334484,0.8333293958309044,0.7104986177317509,0.759030038095618,0.7850348133029682,0.759030038095618,good
Bomet,2020,2,2020-02-01,hot_dry,107.4422560557723,0.0214418975835697,0.7110565275060343,1.0994723279523295,0.7221616773232636,0.0214418975835697,good
Bomet,2020,3,2020-03-01,long_rains,332.3172455728054,1.6545295199990988,0.6934611452301703,0.2676861878321767,0.7530813540905994,0.2676861878321767,good
Bomet,2020,4,2020-04-01,long_rains,306.3208526670933,0.6848314072454224,0.7078796587370764,1.099961442061202,0.9546659298756792,0.6848314072454224,good
Bomet,2020,5,2020-05-01,long_rains,201.33864358067513,-0.8930406870324702,0.7008041935631837,0.308539489179363,-0.11201357249477858,-0.8930406870324702,normal
Bomet,2020,6,2020-06-01,cool_dry,137.3275294303894,0.0489497792527692,0.6746900432228982,0.3978299156552786,0.2757218679144003,0.0489497792527692,normal
Bomet,2020,7,2020-07-01,cool_dry,108.11446289718153,0.1471590304488801,0.6610238520954005,0.8473769323940754,0.6023006667132571,0.1471590304488801,good
Bomet,2020,8,2020-08-01,cool_dry,130.0606324672699,-0.2488810588138028,0.5438497067550234,-0.8762354773572573,-0.6566614308670482,-0.8762354773572573,moderate_stress
Bomet,2020,9,2020-09-01,cool_dry,147.00511600077152,-0.0808495324339559,0.643706314224524,0.2520680965587421,0.13554692641129784,-0.0808495324339559,normal
Bomet,2020,10,2020-10-01,short_rains,227.03506483882663,1.8426683416944327,0.6708219176476657,0.895620426319499,1.227087196700726,0.895620426319499,good
Bomet,2020,11,2020-11-01,short_rains,330.39107397943735,1.712481961960027,0.6239957559514937,0.2848695366275701,0.78453388549393,0.2848695366275701,good
Bomet,2020,12,2020-12-01,short_rains,85.10288159549236,-0.5901040671614943,0.7544983971350234,1.7280202269102407,0.9166767239851334,-0.5901040671614943,good
Bomet,2021,1,2021-01-01,hot_dry,100.58347991108894,-0.0664078215978497,0.7189902686107947,0.9548248416854636,0.5973934095363039,-0.0664078215978497,good
Bomet,2021,2,2021-02-01,hot_dry,134.47515073418617,0.322430563283146,0.7340301748600727,1.4711791846518572,1.0691171671728081,0.322430563283146,good
Bomet,2021,3,2021-03-01,long_rains,122.99838402867316,-0.5288133910797028,0.71347814838122,0.4961877564403654,0.13743735480834152,-0.5288133910797028,normal
Bomet,2021,4,2021-04-01,long_rains,289.1465345621109,0.3947334286265161,0.6564057161011803,0.1715748650483524,0.24968036230070967,0.1715748650483524,normal
Bomet,2021,5,2021-05-01,long_rains,237.1438513994217,0.1877294180931426,0.6600660092023252,-0.3635819713672274,-0.1706229850560979,-0.3635819713672274,normal
Bomet,2021,6,2021-06-01,cool_dry,108.43542167544364,-0.6823853185703479,0.6614541922299677,0.2217294823782302,-0.0947106979537721,-0.6823853185703479,normal
Bomet,2021,7,2021-07-01,cool_dry,89.60680288076401,-0.3416176877932229,0.606382540024103,-0.0422269170040392,-0.14701368678025348,-0.3416176877932229,normal
Bomet,2021,8,2021-08-01,cool_dry,192.9530377611518,1.1211529005815608,0.6046320615383572,0.1367879721138697,0.4813156970775616,0.1367879721138697,normal
Bomet,2021,9,2021-09-01,cool_dry,182.03893464803696,0.6669902985867329,0.659091325543683,0.5909253961654374,0.6175481120128907,0.5909253961654374,good
Bomet,2021,10,2021-10-01,short_rains,105.0116884112358,-0.9725359126594488,0.6449803996349233,0.2951501126822207,-0.1485399961873636,-0.9725359126594488,normal
Bomet,2021,11,2021-11-01,short_rains,117.56395298242568,-1.1136225650527745,0.6453448131509614,0.469087713575069,-0.08486088394467617,-1.1136225650527745,normal
Bomet,2021,12,2021-12-01,short_rains,0.0,-1.4145501371126117,0.6836446614235632,-0.5472972830490134,-0.8508357819712727,-1.4145501371126117,moderate_stress
Bomet,2022,1,2022-01-01,hot_dry,152.1348992884159,0.4746414096715408,0.6837080343416774,0.1413106938086446,0.25797644436065825,0.1413106938086446,normal
Bomet,2022,2,2022-02-01,hot_dry,299.3324158191681,2.157978285386041,0.5864027073092113,-0.9173898170480924,0.1589890188038542,-0.9173898170480924,normal
Bomet,2022,3,2022-03-01,long_rains,108.65882290899754,-0.6783850965995327,0.7175397142782192,0.5425520484108725,0.11522404765723068,-0.6783850965995327,normal
Bomet,2022,4,2022-04-01,long_rains,210.06725195795295,-0.9410249923988984,0.564752794498028,-1.481481765221102,-1.2923218947333308,-1.481481765221102,severe_stress
Bomet,2022,5,2022-05-01,long_rains,273.65344256162643,1.2897611358872747,0.6483018962055385,-0.5576729190490395,0.08892900017867045,-0.5576729190490395,normal
Bomet,2022,6,2022-06-01,cool_dry,112.01512166950852,-0.5917737139224074,0.6506862229785657,0.0784637375690259,-0.15611937045297575,-0.5917737139224074,normal
Bomet,2022,7,2022-07-01,cool_dry,69.21799313277006,-0.8800744947935119,0.5915159390099376,-0.284266959388281,-0.49279959678011176,-0.8800744947935119,normal
Bomet,2022,8,2022-08-01,cool_dry,223.32676593959332,1.782807338561163,0.4988611602010604,-1.6260328943748066,-0.43293881284721725,-1.6260328943748066,normal
Bomet,2022,9,2022-09-01,cool_dry,160.28178200125694,0.2025571883203097,0.6483101971406059,0.3534693435442527,0.30065008921587266,0.2025571883203097,normal
Bomet,2022,10,2022-10-01,short_rains,101.60977978259324,-1.0510214285061668,0.5492956753789653,-1.928242350405282,-1.6212150277405915,-1.928242350405282,severe_stress
Bomet,2022,11,2022-11-01,short_rains,221.5354192852974,0.2670014372933854,0.4996849550069572,-0.78779184185508,-0.4186141941531172,-0.78779184185508,normal
Bomet,2022,12,2022-12-01,short_rains,267.8427582979202,1.180214050699374,0.6542438665497271,-1.4914414797019973,-0.5563620440615173,-1.4914414797019973,moderate_stress
Bomet,2023,1,2023-01-01,hot_dry,20.663874350488182,-0.905190568498,0.7000558403264837,0.5182474647043046,0.02004415308349805,-0.905190568498,normal
Bomet,2023,2,2023-02-01,hot_dry,14.400048699229956,-1.0145052393817908,0.5699007305839046,-1.184386946557625,-1.124928349046083,-1.184386946557625,moderate_stress
Bomet,2023,3,2023-03-01,long_rains,230.3466891348362,0.5909049144799216,0.4803269634037794,-2.1653201170501455,-1.200641356014622,-2.1653201170501455,moderate_stress
Bomet,2023,4,2023-04-01,long_rains,295.9507380127907,0.5096658326432645,0.5955595089218704,-0.9258503391368208,-0.423419679013791,-0.9258503391368208,normal
Bomet,2023,5,2023-05-01,long_rains,195.2303752154112,-1.0774170458202927,0.6325129056589108,-0.8181685585393418,-0.9089055290876746,-1.0774170458202927,moderate_stress
Bomet,2023,6,2023-06-01,cool_dry,164.19547777622938,0.7290480883990702,0.6624110392671079,0.2344601468372244,0.40756592638387046,0.2344601468372244,normal
Bomet,2023,7,2023-07-01,cool_dry,55.37184062600136,-1.245743465183864,0.5814586347433328,-0.4480078406186837,-0.7272153092164968,-1.245743465183864,moderate_stress
Bomet,2023,8,2023-08-01,cool_dry,87.13849870860577,-1.183887131236994,0.5999165423135799,0.0581972105654025,-0.3765323090654363,-1.183887131236994,normal
Bomet,2023,9,2023-09-01,cool_dry,234.98642621189356,1.7972194506741703,0.6519423959679974,0.4334690952995067,0.9107817196806389,0.4334690952995067,good
Bomet,2023,10,2023-10-01,short_rains,156.19287015497684,0.2082663631515297,0.5866691674773926,-1.0598075892973244,-0.6159817059402255,-1.0598075892973244,moderate_stress
Bomet,2023,11,2023-11-01,short_rains,238.6394464820623,0.494123659613943,0.5746649728644442,-0.1407992337907961,0.08142377890086257,-0.1407992337907961,normal
Bomet,2023,12,2023-12-01,short_rains,145.1008533835411,-0.0088653227343631,0.709628509567572,0.2871189134229367,0.1835244307678818,-0.0088653227343631,normal
Bomet,2024,1,2024-01-01,hot_dry,287.09973207116127,1.8911420590721384,0.602233014847826,-1.7372857848390737,-0.46733603947014957,-1.7372857848390737,normal
Bomet,2024,2,2024-02-01,hot_dry,130.80259288102388,0.2815397041621473,0.6717260594307828,0.4631169231931892,0.3995648965323246,0.2815397041621473,normal
Bomet,2024,3,2024-03-01,long_rains,131.1753343194723,-0.4435220498218776,0.6963742888666439,0.3009408106891582,0.04037880951029568,-0.4435220498218776,normal
Bomet,2024,4,2024-04-01,long_rains,274.32682353258133,0.1444080190758671,0.679704526179403,0.5917933567616627,0.43520848857163424,0.1444080190758671,normal
Bomet,2024,5,2024-05-01,long_rains,227.21313132345676,-0.1120265680976218,0.5955629778293084,-1.427789233823656,-0.9672723008195441,-1.427789233823656,moderate_stress
Bomet,2024,6,2024-06-01,cool_dry,78.92839912325144,-1.429285524249611,0.6954490198572068,0.6740240781343241,-0.06213428270005311,-1.429285524249611,normal
Bomet,2024,7,2024-07-01,cool_dry,144.20478143543005,1.1002837063824844,0.623605191839857,0.2381714989810394,0.5399107715715452,0.2381714989810394,good
Bomet,2024,8,2024-08-01,cool_dry,95.17913112789392,-1.008731809732512,0.6374449518163834,0.6836609489021584,0.09132348338002388,-1.008731809732512,normal
Bomet,2024,9,2024-09-01,cool_dry,122.41749724000692,-0.6057024137137578,0.6083860446889288,-0.5258664078707693,-0.5538090099158153,-0.6057024137137578,moderate_stress
Bomet,2024,10,2024-10-01,short_rains,111.8373694717884,-0.8150604606346226,0.6466130054631051,0.3330864031590795,-0.0687649991687162,-0.8150604606346226,normal
Bomet,2024,11,2024-11-01,short_rains,215.73347225785255,0.1899581136655637,0.6295723653067173,0.3329893575343819,0.28292842218029557,0.1899581136655637,normal
Bomet,2024,12,2024-12-01,short_rains,135.30863870307803,-0.1037287722212842,0.700962503341562,0.0088284957129334,-0.030566548064042756,-0.1037287722212842,normal
Bungoma,2017,1,2017-01-01,hot_dry,47.82770532742143,-0.1628243023949592,0.4407437322117566,-0.7201533656224142,-0.5250881934928049,-0.7201533656224142,moderate_stress
Bungoma,2017,2,2017-02-01,hot_dry,124.96281465515494,0.9769691287431336,,,,,no_data
Bungoma,2017,3,2017-03-01,long_rains,94.81737052462996,-0.7508591019018498,0.4818682876409869,0.3042175002350549,-0.0650593105128617,-0.7508591019018498,normal
Bungoma,2017,4,2017-04-01,long_rains,171.48841959796846,-0.9931725725573076,0.553547491067349,0.8917319493331027,0.23201536667145917,-0.9931725725573076,normal
Bungoma,2017,5,2017-05-01,long_rains,273.55999141931534,0.8247235956183921,0.6980172578752992,1.3071280870974942,1.1382865150798085,0.8247235956183921,good
Bungoma,2017,6,2017-06-01,cool_dry,137.50944863259792,-0.4077794797114653,0.6865924248354892,0.9876008773289352,0.49921775236479504,-0.4077794797114653,normal
Bungoma,2017,7,2017-07-01,cool_dry,218.49974338710308,1.2838794231655295,0.5782034239458448,0.3907661722386876,0.7033558100630822,0.3907661722386876,good
Bungoma,2017,8,2017-08-01,cool_dry,198.4816762059927,-0.0775255505652462,0.56986782453377,0.5041652680362809,0.3005734815257465,-0.0775255505652462,normal
Bungoma,2017,9,2017-09-01,cool_dry,180.88128389418125,0.0495270370736313,0.5306322362194271,-0.8663889479831651,-0.5458183532132864,-0.8663889479831651,moderate_stress
Bungoma,2017,10,2017-10-01,short_rains,204.67539516091347,0.1304859860236362,0.6157674371618017,1.471635401315451,1.0022331059633158,0.1304859860236362,good
Bungoma,2017,11,2017-11-01,short_rains,132.09558179974556,-0.3887802923839399,0.5993463743369069,0.627420228523072,0.2717500462056178,-0.3887802923839399,normal
Bungoma,2017,12,2017-12-01,short_rains,16.226112199947238,-0.6910132240557957,0.5293118512567805,-0.6304790765144234,-0.6516660281539037,-0.6910132240557957,moderate_stress
Bungoma,2018,1,2018-01-01,hot_dry,17.61113027855754,-0.899776037430707,0.4339086899765288,-0.8444175002644455,-0.863792988272637,-0.899776037430707,moderate_stress
Bungoma,2018,2,2018-02-01,hot_dry,50.57014747709036,-0.7193023188746903,0.4001726441558466,-0.523247231617375,-0.5918665121574354,-0.7193023188746903,moderate_stress
Bungoma,2018,3,2018-03-01,long_rains,217.2933054566383,0.7277337763126176,0.5050307143308225,0.674259064908733,0.6929752139000926,0.674259064908733,good
Bungoma,2018,4,2018-04-01,long_rains,373.5063691437245,1.7963067330227027,,,,,no_data
Bungoma,2018,5,2018-05-01,long_rains,316.21597266197205,1.986393692569364,0.7207450041892608,1.7363941625386752,1.823893998049416,1.7363941625386752,very_good
Bungoma,2018,6,2018-06-01,cool_dry,190.6027762144804,0.6685108704375006,0.7297628734244007,1.5397471894711088,1.234814477809346,0.6685108704375006,good
Bungoma,2018,7,2018-07-01,cool_dry,163.37045428156853,-0.1048362612848341,,,,,no_data
Bungoma,2018,8,2018-08-01,cool_dry,125.8850159868598,-1.3478430976593982,,,,,no_data
Bungoma,2018,9,2018-09-01,cool_dry,91.8644005022943,-2.248764884847081,0.6062049795124335,1.2824960482161094,0.04655472164399277,-2.248764884847081,normal
Bungoma,2018,10,2018-10-01,short_rains,136.25785943120718,-0.9445004571128812,0.5760855907911717,0.1438527069682038,-0.23707090046017595,-0.9445004571128812,normal
Bungoma,2018,11,2018-11-01,short_rains,73.61974280513823,-1.1424787769466096,0.5292483811382553,-0.1902234470141018,-0.5235128124904795,-1.1424787769466096,moderate_stress
Bungoma,2018,12,2018-12-01,short_rains,70.44152660667896,0.0729287150618249,0.5551670583389613,-0.0384141358426305,0.0005558619739288832,-0.0384141358426305,normal
Bungoma,2019,1,2019-01-01,hot_dry,20.62775026075542,-0.8262037240156622,0.5040674899708096,0.4311009630859287,-0.008955677399628104,-0.8262037240156622,normal
Bungoma,2019,2,2019-02-01,hot_dry,47.37875474244356,-0.7920711626232116,0.4164101916459715,-0.3402481059621337,-0.49838617579351097,-0.7920711626232116,normal
Bungoma,2019,3,2019-03-01,long_rains,99.0256236344576,-0.7000548922310332,0.3975737547229278,-1.0424669932391846,-0.9226227578863316,-1.0424669932391846,moderate_stress
Bungoma,2019,4,2019-04-01,long_rains,180.08476009964943,-0.8744736451249846,0.3948701219173605,-1.3980049719537142,-1.214769007563659,-1.3980049719537142,moderate_stress
Bungoma,2019,5,2019-05-01,long_rains,205.0203517526388,-1.041848161426338,0.5790342713108704,-0.9401409109468798,-0.9757384486146902,-1.041848161426338,moderate_stress
Bungoma,2019,6,2019-06-01,cool_dry,166.99994081258774,0.1900420093544719,0.5673102578595715,-0.5380077450701529,-0.28319033102153424,-0.5380077450701529,normal
Bungoma,2019,7,2019-07-01,cool_dry,163.56236416101456,-0.1000020204681695,0.6299382087052625,1.349906118560542,0.8424382699004931,-0.1000020204681695,good
Bungoma,2019,8,2019-08-01,cool_dry,212.49527744948864,0.1676885337171277,0.5790952055786499,0.6681544983814571,0.4929914107489418,0.1676885337171277,normal
Bungoma,2019,9,2019-09-01,cool_dry,184.95957089960575,0.1548227261911365,0.5885001812439463,0.7790661910733194,0.5605809783645554,0.1548227261911365,good
Bungoma,2019,10,2019-10-01,short_rains,316.21892830729485,1.883074480669547,0.607811842577918,1.20543556996028,1.4426091887085235,1.20543556996028,very_good
Bungoma,2019,11,2019-11-01,short_rains,193.06237748637795,0.3970242776350441,0.593210009319583,0.5558438563866595,0.5002570038235941,0.3970242776350441,good
Bungoma,2019,12,2019-12-01,short_rains,224.64467790722847,2.2457840867614753,0.5680178332115433,0.2558590153388019,0.9523327903367376,0.2558590153388019,good
Bungoma,2020,1,2020-01-01,hot_dry,84.12484258413315,0.7224262011749392,0.5393644588964673,1.07281569550226,0.9501793724876978,0.7224262011749392,good
Bungoma,2020,2,2020-02-01,hot_dry,64.34886087477207,-0.4051256801281196,0.5927701117463565,1.647349540703804,0.9289832134126307,-0.4051256801281196,good
Bungoma,2020,3,2020-03-01,long_rains,319.21842263638973,1.9582265458254091,0.5256356029675566,1.003441552269176,1.3376163000138575,1.003441552269176,very_good
Bungoma,2020,4,2020-04-01,long_rains,257.34542924165726,0.1923475863125786,0.5606288274936516,0.9939166373841868,0.7133674695091239,0.1923475863125786,good
Bungoma,2020,5,2020-05-01,long_rains,225.86865317821503,-0.4740767110278897,0.6174622892633115,-0.214338879124028,-0.3052471202903796,-0.4740767110278897,normal
Bungoma,2020,6,2020-06-01,cool_dry,234.0194166302681,1.5486386236534362,0.5927079498671358,-0.2131734559379028,0.4034607719190658,-0.2131734559379028,normal
Bungoma,2020,7,2020-07-01,cool_dry,216.88065353035927,1.2430942885288323,0.5529135400726046,-0.0780970495465324,0.3843199187798452,-0.0780970495465324,normal
Bungoma,2020,8,2020-08-01,cool_dry,284.7394160106778,1.4318375539608037,0.4595471411022725,-1.4564564814170786,-0.4455535690348199,-1.4564564814170786,normal
Bungoma,2020,9,2020-09-01,cool_dry,223.78295451402664,1.1571884072028886,0.556965892339891,-0.1176004818435108,0.32857562932272893,-0.1176004818435108,normal
Bungoma,2020,10,2020-10-01,short_rains,261.0862805843353,1.0168221632732375,0.5691592510744977,-0.0879075272979252,0.2987478644019817,-0.0879075272979252,normal
Bungoma,2020,11,2020-11-01,short_rains,282.91191264241934,1.555100153930104,0.5840059776310195,0.4484853150619345,0.8358005086657938,0.4484853150619345,good
Bungoma,2020,12,2020-12-01,short_rains,24.27910539507866,-0.5775396058143786,0.5947817874256612,0.8687335869312002,0.36253796947024763,-0.5775396058143786,normal
Bungoma,2021,1,2021-01-01,hot_dry,51.837348975241184,-0.0650331451126604,0.53965937756765,1.0781774492710097,0.6780537412367252,-0.0650331451126604,good
Bungoma,2021,2,2021-02-01,hot_dry,79.71960155665874,-0.0546482804535727,0.4408820660159844,-0.0644471196628892,-0.06101752593962842,-0.0644471196628892,normal
Bungoma,2021,3,2021-03-01,long_rains,81.08074174448848,-0.916694794409676,0.4697024779731976,0.109857241473115,-0.24943597108586182,-0.916694794409676,normal
Bungoma,2021,4,2021-04-01,long_rains,320.853564158082,1.0692727728303515,0.4949505127513337,0.0461692490894497,0.4042554823987653,0.0461692490894497,normal
Bungoma,2021,5,2021-05-01,long_rains,255.89995919167995,0.3437797572073091,0.6128529833352359,-0.3013962863530648,-0.07558467110693397,-0.3013962863530648,normal
Bungoma,2021,6,2021-06-01,cool_dry,131.5919764265418,-0.5277365161739197,0.6357554325749846,0.3374001331965798,0.034602305916904996,-0.5277365161739197,normal
Bungoma,2021,7,2021-07-01,cool_dry,105.18804515898228,-1.5704605314068276,0.5784958494159868,0.3961876106584938,-0.29213923906436867,-1.5704605314068276,normal
Bungoma,2021,8,2021-08-01,cool_dry,185.780778683722,-0.299769562034701,0.5812836540337367,0.7070476551779801,0.3546616291535417,-0.299769562034701,normal
Bungoma,2021,9,2021-09-01,cool_dry,194.54939913749695,0.4024187319367301,0.5781632348928273,0.4851386723340048,0.45618669319495864,0.4024187319367301,normal
Bungoma,2021,10,2021-10-01,short_rains,158.35240706801414,-0.5973476559562496,0.5497643780617334,-0.7368737196692324,-0.6880395973696884,-0.7368737196692324,moderate_stress
Bungoma,2021,11,2021-11-01,short_rains,82.37186522036791,-1.0296721628906076,0.6215917024709791,0.8868962995074151,0.21609733766810724,-1.0296721628906076,normal
Bungoma,2021,12,2021-12-01,short_rains,0.0,-0.9196531367819564,0.565382924851151,0.1955215809058585,-0.1947895702848767,-0.9196531367819564,normal
Bungoma,2022,1,2022-01-01,hot_dry,68.9653976559639,0.3527026562686396,0.4872687292805834,0.1256919563250558,0.20514570130531012,0.1256919563250558,normal
Bungoma,2022,2,2022-02-01,hot_dry,128.81237991899252,1.0647453557623805,0.3370373893504392,-1.2347891953552463,-0.429952102464077,-1.2347891953552463,normal
Bungoma,2022,3,2022-03-01,long_rains,121.053097428754,-0.4341278274947381,0.4192238951819342,-0.6965856243249627,-0.6047253954343841,-0.6965856243249627,moderate_stress
Bungoma,2022,4,2022-04-01,long_rains,188.60311231017113,-0.7568515859845908,0.4020004900483383,-1.295112749456414,-1.106721342241276,-1.295112749456414,moderate_stress
Bungoma,2022,5,2022-05-01,long_rains,220.62635438144207,-0.6168426625799145,0.5844372953961333,-0.8380922998547083,-0.7606549268085305,-0.8380922998547083,moderate_stress
Bungoma,2022,6,2022-06-01,cool_dry,100.94091737642884,-1.1490846324057604,0.5444134247637925,-0.8308562645274294,-0.9422361932848453,-1.1490846324057604,moderate_stress
Bungoma,2022,7,2022-07-01,cool_dry,154.1675138771534,-0.3366598144274816,0.5113296481996294,-0.8490439473518556,-0.6697095008283247,-0.8490439473518556,moderate_stress
Bungoma,2022,8,2022-08-01,cool_dry,285.7756349146366,1.4499696147519776,0.4991793808229827,-0.7521113961709102,0.018616957652100474,-0.7521113961709102,normal
Bungoma,2022,9,2022-09-01,cool_dry,168.045127928257,-0.2818846282294796,0.5082306514119362,-1.503370317010133,-1.0758503259369043,-1.503370317010133,moderate_stress
Bungoma,2022,10,2022-10-01,short_rains,137.0647087097168,-0.9318231218829348,0.539018715936811,-1.0964311877243165,-1.038818364679833,-1.0964311877243165,moderate_stress
Bungoma,2022,11,2022-11-01,short_rains,155.99811058491468,-0.0806992108237601,0.3900745727381195,-1.8135878123292353,-1.207076801802319,-1.8135878123292353,moderate_stress
Bungoma,2022,12,2022-12-01,short_rains,86.51349386200309,0.2993965925985629,0.4637336312959956,-2.1321713579582964,-1.2811225752633957,-2.1321713579582964,severe_stress
Bungoma,2023,1,2023-01-01,hot_dry,11.39429385960102,-1.051398396284236,0.5116265791061873,0.56852859524428,0.0015541482092994996,-1.051398396284236,normal
Bungoma,2023,2,2023-02-01,hot_dry,21.749749878421422,-1.3764533447762095,0.3997397779900898,-0.528125685700875,-0.8250403663772421,-1.3764533447762095,moderate_stress
Bungoma,2023,3,2023-03-01,long_rains,205.1031278669834,0.5805676429963915,0.365510383814882,-1.5547095185326327,-0.8073625119974742,-1.5547095185326327,moderate_stress
Bungoma,2023,4,2023-04-01,long_rains,206.29256214946508,-0.5125943090210411,0.4915922007703927,-0.0022916686655706,-0.18089759278998527,-0.5125943090210411,normal
Bungoma,2023,5,2023-05-01,long_rains,219.13754698634148,-0.6573880440392981,0.589428386667643,-0.7438239930594346,-0.7135714109023868,-0.7438239930594346,moderate_stress
Bungoma,2023,6,2023-06-01,cool_dry,202.5859376937151,0.9114295506518144,0.4873131892691263,-1.5611633491503023,-0.6957558342195614,-1.5611633491503023,moderate_stress
Bungoma,2023,7,2023-07-01,cool_dry,129.59296003729105,-0.9556967893185774,0.4652980646406737,-1.7024490748528385,-1.4410857749158472,-1.7024490748528385,severe_stress
Bungoma,2023,8,2023-08-01,cool_dry,158.09433317184448,-0.7842350656025213,0.4936780219645899,-0.849881673636698,-0.8269053608247362,-0.849881673636698,moderate_stress
Bungoma,2023,9,2023-09-01,cool_dry,199.43946361541748,0.5286733845266061,0.5297383339949041,-0.8918067506808797,-0.3946387033582597,-0.8918067506808797,normal
Bungoma,2023,10,2023-10-01,short_rains,194.93790626898408,-0.0225108800191661,0.5351646647143907,-1.2253904722410045,-0.804382614963361,-1.2253904722410045,moderate_stress
Bungoma,2023,11,2023-11-01,short_rains,118.25573933124542,-0.5671628256564696,0.4409925307241852,-1.2196657267056052,-0.9912897113384078,-1.2196657267056052,moderate_stress
Bungoma,2023,12,2023-12-01,short_rains,66.82594923116267,0.0219821121167636,0.5989391715493192,0.963934579779554,0.6342512160975774,0.0219821121167636,good
Bungoma,2024,1,2024-01-01,hot_dry,133.6422914713621,1.9301067477946463,0.3862021504882776,-1.7117437935416755,-0.43709610407396293,-1.7117437935416755,normal
Bungoma,2024,2,2024-02-01,hot_dry,139.38799752295017,1.3058863023502898,0.5391911181574723,1.0435077975947185,1.1353402742591685,1.0435077975947185,good
Bungoma,2024,3,2024-03-01,long_rains,118.51315318048,-0.4647913490971213,0.5380633669172102,1.2019867772106994,0.6186144330029621,-0.4647913490971213,good
Bungoma,2024,4,2024-04-01,long_rains,249.14859127998352,0.079165020522291,0.5446674400092598,0.7635915542689564,0.5240422674576235,0.079165020522291,good
Bungoma,2024,5,2024-05-01,long_rains,229.8833920955658,-0.3647414663216251,0.6285072161172525,-0.0057298802980578,-0.13138393540630633,-0.3647414663216251,normal
Bungoma,2024,6,2024-06-01,cool_dry,96.75104063749312,-1.2340204258060774,0.6311465259116481,0.2784526146891544,-0.25091294948417675,-1.2340204258060774,normal
Bungoma,2024,7,2024-07-01,cool_dry,188.99625155329704,0.5406817052115283,0.5837032318860781,0.4927301702935091,0.5095132075148158,0.4927301702935091,good
Bungoma,2024,8,2024-08-01,cool_dry,172.04498854279518,-0.5401224265680418,0.6078441906794099,1.179082129628959,0.5773605349600088,-0.5401224265680418,good
Bungoma,2024,9,2024-09-01,cool_dry,188.18191748857495,0.2380192261455679,0.5903781499411733,0.8324655858942359,0.624409359982202,0.2380192261455679,good
Bungoma,2024,10,2024-10-01,short_rains,162.3714082382303,-0.5342005149951892,0.5815196216244778,0.3256792286885589,0.024721318399247127,-0.5342005149951892,normal
Bungoma,2024,11,2024-11-01,short_rains,259.7580626755953,1.256668837136239,0.6059829569740801,0.7048312865698653,0.897974429268096,0.7048312865698653,good
Bungoma,2024,12,2024-12-01,short_rains,33.19652032852173,-0.4518855398864962,0.5794224317188678,0.5170158073599445,0.17790033582369022,-0.4518855398864962,normal
Busia,2017,1,2017-01-01,hot_dry,50.77696526050568,-0.3848506088548823,0.3545500254738241,-1.5405896610714906,-1.1360809927956779,-1.5405896610714906,moderate_stress
Busia,2017,2,2017-02-01,hot_dry,216.02278236858547,1.517762419966194,,,,,no_data
Busia,2017,3,2017-03-01,long_rains,104.7222432717681,-0.8216743444455136,0.4110286623352715,-0.1103722088242753,-0.35932795629170866,-0.8216743444455136,normal
Busia,2017,4,2017-04-01,long_rains,224.1721027493477,-0.9968406501177804,0.4843065356779337,0.2502307367772216,-0.1862442486360291,-0.9968406501177804,normal
Busia,2017,5,2017-05-01,long_rains,324.20533841848373,1.8830647877275288,0.5829704306766441,0.4844176310620288,0.9739441358949537,0.4844176310620288,good
Busia,2017,6,2017-06-01,cool_dry,109.51820728182793,-0.5464775184688105,0.5910560775788686,0.6018093715962195,0.199908960073459,-0.5464775184688105,normal
Busia,2017,7,2017-07-01,cool_dry,119.61239368468524,1.0464952766715243,0.5511972323795495,0.6347352199404638,0.778851239796335,0.6347352199404638,good
Busia,2017,8,2017-08-01,cool_dry,150.5629119873047,0.3733714702317353,0.5032059637219325,0.9091268713294892,0.7216124809452753,0.3733714702317353,good
Busia,2017,9,2017-09-01,cool_dry,160.68517948687077,-0.0315226265198602,,,,,no_data
Busia,2017,10,2017-10-01,short_rains,162.99630884826183,-0.5839137266310627,0.5593055224922793,1.1877290226207715,0.5676540603826296,-0.5839137266310627,good
Busia,2017,11,2017-11-01,short_rains,174.27826941013336,-0.4415688136918309,0.5712512803304165,0.7340277026725108,0.32256892194499126,-0.4415688136918309,normal
Busia,2017,12,2017-12-01,short_rains,20.14833002537489,-0.9417843386735864,0.4728590466956341,-0.752051855123172,-0.8184582243658169,-0.9417843386735864,moderate_stress
Busia,2018,1,2018-01-01,hot_dry,21.9963506013155,-0.9542645237241494,0.3609341137576549,-1.45363533866823,-1.2788555534378019,-1.45363533866823,severe_stress
Busia,2018,2,2018-02-01,hot_dry,77.31976771354675,-0.6007456630396761,0.2908920486534931,-0.7005639961416144,-0.665627579555936,-0.7005639961416144,moderate_stress
Busia,2018,3,2018-03-01,long_rains,232.7736577875912,0.6792326384948867,0.4679364201357942,0.6440856420933597,0.6563870908338941,0.6440856420933597,good
Busia,2018,4,2018-04-01,long_rains,314.0398325622082,0.518488858191106,,,,,no_data
Busia,2018,5,2018-05-01,long_rains,284.90278358757496,0.8578095973237297,0.6296118125947868,1.4144959776192831,1.2196557445158396,0.8578095973237297,good
Busia,2018,6,2018-06-01,cool_dry,131.64824737608433,0.052995261054239,0.631219870939635,1.9064100978747045,1.2577149049875418,0.052995261054239,very_good
Busia,2018,7,2018-07-01,cool_dry,77.34062403440475,-0.575344559610943,0.0432005968689496,-2.4054746299290395,-1.7649291053177059,-2.4054746299290395,severe_stress
Busia,2018,8,2018-08-01,cool_dry,96.68426848948002,-1.3365378571789102,,,,,no_data
Busia,2018,9,2018-09-01,cool_dry,83.54553808271885,-2.080185903723791,0.476652450984728,0.0836889749149008,-0.6736672326086413,-2.080185903723791,moderate_stress
Busia,2018,10,2018-10-01,short_rains,178.07581236958504,-0.4231569691605072,0.50301830054038,-0.6226444495907838,-0.552823831440187,-0.6226444495907838,moderate_stress
Busia,2018,11,2018-11-01,short_rains,111.03526490926744,-0.975013637288621,,,,,no_data
Busia,2018,12,2018-12-01,short_rains,146.72298623993993,0.5616328949728993,0.5461967723213853,0.5633963404051671,0.5627791345038733,0.5616328949728993,good
Busia,2019,1,2019-01-01,hot_dry,18.912121914327145,-1.0152848581334892,0.4876620118705529,0.2724589789661407,-0.17825136401872974,-1.0152848581334892,normal
Busia,2019,2,2019-02-01,hot_dry,95.47053227573632,-0.3235163502279214,0.3757582631608104,-0.020548047878946,-0.12658695370108738,-0.3235163502279214,normal
Busia,2019,3,2019-03-01,long_rains,131.62594264745712,-0.506332648201219,0.3737400710882324,-0.604727838062033,-0.5702895216107482,-0.604727838062033,moderate_stress
Busia,2019,4,2019-04-01,long_rains,225.17228257656097,-0.97997584215003,0.4096788335388851,-2.1602296675468144,-1.74714082865794,-2.1602296675468144,severe_stress
Busia,2019,5,2019-05-01,long_rains,237.8157534301281,-0.3705131485466392,0.5041978882143532,-1.0863899444086276,-0.8358330658569317,-1.0863899444086276,moderate_stress
Busia,2019,6,2019-06-01,cool_dry,140.59121017158031,0.2952479972152821,0.5359718644658084,-1.187436574081203,-0.6684969741274331,-1.187436574081203,moderate_stress
Busia,2019,7,2019-07-01,cool_dry,111.43277323246002,0.7326680012855827,0.5448574299252726,0.5967933744234234,0.6443494938251793,0.5967933744234234,good
Busia,2019,8,2019-08-01,cool_dry,130.1787737607956,-0.2735458577099574,0.4615989197253738,0.2345570835939622,0.05672105413759036,-0.2735458577099574,normal
Busia,2019,9,2019-09-01,cool_dry,155.57762329280376,-0.1671683544565388,0.4964615268151601,1.8440846639900048,1.1401461075337147,-0.1671683544565388,good
Busia,2019,10,2019-10-01,short_rains,402.9766330122948,1.9744237355268115,0.5418909645318408,0.627622258268289,1.0990027753087719,0.627622258268289,good
Busia,2019,11,2019-11-01,short_rains,245.04990029335025,0.1553787926104257,0.4777357321226073,0.0695630606792886,0.09959856685518659,0.0695630606792886,normal
Busia,2019,12,2019-12-01,short_rains,259.35422244668007,1.8994342102146784,,,,,no_data
Busia,2020,1,2020-01-01,hot_dry,116.2024762108922,0.9095691512417192,0.517127229396254,0.673789272424207,0.7563122300103363,0.673789272424207,good
Busia,2020,2,2020-02-01,hot_dry,84.23865192756057,-0.4950687087988152,0.5303567633576082,1.218218713683717,0.6185681158148307,-0.4950687087988152,good
Busia,2020,3,2020-03-01,long_rains,345.80431711673737,2.004079431596963,0.5049768382689657,1.135151102092673,1.4392760174191745,1.135151102092673,very_good
Busia,2020,4,2020-04-01,long_rains,283.5598172619939,0.0045416749886274,0.4987327057634952,0.7161932517759886,0.46711519990041217,0.0045416749886274,normal
Busia,2020,5,2020-05-01,long_rains,218.24258708953855,-0.8811031208693704,0.5394858900523873,-0.3827099706799438,-0.5571475732462431,-0.8811031208693704,moderate_stress
Busia,2020,6,2020-06-01,cool_dry,184.07580715417865,1.4731867677086727,0.565708082053603,-0.2215444654013662,0.37161146618714747,-0.2215444654013662,normal
Busia,2020,7,2020-07-01,cool_dry,128.31773971021175,1.3804930508273665,0.4791573134437089,0.2035975788173006,0.6155109940208237,0.2035975788173006,good
Busia,2020,8,2020-08-01,cool_dry,174.48973315954208,1.1327204820409706,0.3256211723428452,-1.9700330861901287,-0.8840693373092441,-1.9700330861901287,moderate_stress
Busia,2020,9,2020-09-01,cool_dry,218.43476177752015,1.5021823059787254,0.4621818347155423,-1.2022877519447983,-0.2557232316715651,-1.2022877519447983,normal
Busia,2020,10,2020-10-01,short_rains,270.84566305577755,0.5658265452006653,0.5030619238925853,-0.6212413858604592,-0.20576760998906563,-0.6212413858604592,normal
Busia,2020,11,2020-11-01,short_rains,457.10043006390333,1.9439917520960837,0.5201176011972891,0.3707028604389227,0.921353972518929,0.3707028604389227,good
Busia,2020,12,2020-12-01,short_rains,56.14933194220066,-0.5141748287686496,0.5116396684984124,-0.0564494412678531,-0.21665332689313188,-0.5141748287686496,normal
Busia,2021,1,2021-01-01,hot_dry,78.37217219173908,0.1611104484890984,0.5199846167531907,0.7127082488574383,0.5196490187285193,0.1611104484890984,good
Busia,2021,2,2021-02-01,hot_dry,86.25322660803795,-0.4642987017083078,0.4540380729318882,0.6066923608082005,0.23184548892742263,-0.4642987017083078,normal
Busia,2021,3,2021-03-01,long_rains,93.76470053195952,-0.9501091022826816,0.4201536968995183,0.010603458342628,-0.32564593787623036,-0.9501091022826816,normal
Busia,2021,4,2021-04-01,long_rains,378.090402841568,1.598495211644542,0.502682099394868,0.8437579053382256,1.1079159625454362,0.8437579053382256,good
Busia,2021,5,2021-05-01,long_rains,273.8077660650015,0.568382501513314,0.5676707005408763,0.1793248760398647,0.31549504495557196,0.1793248760398647,normal
Busia,2021,6,2021-06-01,cool_dry,114.74976661801338,-0.4047616696431767,0.558682615266418,-0.4497457458600994,-0.4340013191841765,-0.4497457458600994,normal
Busia,2021,7,2021-07-01,cool_dry,62.00324246287346,-1.1637934611536538,0.4923253903864309,0.2824046307279185,-0.2237647014306318,-1.1637934611536538,normal
Busia,2021,8,2021-08-01,cool_dry,129.820584744215,-0.2849134553454085,0.4311329121774386,-0.2593844770335948,-0.2683196194427296,-0.2849134553454085,normal
Busia,2021,9,2021-09-01,cool_dry,179.1218900680542,0.4581168277552629,0.4716869988370798,-0.3575815129086577,-0.07208709367628549,-0.3575815129086577,normal
Busia,2021,10,2021-10-01,short_rains,164.89740431308746,-0.563646882823162,0.549989984816688,0.8881121344096347,0.37999647837815587,-0.563646882823162,normal
Busia,2021,11,2021-11-01,short_rains,95.8393322378397,-1.1031889459614952,0.5439252481895598,0.5398655284507338,-0.03520353759354633,-1.1031889459614952,normal
Busia,2021,12,2021-12-01,short_rains,0.0,-1.1811003873618535,0.5161466266206657,0.0243912158244385,-0.39753084529076366,-1.1811003873618535,normal
Busia,2022,1,2022-01-01,hot_dry,108.69272956252098,0.7609915656216026,0.4618581098584069,-0.0790024537507501,0.21499545302957335,-0.0790024537507501,normal
Busia,2022,2,2022-02-01,hot_dry,190.49206288531423,1.1278138977600782,0.165351547422061,-1.706494842543421,-0.7144867834371964,-1.706494842543421,moderate_stress
Busia,2022,3,2022-03-01,long_rains,148.2621045410633,-0.311338070047964,0.4273745896973487,0.1063348572329865,-0.03985066731534617,-0.311338070047964,normal
Busia,2022,4,2022-04-01,long_rains,208.36681360006332,-1.2633458916003293,0.4819396629841128,0.1737812046731663,-0.3292132790225571,-1.2633458916003293,normal
Busia,2022,5,2022-05-01,long_rains,230.17243374884129,-0.5698984864430972,0.5826444941647732,0.4779181132609565,0.11118230336453774,-0.5698984864430972,normal
Busia,2022,6,2022-06-01,cool_dry,92.48454685509203,-1.0078962830971374,0.5390957297790367,-1.0859671506174589,-1.0586423469853463,-1.0859671506174589,moderate_stress
Busia,2022,7,2022-07-01,cool_dry,72.24444329738617,-0.7708695873202395,0.4652757406712774,0.1205204650643576,-0.19146605327025137,-0.7708695873202395,normal
Busia,2022,8,2022-08-01,cool_dry,191.38906916975975,1.669043046882167,0.4350627699667759,-0.1956701854102021,0.456979445892127,-0.1956701854102021,normal
Busia,2022,9,2022-09-01,cool_dry,165.8231265693903,0.1049302181728855,0.4718421521442305,-0.3437933273622043,-0.1867400864249229,-0.3437933273622043,normal
Busia,2022,10,2022-10-01,short_rains,104.73373609036209,-1.2050284911329665,0.46387797989753,-1.8815198342424335,-1.64474786415412,-1.8815198342424335,severe_stress
Busia,2022,11,2022-11-01,short_rains,181.0982236340642,-0.3840435694907406,0.1703522243262329,-2.1145173021783044,-1.508851495737657,-2.1145173021783044,severe_stress
Busia,2022,12,2022-12-01,short_rains,150.42924106121063,0.6056547200145428,0.4195426358728285,-1.7083806178504506,-0.898468249597703,-1.7083806178504506,moderate_stress
Busia,2023,1,2023-01-01,hot_dry,18.107537657022476,-1.031203262838155,0.4839455130842832,0.2218384957734007,-0.21672611974064382,-1.031203262838155,normal
Busia,2023,2,2023-02-01,hot_dry,22.91746031306684,-1.4316701259918587,0.349721519371767,-0.2291752515331388,-0.6500484575936908,-1.4316701259918587,moderate_stress
Busia,2023,3,2023-03-01,long_rains,217.0308536887169,0.4947092211440889,0.2653761907619927,-2.0413681737190412,-1.1537410855169459,-2.0413681737190412,moderate_stress
Busia,2023,4,2023-04-01,long_rains,317.05578542128205,0.5693431790083788,0.4795955317768114,0.0980662182032333,0.2630131544850342,0.0980662182032333,normal
Busia,2023,5,2023-05-01,long_rains,229.5690878033638,-0.5856375030253832,0.5884489900131785,0.5936658822862849,0.18090969742720112,-0.5856375030253832,normal
Busia,2023,6,2023-06-01,cool_dry,179.3062895834446,1.3439870038160615,0.57359204206573,0.0345424003332481,0.49284801155223273,0.0345424003332481,normal
Busia,2023,7,2023-07-01,cool_dry,65.70383675396442,-1.021812860652085,0.4455900920612143,0.002707671392548,-0.3558745148230736,-1.021812860652085,normal
Busia,2023,8,2023-08-01,cool_dry,114.7628915309906,-0.762789073643407,0.4623321991036307,0.2464456502170203,-0.10678650313412924,-0.762789073643407,normal
Busia,2023,9,2023-09-01,cool_dry,175.98503986001015,0.3748088202207157,0.4680244731693471,-0.6830633502136838,-0.31280809056164405,-0.6830633502136838,normal
Busia,2023,10,2023-10-01,short_rains,273.99379627406597,0.5993875764071478,0.5275662630354999,0.1668949619649456,0.31826737701971636,0.1668949619649456,normal
Busia,2023,11,2023-11-01,short_rains,223.80384516716003,-0.0238283500350983,0.4274472314205368,-0.2877564573662333,-0.19538161980033605,-0.2877564573662333,normal
Busia,2023,12,2023-12-01,short_rains,97.2437975630164,-0.0260666270991425,0.5913428780773233,1.373175520834611,0.8834407690577973,-0.0260666270991425,good
Busia,2024,1,2024-01-01,hot_dry,148.7713350057602,1.553932088198256,0.5552054271168863,1.1924324574692835,1.3189573282244238,1.1924324574692835,very_good
Busia,2024,2,2024-02-01,hot_dry,160.49993926286697,0.6697232320403074,0.4821404492700795,0.8318710636051991,0.7751193225574871,0.6697232320403074,good
Busia,2024,3,2024-03-01,long_rains,124.61002403497696,-0.5885671262585606,0.4842446673052437,0.8602931608437028,0.3531920603579106,-0.5885671262585606,normal
Busia,2024,4,2024-04-01,long_rains,315.8667221069336,0.5492934600354852,0.4789804857738932,0.0782003507789645,0.24308293901874672,0.0782003507789645,normal
Busia,2024,5,2024-05-01,long_rains,217.4375066757202,-0.9021046276800824,0.4743934154466447,-1.6807225651798448,-1.4082062870549281,-1.6807225651798448,severe_stress
Busia,2024,6,2024-06-01,cool_dry,85.16098813712597,-1.2062815585851303,0.5849026004026681,0.4019320661559628,-0.16094270250341974,-1.2062815585851303,normal
Busia,2024,7,2024-07-01,cool_dry,102.0365703254938,0.3721641399524482,0.5394974854514564,0.5647156895630286,0.4973226471993255,0.3721641399524482,normal
Busia,2024,8,2024-08-01,cool_dry,122.49662992358208,-0.5173487552771903,0.5109671581487445,1.0349581434934467,0.49165072892372375,-0.5173487552771903,normal
Busia,2024,9,2024-09-01,cool_dry,155.80381126701832,-0.1611612874273995,0.4831256745728178,0.6589523035244091,0.37191254669127616,-0.1611612874273995,normal
Busia,2024,10,2024-10-01,short_rains,183.63507800363004,-0.3638917873869267,0.5303070509815386,0.2550472924300355,0.038418614494098724,-0.3638917873869267,normal
Busia,2024,11,2024-11-01,short_rains,324.82541796565056,0.8282727717612769,0.5647895545860491,0.6881146073030827,0.7371699648634507,0.6881146073030827,good
Busia,2024,12,2024-12-01,short_rains,65.45913767814636,-0.4035956432988882,0.5457798930539556,0.5559188371772641,0.22008876901061084,-0.4035956432988882,normal
Elgeyo-Marakwet,2017,1,2017-01-01,hot_dry,37.80044446885586,-0.0497868263408186,0.5058781020738706,-0.6646302761183333,-0.44943506869620314,-0.6646302761183333,normal
Elgeyo-Marakwet,2017,2,2017-02-01,hot_dry,64.49900262057781,1.3167599622525252,,,,,no_data
Elgeyo-Marakwet,2017,3,2017-03-01,long_rains,45.488293305039406,-0.8601339846979126,0.4292282868631838,-0.4235345229341753,-0.5763443345514834,-0.8601339846979126,moderate_stress
Elgeyo-Marakwet,2017,4,2017-04-01,long_rains,73.58380615711212,-1.164229130227172,0.4455460831985304,-0.3578618268684793,-0.6400903830440217,-1.164229130227172,moderate_stress
Elgeyo-Marakwet,2017,5,2017-05-01,long_rains,188.15913152694705,-0.2316967367458137,0.652774745903195,0.6858096132659408,0.36468239076182674,-0.2316967367458137,normal
Elgeyo-Marakwet,2017,6,2017-06-01,cool_dry,75.96327266097069,-0.8621664640181315,0.6189723810821678,1.1622840444680425,0.4537263664978816,-0.8621664640181315,normal
Elgeyo-Marakwet,2017,7,2017-07-01,cool_dry,324.5523286908865,1.651021663061065,0.58541159839092,1.0030949807631038,1.2298693195673902,1.0030949807631038,good
Elgeyo-Marakwet,2017,8,2017-08-01,cool_dry,194.94997036457065,0.0732064079386726,0.6795252571453622,1.3249633427256444,0.8868484155502043,0.0732064079386726,good
Elgeyo-Marakwet,2017,9,2017-09-01,cool_dry,150.25566708296537,1.0599460362016395,0.6728100453104696,0.9906386992000756,1.014896267150623,0.9906386992000756,good
Elgeyo-Marakwet,2017,10,2017-10-01,short_rains,245.27905683219433,1.239653477782284,0.6456132297672469,1.094341620952513,1.1452007708429328,1.094341620952513,good
Elgeyo-Marakwet,2017,11,2017-11-01,short_rains,110.59501126408576,-0.2670818947024924,0.6394258399320422,0.9891139243889144,0.5494453877069221,-0.2670818947024924,good
Elgeyo-Marakwet,2017,12,2017-12-01,short_rains,24.115622516721487,-0.4914768177250654,0.6261464952636168,0.6200340578300397,0.23100525138575292,-0.4914768177250654,normal
Elgeyo-Marakwet,2018,1,2018-01-01,hot_dry,11.227710431441665,-1.1822917721612634,0.5484556288841033,0.1531275393256149,-0.31426921969479243,-1.1822917721612634,normal
Elgeyo-Marakwet,2018,2,2018-02-01,hot_dry,18.92868085205555,-0.8177968055186207,0.4875007914241225,-0.1992751320248403,-0.41575771774766335,-0.8177968055186207,normal
Elgeyo-Marakwet,2018,3,2018-03-01,long_rains,178.29970379918814,1.1046908090979073,0.6127218973997125,1.4499709790855666,1.329122919589886,1.1046908090979073,very_good
Elgeyo-Marakwet,2018,4,2018-04-01,long_rains,402.88096725940704,1.725301626469493,,,,,no_data
Elgeyo-Marakwet,2018,5,2018-05-01,long_rains,350.93009746074677,1.6093972171424178,0.7093898426187524,1.5198670669601964,1.5512026195239739,1.5198670669601964,very_good
Elgeyo-Marakwet,2018,6,2018-06-01,cool_dry,233.20273101329803,1.361714460580898,,,,,no_data
Elgeyo-Marakwet,2018,7,2018-07-01,cool_dry,141.83339282870293,-0.5307422158530108,,,,,no_data
Elgeyo-Marakwet,2018,8,2018-08-01,cool_dry,151.74140283465383,-0.6435812632082718,,,,,no_data
Elgeyo-Marakwet,2018,9,2018-09-01,cool_dry,42.2486776150763,-1.8789397473335032,0.6618590887969049,0.7205881908843769,-0.1892465874918811,-1.8789397473335032,normal
Elgeyo-Marakwet,2018,10,2018-10-01,short_rains,101.8101279810071,-1.0661193250041323,0.5221914028992939,-0.8339288664114642,-0.915195526918898,-1.0661193250041323,moderate_stress
Elgeyo-Marakwet,2018,11,2018-11-01,short_rains,35.31235036253929,-1.5127016902656931,0.561972610473075,0.0585771025867926,-0.49137047491157737,-1.5127016902656931,normal
Elgeyo-Marakwet,2018,12,2018-12-01,short_rains,81.04675770550966,0.6612420315664662,0.6093112846234269,0.3644450912030892,0.46832402033027115,0.3644450912030892,normal
Elgeyo-Marakwet,2019,1,2019-01-01,hot_dry,19.43913435935974,-0.8323286032414986,0.5809432421359898,0.7770951962602062,0.2137968664346095,-0.8323286032414986,normal
Elgeyo-Marakwet,2019,2,2019-02-01,hot_dry,19.55617305636406,-0.7884044799995243,0.4948102135311081,-0.0528305541686311,-0.3102814282094437,-0.7884044799995243,normal
Elgeyo-Marakwet,2019,3,2019-03-01,long_rains,57.0104710534215,-0.6896737777449788,0.4252706846570206,-0.4639424122681539,-0.5429483901850426,-0.6896737777449788,moderate_stress
Elgeyo-Marakwet,2019,4,2019-04-01,long_rains,121.22308544814588,-0.7462019529581205,0.3986600987505791,-0.845811158194203,-0.8109479363615741,-0.845811158194203,moderate_stress
Elgeyo-Marakwet,2019,5,2019-05-01,long_rains,98.97965163737535,-1.240401208662286,0.5154900209814929,-1.3366782873481449,-1.3029813098080942,-1.3366782873481449,severe_stress
Elgeyo-Marakwet,2019,6,2019-06-01,cool_dry,194.5198290348053,0.8146115341300529,0.4673655482265944,-1.560259512166516,-0.729054645962717,-1.560259512166516,moderate_stress
Elgeyo-Marakwet,2019,7,2019-07-01,cool_dry,177.0490681529045,-0.1102478208338772,0.5737010567779839,0.853346825288504,0.5160886991456706,-0.1102478208338772,good
Elgeyo-Marakwet,2019,8,2019-08-01,cool_dry,212.9471220374107,0.3717614670926611,0.5591883278146111,-0.0607045988360304,0.09065852423901163,-0.0607045988360304,normal
Elgeyo-Marakwet,2019,9,2019-09-01,cool_dry,106.34572561085224,-0.1348498134375124,0.6087236703548548,-0.5897308430802736,-0.43052248270530713,-0.5897308430802736,normal
Elgeyo-Marakwet,2019,10,2019-10-01,short_rains,267.30120089650154,1.5935841946916802,0.6010885438680149,0.3987139515412054,0.8169185366438716,0.3987139515412054,good
Elgeyo-Marakwet,2019,11,2019-11-01,short_rains,175.00277502462268,0.7986028800825454,0.6458072567102404,1.065781396214931,0.972268915568596,0.7986028800825454,good
Elgeyo-Marakwet,2019,12,2019-12-01,short_rains,151.5252938196063,2.0882632349868513,0.5855240136690277,0.0033112668601837,0.7330444557045174,0.0033112668601837,good
Elgeyo-Marakwet,2020,1,2020-01-01,hot_dry,62.784080512821674,1.0149922567799234,0.5955157521121344,1.05697955818522,1.0422840026933662,1.0149922567799234,good
Elgeyo-Marakwet,2020,2,2020-02-01,hot_dry,40.82009203732014,0.2076175011638748,0.5798030781640319,1.6500050462084674,1.14516940544286,0.2076175011638748,good
Elgeyo-Marakwet,2020,3,2020-03-01,long_rains,218.44798174500465,1.6986482984630369,0.5825879541933108,1.142297549860056,1.3370203118710995,1.142297549860056,very_good
Elgeyo-Marakwet,2020,4,2020-04-01,long_rains,291.5129358768463,0.7480646806195338,0.638602106654454,1.6513005840924233,1.3351680178769119,0.7480646806195338,very_good
Elgeyo-Marakwet,2020,5,2020-05-01,long_rains,180.28010886814445,-0.3208159534098563,0.6153026681955712,0.1337684170020193,-0.025336112642137143,-0.3208159534098563,normal
Elgeyo-Marakwet,2020,6,2020-06-01,cool_dry,231.72894952446225,1.340870363466895,0.6139275899967838,1.0716900837250996,1.1659031816347278,1.0716900837250996,good
Elgeyo-Marakwet,2020,7,2020-07-01,cool_dry,292.6613487303257,1.2702259463346712,0.5274916313446886,0.2624453577993286,0.6151685637866985,0.2624453577993286,good
Elgeyo-Marakwet,2020,8,2020-08-01,cool_dry,289.1463927179575,1.635832481166151,0.5145522151555963,-0.5746850592941205,0.19899607986697448,-0.5746850592941205,normal
Elgeyo-Marakwet,2020,9,2020-09-01,cool_dry,148.44320052862167,1.0106285594722535,0.6424169903147162,0.2411461831167957,0.5104650148412059,0.2411461831167957,good
Elgeyo-Marakwet,2020,10,2020-10-01,short_rains,180.15095528960228,0.1929417860139229,0.6725124672582456,1.5145995858745631,1.052019355923339,0.1929417860139229,good
Elgeyo-Marakwet,2020,11,2020-11-01,short_rains,185.5211935825646,0.9726396399006704,0.5963293379538898,0.4713449138302995,0.6467980679549292,0.4713449138302995,good
Elgeyo-Marakwet,2020,12,2020-12-01,short_rains,25.90567585453391,-0.4552325338742146,0.6506634771568837,0.9922462148880914,0.48562865282128437,-0.4552325338742146,normal
Elgeyo-Marakwet,2021,1,2021-01-01,hot_dry,47.59070163592696,0.3674647310996371,0.5953510515154703,1.0538162650063885,0.8135932281390255,0.3674647310996371,good
Elgeyo-Marakwet,2021,2,2021-02-01,hot_dry,39.8973882291466,0.1643971862319423,0.4769456224352972,-0.4107483845125035,-0.20944743475194752,-0.4107483845125035,normal
Elgeyo-Marakwet,2021,3,2021-03-01,long_rains,42.47638912126422,-0.9046923851757056,0.4641053470856526,-0.0674329451734541,-0.36047374917424213,-0.9046923851757056,normal
Elgeyo-Marakwet,2021,4,2021-04-01,long_rains,127.15281096100809,-0.6941695449324055,0.4659576193340533,-0.1454359702734081,-0.33749272140405717,-0.6941695449324055,normal
Elgeyo-Marakwet,2021,5,2021-05-01,long_rains,289.5873857587576,0.9155529864976616,0.6296740590907118,0.3454887246836975,0.545011216318585,0.3454887246836975,good
Elgeyo-Marakwet,2021,6,2021-06-01,cool_dry,92.32302635908128,-0.6307859660082434,0.5747345783500125,0.3678650692834925,0.018337206931384936,-0.6307859660082434,normal
Elgeyo-Marakwet,2021,7,2021-07-01,cool_dry,119.99975414574146,-0.7914477853057355,0.4743933034474141,-0.4165477173474925,-0.5477627411328776,-0.7914477853057355,moderate_stress
Elgeyo-Marakwet,2021,8,2021-08-01,cool_dry,125.16794822365046,-1.0844087595551948,0.630066238265828,0.7554475900501193,0.11149786768825942,-1.0844087595551948,normal
Elgeyo-Marakwet,2021,9,2021-09-01,cool_dry,131.5126549899578,0.5499459699823717,0.6553365782600074,0.5597431282816835,0.5563141228769244,0.5499459699823717,good
Elgeyo-Marakwet,2021,10,2021-10-01,short_rains,148.39088483154774,-0.3174928235085449,0.5542164065851151,-0.3335889262875837,-0.3279552903149201,-0.3335889262875837,normal
Elgeyo-Marakwet,2021,11,2021-11-01,short_rains,50.914249654859304,-1.2545541384368222,0.5821073574696725,0.3004795204573032,-0.24378226015564067,-1.2545541384368222,normal
Elgeyo-Marakwet,2021,12,2021-12-01,short_rains,0.0,-0.979760294687926,0.5659319197992567,-0.2941321767210188,-0.5341020180094364,-0.979760294687926,moderate_stress
Elgeyo-Marakwet,2022,1,2022-01-01,hot_dry,54.21330790221691,0.6497139847983611,0.5216905048915484,-0.3609321293768389,-0.007205989415518921,-0.3609321293768389,normal
Elgeyo-Marakwet,2022,2,2022-02-01,hot_dry,32.924360275268555,-0.162226006959753,0.4376523630286503,-1.197990481381088,-0.8354729153336208,-1.197990481381088,moderate_stress
Elgeyo-Marakwet,2022,3,2022-03-01,long_rains,61.61593322828412,-0.6215401269209213,0.4134536857147762,-0.5845962730261505,-0.5975266218893203,-0.6215401269209213,moderate_stress
Elgeyo-Marakwet,2022,4,2022-04-01,long_rains,133.4445709735155,-0.6389603411571964,0.3583170780443536,-1.2656669041925734,-1.0463196071301915,-1.2656669041925734,moderate_stress
Elgeyo-Marakwet,2022,5,2022-05-01,long_rains,136.46852055191994,-0.8163665566547055,0.5995704633271313,-0.0979994946469188,-0.3494279663496441,-0.8163665566547055,normal
Elgeyo-Marakwet,2022,6,2022-06-01,cool_dry,81.91347520667478,-0.7780111121900829,0.5116772675121452,-0.764513149341283,-0.769237436338363,-0.7780111121900829,moderate_stress
Elgeyo-Marakwet,2022,7,2022-07-01,cool_dry,115.91077509522438,-0.8402724282030835,0.4129514000138334,-1.2022339829480029,-1.075547438787281,-1.2022339829480029,moderate_stress
Elgeyo-Marakwet,2022,8,2022-08-01,cool_dry,249.13813465833664,0.9721347989565774,0.4123597493618884,-1.751421282388799,-0.7981766539179171,-1.751421282388799,moderate_stress
Elgeyo-Marakwet,2022,9,2022-09-01,cool_dry,107.14084817795084,-0.1132144135423164,0.6426241235829676,0.2462540880117784,0.12044011246784522,-0.1132144135423164,normal
Elgeyo-Marakwet,2022,10,2022-10-01,short_rains,105.71521109342576,-1.0033584575094354,0.4811527117720822,-1.4750933909433537,-1.3099861642414823,-1.4750933909433537,severe_stress
Elgeyo-Marakwet,2022,11,2022-11-01,short_rains,143.14816808700562,0.2715395628962423,0.3879589830134692,-2.0320534492652067,-1.2257958950086998,-2.0320534492652067,moderate_stress
Elgeyo-Marakwet,2022,12,2022-12-01,short_rains,64.57933039963245,0.3278161514768481,0.4346641216979749,-2.287014926165688,-1.3718240489908002,-2.287014926165688,severe_stress
Elgeyo-Marakwet,2023,1,2023-01-01,hot_dry,9.120309248566628,-1.272107229579889,0.5337304235609833,-0.1296895390516146,-0.5295357307365106,-1.272107229579889,moderate_stress
Elgeyo-Marakwet,2023,2,2023-02-01,hot_dry,7.517204239964485,-1.352321111849649,0.4579423192237352,-0.7914803597573186,-0.9877746229896343,-1.352321111849649,moderate_stress
Elgeyo-Marakwet,2023,3,2023-03-01,long_rains,144.43464870005846,0.6036879234688669,0.3141783728662161,-1.598216552733287,-0.8275499860625333,-1.598216552733287,moderate_stress
Elgeyo-Marakwet,2023,4,2023-04-01,long_rains,201.4807389564812,-0.0419536761240606,0.4864557378900274,0.0678909622969502,0.029445338849596422,-0.0419536761240606,normal
Elgeyo-Marakwet,2023,5,2023-05-01,long_rains,143.70706671476364,-0.7344917364194276,0.5049156842118511,-1.4924601355167346,-1.2271711958326772,-1.4924601355167346,moderate_stress
Elgeyo-Marakwet,2023,6,2023-06-01,cool_dry,112.93462759256364,-0.3392704183912176,0.5246835218733896,-0.5309478585150489,-0.46386075447170794,-0.5309478585150489,normal
Elgeyo-Marakwet,2023,7,2023-07-01,cool_dry,105.36742052435876,-0.9661658396152888,0.4008109082668505,-1.357480111244665,-1.2205201161743833,-1.357480111244665,moderate_stress
Elgeyo-Marakwet,2023,8,2023-08-01,cool_dry,113.25861630588771,-1.281972871911816,0.5486100212011152,-0.182512762230685,-0.5673238006190808,-1.281972871911816,moderate_stress
Elgeyo-Marakwet,2023,9,2023-09-01,cool_dry,126.46506948024036,0.4126004392091346,0.5445425114707919,-2.1724377563497073,-1.2676743879041128,-2.1724377563497073,severe_stress
Elgeyo-Marakwet,2023,10,2023-10-01,short_rains,177.38054230809212,0.1484168637439697,0.5390884751238719,-0.5699388857059405,-0.318514373398472,-0.5699388857059405,normal
Elgeyo-Marakwet,2023,11,2023-11-01,short_rains,115.76818716526031,-0.1814870149351495,0.505295017547718,-0.6223575408950112,-0.4680528568090596,-0.6223575408950112,normal
Elgeyo-Marakwet,2023,12,2023-12-01,short_rains,25.32376923412085,-0.4670147463253334,0.6040046084745873,0.283880143006486,0.02106693174034921,-0.4670147463253334,normal
Elgeyo-Marakwet,2024,1,2024-01-01,hot_dry,69.57332462072372,1.3043434586455478,0.4422981959048296,-1.8857666142306435,-0.7692280887239765,-1.8857666142306435,moderate_stress
Elgeyo-Marakwet,2024,2,2024-02-01,hot_dry,66.95868402719498,1.4319737546792048,0.5474754601221243,1.002319865635922,1.1526987268010709,1.002319865635922,good
Elgeyo-Marakwet,2024,3,2024-03-01,long_rains,81.25575204193592,-0.3309867564902927,0.5241323236878032,0.5454541771895963,0.2386998504016352,-0.3309867564902927,normal
Elgeyo-Marakwet,2024,4,2024-04-01,long_rains,298.81604781001806,0.8121483383099285,0.5659869823941034,0.895584313139288,0.8663817219490122,0.8121483383099285,good
Elgeyo-Marakwet,2024,5,2024-05-01,long_rains,281.0354061126709,0.8188219882520097,0.6226631880303218,0.2422040955999361,0.44402035802816187,0.2422040955999361,normal
Elgeyo-Marakwet,2024,6,2024-06-01,cool_dry,72.79597703367472,-0.9069623975701704,0.5683873098930066,0.2538813225462091,-0.1524139794945237,-0.9069623975701704,normal
Elgeyo-Marakwet,2024,7,2024-07-01,cool_dry,212.88296530395743,0.3176284804152594,0.5740160388335805,0.8573746476892282,0.6684634891433391,0.3176284804152594,good
Elgeyo-Marakwet,2024,8,2024-08-01,cool_dry,187.94662189483645,-0.0429722604787794,0.6069192916953878,0.4889127699738715,0.30275300931544374,-0.0429722604787794,normal
Elgeyo-Marakwet,2024,9,2024-09-01,cool_dry,78.00088462978601,-0.9061170305520674,0.6327921751125197,0.0037983099352819,-0.31467205923529035,-0.9061170305520674,normal
Elgeyo-Marakwet,2024,10,2024-10-01,short_rains,119.13845265260898,-0.787625716209744,0.5886828672657903,0.2048949109800516,-0.14248730853637684,-0.787625716209744,normal
Elgeyo-Marakwet,2024,11,2024-11-01,short_rains,197.63313361257315,1.1730426554606994,0.5378791610763141,-0.2308858673180281,0.2604891156545265,-0.2308858673180281,normal
Elgeyo-Marakwet,2024,12,2024-12-01,short_rains,14.615226998925207,-0.6838370254176263,0.6062013285253925,0.3172303290988231,-0.033143244981934133,-0.6838370254176263,normal
Embu,2017,1,2017-01-01,hot_dry,9.111587762832642,-1.019505931860986,0.4736137041422329,-0.7132598596140614,-0.820445984900485,-1.019505931860986,moderate_stress
Embu,2017,2,2017-02-01,hot_dry,25.345886886119843,-0.1740347416058466,0.3392700483622752,-1.2732664009374162,-0.8885353201713668,-1.2732664009374162,moderate_stress
Embu,2017,3,2017-03-01,long_rains,25.10240073502064,-0.8328010262764454,0.2014266163027486,-1.97137846489475,-1.5728763613783434,-1.97137846489475,severe_stress
Embu,2017,4,2017-04-01,long_rains,162.58015114068985,-1.1376938399727676,,,,,no_data
Embu,2017,5,2017-05-01,long_rains,89.95808310806751,-0.6305080234385851,,,,,no_data
Embu,2017,6,2017-06-01,cool_dry,6.534106820821762,-0.903391135695682,,,,,no_data
Embu,2017,7,2017-07-01,cool_dry,17.104619950056076,-1.037509380326094,0.3765255541508831,0.1726745380088835,-0.2508898334083586,-1.037509380326094,normal
Embu,2017,8,2017-08-01,cool_dry,21.91488716006279,0.6099929815197176,,,,,no_data
Embu,2017,9,2017-09-01,cool_dry,16.212124288082123,-0.1327954311778905,,,,,no_data
Embu,2017,10,2017-10-01,short_rains,121.8189506828785,0.0513849432007335,0.307349327364069,0.0694718090907161,0.06314140602922219,0.0513849432007335,normal
Embu,2017,11,2017-11-01,short_rains,273.517355799675,-0.1089614165806726,,,,,no_data
Embu,2017,12,2017-12-01,short_rains,17.21381226181984,-0.7947653922900804,0.5613284182977186,0.3024241413446643,-0.0815921954274963,-0.7947653922900804,normal
Embu,2018,1,2018-01-01,hot_dry,10.643930308520794,-0.9597296222222786,0.4464077215279335,-1.0844032319276735,-1.0407674685307853,-1.0844032319276735,moderate_stress
Embu,2018,2,2018-02-01,hot_dry,8.826612450182438,-0.9488406114917516,0.3689908727638601,-0.8256241897888728,-0.8687499373848804,-0.9488406114917516,moderate_stress
Embu,2018,3,2018-03-01,long_rains,228.48054580390453,1.9818809505386872,,,,,no_data
Embu,2018,4,2018-04-01,long_rains,518.2444984316826,1.1982218842168717,,,,,no_data
Embu,2018,5,2018-05-01,long_rains,203.94127478450537,1.1354859674486522,0.4359816310779433,-0.9338410358190856,-0.2095765846753775,-0.9338410358190856,normal
Embu,2018,6,2018-06-01,cool_dry,35.689261607825756,1.822799627149716,,,,,no_data
Embu,2018,7,2018-07-01,cool_dry,31.228267714381214,1.8486004126635036,,,,,no_data
Embu,2018,8,2018-08-01,cool_dry,13.405993789434431,-1.2034939002625855,,,,,no_data
Embu,2018,9,2018-09-01,cool_dry,25.79128710180521,1.3818109508999932,,,,,no_data
Embu,2018,10,2018-10-01,short_rains,53.28389398753643,-0.5434684387661728,,,,,no_data
Embu,2018,11,2018-11-01,short_rains,175.57458272576332,-0.9706263127168469,,,,,no_data
Embu,2018,12,2018-12-01,short_rains,177.69592551887035,1.07460422055951,0.4877532055743738,-1.4203974530155603,-0.5471468672642857,-1.4203974530155603,moderate_stress
Embu,2019,1,2019-01-01,hot_dry,37.97364166006446,0.1063957638301691,0.4929741253428703,-0.4491454508207607,-0.25470602569293527,-0.4491454508207607,normal
Embu,2019,2,2019-02-01,hot_dry,20.915872506797314,-0.3818163338355228,0.4264034599989074,0.0390993841737892,-0.10822111712947,-0.3818163338355228,normal
Embu,2019,3,2019-03-01,long_rains,25.112772829830647,-0.8326574801333056,0.3282256347212037,-0.3042494251495985,-0.489192244393896,-0.8326574801333056,normal
Embu,2019,4,2019-04-01,long_rains,187.9499489963055,-0.971071263991152,0.367903362328936,-0.9384542572134988,-0.9498702095856775,-0.971071263991152,moderate_stress
Embu,2019,5,2019-05-01,long_rains,113.17253525555134,-0.2708358437844826,0.3887801801017292,-1.6435691749369752,-1.1631125090336027,-1.6435691749369752,moderate_stress
Embu,2019,6,2019-06-01,cool_dry,20.961131036281586,0.4456265745126443,0.4477471280503714,-0.4411594477836064,-0.13078433997991865,-0.4411594477836064,normal
Embu,2019,7,2019-07-01,cool_dry,14.814256556332111,-1.5055357946373034,0.2992456097405487,-0.522964581117167,-0.8668645058492148,-1.5055357946373034,moderate_stress
Embu,2019,8,2019-08-01,cool_dry,16.42014603316784,-0.5610924368039398,0.2584980220745274,-1.4380576584401694,-1.131119830867489,-1.4380576584401694,moderate_stress
Embu,2019,9,2019-09-01,cool_dry,23.055843390524387,0.9492971098172088,0.285133015494891,0.0396984029209736,0.3580579503346559,0.0396984029209736,normal
Embu,2019,10,2019-10-01,short_rains,386.73452143371105,2.350732617155984,0.3215189737991178,0.444877268548645,1.1119266405612136,0.444877268548645,good
Embu,2019,11,2019-11-01,short_rains,414.7569471001625,1.1336131394451152,0.546113549447459,0.6472169509771671,0.8174556169409489,0.6472169509771671,good
Embu,2019,12,2019-12-01,short_rains,253.39308638870716,1.9563596351483263,0.5551591963780789,0.1579669478123718,0.7874043883799559,0.1579669478123718,good
Embu,2020,1,2020-01-01,hot_dry,87.9295195043087,2.055162396130352,0.6032400104678741,1.055099149957948,1.4051212861182893,1.055099149957948,very_good
Embu,2020,2,2020-02-01,hot_dry,56.133673667907715,1.27000918488948,0.4841584365923281,0.9089798786641284,1.0353401358430014,0.9089798786641284,good
Embu,2020,3,2020-03-01,long_rains,153.34818452596664,0.9420755029427862,0.4289482099777235,1.0200315689974415,0.9927469458783121,0.9420755029427862,good
Embu,2020,4,2020-04-01,long_rains,484.63938787579536,0.977511805294052,0.4729006224969286,0.4028027399564239,0.6039509128245937,0.4028027399564239,good
Embu,2020,5,2020-05-01,long_rains,145.73303243517876,0.2336389082715204,0.5727748562262105,1.1230025382765083,0.8117252677747625,0.2336389082715204,good
Embu,2020,6,2020-06-01,cool_dry,23.63082836009562,0.695260103709997,0.4160723770151578,-1.0428701013446582,-0.4345245295755289,-1.0428701013446582,normal
Embu,2020,7,2020-07-01,cool_dry,23.02623477205634,0.1725484470332061,0.403942986154622,0.4194738647075291,0.3330499685215161,0.1725484470332061,normal
Embu,2020,8,2020-08-01,cool_dry,26.349107548594475,1.555051305236848,0.3168895158212196,0.0720732291613618,0.591115555787782,0.0720732291613618,good
Embu,2020,9,2020-09-01,cool_dry,23.37161063402891,0.999224550405016,0.3260856326968345,0.7209387487870029,0.8183387793533075,0.7209387487870029,good
Embu,2020,10,2020-10-01,short_rains,74.40491884946823,-0.3601474688050997,0.3250733646022086,0.5390460058310961,0.22432828970842755,-0.3601474688050997,normal
Embu,2020,11,2020-11-01,short_rains,212.0373586863279,-0.6498400711716268,0.4922011714260873,0.2352258566115867,-0.07454721811253798,-0.6498400711716268,normal
Embu,2020,12,2020-12-01,short_rains,64.15717738866806,-0.247947441603742,0.6293919031584314,1.8961842837226173,1.1457381798583917,-0.247947441603742,good
Embu,2021,1,2021-01-01,hot_dry,32.80422666668892,-0.0952618565005526,0.5473959919860062,0.293276368669742,0.1572879898601389,-0.0952618565005526,normal
Embu,2021,2,2021-02-01,hot_dry,33.47817194648087,0.2073949770412134,0.5313583920454786,1.6198852068499214,1.1255136264168735,0.2073949770412134,good
Embu,2021,3,2021-03-01,long_rains,58.87007185816765,-0.3654683378150032,0.3732085977678434,0.2871778975868462,0.05875171519619893,-0.3654683378150032,normal
Embu,2021,4,2021-04-01,long_rains,239.8568258881569,-0.6301596970916765,0.4607918996312847,0.2481233774249508,-0.059275698655868736,-0.6301596970916765,normal
Embu,2021,5,2021-05-01,long_rains,177.03677248954773,0.7186421444086555,0.5143945355834484,0.2451872280697757,0.4108964487883836,0.2451872280697757,normal
Embu,2021,6,2021-06-01,cool_dry,5.885721802711487,-0.9640192222228542,0.5226882304629548,0.9824621510453913,0.30119367040150535,-0.9640192222228542,normal
Embu,2021,7,2021-07-01,cool_dry,23.10117508471012,0.1878621941507243,0.3616182330656813,0.0384855736227727,0.09076739080755576,0.0384855736227727,normal
Embu,2021,8,2021-08-01,cool_dry,14.43533457443118,-0.9841121394194304,0.2815896938236979,-0.840856858850186,-0.8909962070494216,-0.9841121394194304,moderate_stress
Embu,2021,9,2021-09-01,cool_dry,10.932429358363152,-0.967592771141734,0.2637274160074384,-0.3163803777438649,-0.5443047154331191,-0.967592771141734,moderate_stress
Embu,2021,10,2021-10-01,short_rains,64.1177151426673,-0.4494357573254611,0.307868761530802,0.0832335089972302,-0.10320073421571174,-0.4494357573254611,normal
Embu,2021,11,2021-11-01,short_rains,158.3842813372612,-1.12186033229372,0.4081599628647641,-0.4070056820020494,-0.6572048096041341,-1.12186033229372,moderate_stress
Embu,2021,12,2021-12-01,short_rains,0.0,-0.995279810442098,0.5588858970878782,0.2452305821385375,-0.1889480552646849,-0.995279810442098,normal
Embu,2022,1,2022-01-01,hot_dry,26.554206773638725,-0.3390736108803607,0.6621155463916252,1.858277820594428,1.089204819578252,-0.3390736108803607,good
Embu,2022,2,2022-02-01,hot_dry,18.022375836968425,-0.5175304181903134,0.4615942507867985,0.5691278647941761,0.1887974657496048,-0.5175304181903134,normal
Embu,2022,3,2022-03-01,long_rains,43.20608188211918,-0.5822524482987702,0.379879823446181,0.3748898861950439,0.039890069122208965,-0.5822524482987702,normal
Embu,2022,4,2022-04-01,long_rains,220.7008662596345,-0.7559713159650103,0.395861958167726,-0.5813052969470632,-0.6424384036033447,-0.7559713159650103,moderate_stress
Embu,2022,5,2022-05-01,long_rains,38.06700935959816,-1.4344802852490663,0.5561314203083116,0.8727493244824941,0.06521896107644798,-1.4344802852490663,normal
Embu,2022,6,2022-06-01,cool_dry,7.389764446765184,-0.8233817537168566,0.4343160897085111,-0.6963026957826138,-0.7407803660595988,-0.8233817537168566,moderate_stress
Embu,2022,7,2022-07-01,cool_dry,21.264887794852257,-0.1873756210677822,,,,,no_data
Embu,2022,8,2022-08-01,cool_dry,24.000632632523775,1.0545245896018511,0.3283576861464304,0.3686650291160802,0.6087158752860999,0.3686650291160802,good
Embu,2022,9,2022-09-01,cool_dry,13.801134650595486,-0.5140083161733816,0.1889278299339171,-1.5606597271218876,-1.1943317332899106,-1.5606597271218876,moderate_stress
Embu,2022,10,2022-10-01,short_rains,42.5180558860302,-0.6369110579626112,0.2615077965463,-1.1450370368274347,-0.9671929442247466,-1.1450370368274347,moderate_stress
Embu,2022,11,2022-11-01,short_rains,258.5590096414089,-0.2405595057945101,0.2889522324607507,-1.3179750198138145,-0.9408795899070579,-1.3179750198138145,moderate_stress
Embu,2022,12,2022-12-01,short_rains,55.01443948224187,-0.3544462661372003,0.5338540070656298,-0.3409108516638872,-0.34564824672954675,-0.3544462661372003,normal
Embu,2023,1,2023-01-01,hot_dry,23.876848578453064,-0.4435167022371149,0.4895525263299498,-0.4958228237487571,-0.47751568121968235,-0.4958228237487571,normal
Embu,2023,2,2023-02-01,hot_dry,5.277723670005798,-1.1152946448766057,0.3603067160294554,-0.956421205040648,-1.0120269089832332,-1.1152946448766057,moderate_stress
Embu,2023,3,2023-03-01,long_rains,100.93482014536858,0.2166929795829312,0.332926730031983,-0.2424403306553054,-0.0817436720719226,-0.2424403306553054,normal
Embu,2023,4,2023-04-01,long_rains,357.65057545900345,0.1434806014920703,0.3766625615636303,-0.8265624112325449,-0.4870473567789297,-0.8265624112325449,normal
Embu,2023,5,2023-05-01,long_rains,65.34775340557098,-1.0118071757884908,0.484080053111226,-0.2106259045429106,-0.49103934947886363,-1.0118071757884908,normal
Embu,2023,6,2023-06-01,cool_dry,20.266299741342664,0.3806554683107743,0.456152492547801,-0.2814866105908357,-0.049736882975272206,-0.2814866105908357,normal
Embu,2023,7,2023-07-01,cool_dry,23.66247370839119,0.3025612776756893,0.1844752301977564,-1.5560756468160435,-0.905552723243937,-1.5560756468160435,moderate_stress
Embu,2023,8,2023-08-01,cool_dry,16.27227934449911,-0.5926070284756325,0.3668112468297212,1.3631576512437142,0.6786400133419429,-0.5926070284756325,good
Embu,2023,9,2023-09-01,cool_dry,14.790197730064392,-0.3576229115642105,0.2674700762754759,-0.2541218128544897,-0.29034719740289194,-0.3576229115642105,normal
Embu,2023,10,2023-10-01,short_rains,140.61177045106888,0.2144981429970992,0.2502624220060898,-1.442967900197603,-0.8628547850794572,-1.442967900197603,moderate_stress
Embu,2023,11,2023-11-01,short_rains,481.6795372366905,1.7223737480061867,0.6559005491436282,1.486194340065958,1.568857132845038,1.486194340065958,very_good
Embu,2023,12,2023-12-01,short_rains,53.8813791424036,-0.3676446751426078,0.5044716482788953,-1.0289219404169412,-0.7974748975709245,-1.0289219404169412,moderate_stress
Embu,2024,1,2024-01-01,hot_dry,53.07585844397545,0.6955295637407721,0.4918836292247185,-0.4640219731108626,-0.05817893521279047,-0.4640219731108626,normal
Embu,2024,2,2024-02-01,hot_dry,64.45088630914688,1.660112588069347,0.4183777401887957,-0.0817805387150751,0.5278820556594725,-0.0817805387150751,good
Embu,2024,3,2024-03-01,long_rains,47.16444173455238,-0.5274701405408805,0.4149487118779268,0.8359688679203237,0.35876521495890223,-0.5274701405408805,normal
Embu,2024,4,2024-04-01,long_rains,514.8125702142715,1.1756818260176125,0.5740883405436612,1.6953958480117322,1.5134959403137902,1.1756818260176125,very_good
Embu,2024,5,2024-05-01,long_rains,211.9690712094307,1.2598643081317968,0.5344734639344433,0.5470970244701923,0.7965655737517539,0.5470970244701923,good
Embu,2024,6,2024-06-01,cool_dry,9.206027999520302,-0.6535496620477392,0.5488453396597056,1.4793567044563178,0.732839476179898,-0.6535496620477392,good
Embu,2024,7,2024-07-01,cool_dry,23.252811439335343,0.2188484645080562,0.5182491478904353,1.448406251594024,1.0180610261139353,0.2188484645080562,good
Embu,2024,8,2024-08-01,cool_dry,19.62398487329483,0.1217366286031718,0.3324700080476964,0.4750186077692005,0.3513699150610905,0.1217366286031718,normal
Embu,2024,9,2024-09-01,cool_dry,8.461309161335521,-1.3583131810650015,0.3651353567253537,1.3705247660122697,0.41543148453522477,-1.3583131810650015,normal
Embu,2024,10,2024-10-01,short_rains,43.69992345571518,-0.626652980494472,0.3595091939329437,1.4513763445573578,0.7240660807892174,-0.626652980494472,good
Embu,2024,11,2024-11-01,short_rains,312.71222084760666,0.2358607511060746,0.3771922899866344,-0.6436564458388498,-0.3358254269081263,-0.6436564458388498,normal
Embu,2024,12,2024-12-01,short_rains,62.18843415379524,-0.2708802700921079,0.5564599145972675,0.1884242900781992,0.027667694018591718,-0.2708802700921079,normal
Garissa,2017,1,2017-01-01,hot_dry,6.290291785262524,-0.3731633012545825,0.2912678151187403,-0.1559879982727908,-0.23199935431641788,-0.3731633012545825,normal
Garissa,2017,2,2017-02-01,hot_dry,5.548774963244796,0.1050698054578573,0.1246414204410341,-1.426215989710935,-0.8902659614018577,-1.426215989710935,moderate_stress
Garissa,2017,3,2017-03-01,long_rains,8.674152926076204,-0.7518880711313158,0.2023892385107432,0.1434087063151847,-0.16994516579109048,-0.7518880711313158,normal
Garissa,2017,4,2017-04-01,long_rains,94.10632515326142,-0.4892594981992418,0.1102054108766568,-1.6120469718505717,-1.219071356072606,-1.6120469718505717,moderate_stress
Garissa,2017,5,2017-05-01,long_rains,80.63609018642455,0.8996120249085018,0.2306556255628935,-0.6870560896214868,-0.13172224953599082,-0.6870560896214868,normal
Garissa,2017,6,2017-06-01,cool_dry,26.59478240646422,0.5213997008049617,0.1327147604032557,-1.525603459597923,-0.8091523534569135,-1.525603459597923,moderate_stress
Garissa,2017,7,2017-07-01,cool_dry,12.39189624087885,-0.6993266224098866,0.1393595341735045,-1.386433388409677,-1.1459460203097502,-1.386433388409677,moderate_stress
Garissa,2017,8,2017-08-01,cool_dry,9.545744810253382,0.2528381146752391,0.1245432833966299,-1.5688754666406537,-0.9312757131800913,-1.5688754666406537,moderate_stress
Garissa,2017,9,2017-09-01,cool_dry,16.426378361182287,0.5032765458105978,0.1444663947259271,-1.021064932255325,-0.487545414932252,-1.021064932255325,normal
Garissa,2017,10,2017-10-01,short_rains,39.763876256300136,-0.1453610555814283,0.1269044591102933,-1.1584947681325437,-0.8038979687396534,-1.1584947681325437,moderate_stress
Garissa,2017,11,2017-11-01,short_rains,125.8171285316348,-0.311536660119001,0.4057993223213015,0.904913562467129,0.4791559845619835,-0.311536660119001,normal
Garissa,2017,12,2017-12-01,short_rains,6.77386814635247,-0.8830209544254631,0.2642075316216313,-1.0139666293639118,-0.9681356431354549,-1.0139666293639118,moderate_stress
Garissa,2018,1,2018-01-01,hot_dry,2.5876599933253592,-0.6423036371993461,0.2363389474271052,-0.9029142940515208,-0.8117005641532598,-0.9029142940515208,moderate_stress
Garissa,2018,2,2018-02-01,hot_dry,3.847716882359236,-0.467174812901283,0.1839675056124863,-0.5225723364201682,-0.5031832031885584,-0.5225723364201682,moderate_stress
Garissa,2018,3,2018-03-01,long_rains,127.04382833652198,2.116514736974807,0.0961697652640786,-1.9444292248793251,-0.523098838230379,-1.9444292248793251,moderate_stress
Garissa,2018,4,2018-04-01,long_rains,175.18404548615217,0.7688891553773954,0.3634547658056784,1.025573722731418,0.9357341241575101,0.7688891553773954,good
Garissa,2018,5,2018-05-01,long_rains,106.35276146233082,1.8304834307252569,0.4893361791922714,1.848942065500461,1.8424815433291393,1.8304834307252569,very_good
Garissa,2018,6,2018-06-01,cool_dry,44.70052548497915,2.233593078749545,0.3365757721445748,1.3728850905919443,1.6741328864471046,1.3728850905919443,very_good
Garissa,2018,7,2018-07-01,cool_dry,21.286296296748333,-0.1185206443054051,0.2283273560035977,1.0430714947831152,0.6365142461021331,-0.1185206443054051,good
Garissa,2018,8,2018-08-01,cool_dry,8.570926113403402,-0.1472084630080188,,,,,no_data
Garissa,2018,9,2018-09-01,cool_dry,15.2533346330747,0.2695566711335174,0.163496852816032,-0.3127211099331188,-0.10892388655979614,-0.3127211099331188,normal
Garissa,2018,10,2018-10-01,short_rains,47.48832626920193,0.0357222179559975,0.1468096900008607,-0.637253196250649,-0.4017118012783228,-0.637253196250649,normal
Garissa,2018,11,2018-11-01,short_rains,54.01251305965707,-0.9953643587352116,0.1591009441739308,-1.51374428177317,-1.3323113087098846,-1.51374428177317,severe_stress
Garissa,2018,12,2018-12-01,short_rains,143.75149422045797,1.910335391712226,0.2920102379190817,-0.5938912636865474,0.28258806570302325,-0.5938912636865474,normal
Garissa,2019,1,2019-01-01,hot_dry,10.35145396203734,-0.0779617759601952,0.2465104719094838,-0.7646012462258018,-0.5242774316328396,-0.7646012462258018,moderate_stress
Garissa,2019,2,2019-02-01,hot_dry,8.373663233709522,1.0553766341334223,0.1805977647683131,-0.5738995884758465,-0.003652910562602474,-0.5738995884758465,normal
Garissa,2019,3,2019-03-01,long_rains,10.179592846892774,-0.7154073755365027,0.1885681806923948,-0.1282564402005585,-0.33375926756813895,-0.7154073755365027,normal
Garissa,2019,4,2019-04-01,long_rains,68.31264363601804,-0.8895209453447834,0.188133518665454,-0.8004169092549313,-0.8316033218863794,-0.8895209453447834,moderate_stress
Garissa,2019,5,2019-05-01,long_rains,55.48948737420142,-0.0106245006585034,0.2233858510577638,-0.7583259801273489,-0.496630462313253,-0.7583259801273489,normal
Garissa,2019,6,2019-06-01,cool_dry,13.106998088769616,-0.7540903407667366,0.1963197247133115,-0.6212703592507828,-0.6677573527813666,-0.7540903407667366,moderate_stress
Garissa,2019,7,2019-07-01,cool_dry,28.084215418202803,0.3253847388132713,0.1915242489154865,0.0380639926550874,0.13862625381045174,0.0380639926550874,normal
Garissa,2019,8,2019-08-01,cool_dry,10.11328542648698,0.4857457127282535,0.1835504600945219,0.1820057759259188,0.28831475380673594,0.1820057759259188,normal
Garissa,2019,9,2019-09-01,cool_dry,24.643553841859102,2.140485097823947,0.1756287847602987,0.1388486318390499,0.8394213949337639,0.1388486318390499,good
Garissa,2019,10,2019-10-01,short_rains,145.82542011514306,2.3410258750497115,0.2300233783321555,1.541793806336407,1.8215250303860637,1.541793806336407,very_good
Garissa,2019,11,2019-11-01,short_rains,333.1995883733034,1.663459923523186,0.3364464484198196,0.2249704118793132,0.7284417409546686,0.2249704118793132,good
Garissa,2019,12,2019-12-01,short_rains,88.3719733050093,0.7809922965738791,0.4264438186188944,1.4372863838279306,1.2075834532890126,0.7809922965738791,good
Garissa,2020,1,2020-01-01,hot_dry,44.754320935346186,2.422745746408664,0.383675350713477,1.1005756478467323,1.5633351823434083,1.1005756478467323,very_good
Garissa,2020,2,2020-02-01,hot_dry,8.997439551050775,1.2652181702158285,0.3164876574620985,1.4959494286002402,1.4151934881656962,1.2652181702158285,very_good
Garissa,2020,3,2020-03-01,long_rains,59.47570784855634,0.4791647495384969,0.2516267291003122,1.1112152426083113,0.8899975700338763,0.4791647495384969,good
Garissa,2020,4,2020-04-01,long_rains,170.95787262916565,0.7033082082569235,0.3177749888778211,0.5498136759483802,0.6035367622563703,0.5498136759483802,good
Garissa,2020,5,2020-05-01,long_rains,46.06971260672435,-0.3515939397512604,0.3502237067545984,0.4851403861448238,0.19228337208119434,-0.3515939397512604,normal
Garissa,2020,6,2020-06-01,cool_dry,20.873671180335805,-0.0196246975521226,0.2946051015993541,0.7761476027319417,0.4976272976325193,-0.0196246975521226,normal
Garissa,2020,7,2020-07-01,cool_dry,59.07325300062075,2.348974657246878,0.2223527767653557,0.8799195918169868,1.3940888647174488,0.8799195918169868,very_good
Garissa,2020,8,2020-08-01,cool_dry,8.174836891359519,-0.3097557533379099,0.2219518128222953,1.3214639222541291,0.7505370357969154,-0.3097557533379099,good
Garissa,2020,9,2020-09-01,cool_dry,11.048176730866544,-0.5682884614490283,0.2003985015020795,1.0608167605954626,0.4906299328798908,-0.5682884614490283,normal
Garissa,2020,10,2020-10-01,short_rains,31.27038312703371,-0.3444729065282661,0.1848573928711962,0.359070059664301,0.11283002149690254,-0.3444729065282661,normal
Garissa,2020,11,2020-11-01,short_rains,71.8373545743525,-0.8256103635209379,0.3226186679246193,0.0894013416069085,-0.23085275518783768,-0.8256103635209379,normal
Garissa,2020,12,2020-12-01,short_rains,35.18422996066511,-0.3036543327032863,0.3310588929652047,-0.0038991286686118,-0.10881345008074786,-0.3036543327032863,normal
Garissa,2021,1,2021-01-01,hot_dry,4.0033670065458855,-0.53939741196592,0.268620010863227,-0.4639543054440635,-0.49035939272671325,-0.53939741196592,normal
Garissa,2021,2,2021-02-01,hot_dry,2.226402789470739,-1.0125931467904312,0.2172916871879602,-0.0149847365514243,-0.3641476801350767,-1.0125931467904312,normal
Garissa,2021,3,2021-03-01,long_rains,14.990513392724097,-0.5988263512548375,0.1989924914443809,0.0766426308390233,-0.159771512893828,-0.5988263512548375,normal
Garissa,2021,4,2021-04-01,long_rains,62.82925489731133,-0.9746111295571096,0.2627699668800033,-0.0230698536781574,-0.3561093002357906,-0.9746111295571096,normal
Garissa,2021,5,2021-05-01,long_rains,25.391186487860978,-1.1000986148691134,0.2098140597400601,-0.8913782612536246,-0.9644303850190457,-1.1000986148691134,moderate_stress
Garissa,2021,6,2021-06-01,cool_dry,18.744174593593925,-0.2210033395865207,0.2259384972436048,-0.2001517141678835,-0.2074497830644065,-0.2210033395865207,normal
Garissa,2021,7,2021-07-01,cool_dry,14.671804010868073,-0.5504482209416777,0.1935620379388984,0.0937112849171226,-0.1317445421334575,-0.5504482209416777,normal
Garissa,2021,8,2021-08-01,cool_dry,6.046469637658446,-1.1831961568176377,0.1798791407251702,0.0730691248439689,-0.3666237237375934,-1.1831961568176377,normal
Garissa,2021,9,2021-09-01,cool_dry,10.438081704080105,-0.6898451688291293,0.1678873979438277,-0.1492980592017209,-0.33848954757131383,-0.6898451688291293,normal
Garissa,2021,10,2021-10-01,short_rains,14.704627028666437,-0.7328217647517677,0.1597354762898641,-0.2987764812539751,-0.4506923304782025,-0.7328217647517677,normal
Garissa,2021,11,2021-11-01,short_rains,69.34597533242777,-0.8493368903213002,0.1623487476997295,-1.4819024612747322,-1.2605045114410312,-1.4819024612747322,severe_stress
Garissa,2021,12,2021-12-01,short_rains,0.0,-1.0211590439575218,0.2844680066592703,-0.7078479958331251,-0.817506862676664,-1.0211590439575218,moderate_stress
Garissa,2022,1,2022-01-01,hot_dry,8.294300783833023,-0.2274940353324077,0.3418042742293911,0.5312100415120345,0.2656636146164798,-0.2274940353324077,normal
Garissa,2022,2,2022-02-01,hot_dry,3.659651838825084,-0.5304408531812659,0.2681513955429156,0.7597006742649703,0.3081511396587877,-0.5304408531812659,normal
Garissa,2022,3,2022-03-01,long_rains,13.186402344843373,-0.6425446192819515,0.1762688292007077,-0.3700110995727231,-0.46539783147095304,-0.6425446192819515,normal
Garissa,2022,4,2022-04-01,long_rains,54.08571002050303,-1.1102917970583224,0.198373817255867,-0.6937630404293137,-0.8395481052494667,-1.1102917970583224,moderate_stress
Garissa,2022,5,2022-05-01,long_rains,51.07205838523805,-0.1705230461947824,0.2166175307724504,-0.8246798189297097,-0.5957249484724851,-0.8246798189297097,moderate_stress
Garissa,2022,6,2022-06-01,cool_dry,17.272770181443775,-0.3601486306600185,0.1895856008853194,-0.7170158902097059,-0.5921123493673153,-0.7170158902097059,moderate_stress
Garissa,2022,7,2022-07-01,cool_dry,16.070616540382616,-0.4591055025698675,0.1411121168566593,-1.3385744198597294,-1.0307602988082778,-1.3385744198597294,moderate_stress
Garissa,2022,8,2022-08-01,cool_dry,5.7282933974056505,-1.3137694792462755,0.1557003661499905,-0.6443717906682631,-0.8786609816705675,-1.3137694792462755,moderate_stress
Garissa,2022,9,2022-09-01,cool_dry,12.388700561094083,-0.3011994739755068,0.1352943144717219,-1.3624643013691933,-0.991021611781403,-1.3624643013691933,moderate_stress
Garissa,2022,10,2022-10-01,short_rains,23.94067418226041,-0.5163023167230625,0.1238102896261493,-1.2395191870127322,-0.9863932824113479,-1.2395191870127322,moderate_stress
Garissa,2022,11,2022-11-01,short_rains,125.04510259674862,-0.3188890108676973,0.3147602673022627,0.0123567235953076,-0.1035792834667441,-0.3188890108676973,normal
Garissa,2022,12,2022-12-01,short_rains,27.44779083284084,-0.4614219328113828,0.3015313368491361,-0.4500355155481108,-0.45402076159025595,-0.4614219328113828,normal
Garissa,2023,1,2023-01-01,hot_dry,4.953086855821311,-0.4703632941678691,0.2274721422572165,-1.0234856842741749,-0.8298928477369679,-1.0234856842741749,moderate_stress
Garissa,2023,2,2023-02-01,hot_dry,1.1887782705016432,-1.3616553296339715,0.1705166211143145,-0.7274536525021705,-0.9494242394983008,-1.3616553296339715,moderate_stress
Garissa,2023,3,2023-03-01,long_rains,61.29629342723638,0.5232822379761014,0.1841723120387406,-0.2146611363934611,0.043619044635885756,-0.2146611363934611,normal
Garissa,2023,4,2023-04-01,long_rains,228.41238490864637,1.5948764093550327,0.2820799281637604,0.1780455786114508,0.6739363693717044,0.1780455786114508,good
Garissa,2023,5,2023-05-01,long_rains,22.353006922639903,-1.2100721978674212,0.2928572722930982,-0.0772566317954013,-0.47374207992060824,-1.2100721978674212,normal
Garissa,2023,6,2023-06-01,cool_dry,12.878505981294438,-0.7756979970576204,0.2269789472740296,-0.1853586329677486,-0.39197741039920375,-0.7756979970576204,normal
Garissa,2023,7,2023-07-01,cool_dry,16.29177303146571,-0.4446639425646025,0.1741680990062002,-0.4358922096060579,-0.4389623161415485,-0.4446639425646025,normal
Garissa,2023,8,2023-08-01,cool_dry,9.903413605410606,0.3996184112669054,0.1627464430317883,-0.4352981739252596,-0.14307736910800187,-0.4352981739252596,normal
Garissa,2023,9,2023-09-01,cool_dry,12.401138137560338,-0.2987213832246452,0.1708813232127436,-0.0378594139158451,-0.12916110317392515,-0.2987213832246452,normal
Garissa,2023,10,2023-10-01,short_rains,50.747182682855055,0.1121191635491578,0.1902728484831994,0.5008800497707109,0.3648137395931673,0.1121191635491578,normal
Garissa,2023,11,2023-11-01,short_rains,285.16203194856644,1.2059766344455645,0.3831828212478471,0.6831789157241233,0.8661581172766277,0.6831789157241233,good
Garissa,2023,12,2023-12-01,short_rains,76.67736666183919,0.5425066064757742,0.4409644089672927,1.6566802167590071,1.2667194531598756,0.5425066064757742,very_good
Garissa,2024,1,2024-01-01,hot_dry,10.157469610567205,-0.0920622905283435,0.4262242137020183,1.6791578389095865,1.059230793606311,-0.0920622905283435,good
Garissa,2024,2,2024-02-01,hot_dry,8.049122670665383,0.9461995326998428,0.2845496783247641,1.0094762007953333,0.9873293669619116,0.9461995326998428,good
Garissa,2024,3,2024-03-01,long_rains,22.77057776041329,-0.4102953072847979,0.2625586235491952,1.326091321283549,0.7183560012846276,-0.4102953072847979,good
Garissa,2024,4,2024-04-01,long_rains,151.19357518665493,0.3966095971701056,0.3970876288485742,1.3758637979217243,1.0331248276586578,0.3966095971701056,good
Garissa,2024,5,2024-05-01,long_rains,58.89973335992545,0.1128168437073219,0.3930114949995088,0.904614330082286,0.6274852098510485,0.1128168437073219,good
Garissa,2024,6,2024-06-01,cool_dry,14.478126579429954,-0.6244277739314879,0.317408630812528,1.100367362870159,0.49668906498958254,-0.6244277739314879,normal
Garissa,2024,7,2024-07-01,cool_dry,16.940614663995802,-0.4022944632687098,0.2306366754693999,1.1061336537031496,0.5781838127629988,-0.4022944632687098,good
Garissa,2024,8,2024-08-01,cool_dry,13.35413610714022,1.8157276137394427,0.2135447481679293,1.072006608210162,1.3323089601454101,1.072006608210162,very_good
Garissa,2024,9,2024-09-01,cool_dry,8.604039708152413,-1.0552638272897523,0.2171341041313051,1.683742424240687,0.7250902362050333,-1.0552638272897523,good
Garissa,2024,10,2024-10-01,short_rains,13.975729560479522,-0.7499092129703425,0.2067479505237131,0.9322997168784848,0.34352659143139525,-0.7499092129703425,normal
Garissa,2024,11,2024-11-01,short_rains,203.81799475476143,0.4313007255953977,0.4237420258678658,1.0808257877751188,0.8534920160122165,0.4313007255953977,good
Garissa,2024,12,2024-12-01,short_rains,22.389332234859467,-0.5645780308642253,0.3098514221215304,-0.3243260674866319,-0.40841425466878956,-0.5645780308642253,normal
Homa Bay,2017,1,2017-01-01,hot_dry,32.244351882487535,-0.8197106338702422,0.207698424636741,-1.5790680209578138,-1.3132929354771639,-1.5790680209578138,severe_stress
Homa Bay,2017,2,2017-02-01,hot_dry,130.16287291049957,0.5300069855139188,0.4198011085289195,1.5358550849442054,1.1838082501436051,0.5300069855139188,good
Homa Bay,2017,3,2017-03-01,long_rains,121.6039668917656,-0.5390353858086254,0.1883520222750042,-1.398505511821872,-1.0976909677172357,-1.398505511821872,moderate_stress
Homa Bay,2017,4,2017-04-01,long_rains,182.00142423808575,-1.2578200515371083,0.288009406384774,-0.1874136055667731,-0.5620558616563904,-1.2578200515371083,moderate_stress
Homa Bay,2017,5,2017-05-01,long_rains,188.8469171822071,0.0569531653520187,0.3899661719734126,0.6540749119949045,0.44508230066989446,0.0569531653520187,normal
Homa Bay,2017,6,2017-06-01,cool_dry,82.48324863612652,-0.3340716776684683,0.3349175405451037,-0.5655875743494381,-0.4845570105110986,-0.5655875743494381,normal
Homa Bay,2017,7,2017-07-01,cool_dry,82.58340632915497,1.2960926412274911,0.2650083535548521,-1.5795860432450712,-0.5730985036796745,-1.5795860432450712,moderate_stress
Homa Bay,2017,8,2017-08-01,cool_dry,106.33852228149772,0.65152693701105,0.2580552288763837,0.4686410050539423,0.53265108123893,0.4686410050539423,good
Homa Bay,2017,9,2017-09-01,cool_dry,120.19411585107446,0.0454329844093954,,,,,no_data
Homa Bay,2017,10,2017-10-01,short_rains,114.1797446012497,-0.7391715577983552,0.302195276160328,0.5382527488137104,0.09115424149948748,-0.7391715577983552,normal
Homa Bay,2017,11,2017-11-01,short_rains,110.2600482031703,-0.7850779674980836,0.3246332775268903,0.7896190297497524,0.23847508071300988,-0.7850779674980836,normal
Homa Bay,2017,12,2017-12-01,short_rains,58.02147326245904,-0.8599160194710388,0.2991091151500986,-0.3735703628438085,-0.5437913426633391,-0.8599160194710388,moderate_stress
Homa Bay,2018,1,2018-01-01,hot_dry,32.49930104613304,-0.8146921492566416,0.2285002128242408,-1.154290794162666,-1.0354312684455573,-1.154290794162666,moderate_stress
Homa Bay,2018,2,2018-02-01,hot_dry,58.25030196085572,-0.6808181746394405,0.1730837888645273,-1.2409986390115368,-1.044935476481303,-1.2409986390115368,moderate_stress
Homa Bay,2018,3,2018-03-01,long_rains,171.46741551160812,0.129774094201866,0.2834839255390435,0.4835164534296259,0.3597066276999099,0.129774094201866,normal
Homa Bay,2018,4,2018-04-01,long_rains,261.7204073667526,0.7754123350336662,,,,,no_data
Homa Bay,2018,5,2018-05-01,long_rains,231.2750866636634,1.2807127811967614,0.4117473855620667,1.4828620208733336,1.4121097869865333,1.2807127811967614,very_good
Homa Bay,2018,6,2018-06-01,cool_dry,104.55163164436816,0.6252767653368682,0.3572358767358371,0.0855126168302772,0.274430068807584,0.0855126168302772,normal
Homa Bay,2018,7,2018-07-01,cool_dry,36.807762790471315,-1.056676858949659,0.3660920573817789,1.408196406322708,0.5454907634773796,-1.056676858949659,good
Homa Bay,2018,8,2018-08-01,cool_dry,87.78969741612673,-0.1994603319592158,,,,,no_data
Homa Bay,2018,9,2018-09-01,cool_dry,58.69208076503128,-1.791927391475593,0.5625534225697613,2.2089428857311155,0.8086382887087675,-1.791927391475593,good
Homa Bay,2018,10,2018-10-01,short_rains,185.3242532238364,0.1038599892163074,0.2528728991082989,-0.6835946653412794,-0.40798553624612405,-0.6835946653412794,normal
Homa Bay,2018,11,2018-11-01,short_rains,91.04791096784174,-0.9638004038173827,,,,,no_data
Homa Bay,2018,12,2018-12-01,short_rains,170.64575269818306,0.5670536089371003,0.338228799535022,0.2852702077177324,0.3838943981445112,0.2852702077177324,normal
Homa Bay,2019,1,2019-01-01,hot_dry,24.820485204458237,-0.9658439263446438,0.301554885989833,0.3375021801718141,-0.11866895710894612,-0.9658439263446438,normal
Homa Bay,2019,2,2019-02-01,hot_dry,73.41752240993083,-0.4254406810132913,0.2368022510212225,-0.5238343589956953,-0.4893965717018539,-0.5238343589956953,normal
Homa Bay,2019,3,2019-03-01,long_rains,104.91440722346306,-0.7628894519094539,0.2273148585046918,-0.6276924502010615,-0.6750114007989989,-0.7628894519094539,moderate_stress
Homa Bay,2019,4,2019-04-01,long_rains,175.33510720916092,-1.4278444441021978,0.232123547708423,-1.354237409374996,-1.3799998715295168,-1.4278444441021978,severe_stress
Homa Bay,2019,5,2019-05-01,long_rains,215.25155942887068,0.8185447034083003,0.3699545746728501,-0.1073773277192292,0.2166953831754061,-0.1073773277192292,normal
Homa Bay,2019,6,2019-06-01,cool_dry,115.35818360745908,1.0950551263602275,0.3216863273750621,-0.9515861250895484,-0.2352616870821269,-0.9515861250895484,normal
Homa Bay,2019,7,2019-07-01,cool_dry,66.89785496890545,0.4898890800985171,0.3463041651943423,0.8233156119585681,0.7066163258075503,0.4898890800985171,good
Homa Bay,2019,8,2019-08-01,cool_dry,95.71918431296945,0.1643304983309234,0.2788645124687173,1.3743917930640888,0.9508703399074809,0.1643304983309234,good
Homa Bay,2019,9,2019-09-01,cool_dry,123.42531190812588,0.1419642877010057,0.284763331899571,-0.2068589123029967,-0.08477079230159587,-0.2068589123029967,normal
Homa Bay,2019,10,2019-10-01,short_rains,319.46992123126984,1.6934279293864474,0.2906551066965121,0.2523718350978189,0.7567414680988388,0.2523718350978189,good
Homa Bay,2019,11,2019-11-01,short_rains,207.4936073347926,0.11944495814731,0.3332100098192335,0.9941139632866192,0.687979811487861,0.11944495814731,good
Homa Bay,2019,12,2019-12-01,short_rains,228.6373437345028,1.3018173697043476,0.4209869086073521,1.6790544536055063,1.547021474240101,1.3018173697043476,very_good
Homa Bay,2020,1,2020-01-01,hot_dry,130.0475618392229,1.1054727921522831,0.3591501791586857,1.5136111131250105,1.370762700784556,1.1054727921522831,very_good
Homa Bay,2020,2,2020-02-01,hot_dry,90.60902661085127,-0.1359793872162329,0.3454519440064675,0.69904008282757,0.406783268312239,-0.1359793872162329,normal
Homa Bay,2020,3,2020-03-01,long_rains,280.86464762687683,1.5970995189516588,0.3280956232018712,1.3660825750762042,1.4469385054326134,1.3660825750762042,very_good
Homa Bay,2020,4,2020-04-01,long_rains,245.05305144190788,0.3503114803200504,0.3423947813488065,0.9480820563066702,0.7388623547113533,0.3503114803200504,good
Homa Bay,2020,5,2020-05-01,long_rains,157.6356332153082,-0.8432767843291008,0.3853857466489978,0.479787219226823,0.016714817982249663,-0.8432767843291008,normal
Homa Bay,2020,6,2020-06-01,cool_dry,105.1906228326261,0.6530547498552827,0.3640379743761355,0.2839524573350646,0.4131382597171409,0.2839524573350646,normal
Homa Bay,2020,7,2020-07-01,cool_dry,76.34888297691941,0.9756515669499404,0.3405620469192549,0.6535929014114453,0.7663134343499185,0.6535929014114453,good
Homa Bay,2020,8,2020-08-01,cool_dry,92.27199268341064,0.0061794450029026,0.2180737120852096,-1.271605850574875,-0.8243809971226529,-1.271605850574875,moderate_stress
Homa Bay,2020,9,2020-09-01,cool_dry,151.39442239701748,0.9775355869131932,0.2811741507654483,-0.2380722295828347,0.18739050619077505,-0.2380722295828347,normal
Homa Bay,2020,10,2020-10-01,short_rains,262.0254329442978,1.0127356768763625,0.3296788313044539,1.2190940381378803,1.1468686116963491,1.0127356768763625,good
Homa Bay,2020,11,2020-11-01,short_rains,418.5332533121109,2.0826580680178375,0.3314009586653053,0.950980776557962,1.3470678285689184,0.950980776557962,very_good
Homa Bay,2020,12,2020-12-01,short_rains,92.06690771132708,-0.4285543167555859,0.3360162453072001,0.2480071133759402,0.01121061282990607,-0.4285543167555859,normal
Homa Bay,2021,1,2021-01-01,hot_dry,79.41807742416859,0.1088690579083251,0.3087227130526337,0.4838708324453403,0.35262021135738497,0.1088690579083251,normal
Homa Bay,2021,2,2021-02-01,hot_dry,86.14525135979056,-0.2111380321079432,0.29228907534771,0.1006811592949425,-0.008455557696067498,-0.2111380321079432,normal
Homa Bay,2021,3,2021-03-01,long_rains,105.46177162230016,-0.7555477515438516,0.2776622696571418,0.3683449508321769,-0.025017494999433038,-0.7555477515438516,normal
Homa Bay,2021,4,2021-04-01,long_rains,273.6450035572052,1.079549119268286,0.2669852364341857,-0.6263708397344372,-0.029298854083484094,-0.6263708397344372,normal
Homa Bay,2021,5,2021-05-01,long_rains,204.6904864832759,0.5139306998166993,0.3437141624652458,-1.10583938681437,-0.5389198564934958,-1.10583938681437,moderate_stress
Homa Bay,2021,6,2021-06-01,cool_dry,59.769550021737814,-1.3214730379071615,0.359594439068019,0.1543197345414316,-0.3622077358155759,-1.3214730379071615,normal
Homa Bay,2021,7,2021-07-01,cool_dry,40.77354990504682,-0.8528439415711452,0.3171952528206775,-0.0370713171249959,-0.32259173568114813,-0.8528439415711452,normal
Homa Bay,2021,8,2021-08-01,cool_dry,72.88003964722157,-0.8834890528152282,0.2419685236063722,-0.2315534975654506,-0.4597309419028727,-0.8834890528152282,normal
Homa Bay,2021,9,2021-09-01,cool_dry,135.40562987327576,0.4998737697022727,0.2708274183796365,-0.32805259800101,-0.03827836930486106,-0.32805259800101,normal
Homa Bay,2021,10,2021-10-01,short_rains,109.2100743725896,-0.7980599929303668,0.3199543785160712,0.9781932907747956,0.35650464147798877,-0.7980599929303668,normal
Homa Bay,2021,11,2021-11-01,short_rains,102.35018971189857,-0.85866005590319,0.3085262404206509,0.4055791215137455,-0.03690459058218187,-0.85866005590319,normal
Homa Bay,2021,12,2021-12-01,short_rains,0.0,-1.595058393352116,0.2355260514429271,-1.444414942229739,-1.497140150122571,-1.595058393352116,severe_stress
Homa Bay,2022,1,2022-01-01,hot_dry,144.7750759124756,1.395372949957758,0.3063129415533839,0.4346627525709172,0.7709113216563115,0.4346627525709172,good
Homa Bay,2022,2,2022-02-01,hot_dry,220.58762311935425,2.052530255195549,0.3319054428222868,0.546571450665739,1.0736570322511725,0.546571450665739,good
Homa Bay,2022,3,2022-03-01,long_rains,121.59412073343992,-0.5391674505617094,0.2545592777724144,-0.0887082216393556,-0.24636895176217943,-0.5391674505617094,normal
Homa Bay,2022,4,2022-04-01,long_rains,199.5455111116171,-0.8103581770360048,0.2920349338267333,-0.1033658454820032,-0.3508131615259037,-0.8103581770360048,normal
Homa Bay,2022,5,2022-05-01,long_rains,211.38671369850636,0.7070706006107007,0.3882616154089847,0.5892156009559709,0.6304648508351263,0.5892156009559709,good
Homa Bay,2022,6,2022-06-01,cool_dry,88.85707544442266,-0.0569910767816259,0.4004670014503132,1.3467084929904578,0.8554136435702285,-0.0569910767816259,good
Homa Bay,2022,7,2022-07-01,cool_dry,42.79011351428926,-0.7491969147197735,0.2925306507437205,-0.766095506199822,-0.760180999181805,-0.766095506199822,moderate_stress
Homa Bay,2022,8,2022-08-01,cool_dry,134.68051110580564,1.951807242736024,0.2657028446714203,0.8015133022677287,1.204116181431632,0.8015133022677287,good
Homa Bay,2022,9,2022-09-01,cool_dry,129.83477656450123,0.333445697605307,0.2917729008062909,-0.1459001893786328,0.02187087106574613,-0.1459001893786328,normal
Homa Bay,2022,10,2022-10-01,short_rains,76.35312041640282,-1.1874006358015683,0.2073014579425461,-1.8125213488414345,-1.5937290992774815,-1.8125213488414345,severe_stress
Homa Bay,2022,11,2022-11-01,short_rains,171.38328391313553,-0.2164742006191009,0.2436962283304046,-1.1401621423735102,-0.8168713627594669,-1.1401621423735102,moderate_stress
Homa Bay,2022,12,2022-12-01,short_rains,221.14514380693436,1.2068898656158231,0.2491948156871317,-1.2142102109003203,-0.36682518411967013,-1.2142102109003203,normal
Homa Bay,2023,1,2023-01-01,hot_dry,28.917027404531837,-0.8852065408122846,0.2637842967665474,-0.4337818075349332,-0.5917804641820061,-0.8852065408122846,moderate_stress
Homa Bay,2023,2,2023-02-01,hot_dry,19.900726325809956,-1.3265276861604942,0.1592419032428018,-1.396791883229427,-1.3721994142553007,-1.396791883229427,severe_stress
Homa Bay,2023,3,2023-03-01,long_rains,274.5149966478348,1.5119327908755886,0.2010511918741291,-1.147274165596493,-0.21655173083126456,-1.147274165596493,normal
Homa Bay,2023,4,2023-04-01,long_rains,256.80246701836586,0.6499802836059131,0.376011261014704,1.6499502856482504,1.2999607849334325,0.6499802836059131,very_good
Homa Bay,2023,5,2023-05-01,long_rains,143.68673872947693,-1.2456060378902376,0.3606957450144514,-0.4596808682427615,-0.7347546776193781,-1.2456060378902376,moderate_stress
Homa Bay,2023,6,2023-06-01,cool_dry,110.28563103079796,0.8745430292724997,0.3010825113496373,-1.5526680533542423,-0.7031441744348828,-1.5526680533542423,moderate_stress
Homa Bay,2023,7,2023-07-01,cool_dry,38.33433197066188,-0.9782144905500187,0.3300014034861399,0.3414465918576477,-0.12043478698503551,-0.9782144905500187,normal
Homa Bay,2023,8,2023-08-01,cool_dry,62.931157030165195,-1.339926186113118,0.2185354373785225,-1.2515086643163127,-1.2824547969451945,-1.339926186113118,severe_stress
Homa Bay,2023,9,2023-09-01,cool_dry,152.10783971846104,0.998848779493838,0.2543070397382149,-0.4717220871820846,0.04297771615448831,-0.4717220871820846,normal
Homa Bay,2023,10,2023-10-01,short_rains,215.1113818883896,0.4568245348345303,0.2869404154655692,0.1603489816549696,0.26411542526781584,0.1603489816549696,normal
Homa Bay,2023,11,2023-11-01,short_rains,255.0046333670616,0.5614200606831395,0.2454681136450397,-1.0979151003415777,-0.5171477939829267,-1.0979151003415777,moderate_stress
Homa Bay,2023,12,2023-12-01,short_rains,129.65143029903993,0.0476482614060289,0.3439484902202953,0.3815993150142446,0.26471644625136914,0.0476482614060289,normal
Homa Bay,2024,1,2024-01-01,hot_dry,118.37659284472466,0.8757384502654456,0.3044927360726336,0.3974937443423333,0.5648793914154226,0.3974937443423333,good
Homa Bay,2024,2,2024-02-01,hot_dry,110.40691024065018,0.1973667204279345,0.3081747000536933,0.2794771035042037,0.25073846942750944,0.1973667204279345,normal
Homa Bay,2024,3,2024-03-01,long_rains,113.9149816185236,-0.6421663642054732,0.3118270340886446,1.0442363699207813,0.4539954129765922,-0.6421663642054732,normal
Homa Bay,2024,4,2024-04-01,long_rains,256.4413287937641,0.640769454447395,0.2813408365555396,-0.3266446417967081,0.011950291888727954,-0.3266446417967081,normal
Homa Bay,2024,5,2024-05-01,long_rains,142.20551440119743,-1.288329128165142,0.3324869184932582,-1.5330421702746715,-1.447392605536336,-1.5330421702746715,severe_stress
Homa Bay,2024,6,2024-06-01,cool_dry,54.84861949086189,-1.535393878467622,0.395415811171714,1.1993484510959995,0.24218863574873206,-1.535393878467622,normal
Homa Bay,2024,7,2024-07-01,cool_dry,74.39641499891877,0.8752989175146474,0.2899017708973772,-0.8437986449804833,-0.24211449810718755,-0.8437986449804833,normal
Homa Bay,2024,8,2024-08-01,cool_dry,84.48729849047959,-0.3509685521933385,0.2498183875974036,0.1101219120708809,-0.051259750421595876,-0.3509685521933385,normal
Homa Bay,2024,9,2024-09-01,cool_dry,78.3325093445892,-1.205173714349419,0.2144502303650491,-0.8183368692835589,-0.9537297650566099,-1.205173714349419,moderate_stress
Homa Bay,2024,10,2024-10-01,short_rains,130.80108033794568,-0.5422159437833568,0.2541424341895338,-0.652144880296459,-0.6136697525168733,-0.652144880296459,moderate_stress
Homa Bay,2024,11,2024-11-01,short_rains,201.156073063612,0.0604895409894704,0.2536759542017289,-0.9022156483929852,-0.5652688321091257,-0.9022156483929852,moderate_stress
Homa Bay,2024,12,2024-12-01,short_rains,106.95809123292564,-0.2398803760845592,0.3473130694017177,0.4382644262604422,0.20091374543969176,-0.2398803760845592,normal
Isiolo,2017,1,2017-01-01,hot_dry,3.2132006045430894,-0.9130679875113228,0.1646761872846821,-0.4807046250541958,-0.6320318019141902,-0.9130679875113228,moderate_stress
Isiolo,2017,2,2017-02-01,hot_dry,11.994094439432956,0.3789714588258451,0.1239579387301337,-0.7946184705948331,-0.38386199529759574,-0.7946184705948331,normal
Isiolo,2017,3,2017-03-01,long_rains,7.7748903799802065,-0.7461110442354256,0.1231856339808786,-0.3308245202650163,-0.4761748036546596,-0.7461110442354256,normal
Isiolo,2017,4,2017-04-01,long_rains,37.35756801115349,-1.0959529121289084,0.0873814260749524,-1.1704070407395657,-1.1443480957258356,-1.1704070407395657,moderate_stress
Isiolo,2017,5,2017-05-01,long_rains,16.940558645874262,0.3545690024541935,0.1120282176964928,-1.2166994521881638,-0.6667554930633388,-1.2166994521881638,moderate_stress
Isiolo,2017,6,2017-06-01,cool_dry,0.1911571323871612,-0.7966645842817012,0.1460994265782021,-0.7635760129027539,-0.7751570128853854,-0.7966645842817012,moderate_stress
Isiolo,2017,7,2017-07-01,cool_dry,1.1581641950178887,-1.0519551908288411,0.1200173439279047,-0.8625697181243938,-0.9288546335709504,-1.0519551908288411,moderate_stress
Isiolo,2017,8,2017-08-01,cool_dry,1.2096393494866784,0.3237001842642782,0.1234004196648994,-0.3600356419096076,-0.12072810274874755,-0.3600356419096076,normal
Isiolo,2017,9,2017-09-01,cool_dry,0.0217872632201759,-0.6810114049193546,0.1208404485807333,-0.5968089190395421,-0.6262797890974765,-0.6810114049193546,moderate_stress
Isiolo,2017,10,2017-10-01,short_rains,40.34170508943498,-0.0171930691858174,0.1157148749738,-0.9065469226196712,-0.5952730739178224,-0.9065469226196712,moderate_stress
Isiolo,2017,11,2017-11-01,short_rains,63.921476730145514,-0.4676761820422988,,,,,no_data
Isiolo,2017,12,2017-12-01,short_rains,11.833955504000189,-0.7642688349272218,0.166167465889674,-0.6433260433740122,-0.6856560204176355,-0.7642688349272218,moderate_stress
Isiolo,2018,1,2018-01-01,hot_dry,1.367786291637457,-1.0907706202808691,0.1387298270143382,-0.8053451901520541,-0.9052440906971393,-1.0907706202808691,moderate_stress
Isiolo,2018,2,2018-02-01,hot_dry,3.5241422830149527,-0.9648748908416735,0.1346323727281089,-0.5501185038039633,-0.695283239267162,-0.9648748908416735,moderate_stress
Isiolo,2018,3,2018-03-01,long_rains,156.3390845246613,2.093782090585585,0.0935493343894342,-1.1635368257033447,-0.023475205002219446,-1.1635368257033447,normal
Isiolo,2018,4,2018-04-01,long_rains,223.3748936355114,1.1064336039354088,0.2811988891852849,0.7709800239353977,0.8883887769354015,0.7709800239353977,good
Isiolo,2018,5,2018-05-01,long_rains,11.012449096888304,-0.4839360993456861,0.420601752630071,1.198972334072502,0.6099543823761362,-0.4839360993456861,good
Isiolo,2018,6,2018-06-01,cool_dry,3.985900408122688,1.7951355367450488,0.2878535197391598,1.4249009322342203,1.5544830438130104,1.4249009322342203,very_good
Isiolo,2018,7,2018-07-01,cool_dry,1.965130237862467,0.7991406802186518,0.216029010465144,1.664853847222057,1.3618542387708654,0.7991406802186518,very_good
Isiolo,2018,8,2018-08-01,cool_dry,0.7706166480202223,-0.5496622614074773,,,,,no_data
Isiolo,2018,9,2018-09-01,cool_dry,0.4359756193589418,0.2256047286038276,0.1769115157267193,1.4661894808098093,1.0319848175377158,0.2256047286038276,good
Isiolo,2018,10,2018-10-01,short_rains,19.973327228799462,-0.5738035623552056,0.1715152095174868,1.5746125886597548,0.8226669358045188,-0.5738035623552056,good
Isiolo,2018,11,2018-11-01,short_rains,38.48006526066456,-0.8499707232933952,0.1796588304429481,-0.3306664411050462,-0.5124229398709683,-0.8499707232933952,moderate_stress
Isiolo,2018,12,2018-12-01,short_rains,100.03283967962489,1.703164232238233,0.1998006994384065,-0.3710294869183937,0.3549383147864256,-0.3710294869183937,normal
Isiolo,2019,1,2019-01-01,hot_dry,12.83274349058047,0.0132378750442234,0.1691871051130679,-0.4242640724040821,-0.2711383907971752,-0.4242640724040821,normal
Isiolo,2019,2,2019-02-01,hot_dry,9.170474186073989,-0.069025377549255,0.1423220905798841,-0.3739840352460212,-0.26724850505215303,-0.3739840352460212,normal
Isiolo,2019,3,2019-03-01,long_rains,15.93867412675172,-0.5900554512300109,0.1295260596454816,-0.1526730457079123,-0.3057568876406468,-0.5900554512300109,normal
Isiolo,2019,4,2019-04-01,long_rains,61.89269255846739,-0.8054647692013923,0.1330207418535296,-0.7132574326946638,-0.7455300004720188,-0.8054647692013923,moderate_stress
Isiolo,2019,5,2019-05-01,long_rains,9.468755911570042,-0.70228473153729,0.1650405382768846,-0.8016918360041521,-0.7668993494407503,-0.8016918360041521,moderate_stress
Isiolo,2019,6,2019-06-01,cool_dry,2.183495126024354,0.5640972585689696,0.1395133686394551,-0.8652551647133342,-0.3649818165645279,-0.8652551647133342,normal
Isiolo,2019,7,2019-07-01,cool_dry,1.183640967821702,-0.993514133286304,0.1253093854141277,-0.7232613315140716,-0.8178498121343529,-0.993514133286304,moderate_stress
Isiolo,2019,8,2019-08-01,cool_dry,0.754919465165585,-0.5808891887674748,0.1200777883021756,-0.4910477397557646,-0.5224922469098632,-0.5808891887674748,moderate_stress
Isiolo,2019,9,2019-09-01,cool_dry,0.5552608412690458,0.4867079321867914,0.1145426707727948,-0.8285203203324275,-0.3681904319507009,-0.8285203203324275,normal
Isiolo,2019,10,2019-10-01,short_rains,123.1123765334487,2.2446966388528367,0.1311251234036753,-0.2213308791024221,0.6417787521819185,-0.2213308791024221,good
Isiolo,2019,11,2019-11-01,short_rains,182.7977062612772,1.3186136112256523,0.3113152637386781,1.2020116538673973,1.2428223389427866,1.2020116538673973,good
Isiolo,2019,12,2019-12-01,short_rains,84.61272145621479,1.2717743120632794,0.4069167492875317,1.3057937385050906,1.2938869392504566,1.2717743120632794,very_good
Isiolo,2020,1,2020-01-01,hot_dry,35.301956973969936,2.176892055211773,0.3003877118270729,1.217316429100759,1.553167898239614,1.217316429100759,very_good
Isiolo,2020,2,2020-02-01,hot_dry,14.708691800944507,0.8096706750333589,0.2138053736437618,1.2633543321592862,1.1045650521652117,0.8096706750333589,good
Isiolo,2020,3,2020-03-01,long_rains,67.3022471088916,0.3917898657499508,0.1647011425555207,0.8356664159588486,0.6803096233857344,0.3917898657499508,good
Isiolo,2020,4,2020-04-01,long_rains,193.1141056176275,0.748155409835078,0.3235272399355947,1.194965104004766,1.0385817110453752,0.748155409835078,good
Isiolo,2020,5,2020-05-01,long_rains,9.054852075874804,-0.7608296141878412,0.304530986282799,0.2903108847517953,-0.0775882898770775,-0.7608296141878412,normal
Isiolo,2020,6,2020-06-01,cool_dry,2.830914624035358,1.00628314872639,0.2028542664871355,0.1126361365736462,0.4254125908271065,0.1126361365736462,normal
Isiolo,2020,7,2020-07-01,cool_dry,2.091636800672858,1.0893335305314709,0.1662921680428763,0.3555747550275081,0.612390326453895,0.3555747550275081,good
Isiolo,2020,8,2020-08-01,cool_dry,1.985120988450944,1.8663915724705895,0.1509466993319898,0.7261203269800556,1.1252152629017425,0.7261203269800556,good
Isiolo,2020,9,2020-09-01,cool_dry,0.1926156168231608,-0.3070855348551053,0.1439465440258339,0.2533236066336627,0.05718040711259391,-0.3070855348551053,normal
Isiolo,2020,10,2020-10-01,short_rains,42.17542086727917,0.032917226804464,0.1436370067232728,0.3350094825872191,0.2292771930632548,0.032917226804464,normal
Isiolo,2020,11,2020-11-01,short_rains,38.95266514783725,-0.8428692164733536,0.2204030979114337,0.1436578640686651,-0.20162661412104138,-0.8428692164733536,normal
Isiolo,2020,12,2020-12-01,short_rains,34.64380224887282,-0.1261454545542364,0.2247096210327561,-0.169365452286196,-0.15423845308001013,-0.169365452286196,normal
Isiolo,2021,1,2021-01-01,hot_dry,9.358429332030935,-0.3213183103744675,0.1497636952360439,-0.6672895562447414,-0.5461996201901456,-0.6672895562447414,moderate_stress
Isiolo,2021,2,2021-02-01,hot_dry,7.249820183962583,-0.3737571897302664,0.1488593295476863,-0.2242473175114038,-0.2765757727880057,-0.3737571897302664,normal
Isiolo,2021,3,2021-03-01,long_rains,19.46202869899571,-0.5227044282001178,0.1270522668935989,-0.2221809699087992,-0.32736418031076064,-0.5227044282001178,normal
Isiolo,2021,4,2021-04-01,long_rains,47.80878764297813,-0.9722137651634322,0.1302183986958302,-0.7413273117955009,-0.8221375704742768,-0.9722137651634322,moderate_stress
Isiolo,2021,5,2021-05-01,long_rains,17.11949439207092,0.3798786791463071,0.1751265509215,-0.7227333595855236,-0.3368191460293829,-0.7227333595855236,normal
Isiolo,2021,6,2021-06-01,cool_dry,0.2219539228826759,-0.7756304537664981,0.1487462821015507,-0.7227124148168803,-0.7412337284492465,-0.7756304537664981,moderate_stress
Isiolo,2021,7,2021-07-01,cool_dry,1.1062449694145466,-1.1710524750262632,0.1232497900360291,-0.7774783874347293,-0.9152293180917661,-1.1710524750262632,moderate_stress
Isiolo,2021,8,2021-08-01,cool_dry,0.4005794269032772,-1.2857895991163864,0.1161815254361244,-0.6446782560893579,-0.8690672261488178,-1.2857895991163864,moderate_stress
Isiolo,2021,9,2021-09-01,cool_dry,0.0215563252568244,-0.6815169046040134,0.1138195333730688,-0.8551264003383928,-0.7943630768313601,-0.8551264003383928,moderate_stress
Isiolo,2021,10,2021-10-01,short_rains,17.79690584912896,-0.6332790387908631,0.116378802473776,-0.8770254144631972,-0.7917141829778803,-0.8770254144631972,moderate_stress
Isiolo,2021,11,2021-11-01,short_rains,47.7147916611284,-0.711205407655161,0.1141497345941822,-1.0932904444708589,-0.9595606815853646,-1.0932904444708589,moderate_stress
Isiolo,2021,12,2021-12-01,short_rains,0.0,-1.0953330360093083,0.1661675234438156,-0.6433255774124343,-0.8015281879213403,-1.0953330360093083,moderate_stress
Isiolo,2022,1,2022-01-01,hot_dry,14.826123419567011,0.2051887334577691,0.2144205185082433,0.1416958823992486,0.16391838026973077,0.1416958823992486,normal
Isiolo,2022,2,2022-02-01,hot_dry,6.688953534932807,-0.4627445399572445,0.1477901628695128,-0.2487367862136236,-0.3236395000238909,-0.4627445399572445,normal
Isiolo,2022,3,2022-03-01,long_rains,14.4685713511426,-0.6181573421598525,0.1177052663321413,-0.4848103296387044,-0.5314817840211062,-0.6181573421598525,moderate_stress
Isiolo,2022,4,2022-04-01,long_rains,67.8416516953148,-0.7350309677066421,0.1075002022932587,-0.9688858192742132,-0.8870366212255634,-0.9688858192742132,moderate_stress
Isiolo,2022,5,2022-05-01,long_rains,11.076881718821824,-0.4748223875009311,0.1628402953002194,-0.8189164657274769,-0.6984835383481859,-0.8189164657274769,moderate_stress
Isiolo,2022,6,2022-06-01,cool_dry,0.2838630520272998,-0.7333466741401686,0.1266376342974332,-1.0640377686641616,-0.948295885580764,-1.0640377686641616,moderate_stress
Isiolo,2022,7,2022-07-01,cool_dry,1.5138865746557706,-0.2359651822954905,0.1149191048796682,-0.996776424215519,-0.730492489543509,-0.996776424215519,moderate_stress
Isiolo,2022,8,2022-08-01,cool_dry,1.0567068662494417,0.0194665144868782,0.1017484652216187,-1.2137770487679966,-0.7821418016287904,-1.2137770487679966,moderate_stress
Isiolo,2022,9,2022-09-01,cool_dry,1.3435398242436347,2.212170353063183,0.1099663355590472,-0.9968954325548351,0.12627759241147118,-0.9968954325548351,normal
Isiolo,2022,10,2022-10-01,short_rains,13.239705111831428,-0.757814520566334,0.1138677743072728,-0.988678175496954,-0.907875896271237,-0.988678175496954,moderate_stress
Isiolo,2022,11,2022-11-01,short_rains,71.2978617940098,-0.3568351720038346,0.1094995950468228,-1.1474250343605423,-0.8707185825356946,-1.1474250343605423,moderate_stress
Isiolo,2022,12,2022-12-01,short_rains,42.8496498465538,0.1034195778822395,0.1104368688806344,-1.094524101175658,-0.6752438135053939,-1.094524101175658,moderate_stress
Isiolo,2023,1,2023-01-01,hot_dry,10.131887570023537,-0.2468387941664409,0.138459558068133,-0.8087267921382386,-0.6120659928481095,-0.8087267921382386,moderate_stress
Isiolo,2023,2,2023-02-01,hot_dry,2.1138249775394793,-1.1886364573577304,0.1188393687349319,-0.9118603022536332,-1.0087319565400672,-1.1886364573577304,moderate_stress
Isiolo,2023,3,2023-03-01,long_rains,81.72166903503239,0.6674257117348553,0.1157257133808186,-0.5404312446840174,-0.117681309937412,-0.5404312446840174,normal
Isiolo,2023,4,2023-04-01,long_rains,238.9429599829018,1.2907546035498536,0.2477593240001341,0.4360301269704829,0.7351836937732626,0.4360301269704829,good
Isiolo,2023,5,2023-05-01,long_rains,10.686291590565816,-0.5300696484614433,0.3875423849635541,0.940166659889156,0.42558395196644627,-0.5300696484614433,normal
Isiolo,2023,6,2023-06-01,cool_dry,0.9265093607828018,-0.2944208602490925,0.2355312298651343,0.6171209059032691,0.2980812877499426,-0.2944208602490925,normal
Isiolo,2023,7,2023-07-01,cool_dry,2.1600172866601492,1.246191227820816,0.1625829084731431,0.257931724918304,0.6038225509341832,0.257931724918304,good
Isiolo,2023,8,2023-08-01,cool_dry,0.726566390134394,-0.6372929029008036,0.1376633791772809,0.2023560420357509,-0.09152108869204317,-0.6372929029008036,normal
Isiolo,2023,9,2023-09-01,cool_dry,0.0762712912401182,-0.5617514158585815,0.1409883272455752,0.1444832225512261,-0.10269890089220653,-0.5617514158585815,normal
Isiolo,2023,10,2023-10-01,short_rains,55.801586563233286,0.4052820199130387,0.1308465894215673,-0.2337158808156421,-0.010066615560603842,-0.2337158808156421,normal
Isiolo,2023,11,2023-11-01,short_rains,209.11747639346868,1.7141067803287315,0.3261864480116567,1.3751345147176173,1.4937748076815072,1.3751345147176173,very_good
Isiolo,2023,12,2023-12-01,short_rains,26.521837596781552,-0.3533637956957615,0.4625130344266568,1.7559043998298016,1.0176605313958547,-0.3533637956957615,good
Isiolo,2024,1,2024-01-01,hot_dry,14.530033989343792,0.1766770486193349,0.3491410725173263,1.8273179244933064,1.2495936179374163,0.1766770486193349,good
Isiolo,2024,2,2024-02-01,hot_dry,21.394199768081307,1.8703963215769657,0.2389899141527487,1.840211083464192,1.8507759168036628,1.840211083464192,very_good
Isiolo,2024,3,2024-03-01,long_rains,11.444231451489031,-0.675969402244984,0.2082322302392635,2.0587905199489445,1.1016245471810697,-0.675969402244984,good
Isiolo,2024,4,2024-04-01,long_rains,169.05631894152611,0.4633187968800347,0.3232214712916378,1.191902349593296,0.9368981061436545,0.4633187968800347,good
Isiolo,2024,5,2024-05-01,long_rains,30.11117404513061,2.217494799432691,0.4118668749667716,1.1305912347918627,1.5110074824161526,1.1305912347918627,very_good
Isiolo,2024,6,2024-06-01,cool_dry,0.2368545372446527,-0.7654533716029468,0.277232211453447,1.2609233863859937,0.5516915210898645,-0.7654533716029468,good
Isiolo,2024,7,2024-07-01,cool_dry,1.755304152844473,0.3178215428659581,0.1938771551475245,1.081725534120843,0.8143591371816332,0.3178215428659581,good
Isiolo,2024,8,2024-08-01,cool_dry,1.4712222209200256,0.8440756809703955,0.1777013533006245,1.781062317506923,1.4531169947191385,0.8440756809703955,very_good
Isiolo,2024,9,2024-09-01,cool_dry,0.0162564674617441,-0.6931177536167473,0.1754754995615719,1.4133547622705005,0.6760893817099638,-0.6931177536167473,good
Isiolo,2024,10,2024-10-01,short_rains,15.325862885452809,-0.7008056946721193,0.1657367853133934,1.317675201250924,0.6112068876778589,-0.7008056946721193,good
Isiolo,2024,11,2024-11-01,short_rains,108.07772930897772,0.1958363099136589,0.1952276455182682,-0.14942211271723,-0.028581664796418882,-0.14942211271723,normal
Isiolo,2024,12,2024-12-01,short_rains,12.72836591862142,-0.7392470009972238,0.2283210058348108,-0.1401274771681982,-0.34981931050835713,-0.7392470009972238,normal
Kajiado,2017,1,2017-01-01,hot_dry,19.984784591943026,-0.8276686229619297,0.231808054966725,-0.9685121492520874,-0.9192169150505323,-0.9685121492520874,moderate_stress
Kajiado,2017,2,2017-02-01,hot_dry,26.303097444586456,-0.4891368299316469,0.2400310725272327,-0.6440077185652445,-0.5898029075434854,-0.6440077185652445,moderate_stress
Kajiado,2017,3,2017-03-01,long_rains,38.4417159287259,-0.6886358670768103,0.2553801415425474,-0.3749875818403489,-0.4847644816731104,-0.6886358670768103,normal
Kajiado,2017,4,2017-04-01,long_rains,72.12193869799376,-1.066882092222885,,,,,no_data
Kajiado,2017,5,2017-05-01,long_rains,38.09701083879918,-0.5631302217933114,,,,,no_data
Kajiado,2017,6,2017-06-01,cool_dry,5.385022351518273,-0.517113402706447,,,,,no_data
Kajiado,2017,7,2017-07-01,cool_dry,2.924003041815012,0.1381671874508988,0.1895234642090748,-0.4658967591272792,-0.2544743778249169,-0.4658967591272792,normal
Kajiado,2017,8,2017-08-01,cool_dry,5.088208152912557,0.9549107819970822,0.1627456087751295,-0.6036479334658461,-0.0581523830538212,-0.6036479334658461,normal
Kajiado,2017,9,2017-09-01,cool_dry,3.171150872018188,-0.6000964076364262,0.147884603430346,-0.8643558316812416,-0.7718650332655563,-0.8643558316812416,moderate_stress
Kajiado,2017,10,2017-10-01,short_rains,24.514044309034944,-0.1749300826621939,0.1611227084144314,-0.4350696706874664,-0.344020814878621,-0.4350696706874664,normal
Kajiado,2017,11,2017-11-01,short_rains,94.0168005982414,-0.6847510818676876,,,,,no_data
Kajiado,2017,12,2017-12-01,short_rains,26.90982040204108,-0.7936920891267805,0.2505270191482872,-0.9694392658381796,-0.9079277539891899,-0.9694392658381796,moderate_stress
Kajiado,2018,1,2018-01-01,hot_dry,64.75367976585403,0.2001938708489838,0.2433312580383758,-0.8660588635447819,-0.49287040650696395,-0.8660588635447819,normal
Kajiado,2018,2,2018-02-01,hot_dry,19.909912265837193,-0.8208345934389079,0.19232200136725,-1.041342167524266,-0.9641645165943906,-1.041342167524266,moderate_stress
Kajiado,2018,3,2018-03-01,long_rains,262.00349119026214,1.8552222060990224,,,,,no_data
Kajiado,2018,4,2018-04-01,long_rains,280.7406300678849,1.3517337119873445,,,,,no_data
Kajiado,2018,5,2018-05-01,long_rains,84.24955897964537,0.6307869825459329,0.5694253711754832,1.533991659226462,1.2178700223882768,0.6307869825459329,good
Kajiado,2018,6,2018-06-01,cool_dry,10.485591730102897,0.6550037700212097,0.4001125124665738,0.5790005721465202,0.6056016914026615,0.5790005721465202,good
Kajiado,2018,7,2018-07-01,cool_dry,2.725028517656028,0.0026733233603588,,,,,no_data
Kajiado,2018,8,2018-08-01,cool_dry,5.650173383299261,1.264496859899665,,,,,no_data
Kajiado,2018,9,2018-09-01,cool_dry,3.50836076401174,-0.344022301895085,0.209461093350676,0.9351622336847044,0.4874476462317781,-0.344022301895085,normal
Kajiado,2018,10,2018-10-01,short_rains,23.54883132292889,-0.2066715249561214,,,,,no_data
Kajiado,2018,11,2018-11-01,short_rains,68.51574876904488,-1.114752090394309,0.2559766864336981,0.0797165421732149,-0.3383474792254184,-1.114752090394309,normal
Kajiado,2018,12,2018-12-01,short_rains,171.23499747924507,0.9570322059158424,0.3766240035327701,0.1277078303290806,0.4179713617844472,0.1277078303290806,normal
Kajiado,2019,1,2019-01-01,hot_dry,20.489966448629275,-0.8160700011727516,0.3263351866338972,-0.1280674250230397,-0.36886832667543884,-0.8160700011727516,normal
Kajiado,2019,2,2019-02-01,hot_dry,22.998194470070302,-0.6606051817165023,0.2481573332814725,-0.5763299528829925,-0.605826282974721,-0.6606051817165023,moderate_stress
Kajiado,2019,3,2019-03-01,long_rains,18.010844103991985,-0.9211140631931568,0.2063073492255508,-0.88944394237011,-0.9005284846581764,-0.9211140631931568,moderate_stress
Kajiado,2019,4,2019-04-01,long_rains,103.47602999210358,-0.7033791853997957,0.1667356290549529,-1.1683039101556811,-1.0055802564911214,-1.1683039101556811,moderate_stress
Kajiado,2019,5,2019-05-01,long_rains,31.697033554315567,-0.7286908093475839,0.3285444657960996,-0.6555571615412028,-0.6811539382734362,-0.7286908093475839,moderate_stress
Kajiado,2019,6,2019-06-01,cool_dry,14.899909207597377,1.6694194042771031,0.267886544934299,-0.9311088912049664,-0.02092398778624205,-0.9311088912049664,normal
Kajiado,2019,7,2019-07-01,cool_dry,3.564153748564422,0.5740847664695266,0.2230833122480244,-0.1069347991425705,0.13142204882166347,-0.1069347991425705,normal
Kajiado,2019,8,2019-08-01,cool_dry,5.355148191098124,1.1019677794561027,0.1555282693736002,-0.7158167835650875,-0.07959218650767097,-0.7158167835650875,normal
Kajiado,2019,9,2019-09-01,cool_dry,5.369931003078818,1.0696371000447351,0.1631615764279405,-0.4178999046082928,0.1027380470202669,-0.4178999046082928,normal
Kajiado,2019,10,2019-10-01,short_rains,103.80655361153184,2.43263803400773,0.1753275269130183,-0.0577617135471348,0.8138781980970677,-0.0577617135471348,good
Kajiado,2019,11,2019-11-01,short_rains,190.00626142323017,0.9338317608766576,0.2690142135727635,0.2392493363488051,0.4823531849335535,0.2392493363488051,normal
Kajiado,2019,12,2019-12-01,short_rains,253.6224472466856,1.956426163612528,0.5511359105391073,1.6461044276245105,1.7547170352203167,1.6461044276245105,very_good
Kajiado,2020,1,2020-01-01,hot_dry,121.8646322870627,1.5114213615951666,0.5098977387453617,1.5039949867646754,1.5065942179553473,1.5039949867646754,very_good
Kajiado,2020,2,2020-02-01,hot_dry,52.9237694372423,0.8920240650123961,0.4748168345259587,1.3113535806385022,1.164588250169365,0.8920240650123961,good
Kajiado,2020,3,2020-03-01,long_rains,192.1556395725347,1.060439551399313,0.4064811045002051,1.2090847279967043,1.1570589161876175,1.060439551399313,good
Kajiado,2020,4,2020-04-01,long_rains,221.97644461505115,0.670452534713709,0.4160590202952763,1.1530084215945962,0.9841138611862856,0.670452534713709,good
Kajiado,2020,5,2020-05-01,long_rains,36.39416862279177,-0.6071809340478556,0.4505942611966668,0.4538457825126539,0.0824864317164756,-0.6071809340478556,normal
Kajiado,2020,6,2020-06-01,cool_dry,9.789644451346248,0.4950742217302482,0.401344510208215,0.5930708148015863,0.558772007226618,0.4950742217302482,good
Kajiado,2020,7,2020-07-01,cool_dry,2.6574989827349773,-0.043311647154657,0.3200399440679031,0.930130164655422,0.5894255305218944,-0.043311647154657,good
Kajiado,2020,8,2020-08-01,cool_dry,2.5031538538169116,-0.4691930207800485,0.270441354314362,1.0701139981341177,0.5313565415141595,-0.4691930207800485,good
Kajiado,2020,9,2020-09-01,cool_dry,5.184290558099747,0.9286634451605263,0.1993073394897041,0.6384278220977664,0.7400102901697323,0.6384278220977664,good
Kajiado,2020,10,2020-10-01,short_rains,16.2243682728149,-0.4475396282512552,0.2204294151486712,1.1402332706942075,0.5845127560632957,-0.4475396282512552,good
Kajiado,2020,11,2020-11-01,short_rains,109.5543328996282,-0.4227558275401021,0.2405737617166758,-0.1087602749695007,-0.2186587183692112,-0.4227558275401021,normal
Kajiado,2020,12,2020-12-01,short_rains,63.81490006763488,-0.3460181566258951,0.3589012444995,-0.0264946964350497,-0.1383279075018456,-0.3460181566258951,normal
Kajiado,2021,1,2021-01-01,hot_dry,43.52341002202593,-0.2872382607325467,0.3246965006380801,-0.1426370514949578,-0.19324747472811393,-0.2872382607325467,normal
Kajiado,2021,2,2021-02-01,hot_dry,51.9320241548121,0.8405693232907852,0.463998134625722,1.2212524309242487,1.0880133432525365,0.8405693232907852,good
Kajiado,2021,3,2021-03-01,long_rains,37.69776922464371,-0.6971010656868056,0.3226539505653538,0.330279783531481,-0.029303513694919292,-0.6971010656868056,normal
Kajiado,2021,4,2021-04-01,long_rains,108.34811000525951,-0.6468948424014845,0.2974930288039744,0.0491059886709881,-0.1944943022043773,-0.6468948424014845,normal
Kajiado,2021,5,2021-05-01,long_rains,98.86877727974206,1.008970570355881,0.3572244807106366,-0.3948628041498586,0.09647887692715018,-0.3948628041498586,normal
Kajiado,2021,6,2021-06-01,cool_dry,2.566264003980905,-1.164867568896183,0.398656889451465,0.5623763784937,-0.042159003092758995,-1.164867568896183,normal
Kajiado,2021,7,2021-07-01,cool_dry,3.290165750309825,0.387509662169817,0.214280240860983,-0.2010939787464302,0.004917295574256325,-0.2010939787464302,normal
Kajiado,2021,8,2021-08-01,cool_dry,3.509183181915432,0.085027520100519,0.181568264751518,-0.3111141396085505,-0.1724645587103762,-0.3111141396085505,normal
Kajiado,2021,9,2021-09-01,cool_dry,1.7038982256781303,-1.7143146385634431,0.1579064236220213,-0.5714770640525156,-0.9714702151313402,-1.7143146385634431,moderate_stress
Kajiado,2021,10,2021-10-01,short_rains,15.65650137141347,-0.466214174430107,0.1654749978037719,-0.3194642922351503,-0.37082675100338514,-0.466214174430107,normal
Kajiado,2021,11,2021-11-01,short_rains,93.6764786466956,-0.6904896209431969,0.1783874460219295,-0.8696988023794918,-0.8069755888767887,-0.8696988023794918,moderate_stress
Kajiado,2021,12,2021-12-01,short_rains,0.0,-1.120119378579441,0.3138013801149579,-0.4189004743255368,-0.6643270908144032,-1.120119378579441,moderate_stress
Kajiado,2022,1,2022-01-01,hot_dry,35.82102353661321,-0.4640796625682885,0.3175950480573379,-0.2057763666374297,-0.29618252021323027,-0.4640796625682885,normal
Kajiado,2022,2,2022-02-01,hot_dry,57.182426544837654,1.112976062903693,0.3294056144771453,0.1003283901288983,0.45475507560007644,0.1003283901288983,normal
Kajiado,2022,3,2022-03-01,long_rains,34.113997511565685,-0.7378799805709245,0.2629975380122531,-0.2951303355030593,-0.4500927112768121,-0.7378799805709245,normal
Kajiado,2022,4,2022-04-01,long_rains,104.45626121386886,-0.6920148981963147,0.1998248695959967,-0.8602282749974121,-0.801353593117028,-0.8602282749974121,moderate_stress
Kajiado,2022,5,2022-05-01,long_rains,28.56099341157824,-0.8098168236358158,0.288602366675495,-1.0186211241693923,-0.9455396189826406,-1.0186211241693923,moderate_stress
Kajiado,2022,6,2022-06-01,cool_dry,3.296883066650479,-0.9969704016362348,0.2300000919188501,-1.363797661037457,-1.2354081202470293,-1.363797661037457,moderate_stress
Kajiado,2022,7,2022-07-01,cool_dry,0.8589138234965501,-1.2680777530225398,0.194295724676317,-0.4148518327947574,-0.7134809048744812,-1.2680777530225398,moderate_stress
Kajiado,2022,8,2022-08-01,cool_dry,1.5313257351517675,-1.0045721499228866,0.1617628656273251,-0.6189213136824911,-0.7538991063666296,-1.0045721499228866,moderate_stress
Kajiado,2022,9,2022-09-01,cool_dry,2.985384596977383,-0.7411656167178837,0.1449843415116436,-0.949113402691712,-0.876331677600872,-0.949113402691712,moderate_stress
Kajiado,2022,10,2022-10-01,short_rains,16.65769791789353,-0.4332893973472959,0.1434134642008899,-0.9054620771356934,-0.7402016392097542,-0.9054620771356934,moderate_stress
Kajiado,2022,11,2022-11-01,short_rains,101.48877950012684,-0.5587579077421475,0.1415425748908848,-1.3205485056918989,-1.053921796409486,-1.3205485056918989,moderate_stress
Kajiado,2022,12,2022-12-01,short_rains,61.563335611950606,-0.3733305679060991,0.1880629223886074,-1.5129280947671195,-1.1140689603657625,-1.5129280947671195,moderate_stress
Kajiado,2023,1,2023-01-01,hot_dry,19.446092407219112,-0.8400366184247581,0.2567775500725004,-0.7465073125645493,-0.7792425696156223,-0.8400366184247581,moderate_stress
Kajiado,2023,2,2023-02-01,hot_dry,5.634134752675891,-1.5615050637989163,0.1786979826039296,-1.1548067950325005,-1.2971511891007461,-1.5615050637989163,severe_stress
Kajiado,2023,3,2023-03-01,long_rains,87.93458934873343,-0.1254678323496443,0.1675596051688144,-1.2956572928841592,-0.886090981697079,-1.2956572928841592,moderate_stress
Kajiado,2023,4,2023-04-01,long_rains,133.8231407692656,-0.3515506830935264,0.2526528502908177,-0.3683761369437068,-0.36248722809614364,-0.3683761369437068,normal
Kajiado,2023,5,2023-05-01,long_rains,32.09181559365243,-0.7184782189768419,0.3003484828766439,-0.9118517858678816,-0.8441710374560177,-0.9118517858678816,moderate_stress
Kajiado,2023,6,2023-06-01,cool_dry,4.392954072449355,-0.7450919243392078,0.2839562380488558,-0.7475821899197355,-0.7467105969665508,-0.7475821899197355,moderate_stress
Kajiado,2023,7,2023-07-01,cool_dry,0.5831218250095839,-1.4558813108810005,0.1024573302409693,-1.3971712410978043,-1.4177197655219231,-1.4558813108810005,severe_stress
Kajiado,2023,8,2023-08-01,cool_dry,1.0703313495032487,-1.2585334914276407,0.1633598488335123,-0.5941016731058181,-0.826652809518456,-1.2585334914276407,moderate_stress
Kajiado,2023,9,2023-09-01,cool_dry,4.6865618117153645,0.5506927905079148,0.1579100172542326,-0.5713720433523614,-0.17864935150126474,-0.5713720433523614,normal
Kajiado,2023,10,2023-10-01,short_rains,27.616048299707472,-0.072919353338411,0.139152861661031,-1.0186320722793127,-0.6876326206499972,-1.0186320722793127,moderate_stress
Kajiado,2023,11,2023-11-01,short_rains,229.9321426935494,1.6070655289401117,0.4002912027248759,1.845611084785127,1.7621201402393716,1.6070655289401117,very_good
Kajiado,2023,12,2023-12-01,short_rains,64.984479771927,-0.3318306694198503,0.39161703612286,0.2581595001231954,0.05166294078312943,-0.3318306694198503,normal
Kajiado,2024,1,2024-01-01,hot_dry,122.38976031076164,1.523477933416124,0.5154729225571429,1.5535641817521708,1.5430339948345544,1.523477933416124,very_good
Kajiado,2024,2,2024-02-01,hot_dry,48.9627077691257,0.686512217679099,0.4114422337291969,0.7835522323133541,0.7495882271913649,0.686512217679099,good
Kajiado,2024,3,2024-03-01,long_rains,121.33054304216056,0.2545370513790067,0.4166656374789194,1.315854641069492,0.9443934846778221,0.2545370513790067,good
Kajiado,2024,4,2024-04-01,long_rains,288.22774973511696,1.4385354546129532,0.4205470420009026,1.194793911831215,1.2801034518048233,1.194793911831215,very_good
Kajiado,2024,5,2024-05-01,long_rains,128.96545215323567,1.7875394548995949,0.5099148425899779,0.9930554339892176,1.2711248413078495,0.9930554339892176,very_good
Kajiado,2024,6,2024-06-01,cool_dry,10.266019945964215,0.604545901549511,0.4639476682644542,1.30804097672035,1.0618177004105565,0.604545901549511,good
Kajiado,2024,7,2024-07-01,cool_dry,5.165935967117548,1.6648357716075963,0.38788554100835,1.655818446253422,1.658974510127383,1.655818446253422,very_good
Kajiado,2024,8,2024-08-01,cool_dry,2.1311959046870466,-0.6741042793227938,0.315698908230788,1.7734878452936746,0.9168306016779106,-0.6741042793227938,good
Kajiado,2024,9,2024-09-01,cool_dry,5.081500517509993,0.8506056290996602,0.2390758867769208,1.8006281906036494,1.468120294077253,0.8506056290996602,very_good
Kajiado,2024,10,2024-10-01,short_rains,10.643347889184952,-0.6310738730223453,0.2375939285997919,1.5961565551905463,0.8166259053160344,-0.6310738730223453,good
Kajiado,2024,11,2024-11-01,short_rains,189.81515092775223,0.930609238670674,0.2604480948031848,0.1344306197337447,0.41309313636167,0.1344306197337447,normal
Kajiado,2024,12,2024-12-01,short_rains,96.58794602425768,0.0515324921296955,0.4649010843387626,0.8957907732891002,0.6003003748833086,0.0515324921296955,good
Kakamega,2017,1,2017-01-01,hot_dry,50.44618372619152,-0.3273044830243426,0.4452204775520941,-1.4722106116116307,-1.0714934666060798,-1.4722106116116307,moderate_stress
Kakamega,2017,2,2017-02-01,hot_dry,155.2401057947427,0.8917673687657827,,,,,no_data
Kakamega,2017,3,2017-03-01,long_rains,106.87702192366125,-0.7986171341914946,0.4661279701469432,-0.2850900740494851,-0.46482454509918847,-0.7986171341914946,normal
Kakamega,2017,4,2017-04-01,long_rains,196.8090038597584,-1.0492475902996203,0.5332904971149413,0.4751271891804861,-0.058403983637551116,-1.0492475902996203,normal
Kakamega,2017,5,2017-05-01,long_rains,307.60360112786293,0.7675225656497142,0.7009948988739708,1.0127431267571592,0.9269159303695534,0.7675225656497142,good
Kakamega,2017,6,2017-06-01,cool_dry,144.18980856239796,-0.6466853832891697,0.6884252834214142,0.9172951264412992,0.3699019480356351,-0.6466853832891697,normal
Kakamega,2017,7,2017-07-01,cool_dry,235.58791893720627,1.3014092455948056,0.6028711081851656,-0.2082937211439105,0.3201023172146401,-0.2082937211439105,normal
Kakamega,2017,8,2017-08-01,cool_dry,233.88188540935516,-0.071838552207806,0.6247050086560706,0.7426418392872132,0.4575737022639565,-0.071838552207806,normal
Kakamega,2017,9,2017-09-01,cool_dry,187.9859683215618,-0.2166569403006757,0.6103384275878884,0.7213585423416696,0.3930531234168488,-0.2166569403006757,normal
Kakamega,2017,10,2017-10-01,short_rains,172.52045668661594,-0.3469459706514811,0.6317308897961916,0.9927631548858076,0.5238649609477565,-0.3469459706514811,good
Kakamega,2017,11,2017-11-01,short_rains,141.61201636493206,-0.4277321046070535,0.6264351396130435,0.7439301250149202,0.3338483446472294,-0.4277321046070535,normal
Kakamega,2017,12,2017-12-01,short_rains,31.58024027198553,-0.785715502691994,0.5588622524525693,-1.0607556652212025,-0.9644916083359795,-1.0607556652212025,moderate_stress
Kakamega,2018,1,2018-01-01,hot_dry,21.262589402496815,-0.9079402668032462,0.4691036279516095,-1.093770109967638,-1.028729664860101,-1.093770109967638,moderate_stress
Kakamega,2018,2,2018-02-01,hot_dry,60.76660084910691,-0.7625200902760971,0.4079540542447394,-1.3125440223162863,-1.12003564610222,-1.3125440223162863,moderate_stress
Kakamega,2018,3,2018-03-01,long_rains,248.944600969553,0.7207461215500158,0.5359787795922903,0.9809544608505022,0.889881542095332,0.7207461215500158,good
Kakamega,2018,4,2018-04-01,long_rains,382.5594810247421,1.421827741802889,,,,,no_data
Kakamega,2018,5,2018-05-01,long_rains,353.6362196803093,1.8744401667521708,0.7318804337070538,1.6178070519055157,1.7076286421018452,1.6178070519055157,very_good
Kakamega,2018,6,2018-06-01,cool_dry,209.1262190118432,0.4022016340298154,0.7091593697196011,1.4236329157196077,1.0661319671281804,0.4022016340298154,good
Kakamega,2018,7,2018-07-01,cool_dry,173.65913908183575,-0.1012737984923762,,,,,no_data
Kakamega,2018,8,2018-08-01,cool_dry,144.2548408806324,-1.5043537470089647,,,,,no_data
Kakamega,2018,9,2018-09-01,cool_dry,93.32377349957824,-2.1131654922702428,0.6149136014876151,1.0481187746202731,-0.05833071879140739,-2.1131654922702428,normal
Kakamega,2018,10,2018-10-01,short_rains,176.54510685801506,-0.2838077920636844,0.621053498933288,0.4045502671903363,0.1636249464514291,-0.2838077920636844,normal
Kakamega,2018,11,2018-11-01,short_rains,65.72017875313759,-1.3538356993389766,0.5613465301515059,-0.2062605924323131,-0.6079118798496452,-1.3538356993389766,moderate_stress
Kakamega,2018,12,2018-12-01,short_rains,115.2244902253151,0.1797076376926871,0.584483099002891,-0.5338819024018385,-0.28412556336875455,-0.5338819024018385,normal
Kakamega,2019,1,2019-01-01,hot_dry,25.406574392691255,-0.8254916846971015,0.5446051079546604,0.1025887241582927,-0.22223941894109528,-0.8254916846971015,normal
Kakamega,2019,2,2019-02-01,hot_dry,73.99744398146868,-0.5308401300691422,0.4518049696826407,-0.6329241366498956,-0.597194734346632,-0.6329241366498956,moderate_stress
Kakamega,2019,3,2019-03-01,long_rains,82.0484478622675,-1.0641500824875492,0.4186545099371497,-1.1455455981680336,-1.1170571676798642,-1.1455455981680336,moderate_stress
Kakamega,2019,4,2019-04-01,long_rains,196.73103810474277,-1.050284784157253,0.4216339918920807,-1.9680010789819016,-1.6468003757932745,-1.9680010789819016,severe_stress
Kakamega,2019,5,2019-05-01,long_rains,241.62716534733772,-0.8189715404864247,0.5858169273762874,-1.243654112327251,-1.095015212182962,-1.243654112327251,moderate_stress
Kakamega,2019,6,2019-06-01,cool_dry,191.1853596419096,0.1124114478703987,0.5826914881931473,-1.6647822970797643,-1.0427644863472072,-1.6647822970797643,moderate_stress
Kakamega,2019,7,2019-07-01,cool_dry,191.2754663228989,0.2977349269796706,0.6909789580150996,1.672571994787316,1.1913790210546402,0.2977349269796706,good
Kakamega,2019,8,2019-08-01,cool_dry,226.49716626107693,-0.1898690244260156,0.613671921743946,0.3514948052194555,0.16201746484354063,-0.1898690244260156,normal
Kakamega,2019,9,2019-09-01,cool_dry,199.53791722655296,0.0147804347932659,0.5864823209314193,-0.982451438038876,-0.6334202825476264,-0.982451438038876,moderate_stress
Kakamega,2019,10,2019-10-01,short_rains,305.0749836564064,1.7325518838241738,0.6316912284048334,0.9905782258295988,1.2502690061277,0.9905782258295988,very_good
Kakamega,2019,11,2019-11-01,short_rains,209.12815450131893,0.3961633260236518,0.6150684814467664,0.5779948996760751,0.514353848897727,0.3961633260236518,good
Kakamega,2019,12,2019-12-01,short_rains,267.73435324057937,1.9399786781286597,0.6653068980631633,1.128199756477117,1.412322379055157,1.128199756477117,very_good
Kakamega,2020,1,2020-01-01,hot_dry,110.93580854311584,0.8761950011892969,0.577501650621426,0.6238509488192562,0.7121713671487704,0.6238509488192562,good
Kakamega,2020,2,2020-02-01,hot_dry,80.31072434037924,-0.4202908228409296,0.5886060284135249,1.487276068187022,0.819627656327239,-0.4202908228409296,good
Kakamega,2020,3,2020-03-01,long_rains,352.8066048026085,1.831514062775039,0.5208824454631815,0.7073337043704139,1.1007968298120328,0.7073337043704139,good
Kakamega,2020,4,2020-04-01,long_rains,311.9718726053834,0.4827868274570149,0.5547694207128359,0.9451021835346224,0.7832918089074598,0.4827868274570149,good
Kakamega,2020,5,2020-05-01,long_rains,253.4314628392458,-0.5351209781388646,0.6318812712129461,-0.3412293092010543,-0.4090913933292879,-0.5351209781388646,normal
Kakamega,2020,6,2020-06-01,cool_dry,264.9853948056698,1.3044683882708352,0.6525213349997538,0.0405009620524128,0.4828895612288606,0.0405009620524128,normal
Kakamega,2020,7,2020-07-01,cool_dry,237.9577589780092,1.3550859763522407,0.5748976852560346,-0.8054510941385224,-0.049263119466755434,-0.8054510941385224,normal
Kakamega,2020,8,2020-08-01,cool_dry,315.92383582890034,1.2394435636434882,0.5425985779988381,-2.1682104983458435,-0.9755315766495775,-2.1682104983458435,moderate_stress
Kakamega,2020,9,2020-09-01,cool_dry,268.0929253101349,1.388244882299001,0.5756492168244203,-1.756154840769146,-0.6556149376952948,-1.756154840769146,moderate_stress
Kakamega,2020,10,2020-10-01,short_rains,251.27410101890564,0.8885307660914173,0.6105253206380475,-0.175442564085681,0.19694810147630343,-0.175442564085681,normal
Kakamega,2020,11,2020-11-01,short_rains,308.12815137952566,1.6042544181954352,0.6282676099953628,0.7706812933327141,1.0624318870346663,0.7706812933327141,good
Kakamega,2020,12,2020-12-01,short_rains,52.37780513986945,-0.5456697087694033,0.6390005549858359,0.5872292645011357,0.19071462385644702,-0.5456697087694033,normal
Kakamega,2021,1,2021-01-01,hot_dry,67.22293178737164,0.006485116423847,0.586778321456503,0.7708444528455914,0.503318685097981,0.006485116423847,good
Kakamega,2021,2,2021-02-01,hot_dry,90.97957968711852,-0.2334727979079187,0.5104530397914268,0.276028260440477,0.09770289001853852,-0.2334727979079187,normal
Kakamega,2021,3,2021-03-01,long_rains,103.30924225598574,-0.8367732945769457,0.4887107831036834,0.1242229626007152,-0.21212572741146613,-0.8367732945769457,normal
Kakamega,2021,4,2021-04-01,long_rains,368.6617510318756,1.2369434912655903,0.519763622004513,0.1791489934074081,0.5493770676577718,0.1791489934074081,good
Kakamega,2021,5,2021-05-01,long_rains,306.28310967981815,0.7357695333019953,0.6028464264915917,-0.9100372384831428,-0.3340048683583444,-0.9100372384831428,normal
Kakamega,2021,6,2021-06-01,cool_dry,146.5351670831442,-0.6088019202775459,0.6580430171186524,0.1753434758228484,-0.09910741281228957,-0.6088019202775459,normal
Kakamega,2021,7,2021-07-01,cool_dry,113.11980536580086,-1.4724859732217233,0.6146355628773026,0.0428457577989637,-0.48752034805827665,-1.4724859732217233,normal
Kakamega,2021,8,2021-08-01,cool_dry,251.84298104047775,0.215234870129737,0.6047135103747695,0.0338995515138428,0.09736691302940575,0.0338995515138428,normal
Kakamega,2021,9,2021-09-01,cool_dry,220.9733350276947,0.4442280432218971,0.5911858962549308,-0.646520739242415,-0.26475866537990583,-0.646520739242415,normal
Kakamega,2021,10,2021-10-01,short_rains,152.3459352850914,-0.6634411890992422,0.5781905905652419,-1.9567489893340595,-1.5040912592518734,-1.9567489893340595,severe_stress
Kakamega,2021,11,2021-11-01,short_rains,94.5694401562214,-1.0017898729166022,0.6053953100602484,0.4367819019521493,-0.06671821925191368,-1.0017898729166022,normal
Kakamega,2021,12,2021-12-01,short_rains,0.0,-1.150215091779043,0.5795511442594535,-0.6353039045447406,-0.8155228200767464,-1.150215091779043,moderate_stress
Kakamega,2022,1,2022-01-01,hot_dry,92.28065294027328,0.505032670229285,0.4901065867511198,-0.760967689385131,-0.31786756352008544,-0.760967689385131,normal
Kakamega,2022,2,2022-02-01,hot_dry,181.0185976177454,1.3431641467338151,0.5063154186680384,0.2119016722785901,0.6078435383379188,0.2119016722785901,good
Kakamega,2022,3,2022-03-01,long_rains,146.94927647709846,-0.3700583345546989,0.4780023943901794,-0.0698663703070725,-0.17493355779374173,-0.3700583345546989,normal
Kakamega,2022,4,2022-04-01,long_rains,201.3546768426895,-0.9887756036465304,0.4966396619402686,-0.3268206354292899,-0.558504874305324,-0.9887756036465304,moderate_stress
Kakamega,2022,5,2022-05-01,long_rains,253.72080333530903,-0.5281633881108455,0.6431442107681125,-0.1205823800548585,-0.26323573287445395,-0.5281633881108455,normal
Kakamega,2022,6,2022-06-01,cool_dry,114.32593332231043,-1.129062385796078,0.642766963941201,-0.197706143221371,-0.5236808281225185,-1.129062385796078,moderate_stress
Kakamega,2022,7,2022-07-01,cool_dry,161.13707722723484,-0.3848977271646343,0.5787074165554211,-0.7241235733585086,-0.6053945271906526,-0.7241235733585086,moderate_stress
Kakamega,2022,8,2022-08-01,cool_dry,332.3419188410044,1.5018549095493396,0.6034759585554949,-0.0099743640521158,0.5191658817083936,-0.0099743640521158,good
Kakamega,2022,9,2022-09-01,cool_dry,194.6484583541751,-0.0831773675100316,0.6101680123243567,0.709187435337681,0.4318597543409816,-0.0831773675100316,normal
Kakamega,2022,10,2022-10-01,short_rains,120.96263729780912,-1.1557782093640945,0.5980677155552375,-0.8617266903873696,-0.9646447220292234,-1.1557782093640945,moderate_stress
Kakamega,2022,11,2022-11-01,short_rains,187.6961973905563,0.1346304241067663,0.5324322132036825,-0.6283638727518004,-0.36131586885130207,-0.6283638727518004,normal
Kakamega,2022,12,2022-12-01,short_rains,176.3472034484148,0.8851868760336636,0.5500275537223789,-1.2424347113920018,-0.49776715579301894,-1.2424347113920018,normal
Kakamega,2023,1,2023-01-01,hot_dry,11.516299977898598,-1.101852104262998,0.5680169691325515,0.4735614116124735,-0.07783331894394152,-1.101852104262998,normal
Kakamega,2023,2,2023-02-01,hot_dry,23.129388777539138,-1.42157013779072,0.4350079960363848,-0.8932506816036895,-1.07816249126915,-1.42157013779072,moderate_stress
Kakamega,2023,3,2023-03-01,long_rains,246.75923037528992,0.6973743445168565,0.3944974511298417,-1.5833918096164412,-0.785123655669787,-1.5833918096164412,moderate_stress
Kakamega,2023,4,2023-04-01,long_rains,283.21445393562317,0.1002211997699778,0.5018728537250944,-0.2123144653077717,-0.10292698253055937,-0.2123144653077717,normal
Kakamega,2023,5,2023-05-01,long_rains,243.3501888513565,-0.7775390714310605,0.6822144955934408,0.6448251163941099,0.1469976506553003,-0.7775390714310605,normal
Kakamega,2023,6,2023-06-01,cool_dry,276.2852042913437,1.486988847681331,0.6070076288476249,-1.0709687706141586,-0.17568360421073725,-1.0709687706141586,normal
Kakamega,2023,7,2023-07-01,cool_dry,132.80698359012604,-1.0265726007045262,0.5664986841822913,-0.984747186350118,-0.9993860813741609,-1.0265726007045262,moderate_stress
Kakamega,2023,8,2023-08-01,cool_dry,184.0586480498314,-0.8681667692877503,0.6132481256392767,0.3364703074781458,-0.08515266938991778,-0.8681667692877503,normal
Kakamega,2023,9,2023-09-01,cool_dry,228.53933256864548,0.5958089258284937,0.6066341360363653,0.4567969771789451,0.5054511592062871,0.4567969771789451,good
Kakamega,2023,10,2023-10-01,short_rains,238.91143498383465,0.6945868994938761,0.6154977722090959,0.0984876624169396,0.3071223953938673,0.0984876624169396,normal
Kakamega,2023,11,2023-11-01,short_rains,144.65527354180813,-0.3905954177130648,0.4274056156563623,-2.1615860279047907,-1.5417393143376867,-2.1615860279047907,severe_stress
Kakamega,2023,12,2023-12-01,short_rains,90.0724943690002,-0.1105970615555536,0.6770208964980777,1.369089471847821,0.85119918515664,-0.1105970615555536,good
Kakamega,2024,1,2024-01-01,hot_dry,156.1048028767109,1.7748757509452595,0.6237136252176968,1.3561028735287797,1.5026733806245476,1.3561028735287797,very_good
Kakamega,2024,2,2024-02-01,hot_dry,169.06002847105265,1.1337624633852097,0.5483591357546604,0.8635128396637803,0.9581002079662806,0.8635128396637803,good
Kakamega,2024,3,2024-03-01,long_rains,164.71728420257568,-0.1800356830312229,0.5520024254672055,1.2713827243193991,0.7633862817466814,-0.1800356830312229,good
Kakamega,2024,4,2024-04-01,long_rains,264.14441630244255,-0.1534712821920685,0.5530626982736644,0.907757813596442,0.5363276300704634,-0.1534712821920685,good
Kakamega,2024,5,2024-05-01,long_rains,245.8288071155548,-0.7179372875366851,0.6156161174127388,-0.6598722549904693,-0.6801950163816448,-0.7179372875366851,moderate_stress
Kakamega,2024,6,2024-06-01,cool_dry,127.1748069524765,-0.9215206284895872,0.6662877640961042,0.3766847308791178,-0.07768714489992892,-0.9215206284895872,normal
Kakamega,2024,7,2024-07-01,cool_dry,179.49905560910702,0.0309999506565428,0.6598099664361489,1.007197822404775,0.6655285672928938,0.0309999506565428,good
Kakamega,2024,8,2024-08-01,cool_dry,218.2111337184906,-0.3223052503920281,0.6238880355780076,0.7136783588992941,0.35108409564733134,-0.3223052503920281,normal
Kakamega,2024,9,2024-09-01,cool_dry,197.2996308207512,-0.0300624860617075,0.6065342808142394,0.4496652885718684,0.28176056745011685,-0.0300624860617075,normal
Kakamega,2024,10,2024-10-01,short_rains,139.45347560287337,-0.865696388230965,0.6229229755589699,0.5075389334844643,0.026906570884064118,-0.865696388230965,normal
Kakamega,2024,11,2024-11-01,short_rains,261.7991963028908,1.0389049262498435,0.6074530927250001,0.4668222731130416,0.6670512017109222,0.4668222731130416,good
Kakamega,2024,12,2024-12-01,short_rains,63.900393545627594,-0.4126758270590164,0.6293055030427336,0.3878576907337052,0.10767095950625263,-0.4126758270590164,normal
Kericho,2017,1,2017-01-01,hot_dry,28.2215778529644,-0.6867056733803917,0.535828479142977,-0.740964229854561,-0.7219737350886017,-0.740964229854561,moderate_stress
Kericho,2017,2,2017-02-01,hot_dry,79.54091566801071,0.001623174707915,0.4923558051118528,-0.6845956715328586,-0.4444190753485879,-0.6845956715328586,normal
Kericho,2017,3,2017-03-01,long_rains,77.79565285891294,-0.9122996326407602,0.542789430182292,-0.15400210333282,-0.41940623859059906,-0.9122996326407602,normal
Kericho,2017,4,2017-04-01,long_rains,183.85807482525703,-0.9590369305202656,0.5735777939294107,0.323988719417637,-0.12507025806062888,-0.9590369305202656,normal
Kericho,2017,5,2017-05-01,long_rains,212.780349470675,-0.1693074275145092,0.7425201663426159,1.2561611149503755,0.7572471250876659,-0.1693074275145092,good
Kericho,2017,6,2017-06-01,cool_dry,107.68855085223912,-0.7443266497802856,0.7180241002151313,1.5327157057872247,0.7357508813385962,-0.7443266497802856,good
Kericho,2017,7,2017-07-01,cool_dry,269.24791111797094,1.7831238269260627,,,,,no_data
Kericho,2017,8,2017-08-01,cool_dry,187.87927329540253,0.0127215273444281,0.7107861204699396,1.9799691874386989,1.291432506405704,0.0127215273444281,very_good
Kericho,2017,9,2017-09-01,cool_dry,156.75385864824057,0.1322914258320762,0.6828704023518177,1.7406993950128735,1.1777566057995945,0.1322914258320762,good
Kericho,2017,10,2017-10-01,short_rains,149.76568514108658,-0.153516382196985,0.6990637656615308,1.2449994394427453,0.7555189018688396,-0.153516382196985,good
Kericho,2017,11,2017-11-01,short_rains,135.5823998823762,-0.5672078978396549,0.6808800147837049,0.9379917426948482,0.4111718685077722,-0.5672078978396549,normal
Kericho,2017,12,2017-12-01,short_rains,46.347979474812746,-0.7437869272855762,0.6334139170844101,-0.5138444672912084,-0.5943243282892371,-0.7437869272855762,moderate_stress
Kericho,2018,1,2018-01-01,hot_dry,21.69868440181017,-0.7872491008780245,0.5538726168838651,-0.4093572470938645,-0.5416193959183204,-0.7872491008780245,moderate_stress
Kericho,2018,2,2018-02-01,hot_dry,43.61310279369354,-0.6642706767676019,0.5129068454100815,-0.4159941474945601,-0.5028909327401248,-0.6642706767676019,moderate_stress
Kericho,2018,3,2018-03-01,long_rains,252.3351118415594,1.186783847863727,0.6456745110171321,1.2366640599716554,1.2192059857338804,1.186783847863727,good
Kericho,2018,4,2018-04-01,long_rains,380.1630666255951,1.6463869645991294,,,,,no_data
Kericho,2018,5,2018-05-01,long_rains,285.45690935850143,1.8229262848418497,0.7725362151822911,1.768899251461491,1.7878087131446165,1.768899251461491,very_good
Kericho,2018,6,2018-06-01,cool_dry,270.2891435623169,1.7725701080548684,,,,,no_data
Kericho,2018,7,2018-07-01,cool_dry,139.82152484357357,-0.3646286202977919,,,,,no_data
Kericho,2018,8,2018-08-01,cool_dry,145.387408554554,-0.7458892802233525,,,,,no_data
Kericho,2018,9,2018-09-01,cool_dry,64.0681386590004,-1.804771535369482,0.6111410259230732,-1.6512960473707814,-1.7050124681703267,-1.804771535369482,severe_stress
Kericho,2018,10,2018-10-01,short_rains,155.0852308571339,-0.0467613758784671,0.6334678163301447,-0.1332970245925138,-0.10300954754259746,-0.1332970245925138,normal
Kericho,2018,11,2018-11-01,short_rains,85.39854659885168,-1.3291273157110155,0.6294332803542363,0.1718084643129197,-0.3535190586954576,-1.3291273157110155,normal
Kericho,2018,12,2018-12-01,short_rains,105.89595754630864,0.0749766621323284,0.6391326638752568,-0.3866869531557945,-0.22510468780495146,-0.3866869531557945,normal
Kericho,2019,1,2019-01-01,hot_dry,19.121371537446976,-0.8269756227133556,0.5847973740787598,0.1589639203270966,-0.18611491973706162,-0.8269756227133556,normal
Kericho,2019,2,2019-02-01,hot_dry,36.61693415045738,-0.7939391789865896,0.5052204326563126,-0.5164553480026285,-0.6135746888470148,-0.7939391789865896,moderate_stress
Kericho,2019,3,2019-03-01,long_rains,49.998524248600006,-1.246599359541872,0.4668364162341154,-1.1806357575190929,-1.2037230182270655,-1.246599359541872,moderate_stress
Kericho,2019,4,2019-04-01,long_rains,164.09985913336277,-1.2212744152447663,0.4620284860582029,-1.019520788839371,-1.0901345580812594,-1.2212744152447663,moderate_stress
Kericho,2019,5,2019-05-01,long_rains,183.36826959252355,-0.9755610142859756,0.6272355095953046,-0.7131467171586661,-0.8049917211532245,-0.9755610142859756,moderate_stress
Kericho,2019,6,2019-06-01,cool_dry,212.18674306571484,0.8732022706135615,0.543931997608105,-1.5487178107801582,-0.7010457822923564,-1.5487178107801582,moderate_stress
Kericho,2019,7,2019-07-01,cool_dry,162.674368172884,0.0146004658214042,0.6780539697708821,1.2770712819793777,0.8352064963240869,0.0146004658214042,good
Kericho,2019,8,2019-08-01,cool_dry,165.85793900489807,-0.3804271916333034,0.6262805989726097,0.1819627966619201,-0.014873699241408106,-0.3804271916333034,normal
Kericho,2019,9,2019-09-01,cool_dry,132.04231749102473,-0.3841614980423634,0.6310355893161746,-0.7105062103832913,-0.5962855610639666,-0.7105062103832913,moderate_stress
Kericho,2019,10,2019-10-01,short_rains,215.58111895620823,1.1672969781608062,0.6729159631350207,0.6955840543171709,0.8606835776624433,0.6955840543171709,good
Kericho,2019,11,2019-11-01,short_rains,187.0718395411968,0.2145336649241345,0.7071045941877635,1.3285478089799752,0.938642858560431,0.2145336649241345,good
Kericho,2019,12,2019-12-01,short_rains,222.69258680939672,1.68088891145408,0.7302947330895152,1.6403204540054044,1.6545194141124409,1.6403204540054044,very_good
Kericho,2020,1,2020-01-01,hot_dry,126.98368337005375,0.8356065749997996,0.6662774562812105,1.6563679305515484,1.3691014561084365,0.8356065749997996,very_good
Kericho,2020,2,2020-02-01,hot_dry,72.04935505986214,-0.1372270292934642,0.6631922271565434,1.5482316041943414,0.9583210824736095,-0.1372270292934642,good
Kericho,2020,3,2020-03-01,long_rains,265.9870811998844,1.35096805883497,0.6245930302101376,0.9517121330960506,1.0914517071046723,0.9517121330960506,good
Kericho,2020,4,2020-04-01,long_rains,318.80001878738403,0.8319565741705436,0.6622972834550535,1.392533921715346,1.1963318500746651,0.8319565741705436,good
Kericho,2020,5,2020-05-01,long_rains,180.74624080955985,-1.0474369278439604,0.6744194982680518,0.0928564498287093,-0.30624623235672505,-1.0474369278439604,normal
Kericho,2020,6,2020-06-01,cool_dry,185.99464678764343,0.4677744606379443,0.6689234144322532,0.6636326365837305,0.5950822750027054,0.4677744606379443,good
Kericho,2020,7,2020-07-01,cool_dry,220.85963478684425,0.980149704734414,0.6168566494448783,0.2131713875720378,0.48161379857886943,0.2131713875720378,normal
Kericho,2020,8,2020-08-01,cool_dry,216.49612441658977,0.523620558758818,0.6043554906401772,-0.2845331695387298,-0.0016793646345881208,-0.2845331695387298,normal
Kericho,2020,9,2020-09-01,cool_dry,160.20885814726353,0.2044983586940559,0.6443543065211789,-0.0806801850218467,0.019132305278719196,-0.0806801850218467,normal
Kericho,2020,10,2020-10-01,short_rains,232.67480754852295,1.510340713676494,0.6885156335123623,1.0233629909796194,1.1938051939235255,1.0233629909796194,good
Kericho,2020,11,2020-11-01,short_rains,263.56157609820366,1.375843762444716,0.6562284274705904,0.5708618520547613,0.8526055206912454,0.5708618520547613,good
Kericho,2020,12,2020-12-01,short_rains,71.97216250002384,-0.3914634941635732,0.710925332201733,1.2096378311753788,0.6492523673067457,-0.3914634941635732,good
Kericho,2021,1,2021-01-01,hot_dry,78.97319182381034,0.0955761863306014,0.6293415398233111,0.9775764034645722,0.6688763274676824,0.0955761863306014,good
Kericho,2021,2,2021-02-01,hot_dry,103.67370356619358,0.4489054831684507,0.5865473775455589,0.5464855555054565,0.5123325301875045,0.4489054831684507,good
Kericho,2021,3,2021-03-01,long_rains,101.321813557297,-0.6293643263809775,0.5532923072412324,-0.012037927140336,-0.2281021668745605,-0.6293643263809775,normal
Kericho,2021,4,2021-04-01,long_rains,300.4514596760273,0.5884285114793879,0.5616711847487139,0.1805844890315945,0.32332989688832214,0.1805844890315945,normal
Kericho,2021,5,2021-05-01,long_rains,258.36201390624046,1.0801921180612477,0.6586255409907237,-0.1769380279777511,0.2630575231358984,-0.1769380279777511,normal
Kericho,2021,6,2021-06-01,cool_dry,104.3237230181694,-0.7964108650041746,0.6577271010739661,0.4654576778833094,0.023803687872689994,-0.7964108650041746,normal
Kericho,2021,7,2021-07-01,cool_dry,120.33996225893496,-0.6879133454711716,0.6102592191525559,0.0984767350289085,-0.1767597931461195,-0.6879133454711716,normal
Kericho,2021,8,2021-08-01,cool_dry,201.70803704857823,0.2596076007714614,0.5956501783141436,-0.4697542878583292,-0.2144776268379025,-0.4697542878583292,normal
Kericho,2021,9,2021-09-01,cool_dry,195.44056993722916,0.940815063964224,0.6489099687632844,0.1347515715557682,0.41687379389872775,0.1347515715557682,normal
Kericho,2021,10,2021-10-01,short_rains,106.442831389606,-1.0229386548590411,0.6328826292989839,-0.1455929243251876,-0.4526639300120363,-1.0229386548590411,normal
Kericho,2021,11,2021-11-01,short_rains,88.6322698816657,-1.2800311144432743,0.6139325715156081,-0.0590396944075514,-0.4863866914200544,-1.2800311144432743,normal
Kericho,2021,12,2021-12-01,short_rains,0.0,-1.381055215244959,0.6118233555760456,-0.993915054536931,-1.1294141107847406,-1.381055215244959,moderate_stress
Kericho,2022,1,2022-01-01,hot_dry,101.56626319885254,0.4438242223832886,0.5246183697348967,-0.946978538247213,-0.46019757202653744,-0.946978538247213,normal
Kericho,2022,2,2022-02-01,hot_dry,184.3850874900818,1.944827722771757,0.4765750216258365,-0.8908500719598644,0.10163715619620295,-0.8908500719598644,normal
Kericho,2022,3,2022-03-01,long_rains,117.23723070509732,-0.4379589592793923,0.5680300958951816,0.1871682535485891,-0.03162627094120439,-0.4379589592793923,normal
Kericho,2022,4,2022-04-01,long_rains,188.66242969036105,-0.8952719653434942,0.4785212232338151,-0.8208808363781502,-0.8469177315160206,-0.8952719653434942,moderate_stress
Kericho,2022,5,2022-05-01,long_rains,214.24073794484136,-0.1292747793558518,0.6215739746211294,-0.8098578102127947,-0.5716537494128647,-0.8098578102127947,moderate_stress
Kericho,2022,6,2022-06-01,cool_dry,110.55103736370802,-0.7000181826339886,0.6052770895169974,-0.4629085210178172,-0.5458969025834772,-0.7000181826339886,moderate_stress
Kericho,2022,7,2022-07-01,cool_dry,110.15124320983888,-0.8569889636791819,0.592372957241019,-0.212471392399806,-0.4380525423475875,-0.8569889636791819,normal
Kericho,2022,8,2022-08-01,cool_dry,293.5191128253937,1.898718399120619,0.5752125951612194,-0.9046004904481876,0.07656112090089462,-0.9046004904481876,normal
Kericho,2022,9,2022-09-01,cool_dry,168.53957484685816,0.3786041730624548,0.6619561933414448,0.751691750220141,0.6211110982149508,0.3786041730624548,good
Kericho,2022,10,2022-10-01,short_rains,96.5705908946693,-1.221059162261694,0.5699548872338406,-1.467825246018413,-1.3814571167035614,-1.467825246018413,severe_stress
Kericho,2022,11,2022-11-01,short_rains,237.05875224247575,0.9734630203757756,0.5201012390778829,-1.4564461323349571,-0.6059779288862007,-1.4564461323349571,moderate_stress
Kericho,2022,12,2022-12-01,short_rains,188.0484869554639,1.2045448193926882,0.6035860216431479,-1.1770738731240853,-0.3435073307432146,-1.1770738731240853,normal
Kericho,2023,1,2023-01-01,hot_dry,12.308595977723598,-0.9319872729382236,0.6030756968812471,0.4948746499777635,-0.004527023042831979,-0.9319872729382236,normal
Kericho,2023,2,2023-02-01,hot_dry,9.528788261115553,-1.295996731409403,0.4747104309037581,-0.915220220740172,-1.0484919994744029,-1.295996731409403,moderate_stress
Kericho,2023,3,2023-03-01,long_rains,226.0879717469215,0.8711249217717243,0.4320496418807884,-1.6508379445722214,-0.7681509413518405,-1.6508379445722214,moderate_stress
Kericho,2023,4,2023-04-01,long_rains,266.8607614636421,0.1426018059348476,0.4570766975881896,-1.0791605572906593,-0.6515437301617318,-1.0791605572906593,moderate_stress
Kericho,2023,5,2023-05-01,long_rains,195.53435412049296,-0.6420603122520927,0.6155281141874522,-0.9131340018570596,-0.8182582104953212,-0.9131340018570596,moderate_stress
Kericho,2023,6,2023-06-01,cool_dry,168.88538819551468,0.2029400171604011,0.6295130100910142,-0.0339322673952348,0.048973032199237765,-0.0339322673952348,normal
Kericho,2023,7,2023-07-01,cool_dry,90.09570597857235,-1.1897984502820118,0.5030361519808917,-1.7655690962963626,-1.5640493701913396,-1.7655690962963626,severe_stress
Kericho,2023,8,2023-08-01,cool_dry,101.28576861321926,-1.5332395387964324,0.6356350093501559,0.3809946391115074,-0.2889873231562714,-1.5332395387964324,normal
Kericho,2023,9,2023-09-01,cool_dry,215.20664623379707,1.3539114318492729,0.649532601822203,0.1641951357309988,0.5805958393723947,0.1641951357309988,good
Kericho,2023,10,2023-10-01,short_rains,182.4374596476555,0.5021553010755555,0.5774544951959696,-1.3102441264338345,-0.675904326805548,-1.3102441264338345,moderate_stress
Kericho,2023,11,2023-11-01,short_rains,172.3362697660923,-0.0091900232832916,0.5263717039628513,-1.3630616756571403,-0.8892065973262934,-1.3630616756571403,moderate_stress
Kericho,2023,12,2023-12-01,short_rains,88.16643504053354,-0.1687979874126998,0.6555862414808866,-0.0208382622652102,-0.07262416606683156,-0.1687979874126998,normal
Kericho,2024,1,2024-01-01,hot_dry,193.3070717602968,1.8579106861963055,0.5113682686327697,-1.1904828891253425,-0.12354513776276577,-1.1904828891253425,normal
Kericho,2024,2,2024-02-01,hot_dry,106.21882077679038,0.4960772358089359,0.646372504673792,1.3283983000302872,1.0370859275528144,0.4960772358089359,good
Kericho,2024,3,2024-03-01,long_rains,138.46587347984314,-0.1826545506274191,0.6001978012337547,0.6219692859481646,0.3403509431467103,-0.1826545506274191,normal
Kericho,2024,4,2024-04-01,long_rains,246.0360510200262,-0.1337905450753822,0.6315702647905308,1.0224550523436058,0.6177690932469599,-0.1337905450753822,good
Kericho,2024,5,2024-05-01,long_rains,221.16451458632943,0.0605220583492929,0.639429915229388,-0.5048402590343063,-0.3069634479500466,-0.5048402590343063,normal
Kericho,2024,6,2024-06-01,cool_dry,86.27862632274628,-1.0757311590483265,0.5966138841041759,-0.6162474210610565,-0.7770667293566009,-1.0757311590483265,moderate_stress
Kericho,2024,7,2024-07-01,cool_dry,181.16584888100624,0.3214553822482762,0.6269890777507624,0.3893210841158504,0.36556808846219946,0.3214553822482762,normal
Kericho,2024,8,2024-08-01,cool_dry,185.1999824717641,-0.0351120753422378,0.5761789915629726,-0.8840386753668986,-0.5869143653582674,-0.8840386753668986,moderate_stress
Kericho,2024,9,2024-09-01,cool_dry,111.13124591461384,-0.8211874199902381,0.638683296058549,-0.3488554097438884,-0.5141716133301107,-0.8211874199902381,moderate_stress
Kericho,2024,10,2024-10-01,short_rains,120.76488019526003,-0.7355174177166685,0.6442383657564335,0.0930128366303921,-0.19697275239107906,-0.7355174177166685,normal
Kericho,2024,11,2024-11-01,short_rains,213.89091416075823,0.6217159035326106,0.6091233402909935,-0.1306623656428583,0.1326700285685558,-0.1306623656428583,normal
Kericho,2024,12,2024-12-01,short_rains,80.42014213651419,-0.2753067688722884,0.6674250607397112,0.2424003251924635,0.06120284226980033,-0.2753067688722884,normal
Kiambu,2017,1,2017-01-01,hot_dry,26.1718208193779,-0.8010960403783469,0.532226849954708,-0.5308326104029011,-0.6254248108943071,-0.8010960403783469,moderate_stress
Kiambu,2017,2,2017-02-01,hot_dry,39.784053802490234,-0.1319765270090197,0.5135854960651611,0.0324999535188384,-0.025066814665911933,-0.1319765270090197,normal
Kiambu,2017,3,2017-03-01,long_rains,41.71894347667694,-0.8220058527701024,0.6115469541732536,1.8135257519779149,0.891089690316109,-0.8220058527701024,good
Kiambu,2017,4,2017-04-01,long_rains,103.71809151768684,-0.9147201050772712,,,,,no_data
Kiambu,2017,5,2017-05-01,long_rains,152.05504847317934,-0.3662478576336249,,,,,no_data
Kiambu,2017,6,2017-06-01,cool_dry,27.252295792102817,-0.6615355995989074,0.5994248981819985,1.423174926285485,0.6935262422259476,-0.6615355995989074,good
Kiambu,2017,7,2017-07-01,cool_dry,27.099437050521377,-0.3793098993152903,,,,,no_data
Kiambu,2017,8,2017-08-01,cool_dry,45.43839600495994,0.8140063047949286,0.4683578730044272,0.4466524238846551,0.5752262822032508,0.4466524238846551,good
Kiambu,2017,9,2017-09-01,cool_dry,25.20376731082797,-0.4347530273515891,0.3929925923675585,-0.0319941928738849,-0.17295978494108138,-0.4347530273515891,normal
Kiambu,2017,10,2017-10-01,short_rains,95.19769909977911,0.0468932329694261,0.4386397793637534,0.1289111436609334,0.10020487491890584,0.0468932329694261,normal
Kiambu,2017,11,2017-11-01,short_rains,148.92992678284645,-0.6848328253022682,0.6678985846235843,1.6459585177600005,0.8301815476882065,-0.6848328253022682,good
Kiambu,2017,12,2017-12-01,short_rains,20.384702615439892,-0.7669901420291586,0.6155391738627123,0.9401444375802532,0.34264733471695913,-0.7669901420291586,normal
Kiambu,2018,1,2018-01-01,hot_dry,47.5718815214932,-0.3659499333703407,0.5410398002497271,-0.3035573677805933,-0.3253947657370049,-0.3659499333703407,normal
Kiambu,2018,2,2018-02-01,hot_dry,30.67505012638867,-0.5392585309709225,0.4748425047677752,-0.6529532427823679,-0.613160093648362,-0.6529532427823679,moderate_stress
Kiambu,2018,3,2018-03-01,long_rains,263.42533776909113,1.71883147556087,0.4498936818200561,-0.2341355064810291,0.4494029372336355,-0.2341355064810291,normal
Kiambu,2018,4,2018-04-01,long_rains,471.8947207927704,0.7491420269873236,,,,,no_data
Kiambu,2018,5,2018-05-01,long_rains,430.75406235456467,1.668496652220998,0.8106852319360384,1.852252541986139,1.7879379805683397,1.668496652220998,very_good
Kiambu,2018,6,2018-06-01,cool_dry,78.90415193140507,1.160136286863814,0.490866320485728,0.326173074090106,0.6180601985609038,0.326173074090106,good
Kiambu,2018,7,2018-07-01,cool_dry,37.00135286897421,0.1971664865137891,,,,,no_data
Kiambu,2018,8,2018-08-01,cool_dry,58.61526022851467,1.5591788403558238,,,,,no_data
Kiambu,2018,9,2018-09-01,cool_dry,25.675220131874084,-0.3874822740682972,0.6543564716347786,1.8800767299225585,1.086431078525759,-0.3874822740682972,good
Kiambu,2018,10,2018-10-01,short_rains,58.07521580904722,-0.4564800855366232,0.5418107053800627,1.6608477682229357,0.9197830194070902,-0.4564800855366232,good
Kiambu,2018,11,2018-11-01,short_rains,115.17235778272152,-1.1573525504637396,0.4784470217980351,-0.4419598010927689,-0.6923472633726087,-1.1573525504637396,moderate_stress
Kiambu,2018,12,2018-12-01,short_rains,160.91365057229996,0.8398725513805552,0.5700724599471356,0.4142351013677091,0.5632082088722052,0.4142351013677091,good
Kiambu,2019,1,2019-01-01,hot_dry,21.879195034503937,-0.8883817460186798,0.5816444827887249,0.7435878862744872,0.17239851497187886,-0.8883817460186798,normal
Kiambu,2019,2,2019-02-01,hot_dry,26.469150364398956,-0.7273128280638377,0.4810807357568898,-0.5425844966540231,-0.6072394126474582,-0.7273128280638377,moderate_stress
Kiambu,2019,3,2019-03-01,long_rains,24.294655054807663,-1.021694646515486,0.42688962453882,-0.5255277944097173,-0.6991861926467363,-1.021694646515486,moderate_stress
Kiambu,2019,4,2019-04-01,long_rains,172.71310949325562,-0.6029181367212263,0.3537823826559518,-0.7921697586687251,-0.7259316909871005,-0.7921697586687251,moderate_stress
Kiambu,2019,5,2019-05-01,long_rains,92.98014173656702,-0.7975459109652886,0.3759639844741063,-1.2206503840282552,-1.072563818456217,-1.2206503840282552,moderate_stress
Kiambu,2019,6,2019-06-01,cool_dry,77.61994752287865,1.1148446121333873,0.3821662852217304,-0.7722582295322966,-0.11177223494930727,-0.7722582295322966,normal
Kiambu,2019,7,2019-07-01,cool_dry,46.72096487134695,0.7630293863323279,0.4413231108135704,0.3222104212370393,0.4764970590203903,0.3222104212370393,normal
Kiambu,2019,8,2019-08-01,cool_dry,48.13352486491203,0.9664201091842748,0.3587359583516206,-0.9250308347226665,-0.2630230043552371,-0.9250308347226665,normal
Kiambu,2019,9,2019-09-01,cool_dry,43.344872303307056,1.3841854965137603,0.3645591118781339,-0.2400062235728317,0.3284608784574755,-0.2400062235728317,normal
Kiambu,2019,10,2019-10-01,short_rains,268.7193316221237,2.3998112560254667,0.3999832371335937,-0.445081696259375,0.5506308370403195,-0.445081696259375,good
Kiambu,2019,11,2019-11-01,short_rains,271.2877633571625,1.02786429780023,0.5586772193990349,0.4422456221718327,0.6472121586417717,0.4422456221718327,good
Kiambu,2019,12,2019-12-01,short_rains,266.4431194961071,2.046537577586123,0.6206811301199844,0.9996209769914168,1.366041787199564,0.9996209769914168,very_good
Kiambu,2020,1,2020-01-01,hot_dry,137.5777054578066,1.464217019850658,0.5665890381308748,0.3553263254060991,0.7434380684616947,0.3553263254060991,good
Kiambu,2020,2,2020-02-01,hot_dry,73.12493270635605,1.3587616982311244,0.5645463464836579,0.9341153589339366,1.0827415776879523,0.9341153589339366,good
Kiambu,2020,3,2020-03-01,long_rains,207.78131000697613,1.0811303245052362,0.464184496690967,-0.0531138201458661,0.3438716304820197,-0.0531138201458661,normal
Kiambu,2020,4,2020-04-01,long_rains,450.4461254477501,0.6522116334128518,0.5822336448673352,0.9159327498008896,0.8236303590650763,0.6522116334128518,good
Kiambu,2020,5,2020-05-01,long_rains,150.8228178396821,-0.3752442099402401,0.5825374390378205,0.239550093109283,0.02437208704194993,-0.3752442099402401,normal
Kiambu,2020,6,2020-06-01,cool_dry,77.08319872617722,1.0959144077588014,0.4079557140801786,-0.5116519114951126,0.05099630024375729,-0.5116519114951126,normal
Kiambu,2020,7,2020-07-01,cool_dry,22.383125985157676,-0.6538872646711772,0.5196259274137521,0.949943609239394,0.38860280337069414,-0.6538872646711772,normal
Kiambu,2020,8,2020-08-01,cool_dry,25.237321011722088,-0.3283964716454519,0.4937245012061527,0.7640613958208365,0.3817011422076356,-0.3283964716454519,normal
Kiambu,2020,9,2020-09-01,cool_dry,37.06697481498122,0.754724965023121,0.3804448367409512,-0.1237903459890655,0.1836900128651998,-0.1237903459890655,normal
Kiambu,2020,10,2020-10-01,short_rains,76.6657772064209,-0.2043958564133311,0.4542475607479261,0.3606637589935847,0.1628928936011642,-0.2043958564133311,normal
Kiambu,2020,11,2020-11-01,short_rains,150.57603761553764,-0.6617914789824048,0.5359053168889548,0.1912797726596447,-0.10729516541507259,-0.6617914789824048,normal
Kiambu,2020,12,2020-12-01,short_rains,58.87822969257832,-0.3268401693915036,0.5111785749549321,-0.2669850989911409,-0.28793437363126784,-0.3268401693915036,normal
Kiambu,2021,1,2021-01-01,hot_dry,59.65103456377983,-0.1203339748237656,0.5936681500491026,1.053663604658681,0.6427644518398247,-0.1203339748237656,good
Kiambu,2021,2,2021-02-01,hot_dry,72.25975845009089,1.320078004887976,0.5719151634598117,1.0644867881943318,1.1539437140371074,1.0644867881943318,good
Kiambu,2021,3,2021-03-01,long_rains,56.659672413021326,-0.6507795698516696,0.4823356979369322,0.1768073626721783,-0.11284806371116844,-0.6507795698516696,normal
Kiambu,2021,4,2021-04-01,long_rains,142.8185060992837,-0.738017691079838,0.4214030945849821,-0.2865778588804712,-0.4445818001502496,-0.738017691079838,normal
Kiambu,2021,5,2021-05-01,long_rains,235.1038973331451,0.2400807651848299,0.4538096085273421,-0.670385018976016,-0.3517219945197199,-0.670385018976016,normal
Kiambu,2021,6,2021-06-01,cool_dry,14.366568345576525,-1.1159929837179037,0.4856693437596169,0.2736567901138101,-0.21272063072728967,-1.1159929837179037,normal
Kiambu,2021,7,2021-07-01,cool_dry,48.54252241551876,0.8690780469043518,0.3825897031661673,-0.1486399367136943,0.20756135755262178,-0.1486399367136943,normal
Kiambu,2021,8,2021-08-01,cool_dry,27.851211555302143,-0.1805768226764396,0.3790300029939847,-0.6710943716210546,-0.4994132294904393,-0.6710943716210546,normal
Kiambu,2021,9,2021-09-01,cool_dry,13.427093647420406,-1.6155546057693977,0.3848892221449664,-0.0912763653864513,-0.6247737495204825,-1.6155546057693977,moderate_stress
Kiambu,2021,10,2021-10-01,short_rains,64.44465532898903,-0.3701117819113871,0.4139441979123741,-0.2377819466408979,-0.28409738898556913,-0.3701117819113871,normal
Kiambu,2021,11,2021-11-01,short_rains,133.88235902786255,-0.8954603316818686,0.4727878029197723,-0.5043292352114136,-0.6412251189760728,-0.8954603316818686,moderate_stress
Kiambu,2021,12,2021-12-01,short_rains,0.0,-1.0000767667084889,0.4591684565293917,-0.8685813988315152,-0.914604777588456,-1.0000767667084889,moderate_stress
Kiambu,2022,1,2022-01-01,hot_dry,50.22772341221571,-0.3119463828354373,0.5769099137613389,0.6214891238408234,0.2947866965041322,-0.3119463828354373,normal
Kiambu,2022,2,2022-02-01,hot_dry,49.16636642999947,0.2875256737370917,0.5488354125062195,0.656152570024579,0.5271331563239585,0.2875256737370917,good
Kiambu,2022,3,2022-03-01,long_rains,44.846146669238806,-0.7861669468589938,0.4315565419106744,-0.4664119734945943,-0.5783262141721341,-0.7861669468589938,moderate_stress
Kiambu,2022,4,2022-04-01,long_rains,166.9391546547413,-0.6290117669089186,0.307034643351371,-1.1416969619702058,-0.9622571436987553,-1.1416969619702058,moderate_stress
Kiambu,2022,5,2022-05-01,long_rains,78.58504709601402,-0.9026425863384168,0.542178281346609,-0.0457356491563066,-0.3456530771700451,-0.9026425863384168,normal
Kiambu,2022,6,2022-06-01,cool_dry,16.70135914417915,-1.0336489388666297,0.3050546541572225,-1.5514836385114528,-1.3702414936357648,-1.5514836385114528,severe_stress
Kiambu,2022,7,2022-07-01,cool_dry,16.28283178806305,-1.009038289554834,0.3801090479876755,-0.1685267000657755,-0.46270575638694594,-1.009038289554834,normal
Kiambu,2022,8,2022-08-01,cool_dry,19.689714789390564,-0.6421223873757249,0.3325594243352175,-1.252574041684395,-1.0389159626763604,-1.252574041684395,moderate_stress
Kiambu,2022,9,2022-09-01,cool_dry,20.833677775692195,-0.8729250246745048,0.2107699724496599,-1.365088015928801,-1.1928309689897973,-1.365088015928801,moderate_stress
Kiambu,2022,10,2022-10-01,short_rains,39.95481409877539,-0.7021890449865283,0.3430483791155873,-1.2904806626138472,-1.0845785964442856,-1.2904806626138472,moderate_stress
Kiambu,2022,11,2022-11-01,short_rains,202.32911778986457,0.0626194292835915,0.3587377733607174,-1.7612581432158454,-1.1229009928410425,-1.7612581432158454,moderate_stress
Kiambu,2022,12,2022-12-01,short_rains,33.99475111067295,-0.6113675496704614,0.3766905416616514,-1.82259592340941,-1.398665992600778,-1.82259592340941,severe_stress
Kiambu,2023,1,2023-01-01,hot_dry,34.066844418644905,-0.6405596366840437,0.5591536564453233,0.1635768975750733,-0.11787088941561763,-0.6405596366840437,normal
Kiambu,2023,2,2023-02-01,hot_dry,7.435488793998957,-1.578346388129637,0.4035630855203441,-1.9140511631420156,-1.796554491887683,-1.9140511631420156,severe_stress
Kiambu,2023,3,2023-03-01,long_rains,133.7396314330399,0.2325852864906172,0.3456441825615111,-1.5546634347932995,-0.9291263823439289,-1.5546634347932995,moderate_stress
Kiambu,2023,4,2023-04-01,long_rains,209.6957001984119,-0.4357865826594975,0.4392608396058868,-0.1530576551812063,-0.2520127797986082,-0.4357865826594975,normal
Kiambu,2023,5,2023-05-01,long_rains,92.14633563905954,-0.8036334186157775,0.4629400234160512,-0.6058450895590702,-0.6750710047289178,-0.8036334186157775,moderate_stress
Kiambu,2023,6,2023-06-01,cool_dry,27.05571556091309,-0.6684686453277361,0.4221943559808261,-0.3677681496660034,-0.4730133231476098,-0.6684686453277361,normal
Kiambu,2023,7,2023-07-01,cool_dry,11.117873951792715,-1.3097352739569827,0.1768544534747483,-1.7979655903831586,-1.627084979633997,-1.7979655903831586,severe_stress
Kiambu,2023,8,2023-08-01,cool_dry,9.72451537847519,-1.2056701925604767,0.4415977910944343,0.1118073660223299,-0.34930977948165237,-1.2056701925604767,normal
Kiambu,2023,9,2023-09-01,cool_dry,37.792292177677155,0.8274497352938958,0.276325070464329,-0.8855037784039014,-0.28597004860967246,-0.8855037784039014,normal
Kiambu,2023,10,2023-10-01,short_rains,82.2413501739502,-0.1287922216764667,0.3540188834187881,-1.1275847966861563,-0.778007395432765,-1.1275847966861563,moderate_stress
Kiambu,2023,11,2023-11-01,short_rains,304.33066330850124,1.4903804820517326,0.5793186636254126,0.6697319985577426,0.956958967780639,0.6697319985577426,good
Kiambu,2023,12,2023-12-01,short_rains,70.6076348721981,-0.1927215847650566,0.512426998408073,-0.2525446986848285,-0.23160660881290834,-0.2525446986848285,normal
Kiambu,2024,1,2024-01-01,hot_dry,147.4053304642439,1.6640506942599562,0.4712537754048098,-2.1032538595716765,-0.7846972657306052,-2.1032538595716765,moderate_stress
Kiambu,2024,2,2024-02-01,hot_dry,42.97123718261719,0.0105288973172249,0.5356195986654613,0.4223342319067206,0.2782023648003971,0.0105288973172249,normal
Kiambu,2024,3,2024-03-01,long_rains,135.0933960005641,0.2480999294395283,0.5349694939216197,0.8435194146744144,0.6351225948422042,0.2480999294395283,good
Kiambu,2024,4,2024-04-01,long_rains,730.7812016010284,1.9191006220465765,0.6546751963432147,1.4575694848997198,1.6191053829011195,1.4575694848997198,very_good
Kiambu,2024,5,2024-05-01,long_rains,385.312873840332,1.33673656608752,0.612424713994925,0.4508135066242288,0.7608865774363807,0.4508135066242288,good
Kiambu,2024,6,2024-06-01,cool_dry,49.09307059459388,0.1087508607551742,0.575376018664886,1.1801571387154632,0.8051649414293621,0.1087508607551742,good
Kiambu,2024,7,2024-07-01,cool_dry,59.769483495503664,1.5226968077478156,0.5062831677161648,0.8429781966861959,1.0808797105577628,0.8429781966861959,good
Kiambu,2024,8,2024-08-01,cool_dry,13.6648261398077,-0.982839380076934,0.5546311920504485,1.5261780623002923,0.6480219574682631,-0.982839380076934,good
Kiambu,2024,9,2024-09-01,cool_dry,32.97416500840336,0.3443547350330117,0.5145901398977736,0.8575821922323753,0.677952582212598,0.3443547350330117,good
Kiambu,2024,10,2024-10-01,short_rains,48.61671006679535,-0.5847354984705563,0.4939715374010341,0.9505064313228236,0.41317175589514066,-0.5847354984705563,normal
Kiambu,2024,11,2024-11-01,short_rains,256.33565486967564,0.8185729772947269,0.4966208439189718,-0.2416687316291911,0.12941586649418016,-0.2416687316291911,normal
Kiambu,2024,12,2024-12-01,short_rains,88.47546005249023,0.0115860835979907,0.6083256793515253,0.8567066039775147,0.5609144218446813,0.0115860835979907,good
Kilifi,2017,1,2017-01-01,hot_dry,18.298109371215105,-0.1166256510008093,,,,,no_data
Kilifi,2017,2,2017-02-01,hot_dry,13.58607119321823,1.2546234744846043,,,,,no_data
Kilifi,2017,3,2017-03-01,long_rains,38.47220628708601,-0.4309635789393326,0.3229668549116724,0.0751414301632764,-0.10199532302263675,-0.4309635789393326,normal
Kilifi,2017,4,2017-04-01,long_rains,106.79306124523282,-0.5699208259692765,,,,,no_data
Kilifi,2017,5,2017-05-01,long_rains,268.7343185823411,1.2424647572744922,0.4675785452621682,0.796702656876544,0.9527193920158259,0.796702656876544,good
Kilifi,2017,6,2017-06-01,cool_dry,69.37908880785108,-0.5253412324209572,,,,,no_data
Kilifi,2017,7,2017-07-01,cool_dry,44.48552853241563,-1.3692891953520252,,,,,no_data
Kilifi,2017,8,2017-08-01,cool_dry,64.68459244631231,1.354035873577049,,,,,no_data
Kilifi,2017,9,2017-09-01,cool_dry,57.07162485085428,0.6772497714023571,0.2413556078086015,-0.5763383542232587,-0.13758251025429322,-0.5763383542232587,normal
Kilifi,2017,10,2017-10-01,short_rains,55.20626243297011,-0.4536511655155221,0.2834146716025207,0.4835893527769761,0.15555517137460179,-0.4536511655155221,normal
Kilifi,2017,11,2017-11-01,short_rains,195.14135114848617,0.0587513621145647,,,,,no_data
Kilifi,2017,12,2017-12-01,short_rains,54.01607661508024,-0.651422127660534,0.4851287612054061,0.7577612164966675,0.264547046041647,-0.651422127660534,normal
Kilifi,2018,1,2018-01-01,hot_dry,7.465439526364207,-0.867443410944531,0.391591615490146,-0.2578039368800212,-0.4711777528025996,-0.867443410944531,normal
Kilifi,2018,2,2018-02-01,hot_dry,8.317255849018693,-0.1079186724583243,0.3703285047480482,0.3976062210016097,0.22067250829063279,-0.1079186724583243,normal
Kilifi,2018,3,2018-03-01,long_rains,123.7274792008102,1.7172471026884482,0.3889635716922416,0.8579569530217743,1.15870850540511,0.8579569530217743,good
Kilifi,2018,4,2018-04-01,long_rains,218.5365811064839,0.5682391731520944,0.5502759206740152,1.3472065907735848,1.0745679946060631,0.5682391731520944,good
Kilifi,2018,5,2018-05-01,long_rains,249.32850563991815,0.9895303242301302,,,,,no_data
Kilifi,2018,6,2018-06-01,cool_dry,111.90659433603288,1.7126902474645416,0.5304928461980595,1.5314804790160907,1.5949038979730485,1.5314804790160907,very_good
Kilifi,2018,7,2018-07-01,cool_dry,121.72454015538096,1.2684772617126086,,,,,no_data
Kilifi,2018,8,2018-08-01,cool_dry,56.09221802651882,0.3699422033309645,,,,,no_data
Kilifi,2018,9,2018-09-01,cool_dry,70.46624138718471,1.4337013390887403,,,,,no_data
Kilifi,2018,10,2018-10-01,short_rains,195.4564448148012,0.8832216647699674,,,,,no_data
Kilifi,2018,11,2018-11-01,short_rains,81.87422402575612,-0.8381616324432394,,,,,no_data
Kilifi,2018,12,2018-12-01,short_rains,134.19051644206047,0.553075034535971,0.4623490899123563,0.4951525813788066,0.5154254399838141,0.4951525813788066,good
Kilifi,2019,1,2019-01-01,hot_dry,27.65639197360724,0.53200159242877,0.3350821769750525,-0.9248216276217914,-0.41493350060409495,-0.9248216276217914,normal
Kilifi,2019,2,2019-02-01,hot_dry,4.573492744471878,-1.0760746401429189,0.3043970947521472,-0.5959906418587796,-0.7640200412582283,-1.0760746401429189,moderate_stress
Kilifi,2019,3,2019-03-01,long_rains,17.72786857932806,-0.9536668244288664,0.2902528397645694,-0.3128936134181651,-0.5371642372719105,-0.9536668244288664,moderate_stress
Kilifi,2019,4,2019-04-01,long_rains,62.7851919666864,-1.0181615518887457,0.2677197537677519,-0.6695180102882236,-0.7915432498484063,-1.0181615518887457,moderate_stress
Kilifi,2019,5,2019-05-01,long_rains,272.6643084809184,1.2936880566959603,0.3508179820940805,-0.3907909423245941,0.19877670733259994,-0.3907909423245941,normal
Kilifi,2019,6,2019-06-01,cool_dry,66.99900533352047,-0.6505943286030806,0.4100632684714529,0.2561964535664517,-0.06118032019288458,-0.6505943286030806,normal
Kilifi,2019,7,2019-07-01,cool_dry,87.03223864734173,0.0837108164481776,0.3531775497821248,0.6779208543143719,0.4699473410612039,0.0837108164481776,normal
Kilifi,2019,8,2019-08-01,cool_dry,50.18488026224077,-0.3066313976098812,0.3385931327414852,0.7608659246114745,0.38724186183400006,-0.3066313976098812,normal
Kilifi,2019,9,2019-09-01,cool_dry,65.49806988053024,1.1531273402325417,0.2870047016880849,1.071729323283278,1.1002186292155205,1.071729323283278,good
Kilifi,2019,10,2019-10-01,short_rains,321.4515552204102,2.0842143265228263,0.2924129532216857,0.6690900747488653,1.1643835628697516,0.6690900747488653,good
Kilifi,2019,11,2019-11-01,short_rains,232.2839005216956,0.3528670162331651,0.5052442632342163,1.6892745495627193,1.2215319128973752,0.3528670162331651,good
Kilifi,2019,12,2019-12-01,short_rains,154.69118901900947,0.861065985209818,0.5230608847636083,1.1950503707866502,1.078155835834759,0.861065985209818,good
Kilifi,2020,1,2020-01-01,hot_dry,52.46934698522091,2.251799903115727,0.5429048226100271,1.5282443524668397,1.7814887951939502,1.5282443524668397,very_good
Kilifi,2020,2,2020-02-01,hot_dry,9.971477690152824,0.3198714153875447,0.4614826705994626,1.7713140369311011,1.2633091193908565,0.3198714153875447,very_good
Kilifi,2020,3,2020-03-01,long_rains,93.83751184865832,0.9640978258762462,0.4065836458744308,1.0669562526323415,1.030955803267708,0.9640978258762462,good
Kilifi,2020,4,2020-04-01,long_rains,302.10899216495454,1.4194632567945833,0.4738497787518432,0.801720423310754,1.0179304150300943,0.801720423310754,good
Kilifi,2020,5,2020-05-01,long_rains,133.88823989778757,-0.5151125501812244,0.5455657733115375,1.5898585959648628,0.8531186948137324,-0.5151125501812244,good
Kilifi,2020,6,2020-06-01,cool_dry,105.31594102084637,1.3658537845870131,0.4838621805545635,1.0376869765076484,1.152545359335426,1.0376869765076484,good
Kilifi,2020,7,2020-07-01,cool_dry,101.51229002326728,0.578214733748856,0.3774345776293942,1.3518950122510656,1.0811069147752923,0.578214733748856,good
Kilifi,2020,8,2020-08-01,cool_dry,35.36911220289767,-2.0034968802693394,0.3613893401761742,1.359637567451164,0.18254051074898792,-2.0034968802693394,normal
Kilifi,2020,9,2020-09-01,cool_dry,47.43766646459699,0.1331787332697332,0.2949419049393235,1.358285901223268,0.9294983924395309,0.1331787332697332,good
Kilifi,2020,10,2020-10-01,short_rains,35.14528531115502,-0.644873556871269,0.3086172333625032,1.0031433742982214,0.42633744838889986,-0.644873556871269,normal
Kilifi,2020,11,2020-11-01,short_rains,191.28398514166472,0.0282065625405904,0.3580790460070323,0.2814262806980129,0.19279937934291502,0.0282065625405904,normal
Kilifi,2020,12,2020-12-01,short_rains,67.41210757568479,-0.4501674470969312,0.4133690656309799,-0.0694989958586739,-0.20273295379206396,-0.4501674470969312,normal
Kilifi,2021,1,2021-01-01,hot_dry,14.616500644013286,-0.3717997915531353,0.3986372390139646,-0.1746398556896171,-0.24364583324184846,-0.3717997915531353,normal
Kilifi,2021,2,2021-02-01,hot_dry,12.726508159656078,1.0323361509267726,0.3516991306907174,0.1168585830917366,0.4372757318339992,0.1168585830917366,normal
Kilifi,2021,3,2021-03-01,long_rains,15.897302631288769,-0.9997923154232078,0.2756504640191802,-0.4860986903026655,-0.6658914590948553,-0.9997923154232078,moderate_stress
Kilifi,2021,4,2021-04-01,long_rains,72.58520592004061,-0.918343827457041,0.2917492208793627,-0.4980093930635718,-0.645126445101286,-0.918343827457041,moderate_stress
Kilifi,2021,5,2021-05-01,long_rains,101.76052311435342,-0.9338636663410173,0.3276960676479282,-0.6259484703553136,-0.7337187889503098,-0.9338636663410173,moderate_stress
Kilifi,2021,6,2021-06-01,cool_dry,63.30394794885069,-0.8450485916539497,0.3061120516574888,-0.8445906514904833,-0.8447509305476966,-0.8450485916539497,moderate_stress
Kilifi,2021,7,2021-07-01,cool_dry,80.96195367909968,-0.1235936756420826,0.3091802112903929,-0.5445318446777141,-0.39720348551524304,-0.5445318446777141,normal
Kilifi,2021,8,2021-08-01,cool_dry,55.22180312499404,0.2702526701205398,0.2570461323596369,-1.3810706903794272,-0.8031075142044388,-1.3810706903794272,moderate_stress
Kilifi,2021,9,2021-09-01,cool_dry,31.854954108595848,-0.7468440100862586,0.2218544487663177,-1.2803880332015949,-1.0936476251112273,-1.2803880332015949,moderate_stress
Kilifi,2021,10,2021-10-01,short_rains,33.004970505833626,-0.6652751610823922,0.2014351134676602,-1.2064296824756973,-1.0170255999880404,-1.2064296824756973,moderate_stress
Kilifi,2021,11,2021-11-01,short_rains,60.88669305294752,-1.0043527395311749,0.1997389735605194,-1.233325649723208,-1.1531851311559964,-1.233325649723208,moderate_stress
Kilifi,2021,12,2021-12-01,short_rains,0.0,-1.4629302733521048,0.3040949169920516,-1.3292333729956527,-1.376027288120411,-1.4629302733521048,severe_stress
Kilifi,2022,1,2022-01-01,hot_dry,10.633222723379731,-0.6478827746438598,0.4503333996701297,0.4355635830134716,0.05635735783340565,-0.6478827746438598,normal
Kilifi,2022,2,2022-02-01,hot_dry,10.36787827196531,0.4223825994978065,0.3368759123047649,-0.1065296818747268,0.07858961660565983,-0.1065296818747268,normal
Kilifi,2022,3,2022-03-01,long_rains,24.70231545343995,-0.777928940291488,0.1939549962715563,-1.455123869428768,-1.2181056442307199,-1.455123869428768,moderate_stress
Kilifi,2022,4,2022-04-01,long_rains,101.36165261082353,-0.6252422625433426,0.2135986331413273,-1.055803670231202,-0.9051071775404511,-1.055803670231202,moderate_stress
Kilifi,2022,5,2022-05-01,long_rains,149.40894159302115,-0.3128164703734784,0.249945180732118,-1.4167007418377695,-1.0303412468252675,-1.4167007418377695,moderate_stress
Kilifi,2022,6,2022-06-01,cool_dry,82.39075268805027,0.1594041578365913,0.2714974495473062,-1.2111405468876386,-0.7314499002341582,-1.2111405468876386,moderate_stress
Kilifi,2022,7,2022-07-01,cool_dry,108.59406796842812,0.8200624209164548,0.2896304684550059,-1.0877155169857826,-0.41999323871999955,-1.0877155169857826,normal
Kilifi,2022,8,2022-08-01,cool_dry,52.43283908441663,-0.0491703117916171,0.3194769181989771,0.2587540176512051,0.15098050234621732,-0.0491703117916171,normal
Kilifi,2022,9,2022-09-01,cool_dry,29.591752767562863,-0.8746567173609188,0.2399414276247402,-0.6273944531098034,-0.7139362455976938,-0.8746567173609188,moderate_stress
Kilifi,2022,10,2022-10-01,short_rains,30.62564744055271,-0.6879550058171803,0.183826113294699,-1.5694414644508583,-1.260921203929071,-1.5694414644508583,severe_stress
Kilifi,2022,11,2022-11-01,short_rains,136.89355865493417,-0.4024875102651101,0.2780388683873461,-0.4842738461705795,-0.4556486286036652,-0.4842738461705795,normal
Kilifi,2022,12,2022-12-01,short_rains,38.88368150498718,-0.8787629984751955,0.2748666354822076,-1.666182884487621,-1.3905859243832719,-1.666182884487621,severe_stress
Kilifi,2023,1,2023-01-01,hot_dry,12.981548535637558,-0.4851191391569416,0.2961298434342311,-1.3846013785825484,-1.069782594783586,-1.3846013785825484,moderate_stress
Kilifi,2023,2,2023-02-01,hot_dry,2.1623214092105623,-1.6996156741651165,0.2428618156522471,-1.5233371110560932,-1.5850346081442512,-1.6996156741651165,severe_stress
Kilifi,2023,3,2023-03-01,long_rains,49.598839566111565,-0.1506014189970811,0.2305534177999609,-1.021014206370668,-0.7163697307899126,-1.021014206370668,moderate_stress
Kilifi,2023,4,2023-04-01,long_rains,301.4024366810918,1.412266658818334,0.2364849411721456,-0.8924542698674095,-0.08580194482739939,-0.8924542698674095,normal
Kilifi,2023,5,2023-05-01,long_rains,111.81684496253727,-0.8027900507842325,0.354433858137425,-0.3540162853644784,-0.5110871032613923,-0.8027900507842325,moderate_stress
Kilifi,2023,6,2023-06-01,cool_dry,69.78592070937157,-0.503931497913459,0.3621600283007604,-0.2510729241909439,-0.3395734249938242,-0.503931497913459,normal
Kilifi,2023,7,2023-07-01,cool_dry,93.13473985344172,0.2921155156722279,0.3489645751529315,0.5608646326701842,0.46680244172089946,0.2921155156722279,normal
Kilifi,2023,8,2023-08-01,cool_dry,59.90723237767816,0.806879805377886,0.2821126254496213,-0.7226670813264435,-0.18732567097992825,-0.7226670813264435,normal
Kilifi,2023,9,2023-09-01,cool_dry,35.477996185421944,-0.5422352516813198,0.2424023436127421,-0.5385480872302861,-0.5398385947881479,-0.5422352516813198,moderate_stress
Kilifi,2023,10,2023-10-01,short_rains,109.3745617903769,0.0626841892331453,0.2596054495809979,-0.0072407925226248,0.01723295109189473,-0.0072407925226248,normal
Kilifi,2023,11,2023-11-01,short_rains,465.6015575528145,2.2004078144052843,0.2763545224740562,-0.5003870522859478,0.44489115105598337,-0.5003870522859478,normal
Kilifi,2023,12,2023-12-01,short_rains,192.9353634044528,1.435625653069362,0.4388198069987434,0.2239022726383496,0.648005455789204,0.2239022726383496,good
Kilifi,2024,1,2024-01-01,hot_dry,15.725554303266108,-0.2949307282452197,0.4793494456481311,0.7780588632936689,0.40251250625505797,-0.2949307282452197,normal
Kilifi,2024,2,2024-02-01,hot_dry,8.171527897939086,-0.1456046535303689,0.3399686649545352,-0.0599214062348459,-0.08991054278827895,-0.1456046535303689,normal
Kilifi,2024,3,2024-03-01,long_rains,80.64211237430573,0.6316081495152817,0.4241295461633563,1.2750757437028764,1.0498620857372183,0.6316081495152817,good
Kilifi,2024,4,2024-04-01,long_rains,136.40586032532156,-0.2683006209066062,0.4969866680035284,0.966858329366068,0.534552696770632,-0.2683006209066062,good
Kilifi,2024,5,2024-05-01,long_rains,99.67084729485214,-0.9611004005206304,0.4286606907867815,0.4008951870407509,-0.0758032686057325,-0.9611004005206304,normal
Kilifi,2024,6,2024-06-01,cool_dry,65.81254241988063,-0.7130325392966992,0.3369002985190115,-0.5185597865211268,-0.5866252499925771,-0.7130325392966992,moderate_stress
Kilifi,2024,7,2024-07-01,cool_dry,39.202806000132114,-1.549697877504217,0.2942834751625613,-0.9584331375721205,-1.1653757965483542,-1.549697877504217,moderate_stress
Kilifi,2024,8,2024-08-01,cool_dry,49.00458405166864,-0.4418119627356014,0.2991362499215756,-0.2755197380079687,-0.3337220166626401,-0.4418119627356014,normal
Kilifi,2024,9,2024-09-01,cool_dry,23.23727826587856,-1.2335212048648756,0.2737349990828041,0.592653703258395,-0.04650751458474972,-1.2335212048648756,normal
Kilifi,2024,10,2024-10-01,short_rains,42.12261043395847,-0.5783652912395755,0.2903852705248953,0.6272891376251141,0.20531008752247273,-0.5783652912395755,normal
Kilifi,2024,11,2024-11-01,short_rains,137.80996688455343,-0.3952308730540805,0.354510264165447,0.2472857179190009,0.022404911078422435,-0.3952308730540805,normal
Kilifi,2024,12,2024-12-01,short_rains,136.8823830448091,0.5935161737696144,0.4534922208218105,0.3930488120414748,0.46321238864632364,0.3930488120414748,normal
Kirinyaga,2017,1,2017-01-01,hot_dry,14.890020310878754,-1.161533048732225,0.5931044975985384,0.1404719684615165,-0.31522978755629305,-1.161533048732225,normal
Kirinyaga,2017,2,2017-02-01,hot_dry,41.57981197535992,0.3679728917918329,0.5076734235918352,-0.1702042261565723,0.018157765125369513,-0.1702042261565723,normal
Kirinyaga,2017,3,2017-03-01,long_rains,32.42574205249548,-0.7827722794774712,0.3411847754698726,-1.2206425120593487,-1.0673879306556917,-1.2206425120593487,moderate_stress
Kirinyaga,2017,4,2017-04-01,long_rains,147.5856688171625,-1.1511472877987898,,,,,no_data
Kirinyaga,2017,5,2017-05-01,long_rains,134.20430024713278,-0.6872045428835237,,,,,no_data
Kirinyaga,2017,6,2017-06-01,cool_dry,21.171727564185858,-0.8688179664160905,,,,,no_data
Kirinyaga,2017,7,2017-07-01,cool_dry,39.95606617629528,-0.9226566056179905,0.545502064065938,0.9499636083890056,0.294546533486557,-0.9226566056179905,normal
Kirinyaga,2017,8,2017-08-01,cool_dry,59.49230908602476,1.3350814697224904,,,,,no_data
Kirinyaga,2017,9,2017-09-01,cool_dry,42.97938629984856,-0.1751009196767948,,,,,no_data
Kirinyaga,2017,10,2017-10-01,short_rains,139.45105262100697,-0.0173525765628233,0.525815540832189,0.8882729211777048,0.5713039969685201,-0.0173525765628233,good
Kirinyaga,2017,11,2017-11-01,short_rains,231.03894966840744,-0.2899144131711671,,,,,no_data
Kirinyaga,2017,12,2017-12-01,short_rains,19.90219933539629,-0.814070031786797,0.6346809145355332,1.0882200899039531,0.4224185473121907,-0.814070031786797,normal
Kirinyaga,2018,1,2018-01-01,hot_dry,17.065105378627777,-1.087228519238003,0.5886465619862579,0.0821972646487849,-0.3271017597115908,-1.087228519238003,normal
Kirinyaga,2018,2,2018-02-01,hot_dry,14.447237022221088,-1.0103292853477897,0.5123353072835433,-0.0942267511088671,-0.41486263809249,-1.0103292853477897,normal
Kirinyaga,2018,3,2018-03-01,long_rains,215.61104783415792,1.983659974185286,,,,,no_data
Kirinyaga,2018,4,2018-04-01,long_rains,563.2311854362488,1.0118759742959045,,,,,no_data
Kirinyaga,2018,5,2018-05-01,long_rains,373.4928461909294,1.6760562262654024,0.7103585220331394,1.6612935570385554,1.666460491267952,1.6612935570385554,very_good
Kirinyaga,2018,6,2018-06-01,cool_dry,102.1237689256668,1.9176156291911797,,,,,no_data
Kirinyaga,2018,7,2018-07-01,cool_dry,68.8502414226532,1.483862266831408,,,,,no_data
Kirinyaga,2018,8,2018-08-01,cool_dry,34.04934744536877,-1.0994156534123307,,,,,no_data
Kirinyaga,2018,9,2018-09-01,cool_dry,60.81366772949696,0.889890124647822,,,,,no_data
Kirinyaga,2018,10,2018-10-01,short_rains,77.76025027036667,-0.5102025521796849,,,,,no_data
Kirinyaga,2018,11,2018-11-01,short_rains,174.70715457201004,-0.8847066955932252,,,,,no_data
Kirinyaga,2018,12,2018-12-01,short_rains,164.82521632313728,1.0811620172335,0.4770533600441324,-0.8895116878737214,-0.19977589108619392,-0.8895116878737214,normal
Kirinyaga,2019,1,2019-01-01,hot_dry,47.42900248616934,-0.0499472093526146,0.5633013871170667,-0.2491180990175854,-0.17940828763484562,-0.2491180990175854,normal
Kirinyaga,2019,2,2019-02-01,hot_dry,24.506962314248085,-0.4993073386518191,0.5594952255559948,0.6743663221525141,0.2635805408709975,-0.4993073386518191,normal
Kirinyaga,2019,3,2019-03-01,long_rains,27.68629002571106,-0.8543466500070109,0.4086576407421863,-0.1344276214211749,-0.3863992814262175,-0.8543466500070109,normal
Kirinyaga,2019,4,2019-04-01,long_rains,217.0444283783436,-0.7896832356681288,0.3830341267727937,-0.3326556216170575,-0.4926152865349324,-0.7896832356681288,normal
Kirinyaga,2019,5,2019-05-01,long_rains,196.06566488742828,-0.0762495320458354,0.4466000898206828,-1.1925531351228846,-0.8018468740459174,-1.1925531351228846,moderate_stress
Kirinyaga,2019,6,2019-06-01,cool_dry,49.24589404463768,0.0975171541584572,0.5250302493453483,0.4425770001209783,0.32180605403409596,0.0975171541584572,normal
Kirinyaga,2019,7,2019-07-01,cool_dry,33.76207488775253,-1.4385376371606424,0.3270180099359843,-1.0270402234428742,-1.1710643182440932,-1.4385376371606424,moderate_stress
Kirinyaga,2019,8,2019-08-01,cool_dry,43.08218342810869,-0.2351132375100102,0.4192199078178282,0.0264760727279702,-0.06508018585532294,-0.2351132375100102,normal
Kirinyaga,2019,9,2019-09-01,cool_dry,68.1737984418869,1.3294073165613056,0.4045620110295908,0.3825189019643765,0.7139298470733016,0.3825189019643765,good
Kirinyaga,2019,10,2019-10-01,short_rains,439.1371775865555,2.3768503476020837,0.4496841452797523,0.1971795541814408,0.9600643318786658,0.1971795541814408,good
Kirinyaga,2019,11,2019-11-01,short_rains,364.1148316860199,1.1151980542219817,0.5326734227540886,0.4805237895178796,0.7026597821643152,0.4805237895178796,good
Kirinyaga,2019,12,2019-12-01,short_rains,228.08214724063873,1.9084050962790655,0.6196114527609573,0.8991455748437668,1.2523864073461213,0.8991455748437668,very_good
Kirinyaga,2020,1,2020-01-01,hot_dry,98.91688181459904,1.708964524666844,0.5987215041188688,0.213898195252392,0.7371714105474501,0.213898195252392,good
Kirinyaga,2020,2,2020-02-01,hot_dry,58.11788734793663,1.208087231514119,0.5054120211519454,-0.2070596388634898,0.2882417657686732,-0.2070596388634898,normal
Kirinyaga,2020,3,2020-03-01,long_rains,145.82445412874222,0.9297551160629464,0.4697204841570699,0.8485952502808509,0.8770012033045843,0.8485952502808509,good
Kirinyaga,2020,4,2020-04-01,long_rains,567.0531837940216,1.0317656904723131,0.464376698431667,0.4590201382550753,0.6594810815311085,0.4590201382550753,good
Kirinyaga,2020,5,2020-05-01,long_rains,254.60530352592468,0.5018994591181926,0.6002090151832876,0.4694840549504644,0.48082944640916925,0.4694840549504644,normal
Kirinyaga,2020,6,2020-06-01,cool_dry,67.7677900493145,0.7350555338432583,0.486583780357632,0.1347024601730389,0.34482603595761563,0.1347024601730389,normal
Kirinyaga,2020,7,2020-07-01,cool_dry,47.01961258053779,-0.3343526452765595,0.5120269144599837,0.6470559234064067,0.3035629243673686,-0.3343526452765595,normal
Kirinyaga,2020,8,2020-08-01,cool_dry,57.672886326909065,1.160990908435185,0.4560913809551685,0.763958687477925,0.902919964812966,0.763958687477925,good
Kirinyaga,2020,9,2020-09-01,cool_dry,65.32749412953854,1.1594375527650356,0.4538713507943909,0.6958706155555936,0.8581190435788983,0.6958706155555936,good
Kirinyaga,2020,10,2020-10-01,short_rains,112.96047353744508,-0.228986738511351,0.5107749866667244,0.7517401918841603,0.40848576624573135,-0.228986738511351,normal
Kirinyaga,2020,11,2020-11-01,short_rains,195.06747817993164,-0.6697275114773282,0.5381201448869088,0.5117425876092492,0.09822805292894712,-0.6697275114773282,normal
Kirinyaga,2020,12,2020-12-01,short_rains,63.38828206807375,-0.2453803964593043,0.6240520878386416,0.9548616273765088,0.5347769190339743,-0.2453803964593043,good
Kirinyaga,2021,1,2021-01-01,hot_dry,62.71521829068661,0.4722553885794594,0.6061441297642028,0.3109277059081868,0.36739239484313224,0.3109277059081868,normal
Kirinyaga,2021,2,2021-02-01,hot_dry,43.50891035050154,0.4659687692552291,0.6456651213962159,2.0787280660348513,1.5142623121619834,0.4659687692552291,very_good
Kirinyaga,2021,3,2021-03-01,long_rains,61.28582149744034,-0.3469324380716042,0.4707323282239481,0.8648844665163142,0.4407485499105428,-0.3469324380716042,normal
Kirinyaga,2021,4,2021-04-01,long_rains,212.38301277160645,-0.813941287273444,0.3639417209722438,-0.5184746160462632,-0.6218879509757764,-0.813941287273444,moderate_stress
Kirinyaga,2021,5,2021-05-01,long_rains,231.87338829040527,0.277394590856175,0.5466314094878693,-0.1102216685982609,0.02544402221079166,-0.1102216685982609,normal
Kirinyaga,2021,6,2021-06-01,cool_dry,19.240709334611893,-0.9352851484428952,0.5581594910582084,0.7078718456483974,0.13276689771644506,-0.9352851484428952,normal
Kirinyaga,2021,7,2021-07-01,cool_dry,54.30565099418163,0.2724820817342179,0.469494764866354,0.2621938653605667,0.2657947410913446,0.2621938653605667,normal
Kirinyaga,2021,8,2021-08-01,cool_dry,33.9188032746315,-1.1119067074252431,0.3798656704561967,-0.7606654055319335,-0.8835998611945919,-1.1119067074252431,moderate_stress
Kirinyaga,2021,9,2021-09-01,cool_dry,28.489115118980408,-1.0404012177759885,0.2780818460214747,-0.4212391006703548,-0.6379458416573265,-1.0404012177759885,moderate_stress
Kirinyaga,2021,10,2021-10-01,short_rains,96.14907678961754,-0.3632935745638114,0.4111778651283159,-0.1523665773094575,-0.22619102634848137,-0.3632935745638114,normal
Kirinyaga,2021,11,2021-11-01,short_rains,123.16688758134842,-1.4289065207107887,0.5093979813202923,0.3471167074435572,-0.27449142241046387,-1.4289065207107887,normal
Kirinyaga,2021,12,2021-12-01,short_rains,0.0,-1.0743412213496266,0.5764995863713713,0.3582267714460974,-0.14317202603240597,-1.0743412213496266,normal
Kirinyaga,2022,1,2022-01-01,hot_dry,36.47572574019432,-0.4241293905911425,0.6873626007151329,1.372625933614778,0.7437615701427058,-0.4241293905911425,good
Kirinyaga,2022,2,2022-02-01,hot_dry,23.31389095634222,-0.5599139288086573,0.5024560093407081,-0.255235511210643,-0.36187295736994796,-0.5599139288086573,normal
Kirinyaga,2022,3,2022-03-01,long_rains,46.761193588376045,-0.5662808129242122,0.408806505419075,-0.1320311168696945,-0.2840185104887757,-0.5662808129242122,normal
Kirinyaga,2022,4,2022-04-01,long_rains,234.91639947891235,-0.6966773263431364,0.2868846446332304,-1.268441309010521,-1.0683239150769364,-1.268441309010521,moderate_stress
Kirinyaga,2022,5,2022-05-01,long_rains,59.54154860973358,-1.42458857087966,0.611003039964616,0.586274603252214,-0.11752750769394182,-1.42458857087966,normal
Kirinyaga,2022,6,2022-06-01,cool_dry,22.060200247215107,-0.8382360306040307,0.2315504520981796,-1.9075726999816551,-1.5333048656994868,-1.9075726999816551,severe_stress
Kirinyaga,2022,7,2022-07-01,cool_dry,47.94551359117031,-0.2572368170132842,,,,,no_data
Kirinyaga,2022,8,2022-08-01,cool_dry,54.42439514398575,0.8501606461783521,0.3520618964271652,-1.3167809665910202,-0.55835140212174,-1.3167809665910202,moderate_stress
Kirinyaga,2022,9,2022-09-01,cool_dry,36.00044584274292,-0.5918549736604984,0.0944224372336484,-1.5883605980443216,-1.2395836295099834,-1.5883605980443216,moderate_stress
Kirinyaga,2022,10,2022-10-01,short_rains,50.019347332417965,-0.7318255950904866,0.3221181964849288,-0.9608181473839548,-0.880670754081241,-0.9608181473839548,moderate_stress
Kirinyaga,2022,11,2022-11-01,short_rains,274.9349051117897,0.1735711811115553,0.0971215934699272,-2.0159143039209497,-1.2495943841595731,-2.0159143039209497,moderate_stress
Kirinyaga,2022,12,2022-12-01,short_rains,49.42087373137474,-0.4280393037307728,0.4619887193699167,-1.0785257132345212,-0.8508554699082094,-1.0785257132345212,moderate_stress
Kirinyaga,2023,1,2023-01-01,hot_dry,36.15957275032997,-0.4349297034195384,0.6065639790646389,0.3164160295980788,0.053445023041912815,-0.4349297034195384,normal
Kirinyaga,2023,2,2023-02-01,hot_dry,8.181280374526978,-1.328632347415999,0.4490660228348226,-1.1253636902476465,-1.1965077202565697,-1.328632347415999,moderate_stress
Kirinyaga,2023,3,2023-03-01,long_rains,99.97997698187828,0.2374198892268355,0.3341431946278826,-1.3340017110993292,-0.7840041509851716,-1.3340017110993292,moderate_stress
Kirinyaga,2023,4,2023-04-01,long_rains,380.7090542316437,0.0620290497963664,0.4158797728317016,-0.012981664033981,0.013272085806640589,-0.012981664033981,normal
Kirinyaga,2023,5,2023-05-01,long_rains,108.03373059630394,-0.9456702388412817,0.4593440383022921,-1.054664556872536,-1.016516545561597,-1.054664556872536,moderate_stress
Kirinyaga,2023,6,2023-06-01,cool_dry,58.39328870922327,0.412377747875469,0.4492360628358575,-0.1643734147478983,0.03748949217028025,-0.1643734147478983,normal
Kirinyaga,2023,7,2023-07-01,cool_dry,50.11986421793699,-0.0761409465126799,0.2783906465226909,-1.4670562428397893,-0.980235889125301,-1.4670562428397893,moderate_stress
Kirinyaga,2023,8,2023-08-01,cool_dry,37.204041332006454,-0.797560338773243,0.4899871956072874,1.4419238429685268,0.6581043793589074,-0.797560338773243,good
Kirinyaga,2023,9,2023-09-01,cool_dry,40.229235261678696,-0.3393287994343642,0.2939536216838581,-0.3203769085325977,-0.32701007034821594,-0.3393287994343642,normal
Kirinyaga,2023,10,2023-10-01,short_rains,151.39268274605274,0.0780495237778817,0.2444836817373229,-1.6655562886293749,-1.0552942542868353,-1.6655562886293749,moderate_stress
Kirinyaga,2023,11,2023-11-01,short_rains,394.8274178504944,1.439483995981721,0.5456714788349769,0.5550243200157408,0.8645852066038338,0.5550243200157408,good
Kirinyaga,2023,12,2023-12-01,short_rains,55.362019427120686,-0.3503439178320017,0.4350720601153515,-1.4162454255724504,-1.0431798978632933,-1.4162454255724504,moderate_stress
Kirinyaga,2024,1,2024-01-01,hot_dry,77.4771614074707,0.97654795808722,0.4150240035934213,-2.1874189984661503,-1.0800305636724707,-2.1874189984661503,moderate_stress
Kirinyaga,2024,2,2024-02-01,hot_dry,61.0326566696167,1.3561540076630838,0.4628324203139951,-0.9010045706001548,-0.1109990682080213,-0.9010045706001548,normal
Kirinyaga,2024,3,2024-03-01,long_rains,44.495110630989075,-0.6005027989947693,0.4858106345652634,1.107623244652378,0.5097791293758764,-0.6005027989947693,good
Kirinyaga,2024,4,2024-04-01,long_rains,627.3937203586102,1.3457784225189149,0.589164661368108,1.6735330724527453,1.5588189449759047,1.3457784225189149,very_good
Kirinyaga,2024,5,2024-05-01,long_rains,272.4728240966797,0.6783626084105308,0.5235821586571783,-0.3596128546475546,0.003678557422775258,-0.3596128546475546,normal
Kirinyaga,2024,6,2024-06-01,cool_dry,31.29906628280878,-0.5202269196053477,0.5680151590690982,0.7867948087871393,0.3293372038497688,-0.5202269196053477,normal
Kirinyaga,2024,7,2024-07-01,cool_dry,66.31345762312412,1.2725803030155307,0.510681659326663,0.6348830691266857,0.8580771009877814,0.6348830691266857,good
Kirinyaga,2024,8,2024-08-01,cool_dry,44.47087383270264,-0.1022370872152003,0.4101511462816681,-0.1549122310514649,-0.1364759307087723,-0.1549122310514649,normal
Kirinyaga,2024,9,2024-09-01,cool_dry,25.27979050576687,-1.2320490834265174,0.5413194522385618,1.251587089727302,0.3823144291234653,-1.2320490834265174,normal
Kirinyaga,2024,10,2024-10-01,short_rains,66.11475329101086,-0.603238834471808,0.5316844040569222,0.9415483460794836,0.4008728328865315,-0.603238834471808,normal
Kirinyaga,2024,11,2024-11-01,short_rains,310.11249619722366,0.5450019096372511,0.4700359939813715,0.1215068993345221,0.26973015294047725,0.1215068993345221,normal
Kirinyaga,2024,12,2024-12-01,short_rains,76.23385953903198,-0.077392242354063,0.5546297415838878,0.0838287631103704,0.02740141119781871,-0.077392242354063,normal
Kisii,2017,1,2017-01-01,hot_dry,31.10948327183723,-0.931642606802761,0.5982606383436893,-0.2245309547004766,-0.4720200329362761,-0.931642606802761,normal
Kisii,2017,2,2017-02-01,hot_dry,100.54402416571976,-0.1897932892512949,0.4582488753962301,-0.7853521630823584,-0.5769065572414862,-0.7853521630823584,moderate_stress
Kisii,2017,3,2017-03-01,long_rains,169.01502859592438,-0.370895378073508,0.5913758501749591,-0.3196117942309608,-0.33756104857585234,-0.370895378073508,normal
Kisii,2017,4,2017-04-01,long_rains,229.4625249132514,-1.561894202456062,0.6839626114332544,1.5261062272594903,0.4453060768590471,-1.561894202456062,normal
Kisii,2017,5,2017-05-01,long_rains,192.62379184365273,-1.0907658777668736,0.7423397348293853,1.151795724224243,0.36689916352735225,-1.0907658777668736,normal
Kisii,2017,6,2017-06-01,cool_dry,138.83038347959518,0.0269322095100623,0.6711312451804236,0.207581877543831,0.14435449373201195,0.0269322095100623,normal
Kisii,2017,7,2017-07-01,cool_dry,120.36674672365189,1.514603292079293,0.6405714380679645,0.1153897044919286,0.6051144601475061,0.1153897044919286,good
Kisii,2017,8,2017-08-01,cool_dry,156.32255030423403,0.3425935628669964,0.5941317793176135,0.6261635321713037,0.5269140429147962,0.3425935628669964,good
Kisii,2017,9,2017-09-01,cool_dry,172.04522675275803,-0.0060945099060431,0.599447326374643,0.2040891064901654,0.13052484075149243,-0.0060945099060431,normal
Kisii,2017,10,2017-10-01,short_rains,156.59836633503437,-0.7434904298489223,0.6640714704644385,1.096706421432,0.4526375234836772,-0.7434904298489223,normal
Kisii,2017,11,2017-11-01,short_rains,145.35231859982014,-0.9244970798437542,0.6802969904886156,0.8993928657519161,0.2610313847934316,-0.9244970798437542,normal
Kisii,2017,12,2017-12-01,short_rains,105.06391793489456,-0.6652716786463485,0.6783632861406863,0.1241832829138743,-0.15212595363220366,-0.6652716786463485,normal
Kisii,2018,1,2018-01-01,hot_dry,50.67071956396103,-0.6841579285074838,0.574130713695596,-0.550617530481705,-0.5973566697907275,-0.6841579285074838,moderate_stress
Kisii,2018,2,2018-02-01,hot_dry,58.88699781894684,-0.6382212843513335,0.5316816011794874,0.0241501868267403,-0.2076798280855855,-0.6382212843513335,normal
Kisii,2018,3,2018-03-01,long_rains,256.4763965010643,0.7873510112935618,0.6465676517964816,1.013678131220341,0.9344636392459682,0.7873510112935618,good
Kisii,2018,4,2018-04-01,long_rains,334.28447011113167,0.9745547147486204,,,,,no_data
Kisii,2018,5,2018-05-01,long_rains,292.4030644893646,1.8153423918223528,0.74363736523167,1.1731039426779473,1.3978873998784893,1.1731039426779473,very_good
Kisii,2018,6,2018-06-01,cool_dry,130.50738403201103,-0.1814860460349951,0.6963635299691858,0.576127751062907,0.3109629220786413,-0.1814860460349951,normal
Kisii,2018,7,2018-07-01,cool_dry,55.79315668344498,-0.9138621310334416,0.7255075233388135,2.16389949468813,1.08668292568558,-0.9138621310334416,good
Kisii,2018,8,2018-08-01,cool_dry,135.99064660072327,-0.172440257454513,,,,,no_data
Kisii,2018,9,2018-09-01,cool_dry,73.86582739651203,-1.8102254514981513,0.625184516508003,0.785848000257855,-0.12277770785674713,-1.8102254514981513,normal
Kisii,2018,10,2018-10-01,short_rains,230.3889574855566,0.2202429829863066,0.5936787810871388,-1.1423949330009788,-0.665471662405429,-1.1423949330009788,moderate_stress
Kisii,2018,11,2018-11-01,short_rains,134.9707453250885,-1.0208866357988935,0.6492751930233943,0.6112175487274646,0.03998108414323931,-1.0208866357988935,normal
Kisii,2018,12,2018-12-01,short_rains,192.0635155066848,0.226838302231271,0.6907120703326101,0.3408663682453656,0.30095654514043246,0.226838302231271,normal
Kisii,2019,1,2019-01-01,hot_dry,34.621216252446175,-0.8872128941820482,0.6596127597433318,0.6045683266229952,0.08244489934123006,-0.8872128941820482,normal
Kisii,2019,2,2019-02-01,hot_dry,63.74897773563862,-0.5858832252659507,0.5706097836581184,0.4532838579252863,0.08957537880835337,-0.5858832252659507,normal
Kisii,2019,3,2019-03-01,long_rains,112.85654316842556,-1.114599307438888,0.5393780466626497,-1.575743058870153,-1.4143427458692104,-1.575743058870153,severe_stress
Kisii,2019,4,2019-04-01,long_rains,255.91914589703083,-0.9217050939585884,0.581126034523257,-0.8297091185079758,-0.8619077099156902,-0.9217050939585884,moderate_stress
Kisii,2019,5,2019-05-01,long_rains,236.35934795439243,0.1830483916536053,0.6901589357425495,0.2949416738925772,0.255779025108937,0.1830483916536053,normal
Kisii,2019,6,2019-06-01,cool_dry,178.4280627965927,1.018507338026588,0.496149705499174,-2.348220140839395,-1.1698655232363009,-2.348220140839395,moderate_stress
Kisii,2019,7,2019-07-01,cool_dry,76.24502938985825,-0.1447138511483894,0.6194749940294749,-0.3934196197589074,-0.3063726007452261,-0.3934196197589074,normal
Kisii,2019,8,2019-08-01,cool_dry,130.70093463361263,-0.3064356079415887,0.5872875700319445,0.437052651544371,0.17683176072428514,-0.3064356079415887,normal
Kisii,2019,9,2019-09-01,cool_dry,163.23828426003456,-0.1679296561396396,0.5914355221524524,0.022991700859101,-0.0438307740904582,-0.1679296561396396,normal
Kisii,2019,10,2019-10-01,short_rains,303.08916157484055,1.1697355227311577,0.652059729971676,0.7146283300227647,0.8739158474707023,0.7146283300227647,good
Kisii,2019,11,2019-11-01,short_rains,283.9882800281048,0.3626930605958841,0.6291316821849425,0.4240954895249252,0.40260463939976077,0.3626930605958841,normal
Kisii,2019,12,2019-12-01,short_rains,299.7473329603672,1.3310481033187098,0.7341491102192113,1.1030524809844158,1.1828509488014187,1.1030524809844158,good
Kisii,2020,1,2020-01-01,hot_dry,193.1923303976655,1.1189957413608185,0.6794504921559807,0.8726511461114577,0.958871754448734,0.8726511461114577,good
Kisii,2020,2,2020-02-01,hot_dry,120.18155258893968,0.0216000403214654,0.666447639541115,1.5097742539991277,0.9889132792119458,0.0216000403214654,good
Kisii,2020,3,2020-03-01,long_rains,320.27325826883316,1.63220956502224,0.6442036696553254,0.9565704905898664,1.1930441666411973,0.9565704905898664,good
Kisii,2020,4,2020-04-01,long_rains,299.61712300777435,0.1356850023360738,0.6738561272515576,1.2945834438063315,0.8889689892917414,0.1356850023360738,good
Kisii,2020,5,2020-05-01,long_rains,215.39742705225945,-0.4274753179796089,0.716552775354761,0.728351448585608,0.3238120802877821,-0.4274753179796089,normal
Kisii,2020,6,2020-06-01,cool_dry,145.19259148836136,0.186249809247105,0.6652671499128586,0.1219301765236235,0.14444204797684201,0.1219301765236235,normal
Kisii,2020,7,2020-07-01,cool_dry,81.81297805905342,0.064683997296893,0.6533967678910957,0.4247142232921462,0.29870364419380757,0.064683997296893,normal
Kisii,2020,8,2020-08-01,cool_dry,125.5249202400446,-0.4375508495851026,0.6102564330626616,1.071700385627176,0.5434624533028786,-0.4375508495851026,good
Kisii,2020,9,2020-09-01,cool_dry,182.01181069761515,0.1770500458234877,0.6066560095352288,0.367032905688678,0.3005389047358614,0.1770500458234877,normal
Kisii,2020,10,2020-10-01,short_rains,319.2025534212589,1.3801825983593117,0.6508187532963218,0.6751544502891462,0.9219143021137042,0.6751544502891462,good
Kisii,2020,11,2020-11-01,short_rains,461.11021253466606,2.0072130165237554,0.6080323389323014,0.2280942765825008,0.8507858355619398,0.2280942765825008,good
Kisii,2020,12,2020-12-01,short_rains,115.32318115234376,-0.5600712941826766,0.7098309638202188,0.6763439962153015,0.2435986445760092,-0.5600712941826766,normal
Kisii,2021,1,2021-01-01,hot_dry,98.77247367799282,-0.0755845763649645,0.6654267154529865,0.6831368649319134,0.4175843604780062,-0.0755845763649645,normal
Kisii,2021,2,2021-02-01,hot_dry,124.39121064543724,0.0669160095079739,0.6296074168855906,1.1036576827738651,0.7407980971308031,0.0669160095079739,good
Kisii,2021,3,2021-03-01,long_rains,129.5699108839035,-0.8932650398155842,0.6170768898202693,0.3012582666469569,-0.11682489061493251,-0.8932650398155842,normal
Kisii,2021,4,2021-04-01,long_rains,354.3918446302414,1.4611067266440865,0.6001825098436085,-0.3931568883106007,0.2558353769235398,-0.3931568883106007,normal
Kisii,2021,5,2021-05-01,long_rains,210.9890612065792,-0.5558706058967194,0.6004672431851553,-1.177873832842239,-0.9601727034113071,-1.177873832842239,moderate_stress
Kisii,2021,6,2021-06-01,cool_dry,90.21853947639464,-1.1903688115679016,0.676447806384093,0.2852362282824781,-0.23122553566515477,-1.1903688115679016,normal
Kisii,2021,7,2021-07-01,cool_dry,73.7822881937027,-0.2373319297965667,0.6332867941293965,-0.0603031636060496,-0.12226323177273057,-0.2373319297965667,normal
Kisii,2021,8,2021-08-01,cool_dry,161.27038647979498,0.4679287506086195,0.5651154090817943,-0.1755815780173528,0.04964703700173749,-0.1755815780173528,normal
Kisii,2021,9,2021-09-01,cool_dry,211.236232817173,0.7140739484115504,0.6171545626926765,0.604340344433575,0.6427471058258664,0.604340344433575,good
Kisii,2021,10,2021-10-01,short_rains,156.23837487399578,-0.748192056356163,0.6473528315638158,0.5649079159648681,0.10532292565250723,-0.748192056356163,normal
Kisii,2021,11,2021-11-01,short_rains,162.6729048639536,-0.7636810286826,0.63968133021747,0.5220958768228665,0.07207395989595328,-0.7636810286826,normal
Kisii,2021,12,2021-12-01,short_rains,0.0,-1.742616545011779,0.7111011540891304,0.698631918827619,-0.15580504351617025,-1.742616545011779,normal
Kisii,2022,1,2022-01-01,hot_dry,171.00840961933136,0.83832940641324,0.6324715707010538,0.2377881759801795,0.4479776066317507,0.2377881759801795,normal
Kisii,2022,2,2022-02-01,hot_dry,330.51982325315475,2.28584156878741,0.3896771744879046,-1.5412678999759146,-0.2017795859087511,-1.5412678999759146,normal
Kisii,2022,3,2022-03-01,long_rains,153.02976502478123,-0.582587400023572,0.6111311584189582,0.1576249090847302,-0.10144939910317557,-0.582587400023572,normal
Kisii,2022,4,2022-04-01,long_rains,277.71321764588356,-0.3943389056618218,0.6029756005079229,-0.3291718156173474,-0.35198029713291346,-0.3943389056618218,normal
Kisii,2022,5,2022-05-01,long_rains,268.4706071317196,1.1183007077684175,0.6408539973849685,-0.5146882450119129,0.056857888461202655,-0.5146882450119129,normal
Kisii,2022,6,2022-06-01,cool_dry,145.27104642242193,0.1882144183521259,0.6672907161516325,0.1514866353752917,0.16434135941718367,0.1514866353752917,normal
Kisii,2022,7,2022-07-01,cool_dry,62.54514896869659,-0.6599351031006931,0.6134421255123327,-0.5389218545384263,-0.5812764915352198,-0.6599351031006931,moderate_stress
Kisii,2022,8,2022-08-01,cool_dry,224.52139864861965,2.070159949002846,0.5020160827239849,-1.9190655476670624,-0.5228366238325947,-1.9190655476670624,moderate_stress
Kisii,2022,9,2022-09-01,cool_dry,184.86335495178355,0.2294496251038341,0.4888357313381009,-2.296155824401897,-1.4121939170748914,-2.296155824401897,severe_stress
Kisii,2022,10,2022-10-01,short_rains,121.95226836204527,-1.1959817532050732,0.6004707921836568,-0.9263497530246374,-1.0207209530877899,-1.1959817532050732,moderate_stress
Kisii,2022,11,2022-11-01,short_rains,222.0636261403561,-0.2122573571258556,0.3610055894410193,-2.0666474103870627,-1.4176108917456403,-2.0666474103870627,severe_stress
Kisii,2022,12,2022-12-01,short_rains,278.2335930764675,1.1104422314283888,0.5526551715809611,-2.0816065090739326,-0.9643894498981203,-2.0816065090739326,moderate_stress
Kisii,2023,1,2023-01-01,hot_dry,37.069804251194,-0.8562338699476862,0.6551902298882016,0.5448032159655279,0.05444023589590302,-0.8562338699476862,normal
Kisii,2023,2,2023-02-01,hot_dry,26.098863314837217,-0.991177765122489,0.5018979536415823,-0.3041766240553853,-0.5446270234288716,-0.991177765122489,moderate_stress
Kisii,2023,3,2023-03-01,long_rains,272.2427811771631,0.9961444313126716,0.5500023053901861,-1.3190886879193666,-0.5087570961881533,-1.3190886879193666,moderate_stress
Kisii,2023,4,2023-04-01,long_rains,318.9519134759903,0.6035422650009292,0.5745658205377193,-0.9799927359038932,-0.42575548558720544,-0.9799927359038932,normal
Kisii,2023,5,2023-05-01,long_rains,201.44324865937233,-0.8338959316764288,0.656685135121792,-0.2547272109046773,-0.45743626317479036,-0.8338959316764288,normal
Kisii,2023,6,2023-06-01,cool_dry,196.3008916154504,1.4660651959287627,0.6576094084131261,0.0100802567153649,0.5196749854400541,0.0100802567153649,good
Kisii,2023,7,2023-07-01,cool_dry,51.03178586065769,-1.0929264265535936,0.5868535895925528,-1.180190827142535,-1.1496482869364055,-1.180190827142535,moderate_stress
Kisii,2023,8,2023-08-01,cool_dry,114.24015419185162,-0.7234087925494752,0.5897876028153656,0.5061305218337718,0.07579176179963537,-0.7234087925494752,normal
Kisii,2023,9,2023-09-01,cool_dry,259.433402299881,1.5997384088896385,0.6198610235605507,0.665516707212944,0.992494302799787,0.665516707212944,good
Kisii,2023,10,2023-10-01,short_rains,267.97024953365326,0.711069066360397,0.5837838393596566,-1.4571403649489951,-0.6982670639907079,-1.4571403649489951,moderate_stress
Kisii,2023,11,2023-11-01,short_rains,305.30623656511307,0.5606234041089014,0.4799859367298479,-0.9613858813580912,-0.4286826314446438,-0.9613858813580912,normal
Kisii,2023,12,2023-12-01,short_rains,206.9931891411543,0.3799299398054013,0.6485332956371032,-0.3992410702263147,-0.12653121671521417,-0.3992410702263147,normal
Kisii,2024,1,2024-01-01,hot_dry,221.5291073322296,1.4775067280308856,0.4544616570766442,-2.167799244429886,-0.8919421540686161,-2.167799244429886,moderate_stress
Kisii,2024,2,2024-02-01,hot_dry,121.02856663614511,0.0307179453742185,0.4877563965291718,-0.4600692944113603,-0.2882937604864077,-0.4600692944113603,normal
Kisii,2024,3,2024-03-01,long_rains,162.71261759474874,-0.4543578822769209,0.6371143797596432,0.7853117434785782,0.3514273744641536,-0.4543578822769209,normal
Kisii,2024,4,2024-04-01,long_rains,281.73791585862637,-0.2969505066532376,0.6047440700504114,-0.2886591127260099,-0.29156110060053964,-0.2969505066532376,normal
Kisii,2024,5,2024-05-01,long_rains,222.90948809683323,-0.2086837579247446,0.5868851561537743,-1.40090350062155,-0.9836265906776681,-1.40090350062155,moderate_stress
Kisii,2024,6,2024-06-01,cool_dry,77.29005602002144,-1.514114113461747,0.725094593195809,0.9957772153358992,0.11731525025672307,-1.514114113461747,normal
Kisii,2024,7,2024-07-01,cool_dry,119.16696271300316,1.4694821522564987,0.6137636205178485,-0.5311679574262838,0.16905958096269003,-0.5311679574262838,normal
Kisii,2024,8,2024-08-01,cool_dry,93.81334257498384,-1.2408467549477824,0.551694929824131,-0.546399965492204,-0.7894563418016565,-1.2408467549477824,moderate_stress
Kisii,2024,9,2024-09-01,cool_dry,132.32094266917557,-0.7360624106846768,0.5747722064315187,-0.3536629405404263,-0.487502755090914,-0.7360624106846768,normal
Kisii,2024,10,2024-10-01,short_rains,152.76421387660776,-0.7935659310270141,0.6445102153762845,0.4744879332658251,0.030669080763331413,-0.7935659310270141,normal
Kisii,2024,11,2024-11-01,short_rains,243.93298944830897,-0.0092073797774377,0.6204166033865334,0.343137234335481,0.21981661939595945,-0.0092073797774377,normal
Kisii,2024,12,2024-12-01,short_rains,162.11112466454506,-0.0802990589429665,0.6449435254577985,-0.4622304678863226,-0.328554474756148,-0.4622304678863226,normal
Kisumu,2017,1,2017-01-01,hot_dry,54.384669326245785,-0.4805549380170216,0.2581397708192897,-1.4368623077490694,-1.1021547283428528,-1.4368623077490694,moderate_stress
Kisumu,2017,2,2017-02-01,hot_dry,156.63015075027943,0.66913590331661,0.3680862669224116,0.3312557632873796,0.4495138122976102,0.3312557632873796,normal
Kisumu,2017,3,2017-03-01,long_rains,99.41423250362276,-0.973803526860584,0.3234640577895471,-0.2514647954128756,-0.5042833514195735,-0.973803526860584,moderate_stress
Kisumu,2017,4,2017-04-01,long_rains,211.92288319021463,-0.8014039114707657,0.3970815877337562,0.6393743612562418,0.13510196580178918,-0.8014039114707657,normal
Kisumu,2017,5,2017-05-01,long_rains,243.4347553551197,0.7493024262510133,0.4383632231352189,-0.2100556184608594,0.12571969718829604,-0.2100556184608594,normal
Kisumu,2017,6,2017-06-01,cool_dry,94.42046754062176,-0.6260418878280215,0.4241097446953421,0.0888213832251724,-0.16138076164344545,-0.6260418878280215,normal
Kisumu,2017,7,2017-07-01,cool_dry,146.24905025959015,1.1485686917011724,0.2279831076997752,-1.8809781415524631,-0.8206367499136908,-1.8809781415524631,moderate_stress
Kisumu,2017,8,2017-08-01,cool_dry,132.23757746070623,-0.0724733336518373,0.3595026310207704,0.3436351681325301,0.19799719250800152,-0.0724733336518373,normal
Kisumu,2017,9,2017-09-01,cool_dry,128.16331282258034,-0.1543328452139702,0.5534913396722924,1.8499436135175904,1.1484468529615441,-0.1543328452139702,good
Kisumu,2017,10,2017-10-01,short_rains,133.87581349164248,-0.5722423343839078,0.3848108880389232,0.32460127081056,0.010706008992496269,-0.5722423343839078,normal
Kisumu,2017,11,2017-11-01,short_rains,139.43991308286786,-0.579489690918016,0.3873736067544099,-0.1640567866974646,-0.3094583031746576,-0.579489690918016,normal
Kisumu,2017,12,2017-12-01,short_rains,55.94406133890152,-0.8632634812222363,0.349059731965621,-0.988521950585757,-0.9446814863085247,-0.988521950585757,moderate_stress
Kisumu,2018,1,2018-01-01,hot_dry,29.156704153865576,-0.9267371512882971,0.2733158044346763,-1.2337029731444469,-1.1262649354947945,-1.2337029731444469,moderate_stress
Kisumu,2018,2,2018-02-01,hot_dry,59.7489447593689,-0.8223807456362308,0.224876718907044,-1.5570141067503618,-1.299892430360416,-1.5570141067503618,severe_stress
Kisumu,2018,3,2018-03-01,long_rains,253.5736504495144,0.9006352078207474,0.4506365954251224,1.59134689169324,1.3495978023378676,0.9006352078207474,very_good
Kisumu,2018,4,2018-04-01,long_rains,318.8544489592314,0.9448221913561312,,,,,no_data
Kisumu,2018,5,2018-05-01,long_rains,257.9492963850498,1.141311590875315,0.5072166419313959,1.8948918713164264,1.6311387731620375,1.141311590875315,very_good
Kisumu,2018,6,2018-06-01,cool_dry,136.03755486756563,0.6297349267802527,0.4064774866407857,-0.4640902838213457,-0.08125146011078632,-0.4640902838213457,normal
Kisumu,2018,7,2018-07-01,cool_dry,80.02619607746601,-0.6929439305620595,0.2940984350984473,-0.867133683129626,-0.8061672697309779,-0.867133683129626,moderate_stress
Kisumu,2018,8,2018-08-01,cool_dry,111.8598536849022,-0.6456420353439818,,,,,no_data
Kisumu,2018,9,2018-09-01,cool_dry,60.616610020399094,-1.724125215755361,0.4916908701410303,1.0911661706754077,0.10581418542463861,-1.724125215755361,normal
Kisumu,2018,10,2018-10-01,short_rains,206.33705127239227,0.4785377177966922,0.3201316896776575,-1.5169549350948424,-0.8185325065828053,-1.5169549350948424,moderate_stress
Kisumu,2018,11,2018-11-01,short_rains,87.59172327630222,-1.083169175993023,0.5698997405755277,2.1676289943466505,1.0298496347277648,-1.083169175993023,good
Kisumu,2018,12,2018-12-01,short_rains,153.10435187071562,0.3006018796603443,0.4395144106192484,0.1675175812389383,0.2140970856864304,0.1675175812389383,normal
Kisumu,2019,1,2019-01-01,hot_dry,23.03500624001026,-1.0350056028070294,0.4126709410829255,0.6318237878460188,0.04843350111745198,-1.0350056028070294,normal
Kisumu,2019,2,2019-02-01,hot_dry,74.22810857743025,-0.5994694629300655,0.318412303197258,-0.3237134781314255,-0.4202280728109495,-0.5994694629300655,normal
Kisumu,2019,3,2019-03-01,long_rains,79.70437532663345,-1.2134575177737628,0.3184635969118943,-0.3239246827248808,-0.6352611749919894,-1.2134575177737628,moderate_stress
Kisumu,2019,4,2019-04-01,long_rains,165.85991502553225,-1.553626670058287,0.2899983454847926,-1.1617418452668915,-1.29890153394388,-1.553626670058287,severe_stress
Kisumu,2019,5,2019-05-01,long_rains,192.73955664038655,-0.619875039136688,0.4310277748623615,-0.4343107636418231,-0.49925826006502577,-0.619875039136688,normal
Kisumu,2019,6,2019-06-01,cool_dry,148.79512245953083,1.0146887671806994,0.4307514233632181,0.2970908863642598,0.5482501446500136,0.2970908863642598,good
Kisumu,2019,7,2019-07-01,cool_dry,116.305235221982,0.3158967383175065,0.4438187801375103,1.428750616371821,1.039251759052811,0.3158967383175065,good
Kisumu,2019,8,2019-08-01,cool_dry,112.33908894658089,-0.6321624801314597,0.3654562177520435,0.5269533058700427,0.12126278076951694,-0.6321624801314597,normal
Kisumu,2019,9,2019-09-01,cool_dry,116.36889994889498,-0.4284362222263053,0.3748640322252654,-0.3432172571757431,-0.37304389494343987,-0.4284362222263053,normal
Kisumu,2019,10,2019-10-01,short_rains,290.1916985809803,1.6945366901177552,0.4074572840856144,0.9693929849600542,1.2231932817652496,0.9693929849600542,good
Kisumu,2019,11,2019-11-01,short_rains,190.73509473353624,-0.0811824061887449,0.4301260038884102,0.382085041960314,0.2199414351081434,-0.0811824061887449,normal
Kisumu,2019,12,2019-12-01,short_rains,236.01780714839697,1.293807005134752,0.5844419386404459,2.019737434715991,1.7656617843625573,1.293807005134752,very_good
Kisumu,2020,1,2020-01-01,hot_dry,141.51248971000314,1.0603891480675574,0.4658787044334456,1.344108306452531,1.2448066010177903,1.0603891480675574,good
Kisumu,2020,2,2020-02-01,hot_dry,95.5645662099123,-0.2709879843705438,0.4627956172905905,1.5800329236753825,0.9321756058593083,-0.2709879843705438,good
Kisumu,2020,3,2020-03-01,long_rains,303.3005007505417,1.505268616534455,0.4190935237146352,1.1342675389018133,1.2641179160732379,1.1342675389018133,very_good
Kisumu,2020,4,2020-04-01,long_rains,289.4914309978485,0.4653148723227604,0.451266602926106,1.5507542089708173,1.1708504411439975,0.4653148723227604,good
Kisumu,2020,5,2020-05-01,long_rains,162.97866427898407,-1.4236581232183578,0.4763916888901808,0.9525289696472484,0.1208634871442863,-1.4236581232183578,normal
Kisumu,2020,6,2020-06-01,cool_dry,142.88138529658318,0.836244419103774,0.4670932827330175,1.4366975088146066,1.2265389274158152,0.836244419103774,good
Kisumu,2020,7,2020-07-01,cool_dry,156.51360245049,1.434003420464708,0.3950700072542827,0.6812133177277185,0.9446898536856649,0.6812133177277185,good
Kisumu,2020,8,2020-08-01,cool_dry,160.8600072786212,0.7325960214195208,0.3835308643533576,1.083493540315913,0.9606794087021757,0.7325960214195208,good
Kisumu,2020,9,2020-09-01,cool_dry,176.22943311929703,0.9627287698331224,0.3916316331661784,-0.1373470192787927,0.24767950691037754,-0.1373470192787927,normal
Kisumu,2020,10,2020-10-01,short_rains,224.39889240264893,0.7404573723125967,0.4164176231848294,1.224513154863986,1.0550936309709997,0.7404573723125967,good
Kisumu,2020,11,2020-11-01,short_rains,406.4414818920195,2.0142983119754363,0.4314602318880863,0.3991291790950245,0.9644383756031685,0.3991291790950245,good
Kisumu,2020,12,2020-12-01,short_rains,98.9024701192975,-0.3486725545744228,0.4635718466213659,0.4749792567072335,0.1867011227586538,-0.3486725545744228,normal
Kisumu,2021,1,2021-01-01,hot_dry,95.55092778801918,0.2475121964929186,0.4207624521056179,0.7401436583060765,0.5677226466714712,0.2475121964929186,good
Kisumu,2021,2,2021-02-01,hot_dry,108.715944185853,-0.068518382478639,0.3558352485903169,0.1697216399390395,0.08633763209285203,-0.068518382478639,normal
Kisumu,2021,3,2021-03-01,long_rains,122.8712519928813,-0.6885874400544334,0.3118537902399722,-0.4197050234414811,-0.5138138692560144,-0.6885874400544334,moderate_stress
Kisumu,2021,4,2021-04-01,long_rains,330.6501017808914,1.1374489120904,0.383520518357395,0.4112802046116234,0.6654392522291952,0.4112802046116234,good
Kisumu,2021,5,2021-05-01,long_rains,257.69534946605563,1.1344529847803275,0.4296148256449296,-0.477506642080632,0.08667922732070382,-0.477506642080632,normal
Kisumu,2021,6,2021-06-01,cool_dry,84.35311532020569,-0.9298196943711688,0.4035524031046434,-0.5558149403692817,-0.6867166042699422,-0.9298196943711688,moderate_stress
Kisumu,2021,7,2021-07-01,cool_dry,68.81727683544159,-1.0046394399303196,0.3637890987281019,0.2015367130507664,-0.22062494049261366,-1.0046394399303196,normal
Kisumu,2021,8,2021-08-01,cool_dry,140.80863186344504,0.1686065915743404,0.3208011971879598,-0.8480287981846762,-0.49220641176902047,-0.8480287981846762,normal
Kisumu,2021,9,2021-09-01,cool_dry,172.33717987313867,0.8722724011791508,0.3599336337527364,-0.526530582455086,-0.03694953818310315,-0.526530582455086,normal
Kisumu,2021,10,2021-10-01,short_rains,118.40400590747596,-0.7966032103298842,0.3961571374388607,0.6476534502685934,0.14216361905912628,-0.7966032103298842,normal
Kisumu,2021,11,2021-11-01,short_rains,94.0208845883608,-1.0207130580224058,0.3508425061583681,-0.6307244689766577,-0.7672204751426694,-1.0207130580224058,moderate_stress
Kisumu,2021,12,2021-12-01,short_rains,0.0,-1.5334071662919906,0.33423349410158,-1.1780059809773704,-1.3023963958374876,-1.5334071662919906,severe_stress
Kisumu,2022,1,2022-01-01,hot_dry,128.99016523361206,0.8389191082922451,0.3204692245530773,-0.6024670587831338,-0.09798190030675119,-0.6024670587831338,normal
Kisumu,2022,2,2022-02-01,hot_dry,226.15668784081936,1.7395188176695415,0.3864647834641139,0.5735831745711769,0.9816606496556045,0.5735831745711769,good
Kisumu,2022,3,2022-03-01,long_rains,157.6276581324637,-0.2659810575548846,0.3211098215274505,-0.2855791897519492,-0.27871984348297657,-0.2855791897519492,normal
Kisumu,2022,4,2022-04-01,long_rains,195.314201021567,-1.0726289153119757,0.3243929083961168,-0.5832329826771893,-0.7545215590993646,-1.0726289153119757,moderate_stress
Kisumu,2022,5,2022-05-01,long_rains,232.2461299747229,0.447119692424345,0.4070710146097723,-1.1667031885722727,-0.6018651802234565,-1.1667031885722727,moderate_stress
Kisumu,2022,6,2022-06-01,cool_dry,93.37564451619984,-0.6575689507176076,0.4601704193406305,1.2196106259447828,0.5625977741129462,-0.6575689507176076,good
Kisumu,2022,7,2022-07-01,cool_dry,80.56368514895439,-0.6779975359721753,0.3543702045482348,0.0571028269240656,-0.20018230008961868,-0.6779975359721753,normal
Kisumu,2022,8,2022-08-01,cool_dry,204.2746732532978,1.9537298440621664,0.3845634293649513,1.115287466156277,1.4087422984233382,1.115287466156277,very_good
Kisumu,2022,9,2022-09-01,cool_dry,140.9968139223297,0.1439190498151759,0.4023480911325104,-0.0057718608100396,0.04661995790878582,-0.0057718608100396,normal
Kisumu,2022,10,2022-10-01,short_rains,84.73843048512936,-1.2847968457466548,0.3745213662467371,0.0316364043265777,-0.42911523319905365,-1.2847968457466548,normal
Kisumu,2022,11,2022-11-01,short_rains,194.56269827485085,-0.04399913348524,0.3345477361274244,-0.8388825162170106,-0.5606733322608909,-0.8388825162170106,moderate_stress
Kisumu,2022,12,2022-12-01,short_rains,245.1486018896103,1.4031831263717227,0.391104452887497,-0.4511770590478957,0.19784900584897075,-0.4511770590478957,normal
Kisumu,2023,1,2023-01-01,hot_dry,21.75536496192217,-1.057637359817528,0.3663928420703292,0.0123056686561903,-0.36217439130961104,-1.057637359817528,normal
Kisumu,2023,2,2023-02-01,hot_dry,23.971864193677906,-1.3731801578531029,0.2546889705921719,-1.163928747602604,-1.2371667411902787,-1.3731801578531029,moderate_stress
Kisumu,2023,3,2023-03-01,long_rains,257.951272636652,0.9538631241083608,0.227125526326764,-1.6474719444327095,-0.7370046704433348,-1.6474719444327095,moderate_stress
Kisumu,2023,4,2023-04-01,long_rains,285.4934920966625,0.4000272725709864,0.2924041004007686,-1.1212775851540635,-0.588820884950296,-1.1212775851540635,moderate_stress
Kisumu,2023,5,2023-05-01,long_rains,201.45202606916428,-0.3845684003978427,0.452836667388536,0.2324182729175432,0.01647293725715815,-0.3845684003978427,normal
Kisumu,2023,6,2023-06-01,cool_dry,152.33022466301918,1.1213588796163958,0.369076767896709,-1.6369005776329,-0.6715097675956465,-1.6369005776329,moderate_stress
Kisumu,2023,7,2023-07-01,cool_dry,65.04237645864487,-1.1096111566814506,0.3492850660968014,-0.0208751494718014,-0.4019327519951786,-1.1096111566814506,normal
Kisumu,2023,8,2023-08-01,cool_dry,87.58026990294456,-1.3285592083824216,0.31206521276714,-1.1170203267562524,-1.1910589353254117,-1.3285592083824216,moderate_stress
Kisumu,2023,9,2023-09-01,cool_dry,185.50687858462337,1.1783375635330091,0.3437446193780409,-0.7252970161494602,-0.059024913260595946,-0.7252970161494602,normal
Kisumu,2023,10,2023-10-01,short_rains,205.3118097633123,0.4636704127463922,0.357969270654107,-0.4396374384488434,-0.12347969053051094,-0.4396374384488434,normal
Kisumu,2023,11,2023-11-01,short_rains,221.02763375639915,0.2130946074075528,0.3458151259631348,-0.6949468938520814,-0.37713236841120945,-0.6949468938520814,normal
Kisumu,2023,12,2023-12-01,short_rains,125.13899622112513,-0.0343900040317169,0.4419469050122689,0.1986056324169396,0.11705715965990984,-0.0343900040317169,normal
Kisumu,2024,1,2024-01-01,hot_dry,158.0637265443802,1.353114599077155,0.4061591142973297,0.5446509184158332,0.8276132066472959,0.5446509184158332,good
Kisumu,2024,2,2024-02-01,hot_dry,160.31608444452286,0.7258820122824307,0.372546293384995,0.3900628310114085,0.5075995444562662,0.3900628310114085,good
Kisumu,2024,3,2024-03-01,long_rains,161.578910946846,-0.2179374062198983,0.3547943471915238,0.2025312051688448,0.05536719118278473,-0.2179374062198983,normal
Kisumu,2024,4,2024-04-01,long_rains,290.3935187160969,0.4800462485007503,0.3748143048149243,0.2648436382594599,0.3401645518439115,0.2648436382594599,normal
Kisumu,2024,5,2024-05-01,long_rains,177.0327432602644,-1.0440851315781126,0.419351771003964,-0.7912629011256392,-0.879750681784005,-1.0440851315781126,moderate_stress
Kisumu,2024,6,2024-06-01,cool_dry,69.14901815354824,-1.388596459764324,0.4089864405983681,-0.3854146025253044,-0.7365282525589613,-1.388596459764324,moderate_stress
Kisumu,2024,7,2024-07-01,cool_dry,126.0444582402706,0.5867232126626178,0.3767563939747827,0.4003835000795214,0.46560239948360516,0.4003835000795214,normal
Kisumu,2024,8,2024-08-01,cool_dry,128.55352801829576,-0.176095399546327,0.3124776672088582,-1.1043203555338326,-0.7794416209382057,-1.1043203555338326,moderate_stress
Kisumu,2024,9,2024-09-01,cool_dry,98.2137623336166,-0.8503635011648217,0.3048413352359064,-1.202946048323874,-1.0795421568182058,-1.202946048323874,moderate_stress
Kisumu,2024,10,2024-10-01,short_rains,123.4410407571122,-0.7235598025129896,0.3298165918807884,-1.2412048916860858,-1.0600291104755022,-1.2412048916860858,moderate_stress
Kisumu,2024,11,2024-11-01,short_rains,258.9159201979637,0.581160545224441,0.3516638215710302,-0.6202325496587727,-0.19974496644964793,-0.6202325496587727,normal
Kisumu,2024,12,2024-12-01,short_rains,109.82289299368855,-0.2178588050464526,0.4073827762634077,-0.2431349144680794,-0.23428827617051,-0.2431349144680794,normal
Kitui,2017,1,2017-01-01,hot_dry,10.828817749395968,-0.5531902869839415,0.3014192384922532,-0.8892553507615547,-0.77163257843939,-0.8892553507615547,moderate_stress
Kitui,2017,2,2017-02-01,hot_dry,18.614845994859937,0.1928678943178966,0.2274013323058689,-0.8482800268978942,-0.48387825447236743,-0.8482800268978942,normal
Kitui,2017,3,2017-03-01,long_rains,13.182096519507468,-0.8114276496174377,0.2154242920404204,-0.5873670430447512,-0.6657882553451915,-0.8114276496174377,moderate_stress
Kitui,2017,4,2017-04-01,long_rains,103.23706744611265,-0.956990741869039,,,,,no_data
Kitui,2017,5,2017-05-01,long_rains,41.74239408923313,0.2899560803716602,0.3239740902429908,-0.7152185539089797,-0.36340743191075575,-0.7152185539089797,normal
Kitui,2017,6,2017-06-01,cool_dry,1.4217698648571964,-1.0781475604532784,0.2717656726561153,-0.702313692511705,-0.8338555462912556,-1.0781475604532784,moderate_stress
Kitui,2017,7,2017-07-01,cool_dry,9.866155145457013,-0.7765976034554903,0.2087708329514294,-0.7554851181294019,-0.7628744879935329,-0.7765976034554903,moderate_stress
Kitui,2017,8,2017-08-01,cool_dry,12.066189378499985,1.3831463356908584,0.2038835542272042,0.1419904158992132,0.576394987826289,0.1419904158992132,good
Kitui,2017,9,2017-09-01,cool_dry,6.714699619333259,0.0996140026181808,0.1847620187107857,-0.6140097758573171,-0.3642414533908928,-0.6140097758573171,normal
Kitui,2017,10,2017-10-01,short_rains,46.61901644337922,-0.1272690849107443,0.1893919742884076,-0.754225227633516,-0.5347905776805458,-0.754225227633516,moderate_stress
Kitui,2017,11,2017-11-01,short_rains,161.79513396602124,-0.5493296392970325,,,,,no_data
Kitui,2017,12,2017-12-01,short_rains,30.42266407608986,-0.8274656463097557,0.4063265944152065,-1.2428003631127509,-1.0974332122317025,-1.2428003631127509,moderate_stress
Kitui,2018,1,2018-01-01,hot_dry,9.248314638622103,-0.6356241420859938,0.2696393913709131,-1.161885959948043,-0.9776943236963257,-1.161885959948043,moderate_stress
Kitui,2018,2,2018-02-01,hot_dry,6.821278724819422,-1.033984240802814,0.2418773653949657,-0.697396871193161,-0.8152024505565395,-1.033984240802814,moderate_stress
Kitui,2018,3,2018-03-01,long_rains,205.50771732162684,1.8092323018117944,0.17116240673951,-1.0978427342926238,-0.08036647165607747,-1.0978427342926238,normal
Kitui,2018,4,2018-04-01,long_rains,305.38996660523117,1.5923727175069289,0.5301250991772403,0.8317323248417287,1.0979564622745488,0.8317323248417287,good
Kitui,2018,5,2018-05-01,long_rains,35.896203679498285,-0.0143264187103636,0.6151854656269898,1.7676546171714675,1.1439612546128266,-0.0143264187103636,good
Kitui,2018,6,2018-06-01,cool_dry,5.7469893828965715,1.243597684750585,0.4417263982346199,1.477732458598973,1.3957852877520374,1.243597684750585,very_good
Kitui,2018,7,2018-07-01,cool_dry,14.871287633664906,0.933892380978498,0.3541340243819689,2.049200168518697,1.6588424428796276,0.933892380978498,very_good
Kitui,2018,8,2018-08-01,cool_dry,9.1163041384425,-0.1672733156925613,,,,,no_data
Kitui,2018,9,2018-09-01,cool_dry,8.654472464229912,1.2651740043070634,0.271547252351565,2.016447204615448,1.7535015845075135,1.2651740043070634,very_good
Kitui,2018,10,2018-10-01,short_rains,34.907483853399754,-0.3332289845212048,0.2387348963846167,1.836995761249926,1.0774171002300303,-0.3332289845212048,good
Kitui,2018,11,2018-11-01,short_rains,113.42395673692226,-0.972033965571366,0.2988809216613788,-0.4311171884724484,-0.6204380604570696,-0.972033965571366,moderate_stress
Kitui,2018,12,2018-12-01,short_rains,208.92248391825703,1.151908965246627,0.474554129303206,0.0700501898055102,0.4487007612099011,0.0700501898055102,normal
Kitui,2019,1,2019-01-01,hot_dry,18.798360442742705,-0.137525095859263,0.3276612520107529,-0.66413230015303,-0.4798197786502116,-0.66413230015303,normal
Kitui,2019,2,2019-02-01,hot_dry,14.650008688447995,-0.2195831481359464,0.2634941905411717,-0.4720855048607918,-0.38370968000709593,-0.4720855048607918,normal
Kitui,2019,3,2019-03-01,long_rains,12.21105634351261,-0.8246591997866,0.2355938928792044,-0.3547495017815426,-0.5192178960833127,-0.8246591997866,moderate_stress
Kitui,2019,4,2019-04-01,long_rains,95.45987207628788,-1.055069462356016,0.2145024758823094,-1.2671804793249395,-1.192941623385816,-1.2671804793249395,moderate_stress
Kitui,2019,5,2019-05-01,long_rains,23.214263231609948,-0.6743960131367084,0.281415208176988,-1.0780763108682263,-0.9367882066621951,-1.0780763108682263,moderate_stress
Kitui,2019,6,2019-06-01,cool_dry,4.166965076699852,0.3954525432337767,0.2448073054352248,-1.04810231220658,-0.5428581128024552,-1.04810231220658,moderate_stress
Kitui,2019,7,2019-07-01,cool_dry,13.147940488299357,0.344943329420796,0.2087761806728245,-0.7553819374316866,-0.37026809403331773,-0.7553819374316866,normal
Kitui,2019,8,2019-08-01,cool_dry,12.450515866745263,1.5851431224916384,0.1669682797841478,-1.144176721897225,-0.18891477636112286,-1.144176721897225,normal
Kitui,2019,9,2019-09-01,cool_dry,8.523404015693814,1.1864183183003172,0.1723760705642419,-0.9894273716283633,-0.22788138015332515,-0.9894273716283633,normal
Kitui,2019,10,2019-10-01,short_rains,187.4742781929672,2.34982222202649,0.1886079609055816,-0.7953973318956651,0.30542951197708923,-0.7953973318956651,normal
Kitui,2019,11,2019-11-01,short_rains,344.571705467999,1.0479117747283009,0.4523423757183006,1.2151133653337989,1.1565928086218746,1.0479117747283009,good
Kitui,2019,12,2019-12-01,short_rains,269.35311602801085,1.822020896250906,0.541240632296266,1.3532478382379625,1.5173184085424927,1.3532478382379625,very_good
Kitui,2020,1,2020-01-01,hot_dry,67.37628947012126,2.396140251145341,0.5458651746790193,1.2077794222914746,1.6237057123903278,1.2077794222914746,very_good
Kitui,2020,2,2020-02-01,hot_dry,31.710896224714816,1.5552137238923562,0.5119551766500037,2.117614133353385,1.9207739900420249,1.5552137238923562,very_good
Kitui,2020,3,2020-03-01,long_rains,157.19750943244435,1.1509496115889328,0.4415713076051012,2.020803695937516,1.7163547664155119,1.1509496115889328,very_good
Kitui,2020,4,2020-04-01,long_rains,200.45626149512827,0.2690468855382072,0.5215351853850757,0.7746087895994068,0.5976621231779871,0.2690468855382072,good
Kitui,2020,5,2020-05-01,long_rains,21.54512227093801,-0.7612714563292032,0.4900624299277887,0.7008534731157557,0.18910974781002016,-0.7612714563292032,normal
Kitui,2020,6,2020-06-01,cool_dry,6.005695182197087,1.382469008374157,0.3623593298480071,0.4597097867596857,0.7826755143247507,0.4597097867596857,good
Kitui,2020,7,2020-07-01,cool_dry,17.286327173002064,1.759225367424051,0.2891207094884911,0.7948118606980938,1.1323565880521789,0.7948118606980938,good
Kitui,2020,8,2020-08-01,cool_dry,9.685604783706369,0.1319433778846974,0.2436797240296326,1.5285309897477155,1.0397253255956591,0.1319433778846974,good
Kitui,2020,9,2020-09-01,cool_dry,7.574181718286127,0.6160548628676922,0.2289751347234434,0.726088012268005,0.6875764099778955,0.6160548628676922,good
Kitui,2020,10,2020-10-01,short_rains,24.92136452137493,-0.5088456358279418,0.2193252316088883,0.8177060917813428,0.3534129871180932,-0.5088456358279418,normal
Kitui,2020,11,2020-11-01,short_rains,180.38963019428775,-0.3868367158076357,0.314509094434053,-0.263468734490015,-0.3066475279511822,-0.3868367158076357,normal
Kitui,2020,12,2020-12-01,short_rains,95.15117409080268,-0.1096947853627621,0.4950419125028183,0.4642810167851826,0.26338948603340195,-0.1096947853627621,normal
Kitui,2021,1,2021-01-01,hot_dry,12.657732486026362,-0.457800096755477,0.4270644125497179,0.1886202039520781,-0.03762690129556619,-0.457800096755477,normal
Kitui,2021,2,2021-02-01,hot_dry,16.983119564130902,0.0231239135837338,0.3681170526961169,0.6183947049895956,0.41004992799754403,0.0231239135837338,normal
Kitui,2021,3,2021-03-01,long_rains,22.57536338083446,-0.6834334792416947,0.2462264226523157,-0.2321237268344701,-0.3900821401769987,-0.6834334792416947,normal
Kitui,2021,4,2021-04-01,long_rains,123.3701747134328,-0.703090806698668,0.2858422785550245,-0.792765737715731,-0.7613795118597588,-0.792765737715731,moderate_stress
Kitui,2021,5,2021-05-01,long_rains,54.51976680383086,0.9549927330996032,0.3360866694317904,-0.6119464964187752,-0.06351776608734278,-0.6119464964187752,normal
Kitui,2021,6,2021-06-01,cool_dry,1.004780151881277,-1.3019844962117726,0.2914988993720454,-0.4492002464221422,-0.7476747338485128,-1.3019844962117726,moderate_stress
Kitui,2021,7,2021-07-01,cool_dry,12.12811208004132,-0.0035801676647362,0.2109761870537527,-0.712934289809216,-0.4646603470586481,-0.712934289809216,normal
Kitui,2021,8,2021-08-01,cool_dry,8.070869214832783,-0.7167397246893558,0.1951642837994167,-0.1617981718594771,-0.3560277153499346,-0.7167397246893558,normal
Kitui,2021,9,2021-09-01,cool_dry,5.084026790806092,-0.8802156871171664,0.1805474773438649,-0.7417523570894639,-0.7902145225991597,-0.8802156871171664,moderate_stress
Kitui,2021,10,2021-10-01,short_rains,25.063257701694965,-0.5063502916063727,0.1923265786453577,-0.6001158218514423,-0.5672978862656679,-0.6001158218514423,moderate_stress
Kitui,2021,11,2021-11-01,short_rains,113.60980073735118,-0.9704099186183353,0.1903034950332107,-1.595862291843142,-1.3769539612144597,-1.595862291843142,severe_stress
Kitui,2021,12,2021-12-01,short_rains,0.0,-1.1648208825299735,0.4371337568642874,-0.6500015712245154,-0.8301883301814257,-1.1648208825299735,moderate_stress
Kitui,2022,1,2022-01-01,hot_dry,13.71786761796102,-0.4025069276001771,0.5688862237941742,1.405270700975514,0.7725485309740223,-0.4025069276001771,good
Kitui,2022,2,2022-02-01,hot_dry,15.575964900199324,-0.1232584883104805,0.33441105310763,0.2670783220556677,0.13046043842751584,-0.1232584883104805,normal
Kitui,2022,3,2022-03-01,long_rains,18.02103943005204,-0.7454914324871986,0.252664542538117,-0.1578724002879823,-0.363539061557708,-0.7454914324871986,normal
Kitui,2022,4,2022-04-01,long_rains,119.1502841860056,-0.756308122690371,0.2411764367569904,-1.0897967498785468,-0.9730757303626854,-1.0897967498785468,moderate_stress
Kitui,2022,5,2022-05-01,long_rains,13.764156434684992,-1.1662551404022476,0.3171562021931268,-0.7733479841213664,-0.9108654888196748,-1.1662551404022476,moderate_stress
Kitui,2022,6,2022-06-01,cool_dry,2.779499115422367,-0.349328729726548,0.2299932860979123,-1.2381182451749888,-0.9270419147680345,-1.2381182451749888,moderate_stress
Kitui,2022,7,2022-07-01,cool_dry,9.65121295209974,-0.8500534949500886,0.224813419282232,-0.4459541742983829,-0.5873889365264799,-0.8500534949500886,moderate_stress
Kitui,2022,8,2022-08-01,cool_dry,8.722865289542824,-0.3740594355959394,0.1610682376534344,-1.3497404191641544,-1.0082520749152792,-1.3497404191641544,moderate_stress
Kitui,2022,9,2022-09-01,cool_dry,6.6890543033368886,0.0842043866754266,0.1850938774310125,-0.603951151244234,-0.36309671297235285,-0.603951151244234,normal
Kitui,2022,10,2022-10-01,short_rains,18.871030962094665,-0.6152472602870125,0.1883801755679673,-0.8073593747320263,-0.7401201346762716,-0.8073593747320263,moderate_stress
Kitui,2022,11,2022-11-01,short_rains,174.4848441919312,-0.4384372500906575,0.2897547416286409,-0.5290166675420069,-0.49731387143403466,-0.5290166675420069,normal
Kitui,2022,12,2022-12-01,short_rains,70.90007290337235,-0.3786139026768786,0.4121743317529191,-1.130276801918001,-0.8671947871836082,-1.130276801918001,moderate_stress
Kitui,2023,1,2023-01-01,hot_dry,14.426661424338818,-0.3655385688959849,0.3199003316665016,-0.7307111113481362,-0.6029007214898832,-0.7307111113481362,moderate_stress
Kitui,2023,2,2023-02-01,hot_dry,2.4552186420187345,-1.4881733773040833,0.2354448633965646,-0.764442600822418,-1.0177483725910008,-1.4881733773040833,moderate_stress
Kitui,2023,3,2023-03-01,long_rains,66.84436673671007,-0.0802168942616084,0.2204416566020453,-0.5295013957632208,-0.3722518202376564,-0.5295013957632208,normal
Kitui,2023,4,2023-04-01,long_rains,244.2199146002531,0.8209531828957947,0.4882768301862358,0.5534383714474159,0.6470685554543485,0.5534383714474159,good
Kitui,2023,5,2023-05-01,long_rains,27.14994730660692,-0.4695515414371082,0.3916996786642932,-0.1377890277953242,-0.2539059075699486,-0.4695515414371082,normal
Kitui,2023,6,2023-06-01,cool_dry,3.952557794051245,0.2803603295437446,0.3634352534440872,0.4735104050292293,0.4059078786093097,0.2803603295437446,normal
Kitui,2023,7,2023-07-01,cool_dry,11.67791760340333,-0.1574328668991779,0.2231592030296608,-0.4778711674440485,-0.3657177622533438,-0.4778711674440485,normal
Kitui,2023,8,2023-08-01,cool_dry,7.113796256482601,-1.2197642838430098,0.2133015908909246,0.4701247570951412,-0.12133640723321165,-1.2197642838430098,normal
Kitui,2023,9,2023-09-01,cool_dry,4.687496495898813,-1.118480622322219,0.2005349995106177,-0.1359313550568772,-0.4798235985997468,-1.118480622322219,normal
Kitui,2023,10,2023-10-01,short_rains,72.66938270814717,0.330854630280722,0.1953870730799718,-0.4393953562116039,-0.16980786093928985,-0.4393953562116039,normal
Kitui,2023,11,2023-11-01,short_rains,426.73542934656143,1.7659212079447573,0.4397674213398447,1.0802177706207754,1.3202139736841692,1.0802177706207754,very_good
Kitui,2023,12,2023-12-01,short_rains,94.68900038534775,-0.1148198039735108,0.4626029973504145,-0.159916351092938,-0.14413255960113847,-0.159916351092938,normal
Kitui,2024,1,2024-01-01,hot_dry,24.426973092369735,0.1560448670354962,0.4801835093691645,0.6443143949916946,0.4734200602070252,0.1560448670354962,normal
Kitui,2024,2,2024-02-01,hot_dry,27.27532679680735,1.0937937227593375,0.2875951444493624,-0.2208821566243845,0.2392544011599182,-0.2208821566243845,normal
Kitui,2024,3,2024-03-01,long_rains,86.31159806950018,0.1850467419938121,0.3477411289925413,0.9386531060670776,0.6748908786414347,0.1850467419938121,good
Kitui,2024,4,2024-04-01,long_rains,241.6930198557675,0.7890863476731634,0.5539190045287159,0.989963481030665,0.9196564843555395,0.7890863476731634,good
Kitui,2024,5,2024-05-01,long_rains,71.53980753198266,1.840851756544368,0.5073057462029797,0.8478702828254463,1.1954137986270688,0.8478702828254463,good
Kitui,2024,6,2024-06-01,cool_dry,2.3639007892925283,-0.5724187795106648,0.4065693932828385,1.026781845927527,0.46706162702416,-0.5724187795106648,normal
Kitui,2024,7,2024-07-01,cool_dry,8.479752127546817,-1.2503969448538523,0.2636625971787111,0.3036146578959411,-0.24028940306648658,-1.2503969448538523,normal
Kitui,2024,8,2024-08-01,cool_dry,8.250370897352695,-0.6223960762463278,0.2145915745614776,0.5150691501787843,0.11695632092999511,-0.6223960762463278,normal
Kitui,2024,9,2024-09-01,cool_dry,4.464007818605751,-1.2527692653292954,0.2163208384021874,0.342536793992806,-0.21582032676992943,-1.2527692653292954,normal
Kitui,2024,10,2024-10-01,short_rains,20.321705089416355,-0.589735595153936,0.2178796352350206,0.741791259292985,0.27575686023656265,-0.589735595153936,normal
Kitui,2024,11,2024-11-01,short_rains,282.24055234342813,0.5032145067119685,0.3879293220295719,0.5241337463930349,0.5168120125046617,0.5032145067119685,good
Kitui,2024,12,2024-12-01,short_rains,70.90900630829856,-0.3785148406446518,0.5382351715061992,1.2954160425195542,0.7095402334120822,-0.3785148406446518,good
Kwale,2017,1,2017-01-01,hot_dry,14.972773285582662,-0.7314490941360051,0.3025324960450518,-0.8946026400381677,-0.8374988989724108,-0.8946026400381677,moderate_stress
Kwale,2017,2,2017-02-01,hot_dry,16.004089407622814,0.0175281619315504,,,,,no_data
Kwale,2017,3,2017-03-01,long_rains,47.160996697843075,-0.43887782983817,0.1854544831400777,-0.9889823802448666,-0.7964457876025228,-0.9889823802448666,moderate_stress
Kwale,2017,4,2017-04-01,long_rains,123.73097869940102,-0.5767770162409496,,,,,no_data
Kwale,2017,5,2017-05-01,long_rains,305.4565109796822,1.132130981537434,0.3220577285493019,-0.6506776130211961,-0.026694604925675602,-0.6506776130211961,normal
Kwale,2017,6,2017-06-01,cool_dry,63.552354183048,-0.4652899122985539,,,,,no_data
Kwale,2017,7,2017-07-01,cool_dry,39.64110642019659,-1.0498345636724455,0.235743021079882,-0.9591364030913708,-0.990880759294747,-1.0498345636724455,moderate_stress
Kwale,2017,8,2017-08-01,cool_dry,70.49604745209217,1.1999366555565232,,,,,no_data
Kwale,2017,9,2017-09-01,cool_dry,100.6096468484029,1.120042910106681,0.1753368218713516,-1.133093484187018,-0.34449574618422346,-1.133093484187018,normal
Kwale,2017,10,2017-10-01,short_rains,84.61771736852825,-0.4288772659806389,0.3431242449421731,1.5156639708076618,0.8350745379317566,-0.4288772659806389,good
Kwale,2017,11,2017-11-01,short_rains,216.8767132312059,0.2060527751034328,,,,,no_data
Kwale,2017,12,2017-12-01,short_rains,64.5751587189734,-0.6320052195495608,0.514629814916423,0.8017287512508121,0.29992186147068167,-0.6320052195495608,normal
Kwale,2018,1,2018-01-01,hot_dry,13.513329988345504,-0.7927923127973971,0.3858520142889076,0.1185166809805466,-0.2004414668417337,-0.7927923127973971,normal
Kwale,2018,2,2018-02-01,hot_dry,10.307656336575748,-1.1271634593277238,0.3330187105331019,-0.3617958485056589,-0.6296745122933816,-1.1271634593277238,moderate_stress
Kwale,2018,3,2018-03-01,long_rains,170.69844894111156,1.8121887974178417,,,,,no_data
Kwale,2018,4,2018-04-01,long_rains,217.21891848556697,0.1545277739447574,0.5999658125330651,1.3443315913696914,0.9279002552709645,0.1545277739447574,good
Kwale,2018,5,2018-05-01,long_rains,266.10997546091676,0.7325230075692502,,,,,no_data
Kwale,2018,6,2018-06-01,cool_dry,87.46780272573233,1.1094349519726514,0.5373028945662174,1.3551901666300885,1.2691758414999854,1.1094349519726514,very_good
Kwale,2018,7,2018-07-01,cool_dry,84.3102561160922,0.28783931283201,,,,,no_data
Kwale,2018,8,2018-08-01,cool_dry,51.29726645722985,-0.5643896183329606,,,,,no_data
Kwale,2018,9,2018-09-01,cool_dry,107.41405333578588,1.3575554662893206,,,,,no_data
Kwale,2018,10,2018-10-01,short_rains,249.32018655585125,0.8264872049421825,0.1581102908813566,-1.8435208193418688,-0.9090180108424509,-1.8435208193418688,moderate_stress
Kwale,2018,11,2018-11-01,short_rains,86.9417650476098,-0.6701224229357546,0.5386528972575502,1.4724959939978577,0.7225795480710934,-0.6701224229357546,good
Kwale,2018,12,2018-12-01,short_rains,140.78747354447842,0.6758746744412615,0.4676538423674868,0.3720111210247325,0.47836336472051766,0.3720111210247325,normal
Kwale,2019,1,2019-01-01,hot_dry,24.076428331434727,-0.3488049015505357,0.4065350956260203,0.3700115259159434,0.11842577630267574,-0.3488049015505357,normal
Kwale,2019,2,2019-02-01,hot_dry,15.61518920212984,-0.0606208834766121,0.3511378263583406,-0.1855303158597424,-0.1418120145256468,-0.1855303158597424,normal
Kwale,2019,3,2019-03-01,long_rains,19.810061540454623,-0.9372593023312225,0.3030569487527915,-0.0151522474828238,-0.3378897166797633,-0.9372593023312225,normal
Kwale,2019,4,2019-04-01,long_rains,69.14555450156331,-1.003768800224027,0.2594065835733313,-0.7355572469924582,-0.8294312906235073,-1.003768800224027,moderate_stress
Kwale,2019,5,2019-05-01,long_rains,343.5088441297412,1.518594886284658,0.3171395238292609,-0.7003566517412311,0.07627638656783015,-0.7003566517412311,normal
Kwale,2019,6,2019-06-01,cool_dry,57.85594104230404,-0.8403731307412511,0.4487943024196699,0.3193661117831384,-0.08654262310039787,-0.8403731307412511,normal
Kwale,2019,7,2019-07-01,cool_dry,68.6600196659565,-0.1808267039376789,0.3385292536125541,0.7194155098080058,0.4043307349970162,-0.1808267039376789,normal
Kwale,2019,8,2019-08-01,cool_dry,75.55101352185011,1.6644770580373085,0.3336577589050886,1.2775395845182516,1.4129677002499215,1.2775395845182516,very_good
Kwale,2019,9,2019-09-01,cool_dry,92.04201650619508,0.8209837949907672,0.2979571287554257,1.1656235326771174,1.0449996244868949,0.8209837949907672,good
Kwale,2019,10,2019-10-01,short_rains,415.6583920349367,2.094319280234324,0.2954739478957659,0.6505067782221651,1.1558411539264206,0.6505067782221651,good
Kwale,2019,11,2019-11-01,short_rains,161.7714965492487,-0.1655318125248681,0.4963715280139136,1.138806550195969,0.682288123243676,-0.1655318125248681,good
Kwale,2019,12,2019-12-01,short_rains,183.4441554695368,1.407906194043853,0.5362176905380044,0.9992061051056474,1.1422511362340193,0.9992061051056474,good
Kwale,2020,1,2020-01-01,hot_dry,86.02335568889976,2.254944019345596,0.5426182208036954,2.024707163720806,2.1052900631894826,2.024707163720806,very_good
Kwale,2020,2,2020-02-01,hot_dry,20.07198017090559,0.834966094555566,0.5115829239850063,1.3753041567692583,1.186185834994466,0.834966094555566,good
Kwale,2020,3,2020-03-01,long_rains,121.25414198543876,0.9112277748726956,0.4575381605407583,1.264059529250991,1.1405684152185878,0.9112277748726956,good
Kwale,2020,4,2020-04-01,long_rains,450.0520372465253,1.9758533422825328,0.5046623234487854,0.7622869825395511,1.1870352084495948,0.7622869825395511,good
Kwale,2020,5,2020-05-01,long_rains,156.94788090139627,-0.3761398738234134,0.5485635702924283,1.637269538999159,0.9325762445112588,-0.3761398738234134,good
Kwale,2020,6,2020-06-01,cool_dry,97.67407022416592,1.781471822721741,0.4543894444586377,0.3848465648520595,0.8736654051064479,0.3848465648520595,good
Kwale,2020,7,2020-07-01,cool_dry,85.447083889856,0.3218830505212519,0.3282296728889445,0.5512180722749095,0.47095081466112937,0.3218830505212519,normal
Kwale,2020,8,2020-08-01,cool_dry,49.1868255417794,-0.7583345546087085,0.2790945133941835,-0.3003880310216791,-0.4606693142771393,-0.7583345546087085,normal
Kwale,2020,9,2020-09-01,cool_dry,72.03877303004265,0.1227566242927444,0.2472071993283237,0.2142335929257511,0.18221665390419875,0.1227566242927444,normal
Kwale,2020,10,2020-10-01,short_rains,58.08050678670406,-0.6311442476852663,0.2565504970594001,-0.0562024248397487,-0.2574320628356799,-0.6311442476852663,normal
Kwale,2020,11,2020-11-01,short_rains,199.2635976858437,0.087284305059181,0.3764005693515502,0.191981904150513,0.1553377444685468,0.087284305059181,normal
Kwale,2020,12,2020-12-01,short_rains,87.89514126256108,-0.2318108891869784,0.4556622443500596,0.2623167218868637,0.08937205801101901,-0.2318108891869784,normal
Kwale,2021,1,2021-01-01,hot_dry,43.56630673445761,0.4703923052363853,0.3418458645411225,-0.4165737935303475,-0.10613565896199104,-0.4165737935303475,normal
Kwale,2021,2,2021-02-01,hot_dry,21.463920772075653,1.1146749445635402,0.4031085562093927,0.320048900452377,0.5981680158912841,0.320048900452377,good
Kwale,2021,3,2021-03-01,long_rains,25.940408416092392,-0.8255537505761409,0.3169807705229062,0.1001466719088792,-0.2238484759608778,-0.8255537505761409,normal
Kwale,2021,4,2021-04-01,long_rains,104.71182907558976,-0.7255533745280753,0.2992967011217163,-0.4919373324675468,-0.5737029471887318,-0.7255533745280753,moderate_stress
Kwale,2021,5,2021-05-01,long_rains,164.40582764148712,-0.3003961025490922,0.4042904936809514,0.1799597751265451,0.011835217940072043,-0.3003961025490922,normal
Kwale,2021,6,2021-06-01,cool_dry,55.00958703830838,-1.0277927567879874,0.3121964624020757,-1.279250758046698,-1.1912404576061493,-1.279250758046698,moderate_stress
Kwale,2021,7,2021-07-01,cool_dry,70.29987671412528,-0.1317191218710644,0.286498934762758,-0.1302662917535878,-0.13077478229470463,-0.1317191218710644,normal
Kwale,2021,8,2021-08-01,cool_dry,51.74007427692413,-0.5236965414767059,0.2498264081306136,-1.1467994040527496,-0.9287134021511343,-1.1467994040527496,moderate_stress
Kwale,2021,9,2021-09-01,cool_dry,52.89932116679847,-0.5453192974504456,0.2225310340495074,-0.2483612453908232,-0.35229656361169104,-0.5453192974504456,normal
Kwale,2021,10,2021-10-01,short_rains,57.128576561808586,-0.6383998728682271,0.2276599202060328,-0.5807508938302354,-0.6009280364935325,-0.6383998728682271,moderate_stress
Kwale,2021,11,2021-11-01,short_rains,51.95860377699137,-0.906020298625142,0.2071283806423375,-1.1439337369922236,-1.060664033563745,-1.1439337369922236,moderate_stress
Kwale,2021,12,2021-12-01,short_rains,0.0,-1.7401798227378034,0.2735437159280236,-1.4036315961017212,-1.52142347542435,-1.7401798227378034,severe_stress
Kwale,2022,1,2022-01-01,hot_dry,21.23815454542637,-0.4681030269423268,0.3400999566753596,-0.4378030688406783,-0.4484080541762553,-0.4681030269423268,normal
Kwale,2022,2,2022-02-01,hot_dry,19.006655484437943,0.6208903339329581,0.2833691308545124,-0.8447945605897317,-0.3318048475067903,-0.8447945605897317,normal
Kwale,2022,3,2022-03-01,long_rains,28.39956578798592,-0.7807436384156664,0.224308948680483,-0.6672404070772517,-0.7069665380456969,-0.7807436384156664,moderate_stress
Kwale,2022,4,2022-04-01,long_rains,147.17072242498398,-0.3934207789931078,0.193558714708124,-1.1377082851570184,-0.8772076579996496,-1.1377082851570184,moderate_stress
Kwale,2022,5,2022-05-01,long_rains,130.78448013216257,-0.6418584036930833,0.258106771724717,-1.296649515598962,-1.0674726264319045,-1.296649515598962,moderate_stress
Kwale,2022,6,2022-06-01,cool_dry,75.70495123416185,0.3349040170648101,0.3196328442392065,-1.1922221091763918,-0.6577279649919712,-1.1922221091763918,moderate_stress
Kwale,2022,7,2022-07-01,cool_dry,129.01032709516585,1.6264391660567936,0.2039147539449783,-1.478908335257315,-0.3920367097973769,-1.478908335257315,normal
Kwale,2022,8,2022-08-01,cool_dry,47.22109013795853,-0.9389813686644564,0.2530148816807756,-1.054591170852733,-1.014127740086836,-1.054591170852733,moderate_stress
Kwale,2022,9,2022-09-01,cool_dry,49.64358564093709,-0.6589630176537896,0.1653183743774106,-1.3209055711250677,-1.0892256774101203,-1.3209055711250677,moderate_stress
Kwale,2022,10,2022-10-01,short_rains,45.13676354661584,-0.7298016355467282,0.2364325657211703,-0.4214713544386466,-0.5293869528264752,-0.7298016355467282,moderate_stress
Kwale,2022,11,2022-11-01,short_rains,127.55834885127842,-0.3962373454001068,0.2372175033479937,-0.9064669094095688,-0.7278865620062571,-0.9064669094095688,moderate_stress
Kwale,2022,12,2022-12-01,short_rains,64.69763918966055,-0.6299033316147168,0.2407173916274137,-1.7039138366193856,-1.3280101598677514,-1.7039138366193856,severe_stress
Kwale,2023,1,2023-01-01,hot_dry,22.079133024439216,-0.4327550782928173,0.3132522898622326,-0.7642558682081025,-0.6482305917377528,-0.7642558682081025,moderate_stress
Kwale,2023,2,2023-02-01,hot_dry,6.958717241883278,-1.80012888769138,0.2270359366109664,-1.392812498371951,-1.535373234633751,-1.80012888769138,severe_stress
Kwale,2023,3,2023-03-01,long_rains,51.191972106695175,-0.3654264670863446,0.1774802681166899,-1.0550144216178097,-0.8136586375317969,-1.0550144216178097,moderate_stress
Kwale,2023,4,2023-04-01,long_rains,319.060439132154,0.9511780377006668,0.2591747380935697,-0.7369731910767039,-0.14612026100462422,-0.7369731910767039,normal
Kwale,2023,5,2023-05-01,long_rains,114.3499620258808,-0.8087692739134749,0.3863479295518932,-0.001278987560983,-0.2839005877843551,-0.8087692739134749,normal
Kwale,2023,6,2023-06-01,cool_dry,67.34097120165825,-0.2158264991512562,0.4921492331607722,0.8267527854238289,0.46185003582254913,-0.2158264991512562,normal
Kwale,2023,7,2023-07-01,cool_dry,98.43352446705104,0.7107783491144868,0.3818870434655602,1.4274704633127848,1.1766282233433805,0.7107783491144868,good
Kwale,2023,8,2023-08-01,cool_dry,50.40326884388924,-0.6465460572461101,0.3028787305694376,0.3874334638952938,0.025540631495802463,-0.6465460572461101,normal
Kwale,2023,9,2023-09-01,cool_dry,39.91475209593773,-0.9985547407868586,0.2411009101528776,0.09976127431737,-0.28464933096911,-0.9985547407868586,normal
Kwale,2023,10,2023-10-01,short_rains,158.27123745530844,0.1325108706488326,0.2917390349346161,0.5826942563217755,0.4251300713362455,0.1325108706488326,normal
Kwale,2023,11,2023-11-01,short_rains,527.3554510474205,2.2996678755512288,0.3303955174255019,-0.1710952729584209,0.6936718290199564,-0.1710952729584209,good
Kwale,2023,12,2023-12-01,short_rains,140.94559445604682,0.6785881881500803,0.4813816417597353,0.4975876041281064,0.5609378085357972,0.4975876041281064,good
Kwale,2024,1,2024-01-01,hot_dry,33.53050264343619,0.0485680891371009,,,,,no_data
Kwale,2024,2,2024-02-01,hot_dry,17.906690748408437,0.3998536955121008,0.482212087819964,1.089580166105442,0.8481759013977727,0.3998536955121008,good
Kwale,2024,3,2024-03-01,long_rains,105.51560938172042,0.624444415957007,0.4693878576551566,1.36218325526288,1.1039746615058246,0.624444415957007,good
Kwale,2024,4,2024-04-01,long_rains,148.62571340426803,-0.3820391839417976,0.542857836543834,0.9955574817844854,0.5133986487802864,-0.3820391839417976,good
Kwale,2024,5,2024-05-01,long_rains,70.30596400052309,-1.2560852214122782,0.4688158239897506,0.8317334537966666,0.10099691747353601,-1.2560852214122782,normal
Kwale,2024,6,2024-06-01,cool_dry,60.34426017478109,-0.6765284927801541,0.3860716498282098,-0.414682761466023,-0.5063287674259689,-0.6765284927801541,moderate_stress
Kwale,2024,7,2024-07-01,cool_dry,21.784954665228724,-1.5845594890433536,0.2865279158767246,-0.1297930152934245,-0.6389612811058996,-1.5845594890433536,moderate_stress
Kwale,2024,8,2024-08-01,cool_dry,63.6144677400589,0.5675344267351095,0.3184175928267255,0.8368055575136121,0.7425606617411362,0.5675344267351095,good
Kwale,2024,9,2024-09-01,cool_dry,33.61357454583049,-1.2185017397884197,0.3010039900151796,1.22274190078267,0.36830662658278873,-1.2185017397884197,normal
Kwale,2024,10,2024-10-01,short_rains,58.8742489926517,-0.6250943337444784,0.268077180309656,0.1530804870988996,-0.1192807001962827,-0.6250943337444784,normal
Kwale,2024,11,2024-11-01,short_rains,118.83016714453696,-0.4550930762279709,0.278357092097898,-0.5817885289841273,-0.5374451205194726,-0.5817885289841273,moderate_stress
Kwale,2024,12,2024-12-01,short_rains,128.87998494505882,0.4715302064538646,0.446083606571765,0.1746951293249453,0.27858740632006707,0.1746951293249453,normal
Laikipia,2017,1,2017-01-01,hot_dry,11.964555113576353,-1.112592174728169,0.2693809087603619,-1.0115268438248477,-1.0468997096410102,-1.112592174728169,moderate_stress
Laikipia,2017,2,2017-02-01,hot_dry,36.279163831844926,0.3919395091038079,0.2435937488905676,-0.602408177241139,-0.2543864870204076,-0.602408177241139,normal
Laikipia,2017,3,2017-03-01,long_rains,21.850987073034048,-0.8076870573048787,0.2177392880170627,-0.6697686551028147,-0.7180400958735371,-0.8076870573048787,moderate_stress
Laikipia,2017,4,2017-04-01,long_rains,56.353427693247795,-1.0921664922538623,0.291747911248357,-0.0074689007927321,-0.38711305780412764,-1.0921664922538623,normal
Laikipia,2017,5,2017-05-01,long_rains,75.37817532010376,-0.5215471239505944,0.4405733939028139,-0.0606744778265297,-0.22197990396995235,-0.5215471239505944,normal
Laikipia,2017,6,2017-06-01,cool_dry,21.66733143851161,-0.7447607037974223,0.2853656987252064,-1.0969167676180305,-0.9736621452808176,-1.0969167676180305,moderate_stress
Laikipia,2017,7,2017-07-01,cool_dry,85.81053583323956,1.522803581906227,0.4024105886396832,-0.0276865321448911,0.5149850077730002,-0.0276865321448911,good
Laikipia,2017,8,2017-08-01,cool_dry,98.37337348982692,0.8183830965715112,0.3885283653544162,0.1112441133954789,0.35874275750709017,0.1112441133954789,normal
Laikipia,2017,9,2017-09-01,cool_dry,41.966397592797875,0.2951048788257892,0.4021657897538537,0.3457056239689684,0.3279953631688557,0.2951048788257892,normal
Laikipia,2017,10,2017-10-01,short_rains,122.34589995630084,1.0827078799689909,0.3453031771890327,0.264854645799133,0.5511032777585831,0.264854645799133,good
Laikipia,2017,11,2017-11-01,short_rains,107.55234251916409,0.0231319097845883,0.5696020766585115,1.5626921938347271,1.0238460944171786,0.0231319097845883,good
Laikipia,2017,12,2017-12-01,short_rains,21.129692688584328,-0.6224527254252101,0.4126981549256803,0.3470273458534857,0.007709320905942202,-0.6224527254252101,normal
Laikipia,2018,1,2018-01-01,hot_dry,10.901083283126354,-1.1732813836379523,0.3045941187377259,-0.5182753767518324,-0.7475274791619744,-1.1732813836379523,moderate_stress
Laikipia,2018,2,2018-02-01,hot_dry,8.861996065825224,-0.9783259982680204,0.255101793426762,-0.4527214883892416,-0.6366830668468142,-0.9783259982680204,moderate_stress
Laikipia,2018,3,2018-03-01,long_rains,172.30017495155334,1.8196190690804055,0.5227706285952783,2.10375203150144,2.004305494654078,1.8196190690804055,very_good
Laikipia,2018,4,2018-04-01,long_rains,237.00034241378307,1.089080837080345,,,,,no_data
Laikipia,2018,5,2018-05-01,long_rains,159.50879271887243,1.3165613319692395,0.5927206185364199,1.123071990139083,1.1907932597796378,1.123071990139083,good
Laikipia,2018,6,2018-06-01,cool_dry,191.91807034052908,2.0521047669302903,0.505323429885814,1.0035670280363245,1.3705552366492124,1.0035670280363245,very_good
Laikipia,2018,7,2018-07-01,cool_dry,54.90860085003078,-0.118193874232395,0.5531128993089652,1.373070999512304,0.8511282937016593,-0.118193874232395,good
Laikipia,2018,8,2018-08-01,cool_dry,51.226736010983586,-0.8875405609203995,,,,,no_data
Laikipia,2018,9,2018-09-01,cool_dry,29.160641729831696,-0.8656628788102138,0.3685022037784499,-0.0880314062228436,-0.36020242162842314,-0.8656628788102138,normal
Laikipia,2018,10,2018-10-01,short_rains,53.08832336589694,-0.7525318716766052,0.3097839696432455,-0.3899644318522818,-0.516863035790795,-0.7525318716766052,moderate_stress
Laikipia,2018,11,2018-11-01,short_rains,66.7267253138125,-0.8841006102217316,0.3526943294556841,-0.3886601443832954,-0.5620643074267481,-0.8841006102217316,moderate_stress
Laikipia,2018,12,2018-12-01,short_rains,108.9366598688066,1.2749704505483543,0.3569721754642961,-0.4279491997378365,0.1680726778623302,-0.4279491997378365,normal
Laikipia,2019,1,2019-01-01,hot_dry,28.01903996244073,-0.1964099524690262,0.3428319928921957,0.0173442823638757,-0.05746969982763996,-0.1964099524690262,normal
Laikipia,2019,2,2019-02-01,hot_dry,15.458064530044794,-0.648665211350959,0.2551725866300613,-0.4518006716369456,-0.5207032605368502,-0.648665211350959,moderate_stress
Laikipia,2019,3,2019-03-01,long_rains,23.60065968334675,-0.7771323854381559,0.2245921721711247,-0.6074582842138279,-0.6668442196423428,-0.7771323854381559,moderate_stress
Laikipia,2019,4,2019-04-01,long_rains,84.2914366722107,-0.754824957434112,0.2255034265953413,-0.740197074068502,-0.7453168332464655,-0.754824957434112,moderate_stress
Laikipia,2019,5,2019-05-01,long_rains,62.91220359131694,-0.7939070418308122,0.2795534846812363,-1.31345282637805,-1.1316118017865169,-1.31345282637805,moderate_stress
Laikipia,2019,6,2019-06-01,cool_dry,101.3805449604988,0.5647615684595085,0.3912861505566497,-0.0854306446870661,0.142136629914235,-0.0854306446870661,normal
Laikipia,2019,7,2019-07-01,cool_dry,57.24457655288279,0.0058543508403941,0.4590776608528397,0.4990262159677405,0.3264160631731693,0.0058543508403941,normal
Laikipia,2019,8,2019-08-01,cool_dry,77.64457550924271,0.0683455804852911,0.4712968270941824,0.8767197150893534,0.5937887679779317,0.0683455804852911,good
Laikipia,2019,9,2019-09-01,cool_dry,45.970155546441674,0.658022397455724,0.4300862384384201,0.7054454479709312,0.6888473802906087,0.658022397455724,good
Laikipia,2019,10,2019-10-01,short_rains,148.10084933042526,1.7651820469839836,0.3538213679976189,0.4218928860624277,0.8920440923849722,0.4218928860624277,good
Laikipia,2019,11,2019-11-01,short_rains,179.7204506099224,1.6268616032743086,0.4836020967590599,0.7890164536751324,1.082262256034844,0.7890164536751324,good
Laikipia,2019,12,2019-12-01,short_rains,133.169010207057,1.7986079774627737,0.4697430210245886,1.14034553784123,1.3707373917087704,1.14034553784123,very_good
Laikipia,2020,1,2020-01-01,hot_dry,54.99489049240947,1.343022481429683,0.4808922165399842,1.9512323857908511,1.7383589192644422,1.343022481429683,very_good
Laikipia,2020,2,2020-02-01,hot_dry,43.447817385196686,0.750217168644951,0.4528635598750426,2.1195925053602656,1.6403111375099053,0.750217168644951,very_good
Laikipia,2020,3,2020-03-01,long_rains,129.94636319484562,1.0799910878777566,0.366087941901726,0.6791027743020123,0.8194136840535228,0.6791027743020123,good
Laikipia,2020,4,2020-04-01,long_rains,249.8030548710376,1.2436690424688632,0.3984043255499305,1.172254362640913,1.1972495005806956,1.172254362640913,good
Laikipia,2020,5,2020-05-01,long_rains,114.7772079706192,0.339253584627517,0.5543052492230942,0.8241900496386736,0.6544622868847687,0.339253584627517,good
Laikipia,2020,6,2020-06-01,cool_dry,97.1444884687662,0.4951719724895466,0.5025893956761919,0.9774584001478018,0.8086581504674125,0.4951719724895466,good
Laikipia,2020,7,2020-07-01,cool_dry,73.02454660832882,0.8438242298463887,0.5023850635924775,0.9015626488508772,0.8813542021993063,0.8438242298463887,good
Laikipia,2020,8,2020-08-01,cool_dry,121.91178787872197,1.6700819687102324,0.4457657016485709,0.6405977285064905,1.0009172125778,0.6405977285064905,good
Laikipia,2020,9,2020-09-01,cool_dry,45.519887797534466,0.6172082283564726,0.4424958038945684,0.8653359620371796,0.7784912552489321,0.6172082283564726,good
Laikipia,2020,10,2020-10-01,short_rains,74.95083635300398,-0.1732024339444996,0.3780986397907508,0.869459761054741,0.5045279928050068,-0.1732024339444996,good
Laikipia,2020,11,2020-11-01,short_rains,71.60114934295416,-0.7757804843239688,0.4053633157039618,0.0851622561188194,-0.21616770303615646,-0.7757804843239688,normal
Laikipia,2020,12,2020-12-01,short_rains,31.020602508448064,-0.4087197822846672,0.3946156436951413,0.0955553713003924,-0.08094093245437846,-0.4087197822846672,normal
Laikipia,2021,1,2021-01-01,hot_dry,38.99114826321602,0.4297359912037388,0.3345068065591619,-0.0992713393038124,0.0858812263738305,-0.0992713393038124,normal
Laikipia,2021,2,2021-02-01,hot_dry,37.42085718875751,0.4489994884686999,0.3152662039947853,0.3298451219787484,0.3715491502502314,0.3298451219787484,normal
Laikipia,2021,3,2021-03-01,long_rains,41.70744778588414,-0.4609321055844094,0.2799618449101924,-0.1040053194751636,-0.22892969461339963,-0.4609321055844094,normal
Laikipia,2021,4,2021-04-01,long_rains,56.149005591869354,-1.0946348165171271,0.2281631949409353,-0.7107774595690922,-0.8451275345009044,-1.0946348165171271,moderate_stress
Laikipia,2021,5,2021-05-01,long_rains,141.6637424044311,0.9266778520487704,0.3936656125129563,-0.425629676148842,0.04767795872032227,-0.425629676148842,normal
Laikipia,2021,6,2021-06-01,cool_dry,21.30827996507287,-0.7506591725779465,0.3639691056865792,-0.346294446982105,-0.4878221009406495,-0.7506591725779465,normal
Laikipia,2021,7,2021-07-01,cool_dry,44.84434203244746,-0.6526401193153952,0.3393601181819051,-0.613732100895844,-0.6273499073426869,-0.6526401193153952,moderate_stress
Laikipia,2021,8,2021-08-01,cool_dry,55.566499803215265,-0.7305133344417984,0.3192431570488942,-0.5295330063111399,-0.5998761211568704,-0.7305133344417984,moderate_stress
Laikipia,2021,9,2021-09-01,cool_dry,42.8661111779511,0.3766587153918294,0.3207950188843237,-0.7027125845711272,-0.3249326295840924,-0.7027125845711272,normal
Laikipia,2021,10,2021-10-01,short_rains,66.62039095256478,-0.393948889429307,0.3407996578888564,0.1818294164066898,-0.01969299063590907,-0.393948889429307,normal
Laikipia,2021,11,2021-11-01,short_rains,53.04346192628145,-1.1881719843919851,0.3050994165885315,-0.8168350053934723,-0.9468029480429518,-1.1881719843919851,moderate_stress
Laikipia,2021,12,2021-12-01,short_rains,0.0,-1.0790448376004436,0.3121407499740411,-1.0514160924902238,-1.0610861532788007,-1.0790448376004436,moderate_stress
Laikipia,2022,1,2022-01-01,hot_dry,29.080575444735587,-0.1358312452522307,0.3213266450957238,-0.2838933599113959,-0.23207161978068808,-0.2838933599113959,normal
Laikipia,2022,2,2022-02-01,hot_dry,20.48887215182185,-0.3972336186651484,0.2404697876869858,-0.6430419623464393,-0.5570090420579874,-0.6430419623464393,moderate_stress
Laikipia,2022,3,2022-03-01,long_rains,35.646920904517174,-0.5667675682350626,0.2191693555311624,-0.6567656573581314,-0.6252663261650573,-0.6567656573581314,moderate_stress
Laikipia,2022,4,2022-04-01,long_rains,92.9796254336834,-0.6499181641903328,0.1921230751220249,-1.1094160979081396,-0.9485918211069071,-1.1094160979081396,moderate_stress
Laikipia,2022,5,2022-05-01,long_rains,41.51245715096593,-1.2614544829735093,0.2821617738058728,-1.2931596330834836,-1.2820628305449926,-1.2931596330834836,severe_stress
Laikipia,2022,6,2022-06-01,cool_dry,25.70034182816744,-0.6785067328915678,0.2691811516118252,-1.2514709120542586,-1.0509334493473168,-1.2514709120542586,moderate_stress
Laikipia,2022,7,2022-07-01,cool_dry,33.05260852351785,-1.2788211239072562,0.2364543226959816,-1.570227508550293,-1.46823527392523,-1.570227508550293,severe_stress
Laikipia,2022,8,2022-08-01,cool_dry,77.53567365184426,0.0644051456034993,0.240359958653564,-1.2590761497496934,-0.7958576963760761,-1.2590761497496934,moderate_stress
Laikipia,2022,9,2022-09-01,cool_dry,51.23500775825232,1.1352508220473554,0.3113674654366753,-0.8241814927660315,-0.1383801825813461,-0.8241814927660315,normal
Laikipia,2022,10,2022-10-01,short_rains,36.765834625810385,-1.1850575483798966,0.2933625600664392,-0.6927035134874465,-0.8650274256998041,-1.1850575483798966,moderate_stress
Laikipia,2022,11,2022-11-01,short_rains,102.84905235096812,-0.081385255752692,0.2087304480193537,-1.6837925694922848,-1.1229500096834275,-1.6837925694922848,moderate_stress
Laikipia,2022,12,2022-12-01,short_rains,46.132224870845675,-0.0821723177979085,0.2642456804265478,-1.7174888274610547,-1.1451280490789537,-1.7174888274610547,moderate_stress
Laikipia,2023,1,2023-01-01,hot_dry,21.41962401382625,-0.5730192069130721,0.271720739748933,-0.9787514998968871,-0.8367451973525519,-0.9787514998968871,moderate_stress
Laikipia,2023,2,2023-02-01,hot_dry,2.9153842385858297,-1.2755279974728586,0.219638250407287,-0.914000579971336,-1.0405351760968689,-1.2755279974728586,moderate_stress
Laikipia,2023,3,2023-03-01,long_rains,93.55150228738783,0.4444247390031244,0.191425129308489,-0.9090321464885548,-0.4353222365664671,-0.9090321464885548,normal
Laikipia,2023,4,2023-04-01,long_rains,181.19655753672123,0.4152699562350334,0.2807386179877497,-0.1292423492866785,0.061336957645920634,-0.1292423492866785,normal
Laikipia,2023,5,2023-05-01,long_rains,55.70921105518937,-0.951279968571955,0.4396530824666339,-0.067834749166542,-0.37704057595843654,-0.951279968571955,normal
Laikipia,2023,6,2023-06-01,cool_dry,57.99359925091266,-0.1479956924961524,0.3421351614684046,-0.5547974433692138,-0.4124168305636423,-0.5547974433692138,normal
Laikipia,2023,7,2023-07-01,cool_dry,36.024655448272824,-1.120995361679175,0.2971342566168418,-1.006215755295662,-1.0463886175298915,-1.120995361679175,moderate_stress
Laikipia,2023,8,2023-08-01,cool_dry,36.35571461543441,-1.4256240503552455,0.2542758793276766,-1.130376189315094,-1.2337129406791472,-1.4256240503552455,moderate_stress
Laikipia,2023,9,2023-09-01,cool_dry,35.91727605648339,-0.2532130273184101,0.2484124591698977,-1.6353225718480406,-1.1515842312626698,-1.6353225718480406,moderate_stress
Laikipia,2023,10,2023-10-01,short_rains,93.82703185454012,0.3269932998613639,0.2264062166081598,-1.9270860939474117,-1.1381583061143403,-1.9270860939474117,moderate_stress
Laikipia,2023,11,2023-11-01,short_rains,162.53158223628998,1.2448881895662285,0.4536792254834714,0.5198233723638558,0.7735960583846863,0.5198233723638558,good
Laikipia,2023,12,2023-12-01,short_rains,34.783592221327126,-0.3274052337760944,0.4544725897170955,0.9279809240874022,0.4885957688351784,-0.3274052337760944,normal
Laikipia,2024,1,2024-01-01,hot_dry,56.315319672226906,1.4183754903670287,0.4074968517077756,0.9231417515340494,1.0964735601255922,0.9231417515340494,good
Laikipia,2024,2,2024-02-01,hot_dry,62.62370055820793,1.7085966595395274,0.337153432066034,0.6145352522460874,0.9974567447987914,0.6145352522460874,good
Laikipia,2024,3,2024-03-01,long_rains,26.212833903729916,-0.7315157793987803,0.3094562997754621,0.1641752568350437,-0.1493166058467947,-0.7315157793987803,normal
Laikipia,2024,4,2024-04-01,long_rains,216.66382348909977,0.8435245946111926,0.4302815656862294,1.524847518984232,1.2863844954536683,0.8435245946111926,very_good
Laikipia,2024,5,2024-05-01,long_rains,142.53420018032193,0.9456958486813438,0.6043419805419883,1.2134893228256944,1.1197616068751717,0.9456958486813438,good
Laikipia,2024,6,2024-06-01,cool_dry,18.90646438440308,-0.7901160061162564,0.5420078830114207,1.3538847865265444,0.6034845091015641,-0.7901160061162564,good
Laikipia,2024,7,2024-07-01,cool_dry,72.1647914275527,0.7981683165412112,0.4531793301753197,0.4442020325557677,0.5680902319506729,0.4442020325557677,good
Laikipia,2024,8,2024-08-01,cool_dry,87.4313005246222,0.4224621543469092,0.5160293433054796,1.2904237883846077,0.9866372164714132,0.4224621543469092,good
Laikipia,2024,9,2024-09-01,cool_dry,17.050589356571436,-1.9633691359485463,0.4788516281896783,1.3337610214309643,0.17976546634813562,-1.9633691359485463,normal
Laikipia,2024,10,2024-10-01,short_rains,56.1975026242435,-0.6701424833840297,0.3999182088359934,1.2717173299641502,0.5920663952922873,-0.6701424833840297,good
Laikipia,2024,11,2024-11-01,short_rains,108.06645695865154,0.0345566320652523,0.3884041244605936,-0.0674065567234807,-0.03171944064742415,-0.0674065567234807,normal
Laikipia,2024,12,2024-12-01,short_rains,24.30749391205609,-0.5537835311268039,0.4370685891430196,0.6859449406066072,0.2520399754999133,-0.5537835311268039,normal
Lamu,2017,1,2017-01-01,hot_dry,9.510580296628175,-0.196200139772634,0.4646204290528832,-0.3415304273365317,-0.29066482668916754,-0.3415304273365317,normal
Lamu,2017,2,2017-02-01,hot_dry,1.511933512985706,-0.8157180239089483,,,,,no_data
Lamu,2017,3,2017-03-01,long_rains,15.378934623673558,-0.7319949415562965,0.3545572617244164,-0.2469553565612833,-0.41671921130953793,-0.7319949415562965,normal
Lamu,2017,4,2017-04-01,long_rains,129.48655584454536,-0.180099216401602,0.2780671998559852,-0.9092322365823275,-0.6540356795190736,-0.9092322365823275,moderate_stress
Lamu,2017,5,2017-05-01,long_rains,285.94099482893944,0.4589374830740532,,,,,no_data
Lamu,2017,6,2017-06-01,cool_dry,97.746380507946,0.0769547084292559,0.5858525339727961,0.8795263728830589,0.5986262903242279,0.0769547084292559,good
Lamu,2017,7,2017-07-01,cool_dry,35.51757731847465,-1.6542649222756132,0.5562687640203399,0.8805509047963576,-0.006634634678832074,-1.6542649222756132,normal
Lamu,2017,8,2017-08-01,cool_dry,30.094983018934727,0.264703892116695,0.6123679555989497,1.5846942033593865,1.1226975944244446,0.264703892116695,good
Lamu,2017,9,2017-09-01,cool_dry,15.183630526065826,-0.7704799670308337,0.5246595743723942,1.3853683240563517,0.6308214221758368,-0.7704799670308337,good
Lamu,2017,10,2017-10-01,short_rains,42.46367361955345,-0.212711373288142,,,,,no_data
Lamu,2017,11,2017-11-01,short_rains,71.43546000123024,-0.5106860151708872,0.6250248869858757,1.4955357421124826,0.7933581270633032,-0.5106860151708872,good
Lamu,2017,12,2017-12-01,short_rains,12.02167409658432,-0.7219633978919241,0.5200877810235898,0.6006109581639634,0.13770993354440275,-0.7219633978919241,normal
Lamu,2018,1,2018-01-01,hot_dry,4.273643419146538,-0.6512859234252643,0.4468553415359725,-0.5490377184385765,-0.5848245901839173,-0.6512859234252643,moderate_stress
Lamu,2018,2,2018-02-01,hot_dry,3.371571190655231,0.3708093159366356,0.3584566964203158,-0.5868972282332937,-0.2516999377738185,-0.5868972282332937,normal
Lamu,2018,3,2018-03-01,long_rains,69.75905688293278,1.5888023916420275,0.4459833749014795,0.924634729203024,1.157093411056675,0.924634729203024,good
Lamu,2018,4,2018-04-01,long_rains,178.9181536361575,0.3014310987594736,,,,,no_data
Lamu,2018,5,2018-05-01,long_rains,431.19697418808937,1.700146600546459,,,,,no_data
Lamu,2018,6,2018-06-01,cool_dry,199.02728962432593,2.3039445615576217,0.6220582043020912,1.545834653978521,1.8111731216312064,1.545834653978521,very_good
Lamu,2018,7,2018-07-01,cool_dry,73.91793950647116,0.2917169011459477,,,,,no_data
Lamu,2018,8,2018-08-01,cool_dry,24.586585806682702,-0.2590876005387345,0.5683052797247592,1.0412340284693449,0.5861214583165172,-0.2590876005387345,good
Lamu,2018,9,2018-09-01,cool_dry,18.58380099013448,-0.3197706346876263,,,,,no_data
Lamu,2018,10,2018-10-01,short_rains,73.84110896289349,0.4748446591084168,0.5243753562820831,1.3373801516126984,1.0354927292362,0.4748446591084168,good
Lamu,2018,11,2018-11-01,short_rains,33.700359055772424,-1.0308794923785485,0.5602579644054149,0.8989257413873936,0.22349390956931386,-1.0308794923785485,normal
Lamu,2018,12,2018-12-01,short_rains,58.232140339910984,-0.0032088508200034,0.5179035318041612,0.5541891885050674,0.3590998747412926,-0.0032088508200034,normal
Lamu,2019,1,2019-01-01,hot_dry,15.684007555246351,0.3402659371608301,0.415611018807086,-0.9139908753322687,-0.4750009909596842,-0.9139908753322687,normal
Lamu,2019,2,2019-02-01,hot_dry,4.2134428806602955,0.9079589923643734,0.3725622332629171,-0.3900940375505696,0.06422452291966041,-0.3900940375505696,normal
Lamu,2019,3,2019-03-01,long_rains,11.09101413562894,-0.91499185329873,0.3328265639323408,-0.5254257979397683,-0.6617739173154049,-0.91499185329873,moderate_stress
Lamu,2019,4,2019-04-01,long_rains,52.62618878670037,-0.9288226731829292,0.3401293785285388,-0.447763442646633,-0.6161341733343366,-0.9288226731829292,moderate_stress
Lamu,2019,5,2019-05-01,long_rains,298.30084400996566,0.564552119812291,0.4070109833852973,-0.7229069820831816,-0.27229629641976616,-0.7229069820831816,normal
Lamu,2019,6,2019-06-01,cool_dry,63.754745464771986,-0.6704618283378742,0.5008042833295129,-0.6856525944139503,-0.6803358262873237,-0.6856525944139503,moderate_stress
Lamu,2019,7,2019-07-01,cool_dry,90.50910875946283,1.132493184389566,0.5394808990620332,0.5047819813237406,0.7244809023967795,0.5047819813237406,good
Lamu,2019,8,2019-08-01,cool_dry,25.442352823913097,-0.1777130253132245,0.4699608107923349,-0.171726855660468,-0.17382201503893277,-0.1777130253132245,normal
Lamu,2019,9,2019-09-01,cool_dry,33.943676333874464,1.7162564510744376,0.4533470467123998,0.3791856728505541,0.8471604452289133,0.3791856728505541,good
Lamu,2019,10,2019-10-01,short_rains,153.44051553262398,2.219061532264077,0.5020342839183295,1.055056870466385,1.4624585020955774,1.055056870466385,very_good
Lamu,2019,11,2019-11-01,short_rains,176.70755606889725,0.9405319843657046,0.5207266931827442,0.5347776421238909,0.6767916619085257,0.5347776421238909,good
Lamu,2019,12,2019-12-01,short_rains,90.1795642375946,0.4936992754209924,0.5409597746359718,1.0442026834934617,0.8515264906680975,0.4936992754209924,good
Lamu,2020,1,2020-01-01,hot_dry,38.80099075692124,2.349113983669633,0.6119901449414231,1.3798396759854652,1.719085683674924,1.3798396759854652,very_good
Lamu,2020,2,2020-02-01,hot_dry,2.815739698708057,0.0161653605780995,0.4547125374802475,0.7560829683963738,0.4971118056599778,0.0161653605780995,normal
Lamu,2020,3,2020-03-01,long_rains,59.71592586487532,1.1601885762381736,0.446101035671642,0.9261425062156904,1.0080586307235595,0.9261425062156904,good
Lamu,2020,4,2020-04-01,long_rains,229.50570368766785,0.7942219452585507,0.4734298930986035,0.5434042702080761,0.6311904564757422,0.5434042702080761,good
Lamu,2020,5,2020-05-01,long_rains,218.60436841100457,-0.1164524941132044,0.5717782002229008,1.2192726405964196,0.7517688434480512,-0.1164524941132044,good
Lamu,2020,6,2020-06-01,cool_dry,93.02784936875103,-0.0267975293847109,0.5337288520286264,-0.0797278158865062,-0.061202215610877846,-0.0797278158865062,normal
Lamu,2020,7,2020-07-01,cool_dry,95.03033417277038,1.3616114002755175,0.511799164610179,-0.1148284087205999,0.40192552442804114,-0.1148284087205999,normal
Lamu,2020,8,2020-08-01,cool_dry,28.5721423169598,0.1198975222002846,0.5226140640739295,0.4776877717817586,0.3524611844282427,0.1198975222002846,normal
Lamu,2020,9,2020-09-01,cool_dry,21.97084107180126,0.1291982008339375,0.4525218067328352,0.3675419662289318,0.2841216483406838,0.1291982008339375,normal
Lamu,2020,10,2020-10-01,short_rains,27.97808915749192,-0.5301258104688478,0.4188780903445145,0.0042152172480442,-0.182804142452868,-0.5301258104688478,normal
Lamu,2020,11,2020-11-01,short_rains,72.3464499488473,-0.4981276539454302,0.443521526682303,-0.1764090656370996,-0.2890105715450153,-0.4981276539454302,normal
Lamu,2020,12,2020-12-01,short_rains,26.276969887316227,-0.500237466465655,0.4564764244665757,-0.7513189019973645,-0.6634403995612662,-0.7513189019973645,moderate_stress
Lamu,2021,1,2021-01-01,hot_dry,5.371676042675972,-0.5558677336235679,0.4324583209542367,-0.7172038891941427,-0.6607362347444415,-0.7172038891941427,moderate_stress
Lamu,2021,2,2021-02-01,hot_dry,2.5616880767047405,-0.1459302986240793,0.3881002723697024,-0.1733042969479456,-0.16372339753459242,-0.1733042969479456,normal
Lamu,2021,3,2021-03-01,long_rains,15.784631779417396,-0.7146808782916424,0.3343867067516166,-0.5054331744329597,-0.5786698707834986,-0.7146808782916424,moderate_stress
Lamu,2021,4,2021-04-01,long_rains,50.98780493251979,-0.9447827377753032,0.3982170910410227,-0.0158471417857052,-0.34097460038206445,-0.9447827377753032,normal
Lamu,2021,5,2021-05-01,long_rains,68.14905907213688,-1.4020897707845985,0.3893880052580172,-0.9306363451607058,-1.0956450441290682,-1.4020897707845985,moderate_stress
Lamu,2021,6,2021-06-01,cool_dry,95.50513492524624,0.0276736423864359,0.4661537226852545,-1.3233415335188476,-0.8504862219519984,-1.3233415335188476,moderate_stress
Lamu,2021,7,2021-07-01,cool_dry,58.42544078826904,-0.493383009042584,0.4722466378349213,-1.0001470864602862,-0.8227796593640904,-1.0001470864602862,moderate_stress
Lamu,2021,8,2021-08-01,cool_dry,16.91887211613357,-0.9882077137894654,0.4129649050996619,-0.8747028838117639,-0.9144295743039594,-0.9882077137894654,moderate_stress
Lamu,2021,9,2021-09-01,cool_dry,18.28128402121365,-0.3598707480571317,0.3292126714945806,-1.372285756656903,-1.017940503646983,-1.372285756656903,moderate_stress
Lamu,2021,10,2021-10-01,short_rains,15.103322014212608,-0.8122433168297235,0.3078032951819245,-1.399432741649141,-1.1939164429623448,-1.399432741649141,moderate_stress
Lamu,2021,11,2021-11-01,short_rains,35.2184201143682,-1.0099524127922,0.2780813232564038,-1.7003857493102237,-1.4587340815289154,-1.7003857493102237,severe_stress
Lamu,2021,12,2021-12-01,short_rains,0.0,-0.908947724664098,0.4014964922120634,-1.919805413645673,-1.5660052225021217,-1.919805413645673,severe_stress
Lamu,2022,1,2022-01-01,hot_dry,6.2021246985532335,-0.4837023846448123,0.5630687205446623,0.8084069575278725,0.3561686877674328,-0.4837023846448123,normal
Lamu,2022,2,2022-02-01,hot_dry,5.502800323069096,1.7306234686878572,0.4451632360172475,0.6228492589898894,1.010570232384178,0.6228492589898894,good
Lamu,2022,3,2022-03-01,long_rains,8.848838210105896,-1.010681890252065,0.3054264001564403,-0.8765482411086307,-0.9234950183088326,-1.010681890252065,moderate_stress
Lamu,2022,4,2022-04-01,long_rains,68.39811355993152,-0.7751828912206419,0.2770057636328596,-0.9171246390761196,-0.8674450273267025,-0.9171246390761196,moderate_stress
Lamu,2022,5,2022-05-01,long_rains,245.3735383749008,0.1122894686820335,0.3933707323314905,-0.8836902868776549,-0.535097372431764,-0.8836902868776549,moderate_stress
Lamu,2022,6,2022-06-01,cool_dry,86.91599318420049,-0.1611865452962265,0.5108836999950144,-0.5001568217420898,-0.3815172249860376,-0.5001568217420898,normal
Lamu,2022,7,2022-07-01,cool_dry,71.43632701039314,0.1659583787002097,0.4694361505066144,-1.0630552525918444,-0.6329004816396255,-1.0630552525918444,moderate_stress
Lamu,2022,8,2022-08-01,cool_dry,17.27376647107303,-0.954460938321774,0.3864654654853645,-1.201541637962637,-1.115063393088335,-1.201541637962637,moderate_stress
Lamu,2022,9,2022-09-01,cool_dry,11.27006343821995,-1.2892425490493542,0.3372948211272616,-1.2582508316346768,-1.2690979327298137,-1.2892425490493542,severe_stress
Lamu,2022,10,2022-10-01,short_rains,19.660496100783348,-0.7123845329738261,0.336898611463904,-1.0317563371787295,-0.9199762057070133,-1.0317563371787295,moderate_stress
Lamu,2022,11,2022-11-01,short_rains,91.79962107166648,-0.2299579001736956,0.3877091014827655,-0.6905334012097555,-0.5293319758471345,-0.6905334012097555,moderate_stress
Lamu,2022,12,2022-12-01,short_rains,19.237850058823824,-0.6097234724598851,0.4642969951570015,-0.5851085959742127,-0.593723802744198,-0.6097234724598851,moderate_stress
Lamu,2023,1,2023-01-01,hot_dry,5.5575099010020494,-0.5397189143759731,0.4101663172319522,-0.9775883821635512,-0.8243340684378988,-0.9775883821635512,moderate_stress
Lamu,2023,2,2023-02-01,hot_dry,0.6458935635164379,-1.368288070097475,0.2849662017292148,-1.6122508891006402,-1.5268639024495323,-1.6122508891006402,severe_stress
Lamu,2023,3,2023-03-01,long_rains,42.70889640972018,0.4343743087200659,0.2769772875804196,-1.2411125552264977,-0.6546921528452004,-1.2411125552264977,moderate_stress
Lamu,2023,4,2023-04-01,long_rains,349.10042859613895,1.9592355832872652,0.3732303234732039,-0.201638452057128,0.5546674603134095,-0.201638452057128,good
Lamu,2023,5,2023-05-01,long_rains,84.9119239449501,-1.258851462751511,0.4828890140729728,0.1714988823789776,-0.3291237384166934,-1.258851462751511,normal
Lamu,2023,6,2023-06-01,cool_dry,61.78006527945399,-0.7138815880363542,0.4979335924110977,-0.7384831348792624,-0.7298725934842445,-0.7384831348792624,moderate_stress
Lamu,2023,7,2023-07-01,cool_dry,69.56162795610726,0.0709558819485962,0.4845667435943274,-0.7243816517383374,-0.44601351494791064,-0.7243816517383374,normal
Lamu,2023,8,2023-08-01,cool_dry,50.550131199881434,2.2097765122166035,0.4058363111825367,-0.9626255262763848,0.14771518719616117,-0.9626255262763848,normal
Lamu,2023,9,2023-09-01,cool_dry,30.090275678783655,1.2054692258867212,0.4210989064287512,-0.0758188032460171,0.3726320069504413,-0.0758188032460171,normal
Lamu,2023,10,2023-10-01,short_rains,59.07894102483988,0.1513696043119399,0.4352066333154793,0.2105583932981139,0.18984231715295302,0.1513696043119399,normal
Lamu,2023,11,2023-11-01,short_rains,237.3022367283702,1.7758539218397642,0.4083096868493692,-0.5007680895224814,0.2960496144543045,-0.5007680895224814,normal
Lamu,2023,12,2023-12-01,short_rains,199.04364475607872,2.186964010588296,0.5066951654621412,0.3159781840310066,0.9708232233260579,0.3159781840310066,good
Lamu,2024,1,2024-01-01,hot_dry,8.746422950178385,-0.2626048249882117,0.6061056115036072,1.311104658951734,0.760306339572753,-0.2626048249882117,good
Lamu,2024,2,2024-02-01,hot_dry,1.7001613080501556,-0.6956207449364633,0.4996897821142772,1.383614224446185,0.6558819851622582,-0.6956207449364633,good
Lamu,2024,3,2024-03-01,long_rains,36.959002094343305,0.1889842867984667,0.4943705756734066,1.544697889850426,1.0701981287822404,0.1889842867984667,good
Lamu,2024,4,2024-04-01,long_rains,124.77448724210262,-0.2260011087248132,0.66235877979446,1.94820164193984,1.1872306792072114,-0.2260011087248132,good
Lamu,2024,5,2024-05-01,long_rains,225.38268323778175,-0.0585319444655228,0.5656012269660264,1.146462091146146,0.724714178682062,-0.0585319444655228,good
Lamu,2024,6,2024-06-01,cool_dry,56.215100418776274,-0.8362454213181477,0.5870737470150194,0.9020008735790652,0.2936146703650407,-0.8362454213181477,normal
Lamu,2024,7,2024-07-01,cool_dry,50.89320044219494,-0.8750878151416401,0.5847063373684299,1.517079513390982,0.6798209484045643,-0.8750878151416401,good
Lamu,2024,8,2024-08-01,cool_dry,25.051189030054957,-0.2149086485703845,0.4925578842728615,0.1069809001007609,-0.005680441934139968,-0.2149086485703845,normal
Lamu,2024,9,2024-09-01,cool_dry,18.645742527745995,-0.3115599789701503,0.4671727696781191,0.5742594284017599,0.26422263582159133,-0.3115599789701503,normal
Lamu,2024,10,2024-10-01,short_rains,25.80192980915308,-0.5778107621238948,0.404615424055764,-0.1760215537973728,-0.3166477767116555,-0.5778107621238948,normal
Lamu,2024,11,2024-11-01,short_rains,149.3369753062725,0.5632175682552923,0.477746270656102,0.1388571800557945,0.2873833159256187,0.1388571800557945,normal
Lamu,2024,12,2024-12-01,short_rains,62.51571751385927,0.0634176262922771,0.5267052551969171,0.7412518974237503,0.5040099025277347,0.0634176262922771,good
Machakos,2017,1,2017-01-01,hot_dry,12.008859634399414,-0.7714497829475946,0.3165088059149886,-1.2949932252006906,-1.1117530204121069,-1.2949932252006906,moderate_stress
Machakos,2017,2,2017-02-01,hot_dry,36.368153132498264,0.2065817921642523,0.2413320638962915,-1.1101616031547046,-0.6493014147930697,-1.1101616031547046,moderate_stress
Machakos,2017,3,2017-03-01,long_rains,28.968843042850494,-0.8845615479024966,0.2514150385473835,-0.6325941482370449,-0.720782738119953,-0.8845615479024966,moderate_stress
Machakos,2017,4,2017-04-01,long_rains,115.9500098824501,-0.8715662600715686,,,,,no_data
Machakos,2017,5,2017-05-01,long_rains,58.67551524750888,-0.4419406731163888,,,,,no_data
Machakos,2017,6,2017-06-01,cool_dry,5.434242337942123,-0.5619379043447679,,,,,no_data
Machakos,2017,7,2017-07-01,cool_dry,8.54104414395988,-0.2195724506819016,0.2812464235605709,-0.1047285696470319,-0.14492392800923629,-0.2195724506819016,normal
Machakos,2017,8,2017-08-01,cool_dry,7.023539086803794,0.6305863843393681,0.2525261514108283,-0.0328799507416264,0.19933326653672168,-0.0328799507416264,normal
Machakos,2017,9,2017-09-01,cool_dry,3.2764010475948444,-0.4905350563827579,,,,,no_data
Machakos,2017,10,2017-10-01,short_rains,55.47455155849457,-0.1027607615061818,0.2128339249991689,-0.3473605864863072,-0.2617506477432633,-0.3473605864863072,normal
Machakos,2017,11,2017-11-01,short_rains,181.99639275670052,-0.5044792359863874,,,,,no_data
Machakos,2017,12,2017-12-01,short_rains,20.646468222141262,-0.7957239568054817,0.4210534778591192,-0.6360525426758564,-0.6919375376212252,-0.7957239568054817,moderate_stress
Machakos,2018,1,2018-01-01,hot_dry,25.77759083546698,-0.4451393221152727,0.346485562616595,-0.9362409757237918,-0.7643553969608101,-0.9362409757237918,moderate_stress
Machakos,2018,2,2018-02-01,hot_dry,19.94931312650442,-0.7206123636668864,0.253987569812469,-0.9684293407554604,-0.8816933987744595,-0.9684293407554604,moderate_stress
Machakos,2018,3,2018-03-01,long_rains,230.29516152478757,1.7186094659848994,,,,,no_data
Machakos,2018,4,2018-04-01,long_rains,367.9706914424896,0.8866134664918565,,,,,no_data
Machakos,2018,5,2018-05-01,long_rains,123.77706994116308,0.8188116954183472,0.6836656800679453,1.7340123489663324,1.4136921202245376,0.8188116954183472,very_good
Machakos,2018,6,2018-06-01,cool_dry,17.545718014240265,1.5317726285436273,0.5158496408766883,1.0425273981320862,1.2137632287761255,1.0425273981320862,good
Machakos,2018,7,2018-07-01,cool_dry,10.858959451317787,0.3655627654578135,,,,,no_data
Machakos,2018,8,2018-08-01,cool_dry,9.829451277852058,1.6650845303986728,,,,,no_data
Machakos,2018,9,2018-09-01,cool_dry,4.908630013465881,0.407450266580746,,,,,no_data
Machakos,2018,10,2018-10-01,short_rains,32.617899522185326,-0.3972879168276429,0.2810238335513304,1.262955631609035,0.6818703896561977,-0.3972879168276429,good
Machakos,2018,11,2018-11-01,short_rains,139.13028517365456,-0.9855731574742198,0.2891088591953407,-0.6968609176505514,-0.7979102015888353,-0.9855731574742198,moderate_stress
Machakos,2018,12,2018-12-01,short_rains,184.9185322523117,1.1365425311638295,0.4300903131125878,-0.4880428542022417,0.08056203067588319,-0.4880428542022417,normal
Machakos,2019,1,2019-01-01,hot_dry,19.520167749375105,-0.5934364005481158,0.4360304375626429,0.1354034865438941,-0.11969047393830934,-0.5934364005481158,normal
Machakos,2019,2,2019-02-01,hot_dry,21.301958337426186,-0.6442266546873364,0.3581804371583819,0.1984533514586319,-0.09648465069245699,-0.6442266546873364,normal
Machakos,2019,3,2019-03-01,long_rains,19.582711577415463,-1.0059252401787704,0.2546271311570225,-0.575107588624986,-0.7258937666688106,-1.0059252401787704,moderate_stress
Machakos,2019,4,2019-04-01,long_rains,142.73729688860476,-0.6846892758005892,0.2238551684220765,-0.986523584840006,-0.8808815766762101,-0.986523584840006,moderate_stress
Machakos,2019,5,2019-05-01,long_rains,40.363186202943325,-0.7965760166955785,0.2893077755676108,-1.188594223645584,-1.051387851213082,-1.188594223645584,moderate_stress
Machakos,2019,6,2019-06-01,cool_dry,12.57300871796906,0.6721404822338312,0.3371977874810202,-1.142492913040137,-0.5073712246942481,-1.142492913040137,moderate_stress
Machakos,2019,7,2019-07-01,cool_dry,13.681176405400038,1.0780040363610297,0.279961590957369,-0.1251387938412171,0.2959611967295692,-0.1251387938412171,normal
Machakos,2019,8,2019-08-01,cool_dry,6.971393097192049,0.6113609325415966,0.1646550683626473,-1.5581791489053325,-0.7988401203989074,-1.5581791489053325,moderate_stress
Machakos,2019,9,2019-09-01,cool_dry,6.757642671465874,1.4247010712015715,0.1929751165999623,0.0086429728643253,0.5042633072823615,0.0086429728643253,good
Machakos,2019,10,2019-10-01,short_rains,253.1541345492005,2.444506666413531,0.2452284865228307,0.4176424602583033,1.127044932412633,0.4176424602583033,good
Machakos,2019,11,2019-11-01,short_rains,333.7685294151306,1.198886348493932,0.4093016180925927,0.4566472987530011,0.7164309661623269,0.4566472987530011,good
Machakos,2019,12,2019-12-01,short_rains,247.7618153691292,1.8757428978085928,0.5790661911981292,1.9519566242723496,1.9252818200100346,1.8757428978085928,very_good
Machakos,2020,1,2020-01-01,hot_dry,128.69360927678645,1.9939070151398877,0.4950300599682573,0.8414921227160489,1.2448373350643924,0.8414921227160489,good
Machakos,2020,2,2020-02-01,hot_dry,62.4406214337796,1.6789294262367964,0.4560684473579467,1.2947263285515245,1.4291974127413698,1.2947263285515245,very_good
Machakos,2020,3,2020-03-01,long_rains,187.53852463513613,1.165761539088371,0.3710203390338076,1.507972165354942,1.3881984461616421,1.165761539088371,very_good
Machakos,2020,4,2020-04-01,long_rains,295.1043669935316,0.3782738587964841,0.4402225966242178,0.5686465508719694,0.5020161086455496,0.3782738587964841,good
Machakos,2020,5,2020-05-01,long_rains,54.1067124158144,-0.5304198041990833,0.4787058462917084,0.215044552251692,-0.04586797250607935,-0.5304198041990833,normal
Machakos,2020,6,2020-06-01,cool_dry,14.593870091601277,1.0214867432977273,0.4286620177636069,-0.0238300102234149,0.3420308535089848,-0.0238300102234149,normal
Machakos,2020,7,2020-07-01,cool_dry,8.897235732525587,-0.1296553421918106,0.368045028273924,1.2741117380530471,0.7827932599673469,-0.1296553421918106,good
Machakos,2020,8,2020-08-01,cool_dry,4.1756075620651245,-0.4194036658999928,0.2800857633307276,0.4455101237277643,0.1427902973580493,-0.4194036658999928,normal
Machakos,2020,9,2020-09-01,cool_dry,5.207317717373371,0.5717759707967969,0.191245461966191,-0.026060151119185,0.18318249155140864,-0.026060151119185,normal
Machakos,2020,10,2020-10-01,short_rains,33.92164123058319,-0.3804881101001144,0.2463372087517353,0.4438251231255245,0.15531549149655094,-0.3804881101001144,normal
Machakos,2020,11,2020-11-01,short_rains,161.66242164373398,-0.7326909970660541,0.3678917730957838,0.0592307082523175,-0.21794188860911257,-0.7326909970660541,normal
Machakos,2020,12,2020-12-01,short_rains,70.12775458395481,-0.2136954056759044,0.4729563204974658,0.2140374893237977,0.06433097607390198,-0.2136954056759044,normal
Machakos,2021,1,2021-01-01,hot_dry,28.74742156569846,-0.3747561604408922,0.4451842036377155,0.2449528351711131,0.028054686706911247,-0.3747561604408922,normal
Machakos,2021,2,2021-02-01,hot_dry,47.451374746859074,0.8324663433789087,0.4375596009928189,1.0874410025357355,0.998199871830846,0.8324663433789087,good
Machakos,2021,3,2021-03-01,long_rains,51.43554434925318,-0.5940646766564217,0.2978274469762913,0.1980449422677237,-0.07919342435572718,-0.5940646766564217,normal
Machakos,2021,4,2021-04-01,long_rains,143.51561488769948,-0.6792594717132538,0.2489017835958831,-0.8064976528287249,-0.7619642894383101,-0.8064976528287249,moderate_stress
Machakos,2021,5,2021-05-01,long_rains,136.65306203439832,1.0681672999837053,0.3717977804177263,-0.5772565844135242,-0.0013582248744939407,-0.5772565844135242,normal
Machakos,2021,6,2021-06-01,cool_dry,1.4481950141489506,-1.2510058172457166,0.4855165378324199,0.6715351862247367,-0.0013541649899218577,-1.2510058172457166,normal
Machakos,2021,7,2021-07-01,cool_dry,12.14949293807149,0.691345415199195,0.2963125004912196,0.13460378159862,0.32946335335882126,0.13460378159862,normal
Machakos,2021,8,2021-08-01,cool_dry,6.008269278332591,0.2562714866871134,0.2644470005161354,0.1740466165772893,0.20282532111572774,0.1740466165772893,normal
Machakos,2021,9,2021-09-01,cool_dry,0.6865181056782602,-1.9153822553132944,0.1807310657361735,-0.2370169449540722,-0.8244448035798,-1.9153822553132944,moderate_stress
Machakos,2021,10,2021-10-01,short_rains,33.29141066968441,-0.3886091601123077,0.2114668669883657,-0.3796438925152279,-0.38278173617420586,-0.3886091601123077,normal
Machakos,2021,11,2021-11-01,short_rains,151.24641159176826,-0.8495917236470419,0.2277076312804802,-1.2861378553536436,-1.133346709256333,-1.2861378553536436,moderate_stress
Machakos,2021,12,2021-12-01,short_rains,0.0,-1.0385800923029929,0.4407279846891692,-0.3138138888650559,-0.5674820600683338,-1.0385800923029929,moderate_stress
Machakos,2022,1,2022-01-01,hot_dry,24.407597739249468,-0.4776073158639758,0.5607935842297332,1.6285289758746426,0.8913812737661263,-0.4776073158639758,good
Machakos,2022,2,2022-02-01,hot_dry,33.60486934054643,0.0505354099676213,0.4016521090910377,0.6853037748318307,0.4631348471293574,0.0505354099676213,normal
Machakos,2022,3,2022-03-01,long_rains,44.13413064926863,-0.6884727433588652,0.3016835299827285,0.2670569455186237,-0.0673784455884974,-0.6884727433588652,normal
Machakos,2022,4,2022-04-01,long_rains,157.07597689330578,-0.5846578960983649,0.242717851812857,-0.8509454983762422,-0.7577448375789851,-0.8509454983762422,moderate_stress
Machakos,2022,5,2022-05-01,long_rains,27.694968529045585,-1.041907875706267,0.4383351976889506,-0.0841443865284766,-0.4193616077407032,-1.041907875706267,normal
Machakos,2022,6,2022-06-01,cool_dry,3.25235388521105,-0.939120913018975,0.3203240401825736,-1.3488690567627366,-1.20545720645242,-1.3488690567627366,moderate_stress
Machakos,2022,7,2022-07-01,cool_dry,4.785497307777405,-1.1676237892000874,0.2596052268800125,-0.4485100669252774,-0.7001998697214609,-1.1676237892000874,moderate_stress
Machakos,2022,8,2022-08-01,cool_dry,3.3607298135757446,-0.719836987643504,0.2293023376655255,-0.436007615215621,-0.5353478955653801,-0.719836987643504,moderate_stress
Machakos,2022,9,2022-09-01,cool_dry,3.7666980378562585,-0.2207937943699402,0.1378609632846072,-1.097146158910899,-0.7904228313215634,-1.097146158910899,moderate_stress
Machakos,2022,10,2022-10-01,short_rains,23.412382766604424,-0.5159087305399161,0.1682451667925865,-1.4003316493506437,-1.0907836277668892,-1.4003316493506437,moderate_stress
Machakos,2022,11,2022-11-01,short_rains,208.69614689052105,-0.2048231640158811,0.3187231618911353,-0.4126479434574613,-0.3399092706529082,-0.4126479434574613,normal
Machakos,2022,12,2022-12-01,short_rains,39.481253653764725,-0.5741779202807658,0.3888460364933689,-1.1635617015096626,-0.9572773780795487,-1.1635617015096626,moderate_stress
Machakos,2023,1,2023-01-01,hot_dry,24.816687438637015,-0.4679121416043057,0.3454688816377125,-0.9484082889460036,-0.7802346373764093,-0.9484082889460036,moderate_stress
Machakos,2023,2,2023-02-01,hot_dry,4.826441183686256,-1.574621445894675,0.2325187325830393,-1.2088643649861834,-1.3368793433041555,-1.574621445894675,severe_stress
Machakos,2023,3,2023-03-01,long_rains,99.98573329299688,0.0336945032167707,0.2017731576232508,-1.5210308447495415,-0.9768769729613322,-1.5210308447495415,moderate_stress
Machakos,2023,4,2023-04-01,long_rains,181.84846695140004,-0.4118368024999046,0.4642751868810986,0.7415277944345234,0.3378501855074737,-0.4118368024999046,normal
Machakos,2023,5,2023-05-01,long_rains,46.87072896584869,-0.6705513773412478,0.3389672312581552,-0.8205654610995241,-0.7680605317841274,-0.8205654610995241,moderate_stress
Machakos,2023,6,2023-06-01,cool_dry,5.137129316106439,-0.6132998258728808,0.4050871411871958,-0.3121650214407438,-0.41756220299199176,-0.6132998258728808,normal
Machakos,2023,7,2023-07-01,cool_dry,2.8668619245290756,-1.6519646648595996,0.1773523349418239,-1.7551393981664252,-1.719028241509036,-1.7551393981664252,severe_stress
Machakos,2023,8,2023-08-01,cool_dry,1.0243816496804357,-1.5812138517554943,0.235072003055353,-0.3358556006108691,-0.7717309885114878,-1.5812138517554943,moderate_stress
Machakos,2023,9,2023-09-01,cool_dry,3.4667699672281738,-0.3858018973998072,0.1669807928699019,-0.5128971205501065,-0.4684137924475017,-0.5128971205501065,normal
Machakos,2023,10,2023-10-01,short_rains,53.04863855987787,-0.1340206876495604,0.1774308737129467,-1.1834096275648005,-0.8161234985944665,-1.1834096275648005,moderate_stress
Machakos,2023,11,2023-11-01,short_rains,378.52394254505634,1.7011842809285525,0.5560338492663225,1.8648588734187737,1.8075727660471963,1.7011842809285525,very_good
Machakos,2023,12,2023-12-01,short_rains,61.90880834311247,-0.3103715781058329,0.4310111870044,-0.4729603331616709,-0.4160542688921276,-0.4729603331616709,normal
Machakos,2024,1,2024-01-01,hot_dry,92.51069106906652,1.136394108380269,0.4522291973376109,0.3292650695647899,0.6117602331502076,0.3292650695647899,good
Machakos,2024,2,2024-02-01,hot_dry,35.7371376529336,0.170947492501319,0.3423827372783889,0.0215308515186248,0.07382667586256776,0.0215308515186248,normal
Machakos,2024,3,2024-03-01,long_rains,117.09805740602314,0.2549586998065127,0.3289844076878487,0.7556585284702755,0.5804135884379585,0.2549586998065127,good
Machakos,2024,4,2024-04-01,long_rains,522.8528055548668,1.9671223808953409,0.5466756680726949,1.3337923907384814,1.5554578872933824,1.3337923907384814,very_good
Machakos,2024,5,2024-05-01,long_rains,163.82704029977322,1.5944167516565133,0.5470442232641752,0.7215037544690852,1.0270233034846852,0.7215037544690852,good
Machakos,2024,6,2024-06-01,cool_dry,9.49453388854954,0.1399646064071545,0.5216357010954815,1.1132944171102133,0.7726289833641427,0.1399646064071545,good
Machakos,2024,7,2024-07-01,cool_dry,13.506481604650617,1.0339040299153612,0.3523508269456992,1.0248013089282872,1.0279872612737633,1.0248013089282872,good
Machakos,2024,8,2024-08-01,cool_dry,4.112016275525093,-0.4428488286677599,0.3548540214504271,1.7433655751684012,0.9781905338257447,-0.4428488286677599,good
Machakos,2024,9,2024-09-01,cool_dry,5.274225156001606,0.6085856948866849,0.2854726284248588,1.864477402669933,1.424915304945796,0.6085856948866849,very_good
Machakos,2024,10,2024-10-01,short_rains,22.673387922346592,-0.5254312996778077,0.2777787544872601,1.186322540924116,0.5872086967134428,-0.5254312996778077,good
Machakos,2024,11,2024-11-01,short_rains,260.545173432678,0.3770876487670999,0.3632736456889134,0.0149098360375669,0.14167207049290345,0.0149098360375669,normal
Machakos,2024,12,2024-12-01,short_rains,81.51630271784961,-0.0797364758014447,0.5153533818774844,0.908437206818335,0.5625764179014121,-0.0797364758014447,good
Makueni,2017,1,2017-01-01,hot_dry,11.566188329830766,-0.6349342086334093,0.2974103602970808,-1.5765053446251065,-1.2469554470280124,-1.5765053446251065,moderate_stress
Makueni,2017,2,2017-02-01,hot_dry,34.17057230323553,0.182960377042526,0.2610959843107839,-1.252804099068356,-0.7502865324295473,-1.252804099068356,moderate_stress
Makueni,2017,3,2017-03-01,long_rains,18.527339096181095,-0.8349220752187007,0.2180243528351248,-1.1064791669480638,-1.0114341848427868,-1.1064791669480638,moderate_stress
Makueni,2017,4,2017-04-01,long_rains,105.10421229153872,-0.8287387495293789,,,,,no_data
Makueni,2017,5,2017-05-01,long_rains,45.67322829831392,-0.0047843230711503,0.3249931571521587,-0.5275892597688718,-0.3446075319246693,-0.5275892597688718,normal
Makueni,2017,6,2017-06-01,cool_dry,4.723720423877239,-0.8093184085056889,0.2251313390060599,-1.2605623463398556,-1.1026269680978973,-1.2605623463398556,moderate_stress
Makueni,2017,7,2017-07-01,cool_dry,8.849081343971193,-0.2474844360760688,0.2348753148277119,-0.636871210806498,-0.5005858396508478,-0.636871210806498,moderate_stress
Makueni,2017,8,2017-08-01,cool_dry,11.834822855889795,1.2212571980767082,0.2386918592534723,0.1255191550214578,0.5090274700907954,0.1255191550214578,good
Makueni,2017,9,2017-09-01,cool_dry,5.68483106046915,0.0368955627078769,0.2021820777643987,-0.5506812937878435,-0.34502939401434135,-0.5506812937878435,normal
Makueni,2017,10,2017-10-01,short_rains,32.6557976976037,-0.2154632871298952,0.208077152073226,-0.5964481070380119,-0.463103420070171,-0.5964481070380119,normal
Makueni,2017,11,2017-11-01,short_rains,163.83908615261316,-0.5809284221382759,,,,,no_data
Makueni,2017,12,2017-12-01,short_rains,41.87558974325657,-0.7977356728175053,0.484164265043956,-0.6191949309939839,-0.6816841906322164,-0.7977356728175053,moderate_stress
Makueni,2018,1,2018-01-01,hot_dry,25.53218881227076,-0.2638051075239136,0.3965695841509976,-0.651569588686592,-0.5158520202796546,-0.651569588686592,moderate_stress
Makueni,2018,2,2018-02-01,hot_dry,13.35131862014532,-0.9535868795044116,0.2897030539970967,-0.963075057578364,-0.9597541952524806,-0.963075057578364,moderate_stress
Makueni,2018,3,2018-03-01,long_rains,234.51633352041245,1.790865506501257,0.2670578556770883,-0.5799217682898465,0.24985377788703972,-0.5799217682898465,normal
Makueni,2018,4,2018-04-01,long_rains,298.57437512278557,1.4457992554010908,0.5672555790533894,1.3529565744637124,1.385451512791795,1.3529565744637124,very_good
Makueni,2018,5,2018-05-01,long_rains,47.657303892076015,0.0755704912986833,0.643371673280854,1.6739561544106152,1.114521172321439,0.0755704912986833,good
Makueni,2018,6,2018-06-01,cool_dry,9.77862087637186,1.308820912364671,0.519358819389146,1.141530750844903,1.2000823073768219,1.141530750844903,good
Makueni,2018,7,2018-07-01,cool_dry,10.649762742221355,0.4342828499642213,0.4326059024106333,2.1354534624456156,1.5400437480771276,0.4342828499642213,very_good
Makueni,2018,8,2018-08-01,cool_dry,10.223420822061598,0.6795398760297808,,,,,no_data
Makueni,2018,9,2018-09-01,cool_dry,7.915643761865795,1.2938070588249848,0.2866095834272972,1.5713375200918147,1.4742018586484242,1.2938070588249848,very_good
Makueni,2018,10,2018-10-01,short_rains,36.38913341704756,-0.1381831959809333,0.3099861808381607,1.8412661657992584,1.1484588891761913,-0.1381831959809333,good
Makueni,2018,11,2018-11-01,short_rains,127.97996550053358,-0.9569721163456624,0.3407932747990583,0.0519833577573684,-0.30115105817869237,-0.9569721163456624,normal
Makueni,2018,12,2018-12-01,short_rains,236.61989223957065,1.136625930953859,0.4824335210078738,-0.6538996818736469,-0.02721571738401979,-0.6538996818736469,normal
Makueni,2019,1,2019-01-01,hot_dry,13.783456705510616,-0.5760130579275053,0.4244231705106993,-0.3917573699749612,-0.45624686075835164,-0.5760130579275053,normal
Makueni,2019,2,2019-02-01,hot_dry,16.450828969478607,-0.7843810070078953,0.3835061482743527,-0.0130483371992436,-0.2830147716322717,-0.7843810070078953,normal
Makueni,2019,3,2019-03-01,long_rains,13.995722137391567,-0.8900131393130579,0.2894432573540277,-0.3395310519072329,-0.5321997824992717,-0.8900131393130579,moderate_stress
Makueni,2019,4,2019-04-01,long_rains,105.87942835688592,-0.8196248976730446,0.2331095488201453,-1.3508077750460268,-1.164893767965483,-1.3508077750460268,moderate_stress
Makueni,2019,5,2019-05-01,long_rains,33.62756601721048,-0.4926321447987699,0.1888501560285823,-1.4690001421384826,-1.127271343069583,-1.4690001421384826,moderate_stress
Makueni,2019,6,2019-06-01,cool_dry,7.398580141365528,0.3115197956627157,0.3110020521217803,-0.5595080228040645,-0.2546482863406915,-0.5595080228040645,normal
Makueni,2019,7,2019-07-01,cool_dry,12.532559501705691,1.1471403483126097,0.2726502108063083,-0.1072400726444415,0.33179307469052643,-0.1072400726444415,normal
Makueni,2019,8,2019-08-01,cool_dry,12.753343388438225,1.530043256857556,0.209489981057016,-0.6676113347305264,0.1015677723253024,-0.6676113347305264,normal
Makueni,2019,9,2019-09-01,cool_dry,7.567864079028368,1.097856820061932,0.1910686555455363,-0.8300084022917456,-0.1552555744679584,-0.8300084022917456,normal
Makueni,2019,10,2019-10-01,short_rains,159.97001771256328,2.419942491159107,0.234492840770824,0.0354282060362004,0.8700082058292176,0.0354282060362004,good
Makueni,2019,11,2019-11-01,short_rains,287.133728004992,0.7120249954312761,0.4203605750488828,0.785319220610864,0.7596662417980082,0.7120249954312761,good
Makueni,2019,12,2019-12-01,short_rains,304.17310759425163,1.807620380179743,0.580210659266879,1.3067202331811825,1.4820352846306788,1.3067202331811825,very_good
Makueni,2020,1,2020-01-01,hot_dry,118.8115969337523,2.214979203824114,0.4997282053518139,0.3106716791809257,0.9771793128060415,0.3106716791809257,good
Makueni,2020,2,2020-02-01,hot_dry,57.077512624673545,1.4334768736718346,0.4995863817062094,1.1625986317819117,1.2574060164433847,1.1625986317819117,very_good
Makueni,2020,3,2020-03-01,long_rains,171.95824533328414,1.0303441126414086,0.4756788340838714,1.6604019558679162,1.4398817107386386,1.0303441126414086,very_good
Makueni,2020,4,2020-04-01,long_rains,202.59843918681145,0.3174551704500859,0.4562861137940057,0.4550399245395834,0.4068852606082593,0.3174551704500859,normal
Makueni,2020,5,2020-05-01,long_rains,22.32580726640299,-0.9503519662254284,0.457488441948362,0.3885981456827496,-0.08003439348511265,-0.9503519662254284,normal
Makueni,2020,6,2020-06-01,cool_dry,9.001085728406906,0.9830127612960272,0.4001262652509886,0.1681080954149236,0.45332472847330985,0.1681080954149236,normal
Makueni,2020,7,2020-07-01,cool_dry,11.520524204242976,0.7639673123726455,0.3342235543070213,0.7560623707879284,0.7588291003425793,0.7560623707879284,good
Makueni,2020,8,2020-08-01,cool_dry,6.79120877943933,-0.4742930454848132,0.2900952972927744,1.5216496954191945,0.8230697361027918,-0.4742930454848132,good
Makueni,2020,9,2020-09-01,cool_dry,7.165152596309781,0.8709562416626526,0.206667570939971,-0.4379419580303966,0.020172411862170614,-0.4379419580303966,normal
Makueni,2020,10,2020-10-01,short_rains,19.642288453876972,-0.4848430740280514,0.2624868834656556,0.7050595258382362,0.28859361588503557,-0.4848430740280514,normal
Makueni,2020,11,2020-11-01,short_rains,206.64803313836455,-0.1320040124785944,0.3409445416969635,0.0533775164224,-0.011506018692948032,-0.1320040124785944,normal
Makueni,2020,12,2020-12-01,short_rains,116.080825291574,-0.0606678530994317,0.5883353723580702,1.4696363767126086,0.9340298962783945,-0.0606678530994317,good
Makueni,2021,1,2021-01-01,hot_dry,18.84481265489012,-0.4415138155531247,0.5372999761146628,0.6611330164306081,0.27520662523630157,-0.4415138155531247,normal
Makueni,2021,2,2021-02-01,hot_dry,37.17042150674388,0.3467256317534172,0.5311257284876848,1.482025431255518,1.0846705014297828,0.3467256317534172,good
Makueni,2021,3,2021-03-01,long_rains,40.01795739494264,-0.5736596956108949,0.2993306403658946,-0.2333531454450726,-0.3524604380031104,-0.5736596956108949,normal
Makueni,2021,4,2021-04-01,long_rains,100.0488869547844,-0.8881718395597271,0.3460174703913536,-0.437205979722041,-0.5950440306652311,-0.8881718395597271,moderate_stress
Makueni,2021,5,2021-05-01,long_rains,81.76012633554637,1.4567305517056544,0.3762873882486621,-0.1728964223956283,0.3974730185398206,-0.1728964223956283,normal
Makueni,2021,6,2021-06-01,cool_dry,2.575741243548691,-1.7093794888419933,0.4499929702072612,0.5752232554225859,-0.22438770507001682,-1.7093794888419933,normal
Makueni,2021,7,2021-07-01,cool_dry,12.12680794671178,0.9935162054055718,0.2638895642246932,-0.230070621871774,0.19818476767529702,-0.230070621871774,normal
Makueni,2021,8,2021-08-01,cool_dry,7.343674544245005,-0.2885664121863935,0.253450278947065,0.5263616131947465,0.24113680431134749,-0.2885664121863935,normal
Makueni,2021,9,2021-09-01,cool_dry,3.586572837084532,-1.1453304848411776,0.1973364243949428,-0.672472972160777,-0.8379731015989171,-1.1453304848411776,moderate_stress
Makueni,2021,10,2021-10-01,short_rains,21.882782712578773,-0.4384648178135275,0.2239516381158465,-0.2167225648653713,-0.29433235339722597,-0.4384648178135275,normal
Makueni,2021,11,2021-11-01,short_rains,153.64791929721832,-0.6878000900123821,0.2116019428750085,-1.1387147879915742,-0.9808946436988569,-1.1387147879915742,moderate_stress
Makueni,2021,12,2021-12-01,short_rains,0.0,-1.2136786908997448,0.4924127414204009,-0.4537970952577985,-0.7197556537324796,-1.2136786908997448,moderate_stress
Makueni,2022,1,2022-01-01,hot_dry,17.190260220319033,-0.4854814896594638,0.6038409700236747,1.2818129906184137,0.6632599225211566,-0.4854814896594638,good
Makueni,2022,2,2022-02-01,hot_dry,35.14244219660759,0.2360158841152765,0.4110260540134722,0.2656700355359019,0.255291082538683,0.2360158841152765,normal
Makueni,2022,3,2022-03-01,long_rains,27.155141189694405,-0.7300335106181003,0.3142401041809547,-0.0732444844923786,-0.3031206436363812,-0.7300335106181003,normal
Makueni,2022,4,2022-04-01,long_rains,123.46081046760082,-0.6129288304096581,0.2749549309908343,-1.012213141957781,-0.872463632915938,-1.012213141957781,moderate_stress
Makueni,2022,5,2022-05-01,long_rains,18.83083657361567,-1.0918978438774103,0.3862946491449899,-0.1036975342209545,-0.449567642600714,-1.0918978438774103,normal
Makueni,2022,6,2022-06-01,cool_dry,5.045372016727924,-0.6745377352084744,0.1945940881535164,-1.509870532592165,-1.2175040535078734,-1.509870532592165,moderate_stress
Makueni,2022,7,2022-07-01,cool_dry,5.333866234868765,-1.578402091531095,0.2584381428176021,-0.3065034603916893,-0.7516679812904812,-1.578402091531095,moderate_stress
Makueni,2022,8,2022-08-01,cool_dry,5.395591393113136,-0.943468395429396,0.1718307444832589,-1.6904458437469496,-1.429003736835806,-1.6904458437469496,severe_stress
Makueni,2022,9,2022-09-01,cool_dry,5.359473977005109,-0.1464210636915772,0.196989237732317,-0.6811992352930991,-0.49402687523256644,-0.6811992352930991,normal
Makueni,2022,10,2022-10-01,short_rains,18.542233900167048,-0.507614215593696,0.1793422458744592,-1.2838012475624574,-1.012135786373391,-1.2838012475624574,moderate_stress
Makueni,2022,11,2022-11-01,short_rains,143.6638567224145,-0.7924999182723707,0.1958544211368358,-1.2838525821030755,-1.1118791497623288,-1.2838525821030755,moderate_stress
Makueni,2022,12,2022-12-01,short_rains,73.34779215045273,-0.485127708721851,0.477557818683911,-0.751666902784923,-0.6583781848628478,-0.751666902784923,moderate_stress
Makueni,2023,1,2023-01-01,hot_dry,14.56739299930632,-0.5551809254634316,0.3874194922280493,-0.7369196636541744,-0.6733111052874144,-0.7369196636541744,moderate_stress
Makueni,2023,2,2023-02-01,hot_dry,3.7714960873126984,-1.4765605260929453,0.2947786216498488,-0.9116703045863772,-1.109381882113676,-1.4765605260929453,moderate_stress
Makueni,2023,3,2023-03-01,long_rains,60.91386440396309,-0.3196272469700518,0.2528970281574064,-0.7319910284780059,-0.5876637049502219,-0.7319910284780059,moderate_stress
Makueni,2023,4,2023-04-01,long_rains,165.31845895946026,-0.1208280801001728,0.4040728213450837,0.0325526707021559,-0.02113059207865914,-0.1208280801001728,normal
Makueni,2023,5,2023-05-01,long_rains,33.37221893668175,-0.502973669748865,0.2893034166528886,-0.7743791044004213,-0.6793872022723766,-0.7743791044004213,moderate_stress
Makueni,2023,6,2023-06-01,cool_dry,7.583350863307715,0.388943700479319,0.4390691682950826,0.4860405960255327,0.4520566825843578,0.388943700479319,normal
Makueni,2023,7,2023-07-01,cool_dry,6.613793238997459,-1.0938008951270712,0.2270248338635381,-0.746940585200826,-0.8683416936750118,-1.0938008951270712,moderate_stress
Makueni,2023,8,2023-08-01,cool_dry,5.336779296398163,-0.9632397069131676,0.2444257137917513,0.2812521125907322,-0.1543200242356327,-0.9632397069131676,normal
Makueni,2023,9,2023-09-01,cool_dry,3.975488958880305,-0.9262026556853078,0.2257817707816713,0.0424783902657383,-0.2965599758171278,-0.9262026556853078,normal
Makueni,2023,10,2023-10-01,short_rains,42.66650472022593,-0.0082415397942326,0.1941726444434679,-0.929050793145632,-0.6067675544726423,-0.929050793145632,moderate_stress
Makueni,2023,11,2023-11-01,short_rains,407.7597875408828,1.9769938017125288,0.5043585692479144,1.5594907880827118,1.7056168428531477,1.5594907880827118,very_good
Makueni,2023,12,2023-12-01,short_rains,93.35231092385948,-0.2864262703681726,0.4643371743750267,-1.0167662806496418,-0.7611472770511276,-1.0167662806496418,moderate_stress
Makueni,2024,1,2024-01-01,hot_dry,63.37984858453274,0.7419494009367344,0.5846854318364071,1.103134280710888,0.9767195727899343,0.7419494009367344,good
Makueni,2024,2,2024-02-01,hot_dry,49.41826504468918,1.0153496460221976,0.4075340767368572,0.230303699859006,0.505069781016123,0.230303699859006,good
Makueni,2024,3,2024-03-01,long_rains,130.5585359632969,0.5270460485881399,0.4518135037469075,1.4041186896926874,1.0971432653060957,0.5270460485881399,good
Makueni,2024,4,2024-04-01,long_rains,303.78328538686037,1.5070379714208049,0.5186520216939183,0.9596777270203964,1.1512538125605394,0.9596777270203964,good
Makueni,2024,5,2024-05-01,long_rains,83.08379344455898,1.5103389047172866,0.5437388254475904,0.985008162830996,1.1688739224911977,0.985008162830996,good
Makueni,2024,6,2024-06-01,cool_dry,7.134679828363005,0.2009384627534234,0.497005679828686,0.9590382040281404,0.6937032945819894,0.2009384627534234,good
Makueni,2024,7,2024-07-01,cool_dry,8.395495832897723,-0.4192192933208128,0.218683655985074,-0.8638898823183151,-0.7082551761691893,-0.8638898823183151,moderate_stress
Makueni,2024,8,2024-08-01,cool_dry,5.937553755939007,-0.7612727709502742,0.2305091472739491,-0.0967253977486521,-0.32931697836921986,-0.7612727709502742,normal
Makueni,2024,9,2024-09-01,cool_dry,3.6997524114121902,-1.081561479039385,0.2860983452409291,1.5584879512063088,0.6344706506203159,-1.081561479039385,good
Makueni,2024,10,2024-10-01,short_rains,12.76841357909143,-0.6271323608187714,0.2515844867594781,0.4442688149377747,0.06927840342298361,-0.6271323608187714,normal
Makueni,2024,11,2024-11-01,short_rains,263.2139695547521,0.4611857621034805,0.3321580603705067,-0.0276035127786945,0.14347273343006672,-0.0276035127786945,normal
Makueni,2024,12,2024-12-01,short_rains,112.05958750285208,-0.1006101152268969,0.5508991627427435,0.7189682816662019,0.4321158427536173,-0.1006101152268969,normal
Mandera,2017,1,2017-01-01,hot_dry,0.0061080027371644,-0.7558293175472112,0.2094368025140214,-0.3905408591473759,-0.5183918195873183,-0.7558293175472112,moderate_stress
Mandera,2017,2,2017-02-01,hot_dry,8.677393162623048,1.4606134717569876,0.1408374416636567,-1.0280389988016,-0.1570106341060944,-1.0280389988016,normal
Mandera,2017,3,2017-03-01,long_rains,5.695383439073339,-0.7703167724561619,0.162845272903152,-0.6128012696523585,-0.6679316956336896,-0.7703167724561619,moderate_stress
Mandera,2017,4,2017-04-01,long_rains,98.82432973012328,-0.861378973930093,,,,,no_data
Mandera,2017,5,2017-05-01,long_rains,41.16830193810165,0.2298338569327647,0.2476628275404517,-0.6333283870737808,-0.3312216016714899,-0.6333283870737808,normal
Mandera,2017,6,2017-06-01,cool_dry,0.1785439234226941,-0.6027918537353769,0.2267720098696579,-0.2246898621761991,-0.35702555922191137,-0.6027918537353769,normal
Mandera,2017,7,2017-07-01,cool_dry,1.701024359790608,-0.8062571767217462,0.165279826166101,0.0060059206838276,-0.27828616340812323,-0.8062571767217462,normal
Mandera,2017,8,2017-08-01,cool_dry,2.896226577926427,-0.3026046029527383,0.1206980557369949,-1.458251558616863,-1.0537751241344193,-1.458251558616863,moderate_stress
Mandera,2017,9,2017-09-01,cool_dry,1.057579558342695,-0.1503420103478532,0.1599481241790166,-0.2964510781274441,-0.24531290440458728,-0.2964510781274441,normal
Mandera,2017,10,2017-10-01,short_rains,46.65801870264113,-0.4220091520553626,0.1846401652208987,-0.1677239973705509,-0.256723801510235,-0.4220091520553626,normal
Mandera,2017,11,2017-11-01,short_rains,100.31175318267196,-0.0450409565319241,0.2854488476228529,-0.2257494438291808,-0.16250147327514095,-0.2257494438291808,normal
Mandera,2017,12,2017-12-01,short_rains,2.511812368873507,-0.5862526022121441,0.2534720504256365,-0.5074097644143148,-0.535004757643555,-0.5862526022121441,moderate_stress
Mandera,2018,1,2018-01-01,hot_dry,1.4093849131313618e-05,-0.7637202938808278,0.1888122898116886,-0.6396528214998183,-0.6830764368331717,-0.7637202938808278,moderate_stress
Mandera,2018,2,2018-02-01,hot_dry,9.36158941569738,1.6611359556585004,0.1624728855811708,-0.5207751753615002,0.24289372049549995,-0.5207751753615002,normal
Mandera,2018,3,2018-03-01,long_rains,79.07899029925466,0.8930217275620086,0.17830844235871,0.1682364509296941,0.4219112977510042,0.1682364509296941,normal
Mandera,2018,4,2018-04-01,long_rains,193.46160903945565,0.7325507509114292,0.2532338916897931,0.2682996922498954,0.43078756278143226,0.2682996922498954,normal
Mandera,2018,5,2018-05-01,long_rains,50.485398242250085,1.0482817278368894,,,,,no_data
Mandera,2018,6,2018-06-01,cool_dry,0.2526230588555334,-0.5174147615551844,,,,,no_data
Mandera,2018,7,2018-07-01,cool_dry,4.3217251766473055,0.075876832199978,,,,,no_data
Mandera,2018,8,2018-08-01,cool_dry,4.353896567597985,0.12637341367457,,,,,no_data
Mandera,2018,9,2018-09-01,cool_dry,1.3765223547816274,0.3218121495532007,0.1806764121424574,0.6391705466960502,0.528095107696053,0.3218121495532007,good
Mandera,2018,10,2018-10-01,short_rains,64.74202715419233,-0.1474485825736882,0.1573634038577366,-0.540600833693791,-0.402997545801755,-0.540600833693791,normal
Mandera,2018,11,2018-11-01,short_rains,51.26035100221634,-0.5249109754451196,0.4146084934392572,1.099363181424028,0.5308672265198263,-0.5249109754451196,good
Mandera,2018,12,2018-12-01,short_rains,85.9823643566233,2.183129814549123,0.2947507959332363,-0.1508533290203929,0.6660407712289377,-0.1508533290203929,good
Mandera,2019,1,2019-01-01,hot_dry,0.0,-0.7637385439452755,0.2236903187217612,-0.2183806028456211,-0.40925588223050013,-0.7637385439452755,normal
Mandera,2019,2,2019-02-01,hot_dry,1.7853451478295026,-0.559290292528531,0.1683118413727728,-0.3838752323310698,-0.44527050340018126,-0.559290292528531,normal
Mandera,2019,3,2019-03-01,long_rains,14.031620337511413,-0.5813647112027114,0.1715258942049614,-0.1743469996990346,-0.3168031987253215,-0.5813647112027114,normal
Mandera,2019,4,2019-04-01,long_rains,72.66907486785203,-1.3018992265201186,0.1789401939591046,-1.172287182578969,-1.2176513979583712,-1.3018992265201186,moderate_stress
Mandera,2019,5,2019-05-01,long_rains,55.31189888995141,1.4722592257693392,0.1968055788485105,-1.6964033988640577,-0.587371480242369,-1.6964033988640577,moderate_stress
Mandera,2019,6,2019-06-01,cool_dry,0.8929372397251424,0.2205550125919721,0.1651284307780067,-1.112472213982003,-0.6459126846811117,-1.112472213982003,moderate_stress
Mandera,2019,7,2019-07-01,cool_dry,5.2785893238615245,0.3979595364698799,0.1145832060975295,-0.9495029531907544,-0.4778910818095324,-0.9495029531907544,normal
Mandera,2019,8,2019-08-01,cool_dry,2.3035000562667847,-0.4770382192483224,0.1433879529326637,-0.6133774270941929,-0.5656587043481383,-0.6133774270941929,moderate_stress
Mandera,2019,9,2019-09-01,cool_dry,1.850283995270729,1.0231558759392778,0.1480738873396347,-0.8324235995820009,-0.18297078314955334,-0.8324235995820009,normal
Mandera,2019,10,2019-10-01,short_rains,174.13732191501185,1.5134461526070986,0.3719551090553866,2.392895378337191,2.085088149331659,1.5134461526070986,very_good
Mandera,2019,11,2019-11-01,short_rains,154.9492955696769,0.4894782892618162,0.4134342955702346,1.0873165053050875,0.8780731296899426,0.4894782892618162,good
Mandera,2019,12,2019-12-01,short_rains,44.418044462800026,0.8041105803707271,0.4870188177160928,1.5099142074958207,1.262882938002038,0.8041105803707271,very_good
Mandera,2020,1,2020-01-01,hot_dry,0.9690754941548216,0.4911131334206776,0.3686137052121953,1.5320679881317574,1.1677337889828796,0.4911131334206776,good
Mandera,2020,2,2020-02-01,hot_dry,1.2316777831874783,-0.7215577044214774,0.2548609805029638,1.645352704845192,0.8169340616018578,-0.7215577044214774,good
Mandera,2020,3,2020-03-01,long_rains,49.12976735783741,0.2141821652194107,0.1966221998156997,1.0932560868206125,0.7855802142601919,0.2141821652194107,good
Mandera,2020,4,2020-04-01,long_rains,200.65127912722528,0.8536428717789603,0.2340928392532148,-0.1028535785228366,0.23192017908279228,-0.1028535785228366,normal
Mandera,2020,5,2020-05-01,long_rains,21.66721981209685,-1.4832126358086115,0.3498862473212358,1.5034597008339197,0.4581243830090338,-1.4832126358086115,normal
Mandera,2020,6,2020-06-01,cool_dry,2.6946598733193237,2.297061959827732,0.28216398875686,0.5730578029057258,1.176459257828428,0.5730578029057258,good
Mandera,2020,7,2020-07-01,cool_dry,10.244147473480552,2.0693779940377097,0.2344706550658885,1.3100859740495563,1.5758381810454098,1.3100859740495563,very_good
Mandera,2020,8,2020-08-01,cool_dry,2.814695030916482,-0.3265985395616431,0.1714562252089739,0.4317642479996953,0.1663372723532269,-0.3265985395616431,normal
Mandera,2020,9,2020-09-01,cool_dry,1.5915525558812074,0.6401369560297946,0.181194439594836,0.6625529740124063,0.6547073677184923,0.6401369560297946,good
Mandera,2020,10,2020-10-01,short_rains,43.513582253828645,-0.4697495777689346,0.1654011259889916,-0.4307241383029928,-0.4443830421160724,-0.4697495777689346,normal
Mandera,2020,11,2020-11-01,short_rains,38.64682791638188,-0.6483091107215286,0.2834713405182406,-0.2460376663176082,-0.38683267185898035,-0.6483091107215286,normal
Mandera,2020,12,2020-12-01,short_rains,8.94355054711923,-0.372860667022115,0.2785830148369658,-0.2905069528170293,-0.3193307527888093,-0.372860667022115,normal
Mandera,2021,1,2021-01-01,hot_dry,0.8958184449002146,0.3962528963282127,0.2044123828705686,-0.4512280159848373,-0.15460969667526983,-0.4512280159848373,normal
Mandera,2021,2,2021-02-01,hot_dry,3.5049323777202517,-0.0553180753852238,0.1772470922705553,-0.1743796679652004,-0.1327081105622086,-0.1743796679652004,normal
Mandera,2021,3,2021-03-01,long_rains,10.730677894549444,-0.6561850271648848,0.1791071910868439,0.2085808892243468,-0.09408718151188425,-0.6561850271648848,normal
Mandera,2021,4,2021-04-01,long_rains,143.51414720341563,-0.1086900865457495,0.2409452691414183,0.0300179955023899,-0.018529833214458887,-0.1086900865457495,normal
Mandera,2021,5,2021-05-01,long_rains,36.49453700007871,-0.1807267767410593,0.2806246847469749,0.0556771655212535,-0.027064214270555983,-0.1807267767410593,normal
Mandera,2021,6,2021-06-01,cool_dry,0.0760186321567742,-0.7209534817304464,0.2350496493129291,-0.1054764368586694,-0.32089340256379134,-0.7209534817304464,normal
Mandera,2021,7,2021-07-01,cool_dry,1.35452857427299,-0.9228884664848204,0.1247897343930938,-0.7571345399775516,-0.8151484142550957,-0.9228884664848204,moderate_stress
Mandera,2021,8,2021-08-01,cool_dry,1.8938712901435788,-0.5975879574538939,0.1609538137478929,0.0406996395726311,-0.18270101938665267,-0.5975879574538939,normal
Mandera,2021,9,2021-09-01,cool_dry,0.3367604340892281,-1.2174228532214222,0.1625537236123068,-0.1788410188830974,-0.542344660901511,-1.2174228532214222,moderate_stress
Mandera,2021,10,2021-10-01,short_rains,21.38216207548976,-0.8057600006728083,0.1668010585206126,-0.4115868805286221,-0.5495474725790872,-0.8057600006728083,moderate_stress
Mandera,2021,11,2021-11-01,short_rains,57.84729992039502,-0.4604708338500217,0.2028534293310185,-1.0731366511474496,-0.8587036150933498,-1.0731366511474496,moderate_stress
Mandera,2021,12,2021-12-01,short_rains,0.0,-0.6695894059460243,0.2499863352530016,-0.5375185809849244,-0.5837433697213094,-0.6695894059460243,moderate_stress
Mandera,2022,1,2022-01-01,hot_dry,0.1936106405919413,-0.5130329605638845,0.1948505194410523,-0.5667204204382739,-0.5479298094822376,-0.5667204204382739,moderate_stress
Mandera,2022,2,2022-02-01,hot_dry,1.2548844842240203,-0.7147563439724869,0.1626027751730015,-0.5177297887621624,-0.5866890830857759,-0.7147563439724869,moderate_stress
Mandera,2022,3,2022-03-01,long_rains,16.12964206491597,-0.5338102169174191,0.1531112249153307,-1.1044636467798128,-0.904734946327975,-1.1044636467798128,moderate_stress
Mandera,2022,4,2022-04-01,long_rains,109.81385107059032,-0.676287804211488,0.1761405602001131,-1.2265732898898587,-1.033973369902429,-1.2265732898898587,moderate_stress
Mandera,2022,5,2022-05-01,long_rains,31.16566285910085,-0.6488346026800765,0.2964393757271431,0.3862534989371413,0.02397266337111509,-0.6488346026800765,normal
Mandera,2022,6,2022-06-01,cool_dry,0.601754377862562,-0.1150367285005295,0.1688798018210416,-1.058445483929063,-0.7282524195290763,-1.058445483929063,moderate_stress
Mandera,2022,7,2022-07-01,cool_dry,5.364873260259628,0.4270029107577158,0.1323809034941744,-0.6140593324123501,-0.2496875473028271,-0.6140593324123501,normal
Mandera,2022,8,2022-08-01,cool_dry,2.5884431819431484,-0.3931822451455873,0.1430081585866421,-0.6275193341943046,-0.5455013530272536,-0.6275193341943046,moderate_stress
Mandera,2022,9,2022-09-01,cool_dry,2.048066314077005,1.3159473909755477,0.1349528291504756,-1.4246744311025237,-0.46545679337519874,-1.4246744311025237,normal
Mandera,2022,10,2022-10-01,short_rains,44.715239650569856,-0.4515054069560841,0.1527377695083895,-0.6038338502241928,-0.5505188950803548,-0.6038338502241928,moderate_stress
Mandera,2022,11,2022-11-01,short_rains,35.68586056493223,-0.6772762634588594,0.1445273860761106,-1.6715323482679425,-1.3235427185847635,-1.6715323482679425,severe_stress
Mandera,2022,12,2022-12-01,short_rains,10.16557693015784,-0.3323163277621785,0.1617809191119878,-1.299416947200707,-0.9609317303972221,-1.299416947200707,moderate_stress
Mandera,2023,1,2023-01-01,hot_dry,2.2371848734328523,2.1331824987784054,0.166652085520538,-0.9073135442898964,0.1568600707840092,-0.9073135442898964,normal
Mandera,2023,2,2023-02-01,hot_dry,0.8248410415835675,-0.8407923737173806,0.1625039189015613,-0.5200475692714497,-0.6323082508275255,-0.8407923737173806,moderate_stress
Mandera,2023,3,2023-03-01,long_rains,129.52696750685573,2.036493223823029,0.1510873560554548,-1.2066883508172048,-0.07157479969312308,-1.2066883508172048,normal
Mandera,2023,4,2023-04-01,long_rains,132.5178759265691,-0.2938949421639765,0.2677248723591154,0.549286063816665,0.2541727117234405,-0.2938949421639765,normal
Mandera,2023,5,2023-05-01,long_rains,28.292433876544237,-0.90122956207815,0.3035380897949997,0.534638748542244,0.032084839825106126,-0.90122956207815,normal
Mandera,2023,6,2023-06-01,cool_dry,0.0933859273791312,-0.7009374656625471,0.2513523280426653,0.1293125010435401,-0.1612749873035904,-0.7009374656625471,normal
Mandera,2023,7,2023-07-01,cool_dry,1.590764363994822,-0.8433709485378246,0.1395300596563386,-0.4793150014407106,-0.6067345829247005,-0.8433709485378246,moderate_stress
Mandera,2023,8,2023-08-01,cool_dry,2.4045374821871515,-0.4473038933147731,0.177216427609266,0.6462493978606018,0.26350574594922055,-0.4473038933147731,normal
Mandera,2023,9,2023-09-01,cool_dry,0.2298760730773209,-1.3756515269635508,0.1586750175008683,-0.3539158403347056,-0.7115233306548013,-1.3756515269635508,moderate_stress
Mandera,2023,10,2023-10-01,short_rains,182.6292772963643,1.6423753173862217,0.1647284753763175,-0.4399193586983122,0.28888377793127457,-0.4399193586983122,normal
Mandera,2023,11,2023-11-01,short_rains,338.3983982075006,2.2841614265258747,0.3678117386962973,0.6192521518620511,1.2019703979943894,0.6192521518620511,good
Mandera,2023,12,2023-12-01,short_rains,7.675944711081684,-0.414917239431287,0.4884517128443573,1.5222912304151155,0.8442682659688747,-0.414917239431287,good
Mandera,2024,1,2024-01-01,hot_dry,0.4166444733273237,-0.2242274125900971,0.3776960269150554,1.6417682760740635,0.9886697850416073,-0.2242274125900971,good
Mandera,2024,2,2024-02-01,hot_dry,2.9087876724079247,-0.2300346373903888,0.2486399105681531,1.4994937276477918,0.8941587998844287,-0.2300346373903888,good
Mandera,2024,3,2024-03-01,long_rains,13.120327699929478,-0.6020203888632711,0.2072136772716282,1.62822683997376,0.8476403098807992,-0.6020203888632711,good
Mandera,2024,4,2024-04-01,long_rains,248.28754810988903,1.6559574106810362,0.3247026771967485,1.6541102994227146,1.6547567883631271,1.6541102994227146,very_good
Mandera,2024,5,2024-05-01,long_rains,43.829790553078055,0.4636287667689037,0.2707709153329865,-0.1502973278967182,0.06457680523624944,-0.1502973278967182,normal
Mandera,2024,6,2024-06-01,cool_dry,0.8226232697488735,0.1395173187643795,0.3672679735863491,1.7987136929966705,1.2179949620153687,0.1395173187643795,good
Mandera,2024,7,2024-07-01,cool_dry,2.914790442213416,-0.3977006817208922,0.2436937971808263,1.4839199322879832,0.8253527173848769,-0.3977006817208922,good
Mandera,2024,8,2024-08-01,cool_dry,12.140661138808357,2.417942044002388,0.2023048700950021,1.5804350344724265,1.873562487807913,1.5804350344724265,very_good
Mandera,2024,9,2024-09-01,cool_dry,0.782450184691697,-0.5576359819649943,0.2060525119278718,1.7845824473213177,0.9648059970711085,-0.5576359819649943,good
Mandera,2024,10,2024-10-01,short_rains,17.852524163667113,-0.8593487499664423,0.2116492510872425,0.2014936804812708,-0.16980117017542876,-0.8593487499664423,normal
Mandera,2024,11,2024-11-01,short_rains,62.22624753927812,-0.4176315757802372,0.3474668875084648,0.4105242709710167,0.12066972460807784,-0.4176315757802372,normal
Mandera,2024,12,2024-12-01,short_rains,1.7567462855949991,-0.6113041525461012,0.2836777411165014,-0.2464998634735678,-0.37418136464895446,-0.6113041525461012,normal
Marsabit,2017,1,2017-01-01,hot_dry,5.66558920405805,-0.4648451770061366,0.0926360174171881,-0.7438199589761604,-0.6461787852866521,-0.7438199589761604,moderate_stress
Marsabit,2017,2,2017-02-01,hot_dry,17.043388138816226,0.7150634044782125,0.1072325701021313,-0.3010767795180142,0.054572284880665095,-0.3010767795180142,normal
Marsabit,2017,3,2017-03-01,long_rains,13.973335489630696,-0.846851804024322,0.0725507335559372,-0.8397883117512104,-0.8422605340467995,-0.846851804024322,moderate_stress
Marsabit,2017,4,2017-04-01,long_rains,65.64877922600135,-0.9816186129444284,0.0404810267469582,-0.7612209045779788,-0.8383601025062362,-0.9816186129444284,moderate_stress
Marsabit,2017,5,2017-05-01,long_rains,37.60056386212818,0.5329416293739476,0.0907003482296047,-1.1135669888225683,-0.5372889724537877,-1.1135669888225683,moderate_stress
Marsabit,2017,6,2017-06-01,cool_dry,1.8654602918541052,-0.776763168598331,0.122841660190989,-0.464253510641704,-0.5736318909265234,-0.776763168598331,moderate_stress
Marsabit,2017,7,2017-07-01,cool_dry,9.77813997445628,1.253310713759123,0.0735221655083842,-0.9383858481722156,-0.1712920514962471,-0.9383858481722156,normal
Marsabit,2017,8,2017-08-01,cool_dry,4.176750944345257,0.1782536537080659,0.0782586010812223,-0.3464997278070625,-0.16283604427676757,-0.3464997278070625,normal
Marsabit,2017,9,2017-09-01,cool_dry,2.5158363035880025,-0.035921834765908,0.105043548773864,0.7430742688630774,0.4704256325929325,-0.035921834765908,normal
Marsabit,2017,10,2017-10-01,short_rains,70.10903214290738,0.3247484838727636,0.0848331486652975,-0.4430641092127658,-0.1743297016328305,-0.4430641092127658,normal
Marsabit,2017,11,2017-11-01,short_rains,64.09249921888113,0.0277283677389396,0.218407930408065,0.6158796564107272,0.41002670537560154,0.0277283677389396,normal
Marsabit,2017,12,2017-12-01,short_rains,7.5521093090064815,-0.7628622520063074,0.1486605520134321,-0.3111318202499815,-0.46923747136469557,-0.7628622520063074,normal
Marsabit,2018,1,2018-01-01,hot_dry,1.7189389350824051,-1.0446931188362352,0.1071615618303178,-0.4867780309938624,-0.6820483117386928,-1.0446931188362352,moderate_stress
Marsabit,2018,2,2018-02-01,hot_dry,15.331921338569371,0.464978560525241,0.1088332547126085,-0.2475312436771087,0.001847187793713706,-0.2475312436771087,normal
Marsabit,2018,3,2018-03-01,long_rains,105.93853357201442,1.5001334465708869,0.059480239969436,-1.3200702804866595,-0.3329989760165184,-1.3200702804866595,normal
Marsabit,2018,4,2018-04-01,long_rains,196.2226323131472,1.0615892140308547,0.4994646830896339,2.3016008958388148,1.8675968072060287,1.0615892140308547,very_good
Marsabit,2018,5,2018-05-01,long_rains,37.33344216202386,0.5050083095087764,0.2736568516357582,0.8259754233267901,0.7136369334904853,0.5050083095087764,good
Marsabit,2018,6,2018-06-01,cool_dry,5.449766226462088,1.171113650243219,0.2263232518182495,1.5718100761648148,1.431566327092256,1.171113650243219,very_good
Marsabit,2018,7,2018-07-01,cool_dry,6.01296688709408,-0.2893702105211568,0.1646407719872514,1.768415770669342,1.0481906772526675,-0.2893702105211568,good
Marsabit,2018,8,2018-08-01,cool_dry,4.1873631877824655,0.1862091884203427,0.0624377767963758,-1.1532513577476406,-0.6844401665888464,-1.1532513577476406,moderate_stress
Marsabit,2018,9,2018-09-01,cool_dry,2.821176149591337,0.4089086236191488,0.0635605366821208,-1.2602593209019226,-0.6760505403195476,-1.2602593209019226,moderate_stress
Marsabit,2018,10,2018-10-01,short_rains,35.476954091805965,-0.6265525343962893,0.1592298620301171,2.1497098459299546,1.1780180128157693,-0.6265525343962893,good
Marsabit,2018,11,2018-11-01,short_rains,26.727076733484864,-0.8276871512278621,0.0401755090905785,-0.9563110001422344,-0.9112926530222041,-0.9563110001422344,moderate_stress
Marsabit,2018,12,2018-12-01,short_rains,59.76084962207824,1.4685970513318072,0.1382025167830328,-0.4068811009806005,0.24953625232874216,-0.4068811009806005,normal
Marsabit,2019,1,2019-01-01,hot_dry,4.803934200841467,-0.5914408584401598,0.1150822876534079,-0.3466140151965652,-0.4323034103318233,-0.5914408584401598,normal
Marsabit,2019,2,2019-02-01,hot_dry,8.102732836618088,-0.5913729142193107,0.0989892888885263,-0.5768281091557497,-0.581918790927996,-0.5913729142193107,moderate_stress
Marsabit,2019,3,2019-03-01,long_rains,23.896059669088572,-0.5936202797030248,0.0911455555785752,-0.1565120704819999,-0.30949994370935857,-0.5936202797030248,normal
Marsabit,2019,4,2019-04-01,long_rains,74.68344429670833,-0.8402449921916689,0.0965141230773963,-0.3873091397163785,-0.5458366880827301,-0.8402449921916689,moderate_stress
Marsabit,2019,5,2019-05-01,long_rains,22.33932822593488,-1.0629488445075994,0.1111342994531892,-0.896944380125509,-0.9550459426592406,-1.0629488445075994,moderate_stress
Marsabit,2019,6,2019-06-01,cool_dry,5.767909538815729,1.3440073692808776,0.0961088678678817,-0.990237544775955,-0.17325182485606366,-0.990237544775955,normal
Marsabit,2019,7,2019-07-01,cool_dry,7.691652926616371,0.3984273676881686,0.0833572696757866,-0.6462207579612009,-0.28059391398392164,-0.6462207579612009,normal
Marsabit,2019,8,2019-08-01,cool_dry,3.158079284228733,-0.5853999319282607,0.0798674227991046,-0.2644610476588662,-0.37678965715315427,-0.5853999319282607,normal
Marsabit,2019,9,2019-09-01,cool_dry,2.160010516876354,-0.5543020916500276,0.0658487749321558,-1.149753735204769,-0.9413456599606096,-1.149753735204769,moderate_stress
Marsabit,2019,10,2019-10-01,short_rains,116.6684519033879,1.6036790569329833,0.1003005441112975,0.0959847042694422,0.6236777277016815,0.0959847042694422,good
Marsabit,2019,11,2019-11-01,short_rains,104.21900184743572,0.9463539522279985,0.262734926932853,1.0068887065834071,0.9857015425590141,0.9463539522279985,good
Marsabit,2019,12,2019-12-01,short_rains,58.43392129638232,1.4118826671217812,0.3106348465729243,1.17183528200644,1.2558518667968093,1.17183528200644,very_good
Marsabit,2020,1,2020-01-01,hot_dry,20.048240420757793,1.6482761126155288,0.2301906064649192,1.6903261057786922,1.675608608171585,1.6482761126155288,very_good
Marsabit,2020,2,2020-02-01,hot_dry,11.512905978248456,-0.0930678241911334,0.180257715241312,2.1417345655424027,1.3595537291356652,-0.0930678241911334,very_good
Marsabit,2020,3,2020-03-01,long_rains,73.80452705919743,0.6800619314684963,0.1156413103088551,0.7435969598051126,0.7213596998872969,0.6800619314684963,good
Marsabit,2020,4,2020-04-01,long_rains,165.06601401418447,0.5740532727575646,0.1752151429583763,0.1378668574579871,0.2905321028128392,0.1378668574579871,normal
Marsabit,2020,5,2020-05-01,long_rains,24.283767536704545,-0.8596158872640312,0.2440780449634309,0.5124071763736421,0.03219910410045651,-0.8596158872640312,normal
Marsabit,2020,6,2020-06-01,cool_dry,5.304682795889675,1.0922686363504752,0.1444539347712839,-0.0390187939250886,0.3569318066713587,-0.0390187939250886,normal
Marsabit,2020,7,2020-07-01,cool_dry,9.982447447255254,1.3370203424167786,0.1170958874935805,0.3560305807690672,0.6993769973457662,0.3560305807690672,good
Marsabit,2020,8,2020-08-01,cool_dry,4.884598268195986,0.7088958302852119,0.0949386530998747,0.5040665202758838,0.5757567787791487,0.5040665202758838,good
Marsabit,2020,9,2020-09-01,cool_dry,3.501268010004423,1.3996917722036784,0.1052817663977666,0.7545784809145706,0.9803681328657583,0.7545784809145706,good
Marsabit,2020,10,2020-10-01,short_rains,52.21074790880084,-0.1668955922364083,0.0853025738735256,-0.4267043347182538,-0.3357712748496079,-0.4267043347182538,normal
Marsabit,2020,11,2020-11-01,short_rains,25.76081326935673,-0.8498080509165749,0.1381332045971831,-0.0922248115884243,-0.35737894535327697,-0.8498080509165749,normal
Marsabit,2020,12,2020-12-01,short_rains,33.060032419045456,0.3273745932308577,0.1309980958725255,-0.4728416858385049,-0.19276598816422796,-0.4728416858385049,normal
Marsabit,2021,1,2021-01-01,hot_dry,4.378915570036042,-0.6538852509036293,0.1138591649819189,-0.3682582166596242,-0.468227678645026,-0.6538852509036293,normal
Marsabit,2021,2,2021-02-01,hot_dry,11.592601177631876,-0.0814225141572318,0.1045707777333235,-0.3901181170508065,-0.28207465603805537,-0.3901181170508065,normal
Marsabit,2021,3,2021-03-01,long_rains,20.982046438846737,-0.6679869555110873,0.111953629597412,0.6080912468465138,0.16146387602135345,-0.6679869555110873,normal
Marsabit,2021,4,2021-04-01,long_rains,51.43449201481417,-1.2040424918307244,0.1009588339058859,-0.3576493532862428,-0.6538869517768113,-1.2040424918307244,moderate_stress
Marsabit,2021,5,2021-05-01,long_rains,44.19554760667961,1.222589046151437,0.1392359944898048,-0.5990351592884327,0.038533312615521675,-0.5990351592884327,normal
Marsabit,2021,6,2021-06-01,cool_dry,1.8043553633615368,-0.8099703992028421,0.1326324907882477,-0.271612932252899,-0.4600380456853791,-0.8099703992028421,normal
Marsabit,2021,7,2021-07-01,cool_dry,4.819665331393479,-0.7782942265437459,0.0809549794245621,-0.717584043597597,-0.738832607628749,-0.7782942265437459,moderate_stress
Marsabit,2021,8,2021-08-01,cool_dry,2.5588914206018663,-1.0345848640741948,0.0777516843377625,-0.3723489441100381,-0.6041315160974929,-1.0345848640741948,moderate_stress
Marsabit,2021,9,2021-09-01,cool_dry,2.398871432989835,-0.2063206139758888,0.0855846654302604,-0.1966509983221108,-0.2000353638009331,-0.2063206139758888,normal
Marsabit,2021,10,2021-10-01,short_rains,18.59952330356464,-1.0901550092731562,0.0813759111762068,-0.5635510892558407,-0.7478624612619011,-1.0901550092731562,moderate_stress
Marsabit,2021,11,2021-11-01,short_rains,32.99042207095772,-0.6842988942259067,0.0885693209131692,-0.529428515911546,-0.5836331483215722,-0.6842988942259067,moderate_stress
Marsabit,2021,12,2021-12-01,short_rains,0.0,-1.0856477564324605,0.0810250913819326,-0.9303730605668704,-0.9847192041198269,-1.0856477564324605,moderate_stress
Marsabit,2022,1,2022-01-01,hot_dry,17.778332951129414,1.3147778077985677,0.1117116830655103,-0.4062597453046945,0.19610339828144718,-0.4062597453046945,normal
Marsabit,2022,2,2022-02-01,hot_dry,6.723100019153207,-0.7929691460704565,0.1051869683207789,-0.3695055273067313,-0.5177177938740352,-0.7929691460704565,moderate_stress
Marsabit,2022,3,2022-03-01,long_rains,20.37875253695529,-0.6833832349628519,0.0901798564753165,-0.1919971777160645,-0.36398229775244006,-0.6833832349628519,normal
Marsabit,2022,4,2022-04-01,long_rains,88.92367229168303,-0.6174151942701344,0.0515317180325033,-0.6874790671262027,-0.6629567116265788,-0.6874790671262027,moderate_stress
Marsabit,2022,5,2022-05-01,long_rains,23.08213298872579,-0.9852726279055506,0.1242193476908964,-0.7582283162001217,-0.8376938252970217,-0.9852726279055506,moderate_stress
Marsabit,2022,6,2022-06-01,cool_dry,2.1932835038751355,-0.5986089465470309,0.0871792030184584,-1.1659341605352678,-0.9673703356393848,-1.1659341605352678,moderate_stress
Marsabit,2022,7,2022-07-01,cool_dry,4.347874694038182,-0.9715980666633378,0.0724143217687977,-0.9712958469487192,-0.9714016238488357,-0.9715980666633378,moderate_stress
Marsabit,2022,8,2022-08-01,cool_dry,3.587838344508781,-0.2632283626269057,0.0687297380709,-0.8324052423775748,-0.6331933344648407,-0.8324052423775748,moderate_stress
Marsabit,2022,9,2022-09-01,cool_dry,3.009781471453606,0.6836758800909372,0.0745343027695623,-0.7303046936782327,-0.23541149285902327,-0.7303046936782327,normal
Marsabit,2022,10,2022-10-01,short_rains,30.800456584896892,-0.7550102271079688,0.0700531786834979,-0.9581556971796388,-0.8870547826545543,-0.9581556971796388,moderate_stress
Marsabit,2022,11,2022-11-01,short_rains,27.316845221444964,-0.8141854407254362,0.0175211041236895,-1.1561458200668595,-1.0364596872973615,-1.1561458200668595,moderate_stress
Marsabit,2022,12,2022-12-01,short_rains,24.077979806810617,-0.0565282694786176,0.0734924188443385,-0.9993389763975428,-0.669355228975919,-0.9993389763975428,moderate_stress
Marsabit,2023,1,2023-01-01,hot_dry,4.899483027635141,-0.5774026775057816,0.0875400811759097,-0.833996907879299,-0.7441889272485679,-0.833996907879299,moderate_stress
Marsabit,2023,2,2023-02-01,hot_dry,2.4037249798420808,-1.4241296409890134,0.0856029538003868,-1.024623059234426,-1.1644503628485317,-1.4241296409890134,moderate_stress
Marsabit,2023,3,2023-03-01,long_rains,99.45729790907352,1.3347299589067012,0.0783785481130564,-0.6256422865537357,0.060487999357417166,-0.6256422865537357,normal
Marsabit,2023,4,2023-04-01,long_rains,185.02510540327057,0.8863713271101346,0.075875838152284,-0.5250294879648002,-0.031039202688573075,-0.5250294879648002,normal
Marsabit,2023,5,2023-05-01,long_rains,26.236450503580272,-0.6554208784433013,0.2241701471752843,0.3013613191453382,-0.03351245001068559,-0.6554208784433013,normal
Marsabit,2023,6,2023-06-01,cool_dry,1.9666327948216344,-0.7217813738436426,0.1454952570294444,-0.0185301418022195,-0.2646680730167176,-0.7217813738436426,normal
Marsabit,2023,7,2023-07-01,cool_dry,3.5195373143069437,-1.3109875834079538,0.1107916835625624,0.1687556644220447,-0.34915447231845476,-1.3109875834079538,normal
Marsabit,2023,8,2023-08-01,cool_dry,2.451538572320714,-1.1150625986847726,0.0930720902737844,0.4088848423036947,-0.12449676204226884,-1.1150625986847726,normal
Marsabit,2023,9,2023-09-01,cool_dry,1.1732537494390265,-1.9918460968595864,0.096408530730831,0.32606449012336,-0.48520421532067126,-1.9918460968595864,normal
Marsabit,2023,10,2023-10-01,short_rains,106.61901393160224,1.327633231398487,0.0821266943790777,-0.5373858052490499,0.11537085757758803,-0.5373858052490499,normal
Marsabit,2023,11,2023-11-01,short_rains,143.9657309167087,1.8562852901464553,0.3370377796569689,1.6623151993874112,1.7302047311530766,1.6623151993874112,very_good
Marsabit,2023,12,2023-12-01,short_rains,16.129035885911435,-0.3962749241122738,0.3797223890022655,1.8043711598572727,1.0341450304679314,-0.3962749241122738,good
Marsabit,2024,1,2024-01-01,hot_dry,11.342485389439387,0.3692131622778452,0.2191752960232107,1.495400769231514,1.10123510679773,0.3692131622778452,good
Marsabit,2024,2,2024-02-01,hot_dry,24.488183852750808,1.802920074623692,0.1391898923839237,0.7679482704004335,1.130188401878574,0.7679482704004335,good
Marsabit,2024,3,2024-03-01,long_rains,18.823138787411153,-0.723083062744798,0.1439093878519925,1.782321920338042,0.9054301762590482,-0.723083062744798,good
Marsabit,2024,4,2024-04-01,long_rains,200.0390055850148,1.1213074773384024,0.1963978554819736,0.279220199374801,0.5739507466620615,0.279220199374801,good
Marsabit,2024,5,2024-05-01,long_rains,44.96181947158766,1.3027192530863214,0.3587474995838101,1.7280309255908632,1.5791718402142736,1.3027192530863214,very_good
Marsabit,2024,6,2024-06-01,cool_dry,2.006223858334123,-0.7002657676827262,0.2164616488329109,1.3777770077683202,0.650462036360454,-0.7002657676827262,good
Marsabit,2024,7,2024-07-01,cool_dry,7.60150510794483,0.3614916632721222,0.1381100412703605,0.9802844808192808,0.7637069946777753,0.3614916632721222,good
Marsabit,2024,8,2024-08-01,cool_dry,6.506703386898152,1.9249170849005135,0.125373179176118,2.056014957121602,2.010130701844221,1.9249170849005135,very_good
Marsabit,2024,9,2024-09-01,cool_dry,2.7437520838020273,0.2961143613376471,0.1209916025057424,1.5132515082060287,1.0872535068020952,0.2961143613376471,good
Marsabit,2024,10,2024-10-01,short_rains,35.80842583496542,-0.6174474091904116,0.1171490605731236,0.6831664854161531,0.22795162230385546,-0.6174474091904116,normal
Marsabit,2024,11,2024-11-01,short_rains,77.97797736246139,0.3456119269823866,0.0861268693840265,-0.5509734146724815,-0.23716854509327773,-0.5509734146724815,normal
Marsabit,2024,12,2024-12-01,short_rains,4.190500985598191,-0.906541109654787,0.1984108120810092,0.1443602021697855,-0.22345525696881485,-0.906541109654787,normal
Meru,2017,1,2017-01-01,hot_dry,9.3884759824723,-1.1115942868058752,0.4800317939052686,-0.4966185840684085,-0.7118600800265218,-1.1115942868058752,moderate_stress
Meru,2017,2,2017-02-01,hot_dry,34.745727960020304,-0.1172128122888784,0.4927640448905577,0.942495657834881,0.5715976932915653,-0.1172128122888784,good
Meru,2017,3,2017-03-01,long_rains,23.391850754618645,-0.7599301275152716,0.348475177818466,-0.3966037772437779,-0.5237679998388006,-0.7599301275152716,moderate_stress
Meru,2017,4,2017-04-01,long_rains,108.41846054419877,-1.174485865903037,,,,,no_data
Meru,2017,5,2017-05-01,long_rains,88.83450258523226,-0.3796114575452508,,,,,no_data
Meru,2017,6,2017-06-01,cool_dry,5.893188640475272,-0.875957946687803,0.4419821778763105,0.1244094098914946,-0.22571916491125954,-0.875957946687803,normal
Meru,2017,7,2017-07-01,cool_dry,14.002403143793344,-1.18656025398651,0.3572138834468177,0.2890569831120744,-0.22740904987243016,-1.18656025398651,normal
Meru,2017,8,2017-08-01,cool_dry,21.09780666977167,0.0371145766650029,0.3087976172908902,0.1113605755732407,0.08537447595535747,0.0371145766650029,normal
Meru,2017,9,2017-09-01,cool_dry,11.620281083509326,-0.6610128444423998,0.2983336290638234,0.0925712593330262,-0.17118317698837288,-0.6610128444423998,normal
Meru,2017,10,2017-10-01,short_rains,181.43478712812063,0.215310706911673,0.2905987377931947,-0.3087806154664244,-0.1253486526340903,-0.3087806154664244,normal
Meru,2017,11,2017-11-01,short_rains,269.75221758149564,-0.2626428423246407,,,,,no_data
Meru,2017,12,2017-12-01,short_rains,28.51434090733528,-0.8264339402312022,0.5236843792404345,0.3828953980015444,-0.040369870379916906,-0.8264339402312022,normal
Meru,2018,1,2018-01-01,hot_dry,10.697453536093237,-1.0694492207199815,0.4354892937871253,-1.2759103070161006,-1.203648926812459,-1.2759103070161006,moderate_stress
Meru,2018,2,2018-02-01,hot_dry,9.701944395899773,-0.972165352987074,0.3819190208770884,-1.0482102686058563,-1.0215945481392825,-1.0482102686058563,moderate_stress
Meru,2018,3,2018-03-01,long_rains,292.00790274888277,2.1222940648444273,,,,,no_data
Meru,2018,4,2018-04-01,long_rains,510.5834548547864,0.9682512303855412,,,,,no_data
Meru,2018,5,2018-05-01,long_rains,176.51049848180264,1.1955302988738183,0.6646873965849412,1.3535166164909556,1.2982214053249574,1.1955302988738183,very_good
Meru,2018,6,2018-06-01,cool_dry,40.39664926752448,1.7319544085981369,0.4964907555334614,0.7030878229912748,1.0631911279536765,0.7030878229912748,good
Meru,2018,7,2018-07-01,cool_dry,23.911813469603658,1.200472646310253,0.3546175368597098,0.2526825934241205,0.5844091119342669,0.2526825934241205,good
Meru,2018,8,2018-08-01,cool_dry,13.380259677767754,-0.9978459336971036,,,,,no_data
Meru,2018,9,2018-09-01,cool_dry,22.72241338342428,1.016673426777155,0.3486006703626929,1.043783039684948,1.0342946751672204,1.016673426777155,good
Meru,2018,10,2018-10-01,short_rains,70.76352654397488,-0.6358361095363431,0.3336660173259578,0.6983665832619472,0.23139564078254563,-0.6358361095363431,normal
Meru,2018,11,2018-11-01,short_rains,168.67600505053997,-1.0269016827783346,0.3805745912195466,-0.4695233930823542,-0.6646057944759474,-1.0269016827783346,moderate_stress
Meru,2018,12,2018-12-01,short_rains,208.5576439648867,1.1668399466773354,0.5028614546174521,-0.0051368357551723,0.40505503809620536,-0.0051368357551723,normal
Meru,2019,1,2019-01-01,hot_dry,46.85312688164413,0.094652668050447,0.4898491052818144,-0.3248601628515878,-0.17803067203587564,-0.3248601628515878,normal
Meru,2019,2,2019-02-01,hot_dry,34.1118928976357,-0.1388508725117626,0.4008363641684027,-0.7084668499210703,-0.5091012578278127,-0.7084668499210703,moderate_stress
Meru,2019,3,2019-03-01,long_rains,25.672180068213493,-0.7354624150855974,0.3417278004323444,-0.5221195173027602,-0.5967895315267533,-0.7354624150855974,moderate_stress
Meru,2019,4,2019-04-01,long_rains,160.70138982124627,-0.8959221578493137,0.3509932562113612,-0.8365560700052384,-0.8573342007506648,-0.8959221578493137,moderate_stress
Meru,2019,5,2019-05-01,long_rains,97.51925751566888,-0.2235856263549808,0.4164706346931361,-1.1651986257974614,-0.8356340759925932,-1.1651986257974614,moderate_stress
Meru,2019,6,2019-06-01,cool_dry,27.7254132181406,0.774210679436471,0.354831787525052,-0.8008036805454112,-0.2495486545517524,-0.8008036805454112,normal
Meru,2019,7,2019-07-01,cool_dry,13.565521825104952,-1.2917986129752368,0.3496871387697656,0.1836085251426033,-0.33278397319864067,-1.2917986129752368,normal
Meru,2019,8,2019-08-01,cool_dry,17.603177431970835,-0.4315321660406821,0.3010638887965371,-0.0059630125567622,-0.15491221627613416,-0.4315321660406821,normal
Meru,2019,9,2019-09-01,cool_dry,21.56107340566814,0.8411788385065014,0.2978701979122558,0.0838016727537764,0.34888368076723014,0.0838016727537764,normal
Meru,2019,10,2019-10-01,short_rains,425.6413982063532,2.093446715101073,0.2966755140067303,-0.1666725416071105,0.6243691982407538,-0.1666725416071105,good
Meru,2019,11,2019-11-01,short_rains,481.3463651165366,1.3372657196665596,0.6185935098278091,1.1835300097187231,1.2373375082004658,1.1835300097187231,good
Meru,2019,12,2019-12-01,short_rains,266.0798072218895,1.8036724419244532,0.5482512544596655,0.8406956177276134,1.1777375061965074,0.8406956177276134,good
Meru,2020,1,2020-01-01,hot_dry,106.17430379986764,2.0046127850865845,0.5608918619040689,0.918065853071786,1.2983572792769653,0.918065853071786,very_good
Meru,2020,2,2020-02-01,hot_dry,70.16074803471565,1.0917962543410131,0.5203567524205488,1.4380430844818777,1.316856693932575,1.0917962543410131,very_good
Meru,2020,3,2020-03-01,long_rains,146.91032814979553,0.5654111583413733,0.4170805067362322,0.879602982558194,0.7696358440823068,0.5654111583413733,good
Meru,2020,4,2020-04-01,long_rains,534.0291710495949,1.0931701232538542,0.5298601626331362,1.0737809764265451,1.0805671778161032,1.0737809764265451,good
Meru,2020,5,2020-05-01,long_rains,108.99440245330334,-0.017429086387626,0.6082491199425182,0.7808238356153282,0.5014353129142943,-0.017429086387626,good
Meru,2020,6,2020-06-01,cool_dry,25.532594483345747,0.6084684910459305,0.464343636371074,0.3618049515205057,0.44813719035440436,0.3618049515205057,normal
Meru,2020,7,2020-07-01,cool_dry,21.878853246569633,0.7107620805122785,0.3932026932592817,0.7932543036949236,0.7643820255809978,0.7107620805122785,good
Meru,2020,8,2020-08-01,cool_dry,32.518627965822816,1.568702145819063,0.3534642761579461,0.7889706949210047,1.0618767027353253,0.7889706949210047,good
Meru,2020,9,2020-09-01,cool_dry,25.156107153743505,1.3844383314386135,0.3086208489735949,0.2872380730622351,0.6712581634939675,0.2872380730622351,good
Meru,2020,10,2020-10-01,short_rains,118.6616512387991,-0.2674628197351243,0.3511179804194039,1.106488385534223,0.6256054636899515,-0.2674628197351243,good
Meru,2020,11,2020-11-01,short_rains,209.41659699752927,-0.7188533618020485,0.5043812846223455,0.3903203412549128,0.002109545184976358,-0.7188533618020485,normal
Meru,2020,12,2020-12-01,short_rains,77.7002221941948,-0.2818930930643332,0.5425693802667326,0.7348147016254158,0.37896697348400366,-0.2818930930643332,normal
Meru,2021,1,2021-01-01,hot_dry,43.53773722052574,-0.0120927195857312,0.4706088563339481,-0.6614772524347093,-0.434192665937567,-0.6614772524347093,normal
Meru,2021,2,2021-02-01,hot_dry,30.089537415653467,-0.2761673059535076,0.4743178233609202,0.6112132854748378,0.30063007847491696,-0.2761673059535076,normal
Meru,2021,3,2021-03-01,long_rains,58.52680038660765,-0.3829355247175929,0.3660051619534512,-0.0705083469732594,-0.17985785918377614,-0.3829355247175929,normal
Meru,2021,4,2021-04-01,long_rains,183.62547771818936,-0.7737825031546912,0.3726945775817562,-0.6047812884107572,-0.663931713571134,-0.7737825031546912,moderate_stress
Meru,2021,5,2021-05-01,long_rains,186.0710801631212,1.367290782092797,0.5111985790398189,-0.2039713683061292,0.3459703843334949,-0.2039713683061292,normal
Meru,2021,6,2021-06-01,cool_dry,5.534112695604563,-0.9030983719117056,0.49230300311043,0.6586294637609705,0.11202472127553392,-0.9030983719117056,normal
Meru,2021,7,2021-07-01,cool_dry,16.16925548762083,-0.6645970225993373,0.3384413317152389,0.026056613472539,-0.2156721591526177,-0.6645970225993373,normal
Meru,2021,8,2021-08-01,cool_dry,11.776813031174242,-1.212875911670186,0.2993505671786248,-0.0319547499161676,-0.445277156530074,-1.212875911670186,normal
Meru,2021,9,2021-09-01,cool_dry,10.442838395014403,-0.838940775786805,0.2588944134654244,-0.65374373187534,-0.7185626972443527,-0.838940775786805,moderate_stress
Meru,2021,10,2021-10-01,short_rains,80.4833909124136,-0.5610829028787487,0.2883753942673409,-0.3607744778177956,-0.43088242658912923,-0.5610829028787487,normal
Meru,2021,11,2021-11-01,short_rains,157.3833994101733,-1.1122874869779558,0.3730489202626689,-0.5217895577064469,-0.728463832951475,-1.1122874869779558,moderate_stress
Meru,2021,12,2021-12-01,short_rains,0.0,-1.1421185014882862,0.4553968958256275,-0.88963212667799,-0.9780023578615937,-1.1421185014882862,moderate_stress
Meru,2022,1,2022-01-01,hot_dry,41.27171663939953,-0.0850516384605276,0.5893510262294875,1.4159721480032037,0.8906138227408977,-0.0850516384605276,good
Meru,2022,2,2022-02-01,hot_dry,24.52790128812194,-0.4660321850161187,0.4333006055022578,-0.1254297835674681,-0.24464062407449577,-0.4660321850161187,normal
Meru,2022,3,2022-03-01,long_rains,38.6825390746817,-0.5958625244560967,0.3487366059313488,-0.3917406517384219,-0.46318330718960804,-0.5958625244560967,normal
Meru,2022,4,2022-04-01,long_rains,167.87849926948547,-0.857682482898916,0.3461542121206054,-0.8882381020860608,-0.8775436353705601,-0.8882381020860608,moderate_stress
Meru,2022,5,2022-05-01,long_rains,31.863208977505565,-1.403128357023679,0.3989744753819297,-1.3427363666122845,-1.3638735632562726,-1.403128357023679,severe_stress
Meru,2022,6,2022-06-01,cool_dry,6.876690022647381,-0.8016208987687117,0.2488846464134376,-1.9255683712799976,-1.5321867559010476,-1.9255683712799976,severe_stress
Meru,2022,7,2022-07-01,cool_dry,18.05192456394434,-0.211089409351114,0.2056194910650311,-1.834755581198143,-1.266472421051683,-1.834755581198143,severe_stress
Meru,2022,8,2022-08-01,cool_dry,30.800043165683743,1.3382315826083238,0.1671059138379787,-2.0381561897859264,-0.8564204694479388,-2.0381561897859264,moderate_stress
Meru,2022,9,2022-09-01,cool_dry,16.30249249190092,0.0465342813350807,0.2020277584338767,-1.7298411264604796,-1.1081097337320336,-1.7298411264604796,moderate_stress
Meru,2022,10,2022-10-01,short_rains,45.08916739746928,-0.8332916091533932,0.2652021698234131,-0.9026904831334048,-0.8784008772404008,-0.9026904831334048,moderate_stress
Meru,2022,11,2022-11-01,short_rains,282.93768078833824,-0.1629447376076664,0.2173887354505442,-1.6028573975609,-1.0988879665772682,-1.6028573975609,moderate_stress
Meru,2022,12,2022-12-01,short_rains,104.46262603998184,0.0143956320967248,0.4032663159599892,-1.8610780555543969,-1.2046622648765044,-1.8610780555543969,moderate_stress
Meru,2023,1,2023-01-01,hot_dry,30.113636560738087,-0.4443076249409964,0.4687325654407324,-0.6943038328701789,-0.6068051600949651,-0.6943038328701789,moderate_stress
Meru,2023,2,2023-02-01,hot_dry,8.850265383720398,-1.001240238315714,0.3621756391649418,-1.402788810422727,-1.2622468101852724,-1.402788810422727,severe_stress
Meru,2023,3,2023-03-01,long_rains,132.3910867460072,0.4096211058928216,0.3025258478969172,-1.2513601989284755,-0.6700167422410216,-1.2513601989284755,moderate_stress
Meru,2023,4,2023-04-01,long_rains,492.6215421706438,0.8725500699834873,0.4154665746492033,-0.1479671567057958,0.20921387263545327,-0.1479671567057958,normal
Meru,2023,5,2023-05-01,long_rains,48.51189272850752,-1.104026685038626,0.529441573078558,-0.0188553157070003,-0.3986652949730693,-1.104026685038626,normal
Meru,2023,6,2023-06-01,cool_dry,21.565690580755472,0.3086337060189788,0.3989600665320989,-0.3323254415930101,-0.10798973992881397,-0.3323254415930101,normal
Meru,2023,7,2023-07-01,cool_dry,23.8920087069273,1.1957019668715478,0.2627725540561645,-1.0340505461221492,-0.2536371665743553,-1.0340505461221492,normal
Meru,2023,8,2023-08-01,cool_dry,18.53572229668498,-0.3064733733802559,0.3066353016944669,0.0785574296356651,-0.056203351419907226,-0.3064733733802559,normal
Meru,2023,9,2023-09-01,cool_dry,13.697655802592635,-0.3470926935889151,0.2636311138179937,-0.5641103446908362,-0.48815416680516377,-0.5641103446908362,normal
Meru,2023,10,2023-10-01,short_rains,248.53458612784743,0.7313595889924539,0.2402952558537326,-1.4851495775010697,-0.7093713692283364,-1.4851495775010697,moderate_stress
Meru,2023,11,2023-11-01,short_rains,493.33482789993286,1.4279130484122289,0.6163029199836332,1.1676217476424278,1.2587237029118583,1.1676217476424278,very_good
Meru,2023,12,2023-12-01,short_rains,84.04829179309309,-0.2116131040345985,0.4859554543764489,-0.3201777416886108,-0.2821801185097065,-0.3201777416886108,normal
Meru,2024,1,2024-01-01,hot_dry,63.270135467872024,0.6232300373760811,0.5723843425295361,1.1191321381659909,0.9455664028895224,0.6232300373760811,good
Meru,2024,2,2024-02-01,hot_dry,93.24555135145783,1.879872512732042,0.4566073056673058,0.2931436847255285,0.8484987745278081,0.2931436847255285,good
Meru,2024,3,2024-03-01,long_rains,36.14074417203665,-0.6231357373040637,0.4640173624740754,1.7527295096285027,0.9211766732021045,-0.6231357373040637,good
Meru,2024,4,2024-04-01,long_rains,472.98032861948013,0.7679015861830752,0.5607566061284782,1.4037616407813065,1.1812106216719256,0.7679015861830752,good
Meru,2024,5,2024-05-01,long_rains,141.4115194901824,0.5649601313835472,0.5900764348003191,0.5964212243165941,0.5854098417900276,0.5649601313835472,good
Meru,2024,6,2024-06-01,cool_dry,6.33465566119412,-0.8425900677312969,0.5443114557270496,1.2107658452541736,0.492091275709259,-0.8425900677312969,normal
Meru,2024,7,2024-07-01,cool_dry,19.954065140336752,0.2471086052181182,0.431096984644873,1.324147108474031,0.9471836323344616,0.2471086052181182,good
Meru,2024,8,2024-08-01,cool_dry,20.855939980596304,0.0046790796958379,0.3737811428805376,1.097185252128947,0.7148080917773588,0.0046790796958379,good
Meru,2024,9,2024-09-01,cool_dry,6.4535437351005385,-1.4417785642392311,0.369554776535982,1.4403011581926672,0.4315732553415028,-1.4417785642392311,normal
Meru,2024,10,2024-10-01,short_rains,56.90177933871745,-0.7424435697015905,0.3644905903377626,1.4192127267296395,0.662633022978709,-0.7424435697015905,good
Meru,2024,11,2024-11-01,short_rains,373.054970189929,0.5184513434118577,0.426970458918244,-0.1473017502663621,0.08571183252101482,-0.1473017502663621,normal
Meru,2024,12,2024-12-01,short_rains,55.93574395775795,-0.5228493818800932,0.5631117611264235,1.1176190423215973,0.5434550938510057,-0.5228493818800932,good
Migori,2017,1,2017-01-01,hot_dry,21.721531994640827,-1.0181132628567189,0.2638874137436189,-1.6801140626520403,-1.4484137827236778,-1.6801140626520403,severe_stress
Migori,2017,2,2017-02-01,hot_dry,82.95800450444221,-0.0615290997902228,,,,,no_data
Migori,2017,3,2017-03-01,long_rains,155.4961106032133,-0.0746021021238488,0.3353839968171271,-1.1099212292451943,-0.7475595347527234,-1.1099212292451943,moderate_stress
Migori,2017,4,2017-04-01,long_rains,144.86209796369076,-1.5303995659334952,0.4355534783327857,0.5399796149913352,-0.18465309833235538,-1.5303995659334952,normal
Migori,2017,5,2017-05-01,long_rains,187.92742501944304,-0.2727571035607377,0.5147775312220796,0.6530954624285326,0.32904706433228803,-0.2727571035607377,normal
Migori,2017,6,2017-06-01,cool_dry,85.90591478347778,0.2953250068597475,0.4677694750154987,-0.106475505469561,0.03415467384569697,-0.106475505469561,normal
Migori,2017,7,2017-07-01,cool_dry,58.10070329159498,1.4241813563932113,0.3491320871839283,-1.503704267709074,-0.47894429927327414,-1.503704267709074,normal
Migori,2017,8,2017-08-01,cool_dry,84.40601957589388,0.6212013325199433,0.3214983640411709,-0.5516359004103679,-0.14114286888475905,-0.5516359004103679,normal
Migori,2017,9,2017-09-01,cool_dry,85.83839219994843,-0.4239825430754123,0.4124319595472304,1.716188875986855,0.9671288793150615,-0.4239825430754123,good
Migori,2017,10,2017-10-01,short_rains,106.64286230504511,-0.754297187032532,0.3496609735424832,-0.5503595217260118,-0.6217377045832939,-0.754297187032532,moderate_stress
Migori,2017,11,2017-11-01,short_rains,120.8944294899702,-0.8037213355841396,0.4336703604883477,0.570472675281133,0.08950477147828761,-0.8037213355841396,normal
Migori,2017,12,2017-12-01,short_rains,82.18982893228531,-0.706925203771029,0.4305789422015892,-1.1207917665567255,-0.9759384695817317,-1.1207917665567255,moderate_stress
Migori,2018,1,2018-01-01,hot_dry,42.91529468819499,-0.6551722891040505,0.2766016058937602,-1.5339443893964717,-1.2263741542941242,-1.5339443893964717,moderate_stress
Migori,2018,2,2018-02-01,hot_dry,69.51237211748958,-0.3172612416972529,0.3037667004166013,-1.4198734931896837,-1.033959205167333,-1.4198734931896837,moderate_stress
Migori,2018,3,2018-03-01,long_rains,173.11821664124727,0.1962795949174706,0.4295730457916198,0.6626757276504324,0.49943708119389574,0.1962795949174706,normal
Migori,2018,4,2018-04-01,long_rains,242.97283244132996,0.765058401797983,,,,,no_data
Migori,2018,5,2018-05-01,long_rains,259.5073916912079,1.3939374239553342,0.5405375605650837,1.6252810482439215,1.5443107797429159,1.3939374239553342,very_good
Migori,2018,6,2018-06-01,cool_dry,70.80807407572865,-0.3486579673236006,0.5093290353016736,1.1674258806498548,0.6367965338591455,-0.3486579673236006,good
Migori,2018,7,2018-07-01,cool_dry,21.060815274715424,-1.1419468003954591,0.4746702760798973,1.6667710097503097,0.6837197761992906,-1.1419468003954591,good
Migori,2018,8,2018-08-01,cool_dry,71.33437762223184,0.1007180306011454,,,,,no_data
Migori,2018,9,2018-09-01,cool_dry,47.134503073990345,-1.7049545827518289,0.3373227173156408,-0.5659290107887477,-0.9645879609758261,-1.7049545827518289,moderate_stress
Migori,2018,10,2018-10-01,short_rains,149.92513871192932,-0.1256670558158451,0.3244384375061446,-1.381950153753838,-0.9422510694755404,-1.381950153753838,moderate_stress
Migori,2018,11,2018-11-01,short_rains,88.30907440185547,-1.1387957842680996,0.4662017475166813,1.1438173496435695,0.3449027527744854,-1.1387957842680996,normal
Migori,2018,12,2018-12-01,short_rains,174.00362349301577,0.4757221916586963,0.465478122118365,0.2236998527517346,0.3119076713691712,0.2236998527517346,normal
Migori,2019,1,2019-01-01,hot_dry,32.75822849571705,-0.8291109873744351,0.4626745614224188,0.6052574403493292,0.1032284906460117,-0.8291109873744351,normal
Migori,2019,2,2019-02-01,hot_dry,62.72885976731777,-0.4462817364599688,0.3902268946342475,-0.0983303831250082,-0.22011335679224442,-0.4462817364599688,normal
Migori,2019,3,2019-03-01,long_rains,116.47047100961208,-0.6744924590665098,0.3460442887957296,-0.9092991683301616,-0.8271168200878835,-0.9092991683301616,moderate_stress
Migori,2019,4,2019-04-01,long_rains,155.88018580526114,-1.2726137317966368,0.3679514016943396,-1.1684248932630454,-1.2048909867498023,-1.2726137317966368,moderate_stress
Migori,2019,5,2019-05-01,long_rains,235.4223455786705,0.8331322655118515,0.4953581510204656,-0.0797935132047599,0.23973050934605408,-0.0797935132047599,normal
Migori,2019,6,2019-06-01,cool_dry,98.10506954789162,0.8156674929000184,0.454709520614498,-0.5067948038338805,-0.04393299997701594,-0.5067948038338805,normal
Migori,2019,7,2019-07-01,cool_dry,40.59518566727638,0.2113968670218339,0.4417876800554297,0.8363188686838837,0.6175961681021663,0.2113968670218339,good
Migori,2019,8,2019-08-01,cool_dry,89.04659559950233,0.8059786038172394,0.3473971617110282,0.7440736422162767,0.7657403787766136,0.7440736422162767,good
Migori,2019,9,2019-09-01,cool_dry,110.137472987175,0.3802374922026347,0.3637223922665535,0.2361982457315009,0.2866119819963977,0.2361982457315009,normal
Migori,2019,10,2019-10-01,short_rains,247.1678357124329,1.2866821653902785,0.3760309712317541,0.3190630856358921,0.6577297635499273,0.3190630856358921,good
Migori,2019,11,2019-11-01,short_rains,223.84590896964073,0.2549263340381845,0.4100500264675198,0.1541795517906271,0.18944092557727216,0.1541795517906271,normal
Migori,2019,12,2019-12-01,short_rains,255.0380985364318,1.5195218876479586,0.494923756101449,1.35809350354496,1.4145934379810094,1.35809350354496,very_good
Migori,2020,1,2020-01-01,hot_dry,156.90483858063817,1.2968867509138196,0.4677090787925562,0.6631371506999618,0.884949510774812,0.6631371506999618,good
Migori,2020,2,2020-02-01,hot_dry,93.23527616262436,0.1339417132194882,0.4738419169279689,1.1797243056258413,0.8137003982836177,0.1339417132194882,good
Migori,2020,3,2020-03-01,long_rains,267.72855457663536,1.650601163649213,0.4868997780056541,1.7415399074861009,1.7097113471431902,1.650601163649213,very_good
Migori,2020,4,2020-04-01,long_rains,207.01013854146004,-0.0763464933244678,0.4853751623281318,1.7990472912950577,1.1426594666782237,-0.0763464933244678,good
Migori,2020,5,2020-05-01,long_rains,196.5857381671667,-0.0711537246851254,0.5028393552244333,0.2025477370630375,0.10675222545118049,-0.0711537246851254,normal
Migori,2020,6,2020-06-01,cool_dry,83.15334613993764,0.1779170028925977,0.4632220798613224,-0.2458642032865818,-0.09754078112386896,-0.2458642032865818,normal
Migori,2020,7,2020-07-01,cool_dry,32.53989279642701,-0.3466748484662261,0.4261742337727199,0.4420002484248898,0.16596396451299925,-0.3466748484662261,normal
Migori,2020,8,2020-08-01,cool_dry,56.42492123693228,-0.492942897134181,0.353462994914865,1.0475455665265063,0.5083746042452658,-0.492942897134181,good
Migori,2020,9,2020-09-01,cool_dry,112.15769393299706,0.4471001926704049,0.3739305669531876,0.5463632447587394,0.5116211765278224,0.4471001926704049,good
Migori,2020,10,2020-10-01,short_rains,269.22148209810257,1.606988484099174,0.4120304623229186,1.5059714720904098,1.5413274262934773,1.5059714720904098,very_good
Migori,2020,11,2020-11-01,short_rains,398.9372726678848,2.0553867556559555,0.4212036233160485,0.3507544887129259,0.9473757821429862,0.3507544887129259,good
Migori,2020,12,2020-12-01,short_rains,110.99562749266624,-0.3358796239243745,0.4690512472462053,0.3613545713032297,0.11732260297356824,-0.3358796239243745,normal
Migori,2021,1,2021-01-01,hot_dry,75.7558255046606,-0.0927816270293245,0.4459421786140633,0.4128923337816081,0.23590644749778172,-0.0927816270293245,normal
Migori,2021,2,2021-02-01,hot_dry,80.02683303877711,-0.1172791556922937,0.4361572906600994,0.6037152109169044,0.3513671826036851,-0.1172791556922937,normal
Migori,2021,3,2021-03-01,long_rains,99.22166574001312,-0.9396358893284642,0.3977116929250684,0.0630589171110101,-0.2878842651428059,-0.9396358893284642,normal
Migori,2021,4,2021-04-01,long_rains,265.5360321998596,1.292960643474078,0.3846932785624697,-0.7453328916500804,-0.03193015435662505,-0.7453328916500804,normal
Migori,2021,5,2021-05-01,long_rains,186.52420502901077,-0.3054301989489916,0.4607051833127831,-1.3875993104168771,-1.0088401214031173,-1.3875993104168771,moderate_stress
Migori,2021,6,2021-06-01,cool_dry,48.75446245074272,-1.2893322452323284,0.4636507452668185,-0.2327245682547706,-0.6025372551969158,-1.2893322452323284,moderate_stress
Migori,2021,7,2021-07-01,cool_dry,36.29467041790485,-0.0865433768871716,0.3993832348118984,-0.2346082052314936,-0.1827855153109809,-0.2346082052314936,normal
Migori,2021,8,2021-08-01,cool_dry,51.35073983669281,-0.6949853566120203,0.3515142952720847,0.9500526730319862,0.37428936265658397,-0.6949853566120203,normal
Migori,2021,9,2021-09-01,cool_dry,101.39877873659134,0.0910153170912695,0.3476655612455391,-0.2516722238573763,-0.13173158452535028,-0.2516722238573763,normal
Migori,2021,10,2021-10-01,short_rains,106.76666682958604,-0.7524990548415231,0.3737556334975102,0.2440448740741912,-0.10474550104630878,-0.7524990548415231,normal
Migori,2021,11,2021-11-01,short_rains,148.30319752544165,-0.5218776111945312,0.4438221486805884,0.7493913820121821,0.30444723438983246,-0.5218776111945312,normal
Migori,2021,12,2021-12-01,short_rains,0.0,-1.7656069365392753,0.4667203643215814,0.271557259010526,-0.4414502094319044,-1.7656069365392753,normal
Migori,2022,1,2022-01-01,hot_dry,164.65590624511242,1.4296229755495091,0.4447982890208327,0.3997415204142712,0.7602000297116045,0.3997415204142712,good
Migori,2022,2,2022-02-01,hot_dry,204.98801064491272,2.2594472551421916,0.4033742275789859,0.1026264551757233,0.8575137351639871,0.1026264551757233,good
Migori,2022,3,2022-03-01,long_rains,122.93361128494143,-0.5751430168251193,0.4015804006679814,0.1358663150715014,-0.11298695109231582,-0.5751430168251193,normal
Migori,2022,4,2022-04-01,long_rains,217.65013364702463,0.1725932549276326,0.4115213568572516,-0.0673476553128136,0.01663166327134257,-0.0673476553128136,normal
Migori,2022,5,2022-05-01,long_rains,241.26609589532015,0.969200318149996,0.5074148227188245,0.3752262494662855,0.5831171735055842,0.3752262494662855,good
Migori,2022,6,2022-06-01,cool_dry,84.2549603395164,0.2249052313670988,0.4848089427414409,0.4158255344198248,0.3490034283513707,0.2249052313670988,normal
Migori,2022,7,2022-07-01,cool_dry,28.99689906835556,-0.5921339049511316,0.3894802020080736,-0.4847099547669612,-0.5223083373314208,-0.5921339049511316,moderate_stress
Migori,2022,8,2022-08-01,cool_dry,112.66610088199376,1.7464540347309188,0.3371206565588202,0.2299429879556317,0.7607218543269821,0.2299429879556317,good
Migori,2022,9,2022-09-01,cool_dry,117.30279254121706,0.6173861150245894,0.3430659571762556,-0.3914265125004715,-0.03834209286670018,-0.3914265125004715,normal
Migori,2022,10,2022-10-01,short_rains,80.6859768088907,-1.131294001664693,0.3298944513159018,-1.2020645956215497,-1.1772948877366498,-1.2020645956215497,moderate_stress
Migori,2022,11,2022-11-01,short_rains,161.62576866149902,-0.3848819219839664,0.298595585875182,-1.810132941003036,-1.3112950843463618,-1.810132941003036,severe_stress
Migori,2022,12,2022-12-01,short_rains,192.2143982052803,0.7102939723508831,0.4120452077772432,-1.834804263911824,-0.9440198812198766,-1.834804263911824,moderate_stress
Migori,2023,1,2023-01-01,hot_dry,33.95796990394592,-0.8085655409971187,0.4461142549767048,0.414870622720873,-0.01333203458042409,-0.8085655409971187,normal
Migori,2023,2,2023-02-01,hot_dry,21.579691752791405,-1.228927325094278,0.3169537890103612,-1.2183089902344149,-1.222025407435367,-1.228927325094278,moderate_stress
Migori,2023,3,2023-03-01,long_rains,246.29392084479332,1.32111444122178,0.3364009916383842,-1.0907818288056894,-0.24661813429607526,-1.0907818288056894,normal
Migori,2023,4,2023-04-01,long_rains,246.24782758951187,0.8416821652138963,0.3876684970559045,-0.6701447178546157,-0.14100530878063655,-0.6701447178546157,normal
Migori,2023,5,2023-05-01,long_rains,142.35345858335495,-1.3339182634218416,0.4963878573485267,-0.0409323133033802,-0.4934773958448416,-1.3339182634218416,normal
Migori,2023,6,2023-06-01,cool_dry,115.10701617598534,1.540868160227676,0.4118479342805619,-1.8206064482809892,-0.6440903353029563,-1.8206064482809892,moderate_stress
Migori,2023,7,2023-07-01,cool_dry,23.69339368492365,-0.9595614330231091,0.4144755039945262,0.1465480528370023,-0.2405902672140367,-0.9595614330231091,normal
Migori,2023,8,2023-08-01,cool_dry,43.333591639995575,-1.01421011660633,0.3140116133695754,-0.9261959248605748,-0.9570008919715891,-1.01421011660633,moderate_stress
Migori,2023,9,2023-09-01,cool_dry,144.6369645446539,1.5220577347204236,0.3702628638764464,0.4349238193814366,0.815420689750082,0.4349238193814366,good
Migori,2023,10,2023-10-01,short_rains,181.76440046168864,0.3367651670976929,0.3951176464760877,0.948353506982806,0.7342975880230165,0.3367651670976929,good
Migori,2023,11,2023-11-01,short_rains,256.1553039550781,0.587163091403043,0.3346238622271078,-1.1751578520268526,-0.5583455218263892,-1.1751578520268526,moderate_stress
Migori,2023,12,2023-12-01,short_rains,167.1042492389679,0.3868518097004876,0.4704595308822986,0.4156087271559445,0.40554380604653456,0.3868518097004876,normal
Migori,2024,1,2024-01-01,hot_dry,120.72051465511322,0.6772339808983191,0.4724950458962249,0.7181593840824718,0.7038354929680184,0.6772339808983191,good
Migori,2024,2,2024-02-01,hot_dry,74.51511874049902,-0.2221104096276632,0.4522993817870274,0.8504468948306325,0.47505183827022907,-0.2221104096276632,normal
Migori,2024,3,2024-03-01,long_rains,101.53202574327588,-0.904121732444522,0.4212936638730096,0.5068613590620039,0.013017277034719887,-0.904121732444522,normal
Migori,2024,4,2024-04-01,long_rains,202.02701437473297,-0.1929346743589899,0.4265410910173944,0.3122232517941621,0.1354179776405589,-0.1929346743589899,normal
Migori,2024,5,2024-05-01,long_rains,147.54610666632652,-1.2130107170004854,0.4617590748100914,-1.347825360276764,-1.3006402351300665,-1.347825360276764,severe_stress
Migori,2024,6,2024-06-01,cool_dry,45.76856428384781,-1.4166926816912095,0.5146071894139967,1.3292141140560938,0.36814673554453775,-1.4166926816912095,normal
Migori,2024,7,2024-07-01,cool_dry,59.069246314466,1.491282140308052,0.3742790620299431,-0.8686157519885566,-0.04265148968474364,-0.8686157519885566,normal
Migori,2024,8,2024-08-01,cool_dry,41.87686637416482,-1.0722136313167157,0.3026666139797357,-1.4937830444594642,-1.3462337498595023,-1.4937830444594642,severe_stress
Migori,2024,9,2024-09-01,cool_dry,70.58379654888995,-0.928859725882081,0.2991869187768491,-1.7246464387119385,-1.4461210892214884,-1.7246464387119385,severe_stress
Migori,2024,10,2024-10-01,short_rains,126.44590728790172,-0.466678517232552,0.3699005231357307,0.1169413323181021,-0.08732561502462684,-0.466678517232552,normal
Migori,2024,11,2024-11-01,short_rains,194.36749337613583,-0.0481995280664464,0.4022480833258515,0.0166753455894566,-0.0060308601901094515,-0.0481995280664464,normal
Migori,2024,12,2024-12-01,short_rains,115.0249570608139,-0.2839780971233467,0.4681149088822592,0.3252821167021589,0.11204104186323195,-0.2839780971233467,normal
Mombasa,2017,1,2017-01-01,hot_dry,18.90819501876831,-0.2704759317634354,,,,,no_data
Mombasa,2017,2,2017-02-01,hot_dry,14.10810089111328,1.2489816826673998,,,,,no_data
Mombasa,2017,3,2017-03-01,long_rains,53.85645389556885,-0.2514523207245681,,,,,no_data
Mombasa,2017,4,2017-04-01,long_rains,171.1089849472046,-0.4325974173233272,,,,,no_data
Mombasa,2017,5,2017-05-01,long_rains,524.1803283691406,1.185370213193452,,,,,no_data
Mombasa,2017,6,2017-06-01,cool_dry,90.58452987670898,-0.4230807991202257,,,,,no_data
Mombasa,2017,7,2017-07-01,cool_dry,66.24299883842468,-0.9913357645280932,,,,,no_data
Mombasa,2017,8,2017-08-01,cool_dry,89.36975872516632,0.917196242222558,,,,,no_data
Mombasa,2017,9,2017-09-01,cool_dry,112.52608489990234,1.139322969346714,,,,,no_data
Mombasa,2017,10,2017-10-01,short_rains,89.33226013183594,-0.4586508167210369,,,,,no_data
Mombasa,2017,11,2017-11-01,short_rains,245.81536674499512,0.3255721755886251,,,,,no_data
Mombasa,2017,12,2017-12-01,short_rains,82.3058557510376,-0.2397493526819817,,,,,no_data
Mombasa,2018,1,2018-01-01,hot_dry,9.00742793083191,-0.8515061735847261,,,,,no_data
Mombasa,2018,2,2018-02-01,hot_dry,6.460545778274536,-0.600228343522253,0.2666903142725647,0.552542319856164,0.1490725876737181,-0.600228343522253,normal
Mombasa,2018,3,2018-03-01,long_rains,116.36164927482604,1.1592201941211386,,,,,no_data
Mombasa,2018,4,2018-04-01,long_rains,261.02922666072845,0.0375412041139779,0.4413978654115523,0.9690468291048302,0.6430198603580318,0.0375412041139779,good
Mombasa,2018,5,2018-05-01,long_rains,465.3276700973511,0.8310849482560918,,,,,no_data
Mombasa,2018,6,2018-06-01,cool_dry,132.7752321958542,0.6239318694874743,0.4867515649975233,1.383407717555767,1.1175911707318646,0.6239318694874743,good
Mombasa,2018,7,2018-07-01,cool_dry,170.26626014709473,0.593562229049947,,,,,no_data
Mombasa,2018,8,2018-08-01,cool_dry,77.20396554470062,0.0046937200767005,,,,,no_data
Mombasa,2018,9,2018-09-01,cool_dry,135.94588008522987,1.7159723020720634,,,,,no_data
Mombasa,2018,10,2018-10-01,short_rains,294.3633728027344,0.9685332687476688,,,,,no_data
Mombasa,2018,11,2018-11-01,short_rains,83.7828893661499,-0.6089868216746889,,,,,no_data
Mombasa,2018,12,2018-12-01,short_rains,132.77470815181732,0.5966661849285544,0.3073826303884054,0.1570994276125398,0.3109477926731449,0.1570994276125398,normal
Mombasa,2019,1,2019-01-01,hot_dry,20.081766605377197,-0.201604441634878,0.3007800033465058,0.1984693307317207,0.058443510403411184,-0.201604441634878,normal
Mombasa,2019,2,2019-02-01,hot_dry,7.345552027225494,-0.386230221945706,0.2663194817427097,0.5452676834654246,0.21924341657152893,-0.386230221945706,normal
Mombasa,2019,3,2019-03-01,long_rains,16.131190538406372,-1.1028694199010272,0.2180544113626044,-0.4077850885193294,-0.6510646045029236,-1.1028694199010272,moderate_stress
Mombasa,2019,4,2019-04-01,long_rains,45.6039980109781,-1.0887871741267756,0.2258809297952209,-0.6617025877920523,-0.8111821930092054,-1.0887871741267756,moderate_stress
Mombasa,2019,5,2019-05-01,long_rains,551.2173881530762,1.3481297583008711,,,,,no_data
Mombasa,2019,6,2019-06-01,cool_dry,73.4704629778862,-0.8477868094379555,0.3394558980917171,-0.5965715869191391,-0.6844969148007249,-0.8477868094379555,moderate_stress
Mombasa,2019,7,2019-07-01,cool_dry,104.66911351680756,-0.4058756348552242,0.3759858010020748,0.8542641315022032,0.41321521327710353,-0.4058756348552242,normal
Mombasa,2019,8,2019-08-01,cool_dry,73.03533858060837,-0.3079766140472764,0.3410614765745253,0.1828951807841243,0.011090052593134073,-0.3079766140472764,normal
Mombasa,2019,9,2019-09-01,cool_dry,85.68774199485779,0.4785011130845404,0.3345663722446725,0.8985365608601452,0.7515241541386835,0.4785011130845404,good
Mombasa,2019,10,2019-10-01,short_rains,449.2551746368408,2.046706779428644,,,,,no_data
Mombasa,2019,11,2019-11-01,short_rains,189.65514016151428,0.0016553541527347,0.3256734459722482,0.817632220355263,0.5320403171843782,0.0016553541527347,good
Mombasa,2019,12,2019-12-01,short_rains,161.85433542728424,1.0786001090046229,0.4019935493778529,1.7935598394590924,1.543323933800028,1.0786001090046229,very_good
Mombasa,2020,1,2020-01-01,hot_dry,62.71019649505615,2.300061005827389,0.3914787924002869,1.2822075343460364,1.6384562493645098,1.2822075343460364,very_good
Mombasa,2020,2,2020-02-01,hot_dry,10.920809507369995,0.4782816228128257,0.283746419800388,0.8871326159273226,0.7440347683372488,0.4782816228128257,good
Mombasa,2020,3,2020-03-01,long_rains,125.9115171134472,1.37475005525685,0.3095114107611582,1.320014696410014,1.3391720720064064,1.320014696410014,very_good
Mombasa,2020,4,2020-04-01,long_rains,620.936079621315,1.9192767118520615,0.4199477778888265,0.8067407086134737,1.1961283097469795,0.8067407086134737,good
Mombasa,2020,5,2020-05-01,long_rains,323.9694210886955,-0.019873125206476,0.4424227305163707,0.8346996303372459,0.5355991658969432,-0.019873125206476,good
Mombasa,2020,6,2020-06-01,cool_dry,196.12625000812113,2.196063039926341,0.466864471705441,1.1160812308257453,1.4940748640109538,1.1160812308257453,very_good
Mombasa,2020,7,2020-07-01,cool_dry,134.32105749845505,0.0459012651474737,0.3541495829663263,0.2456788996928274,0.1757567276019536,0.0459012651474737,normal
Mombasa,2020,8,2020-08-01,cool_dry,55.73895978927612,-1.6053017482952538,0.3441464965205662,0.2834778485158423,-0.3775950103680413,-1.6053017482952538,normal
Mombasa,2020,9,2020-09-01,cool_dry,56.128557205200195,-0.2493141410616697,0.292221208385666,-0.0452956759031715,-0.11670213870864588,-0.2493141410616697,normal
Mombasa,2020,10,2020-10-01,short_rains,66.87447834014893,-0.614975329379129,0.2616381249602465,-0.2053785335540234,-0.3487374120928104,-0.614975329379129,normal
Mombasa,2020,11,2020-11-01,short_rains,150.19002962112427,-0.2259686057480849,0.3171441896359688,0.6586601589209906,0.3490400912868142,-0.2259686057480849,normal
Mombasa,2020,12,2020-12-01,short_rains,52.40869063138962,-0.7352322544527974,0.3125718083432036,0.2468552864896872,-0.0968753528401824,-0.7352322544527974,normal
Mombasa,2021,1,2021-01-01,hot_dry,30.20528221130371,0.39249788077609,,,,,no_data
Mombasa,2021,2,2021-02-01,hot_dry,12.840235531330109,0.942406666132566,0.2677317481679206,0.5729721697311696,0.7022742434716582,0.5729721697311696,good
Mombasa,2021,3,2021-03-01,long_rains,20.95982360839844,-0.9938925594211488,0.2234770296730885,-0.3053413301167712,-0.5463342603733033,-0.9938925594211488,moderate_stress
Mombasa,2021,4,2021-04-01,long_rains,87.04385614395142,-0.8721231905349317,0.1962447687015078,-0.8859501731821463,-0.8811107292556213,-0.8859501731821463,moderate_stress
Mombasa,2021,5,2021-05-01,long_rains,213.00314712524417,-0.68787550478799,0.2049284104635136,-1.4908482595448316,-1.209807795379937,-1.4908482595448316,moderate_stress
Mombasa,2021,6,2021-06-01,cool_dry,78.38824200630188,-0.7257462492876213,0.2755654540126315,-1.4554003609603825,-1.2000214218749161,-1.4554003609603825,moderate_stress
Mombasa,2021,7,2021-07-01,cool_dry,123.63573241233826,-0.1169003051615327,0.3058682702746051,-1.0999430311950291,-0.7558780770833053,-1.0999430311950291,moderate_stress
Mombasa,2021,8,2021-08-01,cool_dry,77.4447608590126,0.022754715226889,0.2832907289752799,-1.7006375068553432,-1.097450229126562,-1.7006375068553432,moderate_stress
Mombasa,2021,9,2021-09-01,cool_dry,42.00605392456055,-0.5970427197596784,0.2122886949979842,-1.8269131270011525,-1.3964584844666366,-1.8269131270011525,severe_stress
Mombasa,2021,10,2021-10-01,short_rains,66.04669970273972,-0.6207373451152367,0.1996688166677769,-1.52182259125388,-1.206442755105355,-1.52182259125388,moderate_stress
Mombasa,2021,11,2021-11-01,short_rains,45.2171368598938,-0.8314235304999372,0.1985325800280272,-1.552075612872793,-1.2998473840422935,-1.552075612872793,severe_stress
Mombasa,2021,12,2021-12-01,short_rains,0.0,-1.6037965483625352,0.2246700410519944,-1.2735586767174152,-1.389141931793207,-1.6037965483625352,severe_stress
Mombasa,2022,1,2022-01-01,hot_dry,11.534642726182938,-0.7031956224289161,0.2499897831542114,-0.4084108996066798,-0.5115855525944625,-0.7031956224289161,moderate_stress
Mombasa,2022,2,2022-02-01,hot_dry,9.812880992889404,0.2103799879701561,0.1521890305161263,-1.6936338878425017,-1.0272290313080714,-1.6936338878425017,moderate_stress
Mombasa,2022,3,2022-03-01,long_rains,18.471865832805634,-1.0500429902906143,0.1870163916505861,-0.9941533723655844,-1.013714738639345,-1.0500429902906143,moderate_stress
Mombasa,2022,4,2022-04-01,long_rains,155.87034916877747,-0.5122710378667363,0.1708102186980646,-1.078405478230603,-0.8802584241032496,-1.078405478230603,moderate_stress
Mombasa,2022,5,2022-05-01,long_rains,235.18548583984375,-0.5543407422265635,0.3212897467743821,-0.3514363356665131,-0.4224528779625307,-0.5543407422265635,normal
Mombasa,2022,6,2022-06-01,cool_dry,106.33050805330276,-0.0323255444243831,0.3405047197771965,-0.5824731054433627,-0.3899214590867199,-0.5824731054433627,normal
Mombasa,2022,7,2022-07-01,cool_dry,245.06849026679993,1.7332487082124928,,,,,no_data
Mombasa,2022,8,2022-08-01,cool_dry,73.37720334529877,-0.2823348449176086,0.3553480584161391,0.6486887703008289,0.3228305049743758,-0.2823348449176086,normal
Mombasa,2022,9,2022-09-01,cool_dry,38.50732898712158,-0.6831893911800887,0.2820137248436685,-0.2728104885803966,-0.4164431044902888,-0.6831893911800887,normal
Mombasa,2022,10,2022-10-01,short_rains,52.461376786231995,-0.7153022938677444,0.2778046319459769,0.1380544115852741,-0.16062043532328235,-0.7153022938677444,normal
Mombasa,2022,11,2022-11-01,short_rains,102.52054047584534,-0.5009131767152057,,,,,no_data
Mombasa,2022,12,2022-12-01,short_rains,50.61983948945999,-0.7648787159514776,0.2438141456887632,-0.9424280874266124,-0.8802858074103153,-0.9424280874266124,moderate_stress
Mombasa,2023,1,2023-01-01,hot_dry,17.52886199951172,-0.3514226089867847,0.1944313001365295,-1.0722659654710782,-0.8199707907015755,-1.0722659654710782,moderate_stress
Mombasa,2023,2,2023-02-01,hot_dry,0.9159640073776244,-1.9409308360820012,0.1797322552619275,-1.1533173596984494,-1.4289820764326926,-1.9409308360820012,severe_stress
Mombasa,2023,3,2023-03-01,long_rains,79.41354215145111,0.3253426439708538,0.1978275420210896,-0.7899098108247917,-0.3995714516463158,-0.7899098108247917,normal
Mombasa,2023,4,2023-04-01,long_rains,437.22771763801575,0.958776668663854,0.2490077377786078,-0.4867092466620827,0.019210823701995172,-0.4867092466620827,normal
Mombasa,2023,5,2023-05-01,long_rains,188.96631002426147,-0.8325741038087895,0.3602129571821808,0.0297003155643316,-0.27209573121626074,-0.8325741038087895,normal
Mombasa,2023,6,2023-06-01,cool_dry,98.04319357872008,-0.2379851510834225,0.3817837711373931,-0.0275914234600602,-0.101229228128237,-0.2379851510834225,normal
Mombasa,2023,7,2023-07-01,cool_dry,170.57333266735077,0.5982407847413768,,,,,no_data
Mombasa,2023,8,2023-08-01,cool_dry,70.20878779888153,-0.5199837293285468,0.3187541775068668,-0.5444024345826018,-0.5358558877436825,-0.5444024345826018,moderate_stress
Mombasa,2023,9,2023-09-01,cool_dry,33.17874050140381,-0.8143915204191263,0.3209135015760723,0.5942274429573114,0.1012108057755583,-0.8143915204191263,normal
Mombasa,2023,10,2023-10-01,short_rains,157.61087557673454,0.0166241406812125,0.3286840190661748,1.2189098976216477,0.7981098826924954,0.0166241406812125,good
Mombasa,2023,11,2023-11-01,short_rains,589.0277183055878,2.3051271161262963,0.310281900431229,0.5307577700110196,1.1517870411513664,0.5307577700110196,good
Mombasa,2023,12,2023-12-01,short_rains,122.46380424499512,0.4257845455762392,0.2811446848589659,-0.2967314790706842,-0.04385087044426103,-0.2967314790706842,normal
Mombasa,2024,1,2024-01-01,hot_dry,18.160510003566745,-0.3143541082047387,,,,,no_data
Mombasa,2024,2,2024-02-01,hot_dry,9.138613849878311,0.0473394419670119,0.2532578153919137,0.2890364585608701,0.20444250275301973,0.0473394419670119,normal
Mombasa,2024,3,2024-03-01,long_rains,88.87797784805298,0.5389443969885163,0.3019505239078698,1.177174905416463,0.9537942274666817,0.5389443969885163,good
Mombasa,2024,4,2024-04-01,long_rains,251.9715787768364,-0.0098157647781228,0.4900232504685394,1.3369799481485811,0.8656014486242348,-0.0098157647781228,good
Mombasa,2024,5,2024-05-01,long_rains,116.31566352769732,-1.269921443720596,0.4570453615404768,0.9778846493097662,0.1911525167491394,-1.269921443720596,normal
Mombasa,2024,6,2024-06-01,cool_dry,85.34643594920635,-0.5530703560602068,0.395928688539263,0.1625475284014313,-0.08791873116014204,-0.5530703560602068,normal
Mombasa,2024,7,2024-07-01,cool_dry,35.689990162849426,-1.45684128260644,,,,,no_data
Mombasa,2024,8,2024-08-01,cool_dry,100.75232356786728,1.7709522590625382,0.3701099189284036,1.1299781418371548,1.354319082866039,1.1299781418371548,very_good
Mombasa,2024,9,2024-09-01,cool_dry,26.052393317222595,-0.9898586120827548,0.3235169288557492,0.6522552876672675,0.0775154227547597,-0.9898586120827548,normal
Mombasa,2024,10,2024-10-01,short_rains,65.83680212497711,-0.6221984037743782,0.2887342137161857,0.3702368156009807,0.022884488819605114,-0.6221984037743782,normal
Mombasa,2024,11,2024-11-01,short_rains,108.73627662658691,-0.4650625112297394,0.2573948494324525,-0.4549745364144811,-0.4585053275998215,-0.4650625112297394,normal
Mombasa,2024,12,2024-12-01,short_rains,171.75036239624023,1.2426060319393757,0.3165233278471081,0.3152036896533914,0.6397945094534859,0.3152036896533914,good
Murang'a,2017,1,2017-01-01,hot_dry,21.019328713417053,-0.9491117450147418,0.6296718996886179,0.0285884234535345,-0.31360663551036216,-0.9491117450147418,normal
Murang'a,2017,2,2017-02-01,hot_dry,51.327191948890686,0.3145097939646536,0.5647068675480955,-0.0204491589345129,0.09678647458019538,-0.0204491589345129,normal
Murang'a,2017,3,2017-03-01,long_rains,40.10127694159746,-0.8317924361919361,0.4773601332120599,-0.1616673150777628,-0.3962111074677234,-0.8317924361919361,normal
Murang'a,2017,4,2017-04-01,long_rains,150.50200528651476,-0.9775735705078406,,,,,no_data
Murang'a,2017,5,2017-05-01,long_rains,174.5850182697177,-0.4017506568201365,,,,,no_data
Murang'a,2017,6,2017-06-01,cool_dry,26.77164988964796,-0.7220235620501045,,,,,no_data
Murang'a,2017,7,2017-07-01,cool_dry,38.35331206768751,-0.325326118777231,0.3646292717587611,-0.2987867309575452,-0.3080755166944352,-0.325326118777231,normal
Murang'a,2017,8,2017-08-01,cool_dry,44.01934886723757,0.65489040072874,0.4065442422098593,-0.2692812392988932,0.05417883471077842,-0.2692812392988932,normal
Murang'a,2017,9,2017-09-01,cool_dry,34.353950813412666,0.4211760978034736,,,,,no_data
Murang'a,2017,10,2017-10-01,short_rains,126.04806758463384,-0.1361663129946488,0.4599701824341576,0.4326938604704764,0.23359279975768263,-0.1361663129946488,normal
Murang'a,2017,11,2017-11-01,short_rains,199.63523556292057,-0.4765602025699847,,,,,no_data
Murang'a,2017,12,2017-12-01,short_rains,21.531154103577137,-0.7819385591685087,0.6431807791525073,0.5073747935467633,0.056115120096418114,-0.7819385591685087,normal
Murang'a,2018,1,2018-01-01,hot_dry,40.4305537045002,-0.5011169302699616,0.6014088253148956,-0.4739996881978259,-0.4834907229230734,-0.5011169302699616,normal
Murang'a,2018,2,2018-02-01,hot_dry,29.532996222376823,-0.6382907605408368,0.5238996048527674,-0.7626534404473098,-0.7191265024800442,-0.7626534404473098,moderate_stress
Murang'a,2018,3,2018-03-01,long_rains,259.78751311451197,1.779549033426447,,,,,no_data
Murang'a,2018,4,2018-04-01,long_rains,629.1545369625092,0.7976795713636752,,,,,no_data
Murang'a,2018,5,2018-05-01,long_rains,499.7231188416481,1.8519940402407928,0.7670509670630276,1.484162251526126,1.6129033775762593,1.484162251526126,very_good
Murang'a,2018,6,2018-06-01,cool_dry,106.62205345183612,1.6198665117383853,0.5653333298317255,0.5466919248503094,0.9223030302611359,0.5466919248503094,good
Murang'a,2018,7,2018-07-01,cool_dry,52.84463328868151,0.5208783454763931,,,,,no_data
Murang'a,2018,8,2018-08-01,cool_dry,54.82192549109459,1.5167957389895144,,,,,no_data
Murang'a,2018,9,2018-09-01,cool_dry,32.51129800453782,0.1747551427876127,,,,,no_data
Murang'a,2018,10,2018-10-01,short_rains,84.68068317323923,-0.4337413695805219,0.3852749203022201,-0.9231207467166264,-0.7518379647189898,-0.9231207467166264,moderate_stress
Murang'a,2018,11,2018-11-01,short_rains,158.32968003302813,-0.8753277712604619,0.4430951688356703,-0.815066603253876,-0.8361580120561811,-0.8753277712604619,moderate_stress
Murang'a,2018,12,2018-12-01,short_rains,166.2571316510439,1.0534182948107604,0.5694371345802786,-0.7888838864337091,-0.14407812299814476,-0.7888838864337091,normal
Murang'a,2019,1,2019-01-01,hot_dry,28.638697385787964,-0.7732630977284936,0.6548473165365599,0.4762702660703112,0.03893358874072955,-0.7732630977284936,normal
Murang'a,2019,2,2019-02-01,hot_dry,26.208638578653336,-0.78362531869849,0.5701521569506346,0.0785900032561787,-0.22318535942795528,-0.78362531869849,normal
Murang'a,2019,3,2019-03-01,long_rains,30.16273313015699,-0.9499287930914468,0.485424802044224,-0.0058400441053758,-0.33627110625050066,-0.9499287930914468,normal
Murang'a,2019,4,2019-04-01,long_rains,244.55031126737595,-0.6287619804059117,0.4002395581616577,-0.7941914346629925,-0.7362911256730141,-0.7941914346629925,moderate_stress
Murang'a,2019,5,2019-05-01,long_rains,129.0363038778305,-0.717478568553902,0.5217059470683889,-0.6661928713577382,-0.6841428653763956,-0.717478568553902,moderate_stress
Murang'a,2019,6,2019-06-01,cool_dry,67.28380353748798,0.4661358743863221,0.4917317928130909,-0.0498299505600723,0.13075808817116572,-0.0498299505600723,normal
Murang'a,2019,7,2019-07-01,cool_dry,46.86411352828145,0.1716525956202724,0.4101006630895133,0.0076884352039385,0.06507589134965537,0.0076884352039385,normal
Murang'a,2019,8,2019-08-01,cool_dry,47.80713391304016,0.9571064612889228,0.4016765398887406,-0.322461723170191,0.12538714139049878,-0.322461723170191,normal
Murang'a,2019,9,2019-09-01,cool_dry,39.392616454511874,1.0950050433895024,0.430636781511053,0.568909492769135,0.7530429354862636,0.568909492769135,good
Murang'a,2019,10,2019-10-01,short_rains,482.57866498827934,2.428525997301898,0.4459411793107722,0.1780494986184185,0.9657162731576363,0.1780494986184185,good
Murang'a,2019,11,2019-11-01,short_rains,341.1534008383751,0.8896689636638452,0.6441520351701642,0.7982789419786598,0.8302654495684747,0.7982789419786598,good
Murang'a,2019,12,2019-12-01,short_rains,234.38841423392296,1.9174319195788057,0.7168025778073714,1.8014916777301857,1.8420707623772026,1.8014916777301857,very_good
Murang'a,2020,1,2020-01-01,hot_dry,135.21932627260685,1.686528549396621,0.5599676287201144,-1.2109277543288277,-0.19681804802492076,-1.2109277543288277,normal
Murang'a,2020,2,2020-02-01,hot_dry,77.62642824649811,1.464262106088147,0.5541684969355262,-0.2121215052816518,0.3746127586977778,-0.2121215052816518,normal
Murang'a,2020,3,2020-03-01,long_rains,207.88969600200653,1.1626559391231417,0.4814022001201836,-0.0835656262807426,0.3526119216106169,-0.0835656262807426,normal
Murang'a,2020,4,2020-04-01,long_rains,617.2491179704666,0.7535240909843779,0.5403268725064051,0.494971184872063,0.5854647020113732,0.494971184872063,good
Murang'a,2020,5,2020-05-01,long_rains,216.29921436309817,-0.1126022977928703,0.6302291117086071,0.2849710978182477,0.14582040935435642,-0.1126022977928703,normal
Murang'a,2020,6,2020-06-01,cool_dry,93.28246140480042,1.228636701872604,0.4873745084839003,-0.0851446399678079,0.3746788296763363,-0.0851446399678079,normal
Murang'a,2020,7,2020-07-01,cool_dry,32.269081983715296,-0.6806079167643398,0.584970404399135,1.1863027563416548,0.5328840207545568,-0.6806079167643398,good
Murang'a,2020,8,2020-08-01,cool_dry,33.29271909594536,-0.2009553649014497,0.5018035055088311,0.7714425727312566,0.4311032945598094,-0.2009553649014497,normal
Murang'a,2020,9,2020-09-01,cool_dry,40.08042469248176,1.1869867569559385,0.4236363177041254,0.5026109255669783,0.7421424665531143,0.5026109255669783,good
Murang'a,2020,10,2020-10-01,short_rains,116.03469514846802,-0.2081972115323552,0.4989377622344648,1.1400053069001663,0.6681344254487838,-0.2081972115323552,good
Murang'a,2020,11,2020-11-01,short_rains,171.65461552143097,-0.7466876389706906,0.6589151565411311,0.9167430189923302,0.334542288705273,-0.7466876389706906,normal
Murang'a,2020,12,2020-12-01,short_rains,60.608084201812744,-0.2863805902147804,0.6364029339104402,0.388234482845298,0.15211920727427053,-0.2863805902147804,normal
Murang'a,2021,1,2021-01-01,hot_dry,75.21776127815247,0.3017426841853622,0.6784695967228059,0.8963334564620478,0.6882266861652078,0.3017426841853622,good
Murang'a,2021,2,2021-02-01,hot_dry,71.02570213377476,1.17569098470969,0.682361793154731,2.119463782011461,1.7891433029558412,1.17569098470969,very_good
Murang'a,2021,3,2021-03-01,long_rains,62.2337841540575,-0.5687102562731443,0.5284055766866825,0.8246437558123235,0.3369698515824099,-0.5687102562731443,normal
Murang'a,2021,4,2021-04-01,long_rains,194.48121767491105,-0.814461020583244,0.4520170564825094,-0.3177056394966016,-0.4915700228769264,-0.814461020583244,normal
Murang'a,2021,5,2021-05-01,long_rains,246.97173961997032,0.1000090234320005,0.5076857122222439,-0.7890748594498609,-0.47789550044120943,-0.7890748594498609,normal
Murang'a,2021,6,2021-06-01,cool_dry,16.500091947615147,-1.0232726292267764,0.5298989550895042,0.2595052636550077,-0.18946699885361673,-1.0232726292267764,normal
Murang'a,2021,7,2021-07-01,cool_dry,58.99605464190245,0.8800837023391942,0.399127971090603,-0.0662670234963217,0.2649557305461089,-0.0662670234963217,normal
Murang'a,2021,8,2021-08-01,cool_dry,36.181513987481594,0.029532955140342,0.2911976257835788,-1.5294628341867245,-0.9838143079222512,-1.5294628341867245,moderate_stress
Murang'a,2021,9,2021-09-01,cool_dry,16.711394906044006,-1.938191578340116,0.3201754835152331,-0.4772248763802538,-0.9885632220662055,-1.938191578340116,moderate_stress
Murang'a,2021,10,2021-10-01,short_rains,93.66124695539474,-0.3691399495566864,0.4299688051260338,-0.1118695352404536,-0.20191418025113506,-0.3691399495566864,normal
Murang'a,2021,11,2021-11-01,short_rains,123.89747025072576,-1.207739438489888,0.5856782598186805,0.3290663918372708,-0.20881564877723474,-1.207739438489888,normal
Murang'a,2021,12,2021-12-01,short_rains,0.0,-1.0549880277417882,0.5902616794458374,-0.4228320429804881,-0.6440866376469432,-1.0549880277417882,moderate_stress
Murang'a,2022,1,2022-01-01,hot_dry,39.5920859053731,-0.5204680648074244,0.6753146208464884,0.8402300988790423,0.363985741588779,-0.5204680648074244,normal
Murang'a,2022,2,2022-02-01,hot_dry,43.94685401767492,-0.0081444650656748,0.5714535907666928,0.102260538513485,0.06361878726077907,-0.0081444650656748,normal
Murang'a,2022,3,2022-03-01,long_rains,49.20672243088484,-0.7235588580682223,0.5004089509552363,0.2836869136953628,-0.06884910642189193,-0.7235588580682223,normal
Murang'a,2022,4,2022-04-01,long_rains,246.42483492940664,-0.6218096427490305,0.3461426539179189,-1.292021713655776,-1.057447488838415,-1.292021713655776,moderate_stress
Murang'a,2022,5,2022-05-01,long_rains,85.6905770227313,-1.0179361337180293,0.6617733753712352,0.5614444860533702,0.00866126913338039,-1.0179361337180293,normal
Murang'a,2022,6,2022-06-01,cool_dry,19.51598751443089,-0.9348210300309394,0.2384470805755062,-2.102638596641602,-1.6939024483278704,-2.102638596641602,severe_stress
Murang'a,2022,7,2022-07-01,cool_dry,27.504887513816357,-0.9588077142514306,0.4924405666561653,0.562655742972323,0.030143532944009233,-0.9588077142514306,normal
Murang'a,2022,8,2022-08-01,cool_dry,28.99031087011099,-0.5442316726143855,0.3906617244543731,-0.4428004735517216,-0.47830139322365395,-0.5442316726143855,normal
Murang'a,2022,9,2022-09-01,cool_dry,26.96123712323606,-0.5674635194473313,0.2726647518916886,-0.9271798394000031,-0.801279127416568,-0.9271798394000031,moderate_stress
Murang'a,2022,10,2022-10-01,short_rains,53.107510559260845,-0.6608620532032508,0.357664924537063,-1.4242775067886733,-1.1570820980337755,-1.4242775067886733,moderate_stress
Murang'a,2022,11,2022-11-01,short_rains,279.2664705887437,0.2922069420841314,0.3156788504083432,-1.8374964932267055,-1.0921002908679127,-1.8374964932267055,moderate_stress
Murang'a,2022,12,2022-12-01,short_rains,36.11453431844711,-0.5969979750030382,0.5565756776082147,-1.0149613380424898,-0.8686741609786817,-1.0149613380424898,moderate_stress
Murang'a,2023,1,2023-01-01,hot_dry,37.88864850997925,-0.5597819731635099,0.6859224996006836,1.0288646996730182,0.4728383641802334,-0.5597819731635099,normal
Murang'a,2023,2,2023-02-01,hot_dry,9.04490041360259,-1.533991124634256,0.4908326277158311,-1.364077069151759,-1.4235469885706329,-1.533991124634256,severe_stress
Murang'a,2023,3,2023-03-01,long_rains,126.18623353540896,0.1914724755287104,0.3830429318145959,-1.9840846276031552,-1.2226396415070024,-1.9840846276031552,moderate_stress
Murang'a,2023,4,2023-04-01,long_rains,327.08363234996796,-0.322657806992406,0.5342163156163793,0.4387383877482809,0.1722497195890405,-0.322657806992406,normal
Murang'a,2023,5,2023-05-01,long_rains,117.51279623806477,-0.797355532185599,0.4350836053473583,-1.4254045165750948,-1.2055873720387713,-1.4254045165750948,moderate_stress
Murang'a,2023,6,2023-06-01,cool_dry,42.376471027731895,-0.2643580513421693,0.5493278040754617,0.4169711794990492,0.17850594870462275,-0.2643580513421693,normal
Murang'a,2023,7,2023-07-01,cool_dry,21.99896678328514,-1.2803197855767332,0.1176384092749521,-1.9634942185619564,-1.7243831670171283,-1.9634942185619564,severe_stress
Murang'a,2023,8,2023-08-01,cool_dry,17.812666356563568,-1.436062558046973,0.4457690928441913,0.1592569906300365,-0.39910485140691676,-1.436062558046973,normal
Murang'a,2023,9,2023-09-01,cool_dry,30.81877114251256,-0.0515892253546067,0.2529003228389501,-1.1143607696790128,-0.7423907291654708,-1.1143607696790128,moderate_stress
Murang'a,2023,10,2023-10-01,short_rains,130.81058628112078,-0.1019072755726934,0.3960926393751349,-0.7267653003752272,-0.5080649916943404,-0.7267653003752272,moderate_stress
Murang'a,2023,11,2023-11-01,short_rains,426.8320046961307,1.7168179539352932,0.620812518539223,0.6109950860681421,0.998033089821645,0.6109950860681421,good
Murang'a,2023,12,2023-12-01,short_rains,65.51988044381142,-0.2240911584840795,0.5532607418623245,-1.0732309592296947,-0.7760320289687294,-1.0732309592296947,moderate_stress
Murang'a,2024,1,2024-01-01,hot_dry,119.14170764386654,1.315470577402148,0.5389114356122805,-1.585359502011303,-0.5700689742165953,-1.585359502011303,moderate_stress
Murang'a,2024,2,2024-02-01,hot_dry,44.35248130559921,0.0095887841767665,0.5690743525737059,0.0589868500341098,0.04169752698403965,0.0095887841767665,normal
Murang'a,2024,3,2024-03-01,long_rains,105.05674761906266,-0.0596871044535491,0.544044734843147,1.126826943559345,0.7115470267548322,-0.0596871044535491,good
Murang'a,2024,4,2024-04-01,long_rains,903.1961514353752,1.8140603588903796,0.6463014597652859,1.4702092151950246,1.5905571154883988,1.4702092151950246,very_good
Murang'a,2024,5,2024-05-01,long_rains,390.53215885162354,1.0951201253977436,0.6604783873389685,0.5500944119849468,0.7408534116794256,0.5500944119849468,good
Murang'a,2024,6,2024-06-01,cool_dry,38.7688580788672,-0.3701638153473217,0.6230467740248663,1.014444819165117,0.5298317970857636,-0.3701638153473217,good
Murang'a,2024,7,2024-07-01,cool_dry,72.56533959507942,1.6724468919338749,0.4938122812263135,0.5719010384979072,0.9570920872004959,0.5719010384979072,good
Murang'a,2024,8,2024-08-01,cool_dry,23.565314203500748,-0.9770759605847108,0.5806914309416553,1.633306706846234,0.7196727732454032,-0.9770759605847108,good
Murang'a,2024,9,2024-09-01,cool_dry,28.806610654573888,-0.3206787177944741,0.5233802095832399,1.447245067123155,0.8284717424019848,-0.3206787177944741,good
Murang'a,2024,10,2024-10-01,short_rains,72.89632177352905,-0.5185118248617413,0.5152054369387347,1.435284423131914,0.7514557363341346,-0.5185118248617413,good
Murang'a,2024,11,2024-11-01,short_rains,291.2214289829135,0.4076211916077553,0.5443555624585283,-0.0025203423958192,0.14102919450543186,-0.0025203423958192,normal
Murang'a,2024,12,2024-12-01,short_rains,81.10444909334183,-0.0264539037773709,0.6486098952093498,0.6028072725641308,0.3825658608446052,-0.0264539037773709,normal
Nairobi,2017,1,2017-01-01,hot_dry,18.55112886428833,-0.7734507773240583,0.3010980526480847,-1.3848857409924735,-1.1708835037085281,-1.3848857409924735,moderate_stress
Nairobi,2017,2,2017-02-01,hot_dry,30.81830535829067,-0.2650938010197082,0.2967972226703444,-0.3655028334978522,-0.33035967213050177,-0.3655028334978522,normal
Nairobi,2017,3,2017-03-01,long_rains,37.685401260852814,-0.8176276017225125,,,,,no_data
Nairobi,2017,4,2017-04-01,long_rains,76.9958513379097,-0.9158608068064744,,,,,no_data
Nairobi,2017,5,2017-05-01,long_rains,92.6384820342064,-0.4372122292220173,,,,,no_data
Nairobi,2017,6,2017-06-01,cool_dry,16.889769792556763,-0.5933561481414055,,,,,no_data
Nairobi,2017,7,2017-07-01,cool_dry,18.969486013054848,-0.0883107083160765,,,,,no_data
Nairobi,2017,8,2017-08-01,cool_dry,28.75709056854248,0.9721735098698646,0.2753582077771356,-0.1983624803074914,0.2113251162545832,-0.1983624803074914,normal
Nairobi,2017,9,2017-09-01,cool_dry,17.122481167316437,-0.4729878170311637,0.3496374835713796,1.3504760591448437,0.7122637024832411,-0.4729878170311637,good
Nairobi,2017,10,2017-10-01,short_rains,59.568699806928635,-0.0115511437660681,0.2389813130959062,-0.2513547090832307,-0.1674234612222238,-0.2513547090832307,normal
Nairobi,2017,11,2017-11-01,short_rains,121.06260842084885,-0.8348181043801587,,,,,no_data
Nairobi,2017,12,2017-12-01,short_rains,19.768809139728543,-0.7317647055137189,0.4566852883080596,0.942471752878689,0.3564889924413463,-0.7317647055137189,normal
Nairobi,2018,1,2018-01-01,hot_dry,40.36381693184376,-0.3585094612132483,0.3293146620361811,-0.7801600976979786,-0.632582374928323,-0.7801600976979786,moderate_stress
Nairobi,2018,2,2018-02-01,hot_dry,29.43668270111084,-0.3406788584835882,0.2654436793922036,-0.8603587521521202,-0.6784707893681341,-0.8603587521521202,moderate_stress
Nairobi,2018,3,2018-03-01,long_rains,234.99814426898956,1.728109230451751,,,,,no_data
Nairobi,2018,4,2018-04-01,long_rains,322.6219412088394,0.6518716794407006,,,,,no_data
Nairobi,2018,5,2018-05-01,long_rains,257.06135535240173,1.3798812198290338,,,,,no_data
Nairobi,2018,6,2018-06-01,cool_dry,41.015415012836456,0.8205517447812919,,,,,no_data
Nairobi,2018,7,2018-07-01,cool_dry,22.965849488973618,0.2364728477217514,,,,,no_data
Nairobi,2018,8,2018-08-01,cool_dry,33.56403389573097,1.379735491912296,,,,,no_data
Nairobi,2018,9,2018-09-01,cool_dry,18.192493945360184,-0.3535218280021652,,,,,no_data
Nairobi,2018,10,2018-10-01,short_rains,36.65550696849823,-0.4155579729045524,,,,,no_data
Nairobi,2018,11,2018-11-01,short_rains,101.87765300273897,-1.1759107060184688,0.337975349868881,0.1662202909982316,-0.30352555795761355,-1.1759107060184688,normal
Nairobi,2018,12,2018-12-01,short_rains,164.38430939614773,0.8146847762966497,0.4057076959608979,0.2753348411878682,0.4641073184759417,0.2753348411878682,normal
Nairobi,2019,1,2019-01-01,hot_dry,14.760628640651705,-0.8455572112785953,0.4048496851372254,0.8386724419520022,0.24919206332129307,-0.8455572112785953,normal
Nairobi,2019,2,2019-02-01,hot_dry,21.5928735435009,-0.7697936843245546,0.288114057765846,-0.5025500408110306,-0.596085316040764,-0.7697936843245546,moderate_stress
Nairobi,2019,3,2019-03-01,long_rains,19.064790800213817,-1.0578714560450044,0.2224386534446336,-0.8035925697988375,-0.8925901799849959,-1.0578714560450044,moderate_stress
Nairobi,2019,4,2019-04-01,long_rains,132.4970898628235,-0.5616187362341558,0.1952983042995051,-0.5210798246895354,-0.5352684437301525,-0.5616187362341558,moderate_stress
Nairobi,2019,5,2019-05-01,long_rains,59.1807576417923,-0.8069649928533741,0.2453547633551545,-0.581737689563081,-0.6605672457146836,-0.8069649928533741,moderate_stress
Nairobi,2019,6,2019-06-01,cool_dry,50.65765641629696,1.3856450760203218,0.3362902923167077,-0.1188408848640929,0.4077292014454522,-0.1188408848640929,normal
Nairobi,2019,7,2019-07-01,cool_dry,24.923229940235615,0.3955487143966778,0.3621552256130947,0.2583008790542849,0.3063376214241224,0.2583008790542849,normal
Nairobi,2019,8,2019-08-01,cool_dry,28.962748497724533,0.9896104438079236,0.2037954246124223,-1.2617118378966088,-0.47374903930002255,-1.2617118378966088,normal
Nairobi,2019,9,2019-09-01,cool_dry,31.85150730609894,1.1714950444918992,0.1936165571419034,-0.6825690588712009,-0.03364662269411589,-0.6825690588712009,normal
Nairobi,2019,10,2019-10-01,short_rains,198.0312421321869,2.4298289412239877,0.2587616237289564,0.073510936554534,0.8982222381888427,0.073510936554534,good
Nairobi,2019,11,2019-11-01,short_rains,232.1953980922699,1.1410307589727229,0.3364467445257577,0.1545792018788681,0.49983724686171727,0.1545792018788681,normal
Nairobi,2019,12,2019-12-01,short_rains,282.3887533545494,2.0765682596523054,0.4611718860696013,1.00118725584419,1.3775706071770304,1.00118725584419,very_good
Nairobi,2020,1,2020-01-01,hot_dry,140.88435369729996,1.5536860321823514,0.4253173590535242,1.2773263959241368,1.3740522686145118,1.2773263959241368,very_good
Nairobi,2020,2,2020-02-01,hot_dry,60.211615204811096,1.3429393346975398,0.3853773732056741,1.032566002895977,1.141196669026524,1.032566002895977,good
Nairobi,2020,3,2020-03-01,long_rains,180.07686442136765,1.0195127006651492,0.3142145440946017,0.6712627866455367,0.7931502565524011,0.6712627866455367,good
Nairobi,2020,4,2020-04-01,long_rains,307.83530378341675,0.5574945232258428,0.4055473819417242,0.8414573961385524,0.742070390619104,0.5574945232258428,good
Nairobi,2020,5,2020-05-01,long_rains,83.3440591096878,-0.5399280781061865,0.4414445601129524,0.8689163345668587,0.37582079013129294,-0.5399280781061865,normal
Nairobi,2020,6,2020-06-01,cool_dry,46.27579436637461,1.1288416089414086,0.3657440648563761,0.221602838893069,0.5391364084099879,0.221602838893069,good
Nairobi,2020,7,2020-07-01,cool_dry,11.386104877572508,-0.7046103784570409,0.3968401526035228,0.9324244115094462,0.3594622350211758,-0.7046103784570409,normal
Nairobi,2020,8,2020-08-01,cool_dry,12.052207052707672,-0.4441684297143554,0.3457239367693355,0.8471998834134342,0.39522097381870785,-0.4441684297143554,normal
Nairobi,2020,9,2020-09-01,cool_dry,28.35780741274357,0.7814265128868103,0.2374576392589679,-0.1112937818529797,0.2011583213059468,-0.1112937818529797,normal
Nairobi,2020,10,2020-10-01,short_rains,42.294936537742615,-0.3161232029671689,0.2898012797213857,0.5832965547594446,0.26849963955512995,-0.3161232029671689,normal
Nairobi,2020,11,2020-11-01,short_rains,130.28933322429657,-0.6707745869874677,0.344182806408515,0.2134931564945715,-0.0960005537241422,-0.6707745869874677,normal
Nairobi,2020,12,2020-12-01,short_rains,46.77098362147808,-0.4430162749442841,0.3305067497172673,-0.7088098530445663,-0.6157821007094675,-0.7088098530445663,moderate_stress
Nairobi,2021,1,2021-01-01,hot_dry,44.57437697052955,-0.2784122573012468,0.3644346884907797,-0.0274835341121214,-0.11530858722831529,-0.2784122573012468,normal
Nairobi,2021,2,2021-02-01,hot_dry,58.68009063601494,1.2591535253535528,0.3681945601143276,0.7613680498623558,0.9355929662842748,0.7613680498623558,good
Nairobi,2021,3,2021-03-01,long_rains,45.87617343664169,-0.7119499344114154,0.2961510470783026,0.380979084227281,-0.0015460722962627182,-0.7119499344114154,normal
Nairobi,2021,4,2021-04-01,long_rains,117.95055103302002,-0.6544634397341885,0.2691695305548026,-0.0423509929163185,-0.25659034930257296,-0.6544634397341885,normal
Nairobi,2021,5,2021-05-01,long_rains,194.3238146305084,0.686547184516865,0.2847192445090997,-0.2905229301113662,0.051451610008514725,-0.2905229301113662,normal
Nairobi,2021,6,2021-06-01,cool_dry,8.512197062373161,-1.084332289860662,0.3960963184110304,0.5724317254355733,-0.007435679918109006,-1.084332289860662,normal
Nairobi,2021,7,2021-07-01,cool_dry,32.5391488969326,1.0144927259103664,0.2872648828901729,-1.197240382343961,-0.4231337944549464,-1.197240382343961,normal
Nairobi,2021,8,2021-08-01,cool_dry,18.09367917478085,0.0680644353164005,0.251639346296043,-0.5508003677582053,-0.3341976866820933,-0.5508003677582053,normal
Nairobi,2021,9,2021-09-01,cool_dry,6.5100454688072205,-1.6578569632173972,0.2360350834006148,-0.1298305275903356,-0.6646397800598071,-1.6578569632173972,moderate_stress
Nairobi,2021,10,2021-10-01,short_rains,36.618678629398346,-0.4162073324506924,0.2545475487857012,0.0043002854882608,-0.14287738079037282,-0.4162073324506924,normal
Nairobi,2021,11,2021-11-01,short_rains,134.28396439552307,-0.5997533565970676,0.2679817126003287,-0.3668160305723682,-0.448344094681013,-0.5997533565970676,normal
Nairobi,2021,12,2021-12-01,short_rains,0.0,-0.943162962242318,0.3618155677370321,-0.2990755521354187,-0.5245061456728335,-0.943162962242318,moderate_stress
Nairobi,2022,1,2022-01-01,hot_dry,46.50305439531803,-0.2417231547698949,0.418218707362439,1.1251912952331935,0.6467712377321126,-0.2417231547698949,good
Nairobi,2022,2,2022-02-01,hot_dry,43.6468331515789,0.4367222884847259,0.3819800427326247,0.9789456169224054,0.7891674519692176,0.4367222884847259,good
Nairobi,2022,3,2022-03-01,long_rains,45.679328203201294,-0.7144896394166137,0.2629508453642213,-0.1525542324887631,-0.3492316249135108,-0.7144896394166137,normal
Nairobi,2022,4,2022-04-01,long_rains,122.78704416751862,-0.6235940503690393,0.1601456836836902,-0.7488894043358371,-0.7050360304474578,-0.7488894043358371,moderate_stress
Nairobi,2022,5,2022-05-01,long_rains,51.9453626871109,-0.8869258189119568,0.3997326630041552,0.5603356108604155,0.05379411044008525,-0.8869258189119568,normal
Nairobi,2022,6,2022-06-01,cool_dry,9.34030830860138,-1.0357999908663988,0.1995124537909294,-1.6997981837112175,-1.467398816215531,-1.6997981837112175,severe_stress
Nairobi,2022,7,2022-07-01,cool_dry,7.049875736236572,-1.0570147402735457,0.302576817662737,-0.899643228385629,-0.9547232575463999,-1.0570147402735457,moderate_stress
Nairobi,2022,8,2022-08-01,cool_dry,7.182323604822159,-0.8570668591819472,0.2733152422113897,-0.2287188474838838,-0.448640651578206,-0.8570668591819472,normal
Nairobi,2022,9,2022-09-01,cool_dry,13.176135380803316,-0.913593865959054,0.1419948682104537,-1.355230252901896,-1.2006575174719014,-1.355230252901896,moderate_stress
Nairobi,2022,10,2022-10-01,short_rains,25.44409954547882,-0.61323819997255,0.1892823781396307,-1.067594498821559,-0.908569794224406,-1.067594498821559,moderate_stress
Nairobi,2022,11,2022-11-01,short_rains,156.4551578760147,-0.2055679180138443,0.065299579458567,-1.910341169628223,-1.3136705315631905,-1.910341169628223,severe_stress
Nairobi,2022,12,2022-12-01,short_rains,35.483557760715485,-0.5637186466983414,0.2329078896395846,-1.986073040630063,-1.4882490027539605,-1.986073040630063,severe_stress
Nairobi,2023,1,2023-01-01,hot_dry,24.51404258608818,-0.6600186657055415,0.3225337181344043,-0.9254862283731888,-0.8325725814395123,-0.9254862283731888,moderate_stress
Nairobi,2023,2,2023-02-01,hot_dry,5.964477144181728,-1.624783455787953,0.2129244361905844,-1.6892749008313543,-1.666702895066164,-1.6892749008313543,severe_stress
Nairobi,2023,3,2023-03-01,long_rains,115.68865543603896,0.1887734758552973,0.1844666710557679,-1.4138092751275315,-0.8529053122835415,-1.4138092751275315,moderate_stress
Nairobi,2023,4,2023-04-01,long_rains,146.63079890608788,-0.4714089591297185,0.1124176000308435,-1.058195353189815,-0.8528201152687812,-1.058195353189815,moderate_stress
Nairobi,2023,5,2023-05-01,long_rains,57.95730805397034,-0.8204857529910057,0.1113211618992254,-1.5733057697770247,-1.309818763901918,-1.5733057697770247,severe_stress
Nairobi,2023,6,2023-06-01,cool_dry,14.691644668579102,-0.7221794991459706,0.3240226913290698,-0.2606369062794707,-0.42217681378274563,-0.7221794991459706,normal
Nairobi,2023,7,2023-07-01,cool_dry,3.655265405774116,-1.3328939542474127,,,,,no_data
Nairobi,2023,8,2023-08-01,cool_dry,3.9128713607788086,-1.1342709670894862,0.2629855037122668,-0.3822081377456134,-0.6454301280159689,-1.1342709670894862,moderate_stress
Nairobi,2023,9,2023-09-01,cool_dry,26.54679423570633,0.5792284786401043,0.2171100267015659,-0.3764352299894699,-0.04195293196911895,-0.3764352299894699,normal
Nairobi,2023,10,2023-10-01,short_rains,51.24374681711197,-0.1583372282658995,0.1857111460866179,-1.126247298979601,-0.7874787742298055,-1.126247298979601,moderate_stress
Nairobi,2023,11,2023-11-01,short_rains,238.87271934747696,1.259747994914976,0.5025087306687206,1.419223728162446,1.3634072215258315,1.259747994914976,very_good
Nairobi,2023,12,2023-12-01,short_rains,61.78779412806034,-0.2824336348733915,0.3902994015775683,0.0736885598312743,-0.05095420831535873,-0.2824336348733915,normal
Nairobi,2024,1,2024-01-01,hot_dry,143.52850230038166,1.603985495410234,0.3599697289881942,-0.1231745319335664,0.4813314776367637,-0.1231745319335664,normal
Nairobi,2024,2,2024-02-01,hot_dry,34.96085700392723,-0.0384653489200146,0.3608093672773423,0.6448068576116155,0.40566158532554497,-0.0384653489200146,normal
Nairobi,2024,3,2024-03-01,long_rains,129.38957045972347,0.3655432246233484,0.3544413056978511,1.317714206542314,0.984454362870676,0.3655432246233484,good
Nairobi,2024,4,2024-04-01,long_rains,536.5956554412842,2.017579789607033,0.5116490195126555,1.5290581789929545,1.7000407427078819,1.5290581789929545,very_good
Nairobi,2024,5,2024-05-01,long_rains,261.15201210975647,1.4250884677386415,0.4613688596669477,1.0163144440241996,1.1593853523242543,1.0163144440241996,good
Nairobi,2024,6,2024-06-01,cool_dry,28.731313062191475,0.1006294982714145,0.4577656424832398,1.2852414105261385,0.8706272412369852,0.1006294982714145,good
Nairobi,2024,7,2024-07-01,cool_dry,38.96002030372619,1.53631549326528,0.395488712671945,0.9061583201658612,1.1267133307506576,0.9061583201658612,good
Nairobi,2024,8,2024-08-01,cool_dry,5.802253469824791,-0.9740776249206958,0.4081375366976619,1.7746017877783695,0.8125639933336968,-0.9740776249206958,good
Nairobi,2024,9,2024-09-01,cool_dry,29.11360309208976,0.8658104381909669,0.3461385431364995,1.304882792061038,1.151207468206513,0.8658104381909669,good
Nairobi,2024,10,2024-10-01,short_rains,31.93366050720215,-0.4988138608970562,0.3629147115433009,1.78408873008215,0.9850728232394279,-0.4988138608970562,good
Nairobi,2024,11,2024-11-01,short_rains,229.1027431488037,1.0860459181093087,0.3586464282669602,0.3236408226664742,0.5904826060714663,0.3236408226664742,good
Nairobi,2024,12,2024-12-01,short_rains,95.0113401412964,0.0728431883230986,0.4382549230981766,0.7012760360680288,0.48132453935730324,0.0728431883230986,normal
Nakuru,2017,1,2017-01-01,hot_dry,20.965696938335896,-0.8046556088839758,0.3771243339016932,-0.7772302518704671,-0.7868291268251951,-0.8046556088839758,moderate_stress
Nakuru,2017,2,2017-02-01,hot_dry,35.374447951093316,-0.2453982107069008,0.3172227376318419,-0.763883324926781,-0.582413534949823,-0.763883324926781,moderate_stress
Nakuru,2017,3,2017-03-01,long_rains,35.47815989609808,-0.8416022279612662,0.3039808222280847,-0.679448561909689,-0.7362023450277411,-0.8416022279612662,moderate_stress
Nakuru,2017,4,2017-04-01,long_rains,86.84138668701053,-1.1096999689311522,0.3263095805661323,-0.3619171880495731,-0.6236411613581259,-1.1096999689311522,moderate_stress
Nakuru,2017,5,2017-05-01,long_rains,108.88219030573964,-0.7477662182248392,0.5581263908822099,0.3950932215718136,-0.0049075823570148835,-0.7477662182248392,normal
Nakuru,2017,6,2017-06-01,cool_dry,54.19491641409695,-0.7410153455677363,0.5153632912863374,0.0239911096725163,-0.2437611496615721,-0.7410153455677363,normal
Nakuru,2017,7,2017-07-01,cool_dry,183.0071882456541,1.8486438307242656,,,,,no_data
Nakuru,2017,8,2017-08-01,cool_dry,130.5952953118831,0.8747804327100233,0.5527565828396868,0.931469926169098,0.9116286034584218,0.8747804327100233,good
Nakuru,2017,9,2017-09-01,cool_dry,105.42156099900603,0.5954783717365867,0.568369745640616,1.4359109126514518,1.141759523331249,0.5954783717365867,good
Nakuru,2017,10,2017-10-01,short_rains,106.7361510405317,0.6059457536167274,0.5321913899689354,1.2221578754284543,1.0064836327943498,0.6059457536167274,good
Nakuru,2017,11,2017-11-01,short_rains,110.07155573368073,-0.4074266255665972,0.5581532998109635,1.2357087101997395,0.6606113426815217,-0.4074266255665972,good
Nakuru,2017,12,2017-12-01,short_rains,23.10940306633711,-0.6759494570126491,0.4850595871394242,0.0219850291597123,-0.22229204100061417,-0.6759494570126491,normal
Nakuru,2018,1,2018-01-01,hot_dry,32.0779612287879,-0.5123078643809255,0.3918525772026167,-0.5196621660418522,-0.5170881604605279,-0.5196621660418522,moderate_stress
Nakuru,2018,2,2018-02-01,hot_dry,24.406132743693888,-0.6815848186887083,0.3410169838815823,-0.5102039271330646,-0.5701872391775399,-0.6815848186887083,moderate_stress
Nakuru,2018,3,2018-03-01,long_rains,197.12182504683733,1.5634579044873391,0.4916599643018617,1.3422179799251757,1.419651953521933,1.3422179799251757,very_good
Nakuru,2018,4,2018-04-01,long_rains,356.292916059494,1.6044899222722622,,,,,no_data
Nakuru,2018,5,2018-05-01,long_rains,274.74216932058334,1.4069817064117351,0.657245717902423,1.5483198709257917,1.498851513345872,1.4069817064117351,very_good
Nakuru,2018,6,2018-06-01,cool_dry,212.7489364258945,2.015514453094692,,,,,no_data
Nakuru,2018,7,2018-07-01,cool_dry,88.66965164244175,-0.3075082706836445,,,,,no_data
Nakuru,2018,8,2018-08-01,cool_dry,94.82383495569228,-0.4325083813376517,,,,,no_data
Nakuru,2018,9,2018-09-01,cool_dry,49.87349073588848,-1.7880040686082113,0.5251386683785321,0.5245958161633678,-0.28481414350668477,-1.7880040686082113,normal
Nakuru,2018,10,2018-10-01,short_rains,62.93326299637556,-0.8936857754698784,0.4538908979959411,-0.3037752054105939,-0.5102439049313434,-0.8936857754698784,moderate_stress
Nakuru,2018,11,2018-11-01,short_rains,60.9887667670846,-1.3621658306371422,0.4799826539111781,0.0456757166876889,-0.44706882487600197,-1.3621658306371422,normal
Nakuru,2018,12,2018-12-01,short_rains,97.36706998944284,0.6537409264190427,0.4857306705536272,0.0319465483148555,0.249574580651321,0.0319465483148555,normal
Nakuru,2019,1,2019-01-01,hot_dry,19.452062057331204,-0.8444771728691917,0.4233477764711357,0.0311270912129209,-0.2753344012158185,-0.8444771728691917,normal
Nakuru,2019,2,2019-02-01,hot_dry,17.248117670416832,-0.9662438803273686,0.345817695723228,-0.4590217347581691,-0.636549485707389,-0.9662438803273686,moderate_stress
Nakuru,2019,3,2019-03-01,long_rains,25.1851967535913,-0.994748936653628,0.2872599096861019,-0.8595650578695074,-0.9068794154439496,-0.994748936653628,moderate_stress
Nakuru,2019,4,2019-04-01,long_rains,128.4041200876236,-0.6910378403121613,0.2598205016258611,-1.015316417992439,-0.9018189158043418,-1.015316417992439,moderate_stress
Nakuru,2019,5,2019-05-01,long_rains,95.67473100870848,-0.9193491743968824,0.370785593651422,-1.7845664509934265,-1.481740404184636,-1.7845664509934265,severe_stress
Nakuru,2019,6,2019-06-01,cool_dry,137.79866689816117,0.7124717969980205,0.4048752762157718,-2.0166779226192815,-1.061475520753226,-2.0166779226192815,moderate_stress
Nakuru,2019,7,2019-07-01,cool_dry,106.26398399099708,0.0946228219032584,0.5498699005218618,0.965330742222044,0.6605829701104691,0.0946228219032584,good
Nakuru,2019,8,2019-08-01,cool_dry,118.8939004112035,0.4471461535921585,0.5241967100777715,0.4182574748944215,0.4283685124386294,0.4182574748944215,normal
Nakuru,2019,9,2019-09-01,cool_dry,87.23120965063572,-0.1850416862451655,0.498149794300583,-0.0443321389589165,-0.09358048050910364,-0.1850416862451655,normal
Nakuru,2019,10,2019-10-01,short_rains,142.125471457839,1.8175311777842729,0.4711936892417707,0.0334244837301834,0.6578618266491147,0.0334244837301834,good
Nakuru,2019,11,2019-11-01,short_rains,158.37631529569626,0.5321786559659778,0.5518864935583413,1.1403058115959743,0.9274613071254756,0.5321786559659778,good
Nakuru,2019,12,2019-12-01,short_rains,180.21022123098373,2.137166761129432,0.5745393647499139,1.3502171085108157,1.6256494869273315,1.3502171085108157,very_good
Nakuru,2020,1,2020-01-01,hot_dry,82.52119913324714,0.8147814165562166,0.5484543892708763,2.2189963519896234,1.727521124587931,0.8147814165562166,very_good
Nakuru,2020,2,2020-02-01,hot_dry,56.07115094177425,0.5776657242009732,0.5776143749297191,2.012249738795125,1.510145333687172,0.5776657242009732,very_good
Nakuru,2020,3,2020-03-01,long_rains,180.37546661868691,1.3142925630452216,0.4758147068154436,1.171533978745879,1.221499483250649,1.171533978745879,good
Nakuru,2020,4,2020-04-01,long_rains,289.4176657907665,0.9308543757463392,0.5197252283613112,1.538810530585222,1.326025876391613,0.9308543757463392,very_good
Nakuru,2020,5,2020-05-01,long_rains,143.34081947803497,-0.3001015064851875,0.5660033860237209,0.4867399365678687,0.21134543149929902,-0.3001015064851875,normal
Nakuru,2020,6,2020-06-01,cool_dry,123.57386013865472,0.4651674163845444,0.5740379705927992,1.107688748406248,0.8828062821986518,0.4651674163845444,good
Nakuru,2020,7,2020-07-01,cool_dry,112.09616346657276,0.2279214693434799,0.5574157800564822,1.0819717205957304,0.7830541326574427,0.2279214693434799,good
Nakuru,2020,8,2020-08-01,cool_dry,130.896033115685,0.8857710705804573,0.5248226351061145,0.4295051621928908,0.5891982301285391,0.4295051621928908,good
Nakuru,2020,9,2020-09-01,cool_dry,94.0590427145362,0.1079301512340909,0.5261432780178831,0.5457730800300025,0.3925280549514334,0.1079301512340909,normal
Nakuru,2020,10,2020-10-01,short_rains,111.2165070772171,0.7593347988178993,0.5238508869313812,1.0596167575484774,0.954518071992775,0.7593347988178993,good
Nakuru,2020,11,2020-11-01,short_rains,160.10893114097416,0.5658808214223671,0.5167623423887826,0.605592323179033,0.5916932975642,0.5658808214223671,good
Nakuru,2020,12,2020-12-01,short_rains,32.9671896873042,-0.4994316021574091,0.5210049570002548,0.5555557937309755,0.1863102051700409,-0.4994316021574091,normal
Nakuru,2021,1,2021-01-01,hot_dry,62.59499466791749,0.2905515404767684,0.4464941239286937,0.4359113065981618,0.38503538845567414,0.2905515404767684,normal
Nakuru,2021,2,2021-02-01,hot_dry,55.692571729421616,0.5626104327212827,0.4101109884340924,0.2264332111931087,0.34409523872796965,0.2264332111931087,normal
Nakuru,2021,3,2021-03-01,long_rains,50.68387189414352,-0.6153598220006558,0.3897575850117222,0.2445327045776511,-0.056429679724756265,-0.6153598220006558,normal
Nakuru,2021,4,2021-04-01,long_rains,117.37301141396163,-0.8021543877689414,0.3719539976487557,0.0866380852122026,-0.2244392803311978,-0.8021543877689414,normal
Nakuru,2021,5,2021-05-01,long_rains,201.9775147214532,0.4616693446494023,0.4949160191495649,-0.3403424133250237,-0.05963829803397461,-0.3403424133250237,normal
Nakuru,2021,6,2021-06-01,cool_dry,55.63338617607951,-0.7160069303721788,0.5112381121944001,-0.0521992827442329,-0.284531959414014,-0.7160069303721788,normal
Nakuru,2021,7,2021-07-01,cool_dry,96.2399028018117,-0.1344847475645835,0.4526685991065217,-0.5371654007741264,-0.39622717215078646,-0.5371654007741264,normal
Nakuru,2021,8,2021-08-01,cool_dry,103.59603087976576,-0.1119233816762901,0.5298015693786672,0.5189751358182532,0.29816065469516306,-0.1119233816762901,normal
Nakuru,2021,9,2021-09-01,cool_dry,104.74231650680304,0.5663330330740893,0.4794018466333889,-0.4395406051672578,-0.08748483178278632,-0.4395406051672578,normal
Nakuru,2021,10,2021-10-01,short_rains,70.3587656468153,-0.6394669695616865,0.449350149259357,-0.3922660760850919,-0.4787863888019,-0.6394669695616865,normal
Nakuru,2021,11,2021-11-01,short_rains,49.99148211814463,-1.5760807084328812,0.436179420446335,-0.6211640214987084,-0.9553848619256688,-1.5760807084328812,moderate_stress
Nakuru,2021,12,2021-12-01,short_rains,0.0,-1.089756573468041,0.398008976277239,-1.2701886547935382,-1.2070374263296142,-1.2701886547935382,moderate_stress
Nakuru,2022,1,2022-01-01,hot_dry,49.669904716312885,-0.0494890485593789,0.3712906257083829,-0.8792503653309386,-0.5888339044608927,-0.8792503653309386,moderate_stress
Nakuru,2022,2,2022-02-01,hot_dry,84.15804515779018,1.6946218733607823,0.3568172767038881,-0.3417510698306132,0.37097946028637513,-0.3417510698306132,normal
Nakuru,2022,3,2022-03-01,long_rains,44.45317868888378,-0.7080649200415491,0.3234903374089705,-0.469293434105921,-0.5528634541833908,-0.7080649200415491,moderate_stress
Nakuru,2022,4,2022-04-01,long_rains,138.8181112166494,-0.5861375284998268,0.2504177137186002,-1.107719177601118,-0.925165600415666,-1.107719177601118,moderate_stress
Nakuru,2022,5,2022-05-01,long_rains,118.89032218791544,-0.6177468999378312,0.4621131837699623,-0.7219945599988491,-0.6855078789774928,-0.7219945599988491,moderate_stress
Nakuru,2022,6,2022-06-01,cool_dry,55.635994378477335,-0.715961585652253,0.5034913168950449,-0.1952794643983358,-0.3775182068372068,-0.715961585652253,normal
Nakuru,2022,7,2022-07-01,cool_dry,55.957342291250825,-1.055171577243572,0.4138659947387622,-1.1369594627038786,-1.108333702792771,-1.1369594627038786,moderate_stress
Nakuru,2022,8,2022-08-01,cool_dry,128.80343981087208,0.8092960317508074,0.4085082638003268,-1.660629626359752,-0.7961556460210562,-1.660629626359752,moderate_stress
Nakuru,2022,9,2022-09-01,cool_dry,106.97856199392118,0.662286894758199,0.4837036884946453,-0.3488573819132846,0.005043114921734648,-0.3488573819132846,normal
Nakuru,2022,10,2022-10-01,short_rains,55.56443084217608,-1.1459644156327158,0.4178303638047119,-1.0065289257078125,-1.0553313471815287,-1.1459644156327158,moderate_stress
Nakuru,2022,11,2022-11-01,short_rains,172.18612909317017,0.8008017502270952,0.3605628007649817,-1.772315726117157,-0.8717246093966688,-1.772315726117157,moderate_stress
Nakuru,2022,12,2022-12-01,short_rains,55.85112317092717,-0.08966184303243,0.3719448403773925,-1.6570830162596812,-1.1084856056301433,-1.6570830162596812,moderate_stress
Nakuru,2023,1,2023-01-01,hot_dry,18.70742300711572,-0.8640675588705793,0.39371054887685,-0.4871698858779273,-0.6190840714253555,-0.8640675588705793,moderate_stress
Nakuru,2023,2,2023-02-01,hot_dry,7.381964230909943,-1.3585998548988638,0.2943365966558809,-1.0078810712587212,-1.130632645532771,-1.3585998548988638,moderate_stress
Nakuru,2023,3,2023-03-01,long_rains,123.33023014105856,0.4655291805117651,0.2379331202932122,-1.3909097700727364,-0.741156137368161,-1.3909097700727364,moderate_stress
Nakuru,2023,4,2023-04-01,long_rains,172.88085375539958,-0.2430229368675198,0.3398976398322382,-0.2283850711606125,-0.23350832415803005,-0.2430229368675198,normal
Nakuru,2023,5,2023-05-01,long_rains,104.9940596818924,-0.7982783516654264,0.5087309462214553,-0.1796094610629806,-0.3961435727738366,-0.7982783516654264,normal
Nakuru,2023,6,2023-06-01,cool_dry,81.50609100982547,-0.2661988344253743,0.5388720612749904,0.4581886004363393,0.2046529982347396,-0.2661988344253743,normal
Nakuru,2023,7,2023-07-01,cool_dry,42.88390465825796,-1.3539743766378798,0.4242732549995262,-0.976088484915844,-1.1083485470185566,-1.3539743766378798,moderate_stress
Nakuru,2023,8,2023-08-01,cool_dry,50.44169647246599,-2.054479433257406,0.4343063257389821,-1.1970460972577364,-1.4971477648576208,-2.054479433257406,severe_stress
Nakuru,2023,9,2023-09-01,cool_dry,118.80950401723383,1.169934458962178,0.4059746400685543,-1.9873928927661864,-0.8823283196612588,-1.9873928927661864,moderate_stress
Nakuru,2023,10,2023-10-01,short_rains,88.37789404019713,-0.0225657954168423,0.3915941315153174,-1.517825007739743,-0.9944842834267278,-1.517825007739743,moderate_stress
Nakuru,2023,11,2023-11-01,short_rains,184.59096353128552,1.0420957357530225,0.4433526389193682,-0.5119623313460743,0.03195799213860956,-0.5119623313460743,normal
Nakuru,2023,12,2023-12-01,short_rains,45.127465261146426,-0.2816843693072197,0.5067178138266417,0.3434783568817083,0.12467140271558351,-0.2816843693072197,normal
Nakuru,2024,1,2024-01-01,hot_dry,126.4187972098589,1.969664296531066,0.4202685762564288,-0.0227220806795191,0.6746131513441856,-0.0227220806795191,good
Nakuru,2024,2,2024-02-01,hot_dry,52.029270842671394,0.4169287343388032,0.4680420647299158,0.8440581779191149,0.6945628726660058,0.4169287343388032,good
Nakuru,2024,3,2024-03-01,long_rains,79.70884251594543,-0.1835037413872267,0.4265568831678609,0.6409321607091474,0.3523795949754165,-0.1835037413872267,normal
Nakuru,2024,4,2024-04-01,long_rains,286.02781638503075,0.8967083643610002,0.4738400482482885,1.087889239006319,1.0209759328804575,0.8967083643610002,good
Nakuru,2024,5,2024-05-01,long_rains,283.02531534433365,1.5145910996490293,0.5754251702665779,0.5963598563148049,0.9177407914817834,0.5963598563148049,good
Nakuru,2024,6,2024-06-01,cool_dry,53.449716268107295,-0.7539709704597147,0.5505723500911287,0.6742882112467448,0.17439749764948398,-0.7539709704597147,normal
Nakuru,2024,7,2024-07-01,cool_dry,131.87368205189705,0.679950850158676,0.526423795925213,0.6029108855760714,0.629874873179983,0.6029108855760714,good
Nakuru,2024,8,2024-08-01,cool_dry,95.21857184171677,-0.4180824923620986,0.5320549670639023,0.5594680245428265,0.21732534362610276,-0.4180824923620986,normal
Nakuru,2024,9,2024-09-01,cool_dry,65.23379109799862,-1.1289171549117674,0.5151409604100822,0.3138432099608269,-0.19112291774458107,-1.1289171549117674,normal
Nakuru,2024,10,2024-10-01,short_rains,74.98368190973997,-0.4811287741377766,0.5159270705158523,0.9051960982361296,0.4199823929052624,-0.4811287741377766,normal
Nakuru,2024,11,2024-11-01,short_rains,151.8235177025199,0.4047162012681585,0.4689788837835904,-0.1218404827004968,0.06245435668853254,-0.1218404827004968,normal
Nakuru,2024,12,2024-12-01,short_rains,52.23443536832929,-0.1544238425707258,0.5256218619359991,0.6240888344551528,0.3516093974960953,-0.1544238425707258,normal
Nandi,2017,1,2017-01-01,hot_dry,50.0669082403183,-0.3631791559794606,0.5491276093600952,-0.8458084162521747,-0.6768881751567248,-0.8458084162521747,moderate_stress
Nandi,2017,2,2017-02-01,hot_dry,98.43106370419264,0.3156743207621234,0.4780557147901377,-1.2484142176316455,-0.7009832291938265,-1.2484142176316455,moderate_stress
Nandi,2017,3,2017-03-01,long_rains,74.80120695754886,-0.9475064771954252,0.5725038626515758,0.1818046577617086,-0.21345423947328823,-0.9475064771954252,normal
Nandi,2017,4,2017-04-01,long_rains,181.30465638637543,-0.9147746191023975,0.6201611442624374,0.7288895655784122,0.1536071009401288,-0.9147746191023975,normal
Nandi,2017,5,2017-05-01,long_rains,227.2846304178238,0.0915585947446261,0.7645320058454957,1.476317095201582,0.9916516200416475,0.0915585947446261,good
Nandi,2017,6,2017-06-01,cool_dry,125.12002590298653,-0.7124642909780609,0.7136566549676239,1.2525124772235516,0.5647706083529873,-0.7124642909780609,good
Nandi,2017,7,2017-07-01,cool_dry,281.4518127143383,1.460501862432878,0.6853710695561873,1.067378694075715,1.204971803000722,1.067378694075715,good
Nandi,2017,8,2017-08-01,cool_dry,220.47902505099773,-0.255209051432345,0.7394078567940091,1.8207359500821032,1.0941551995520464,-0.255209051432345,good
Nandi,2017,9,2017-09-01,cool_dry,188.57851719856265,0.0211886095463052,0.6604054159036263,0.3705656162446171,0.24828366390020792,0.0211886095463052,normal
Nandi,2017,10,2017-10-01,short_rains,187.30425614118576,-0.0569061089254913,0.6775183179457043,0.9351341127759222,0.5879200351804275,-0.0569061089254913,good
Nandi,2017,11,2017-11-01,short_rains,140.13868029415607,-0.3996331529339941,0.6774688128954488,0.955910318868247,0.48147010373746263,-0.3996331529339941,normal
Nandi,2017,12,2017-12-01,short_rains,40.67613159492612,-0.7652641430678666,0.6609706902504716,0.5505831439866169,0.09003659351754772,-0.7652641430678666,normal
Nandi,2018,1,2018-01-01,hot_dry,23.82351814210415,-0.8758235235183175,0.6054291775118379,0.1454761291963167,-0.21197874925380525,-0.8758235235183175,normal
Nandi,2018,2,2018-02-01,hot_dry,51.44250578433275,-0.6576760406627656,0.5462335343820585,-0.1381439245256619,-0.3199801651736482,-0.6576760406627656,normal
Nandi,2018,3,2018-03-01,long_rains,239.86429128050804,1.1271809462927171,0.6550782326895208,1.1763815239222346,1.1591613217519035,1.1271809462927171,good
Nandi,2018,4,2018-04-01,long_rains,396.569296836853,1.6912654722123568,,,,,no_data
Nandi,2018,5,2018-05-01,long_rains,278.4021983742714,1.3846989685728728,0.7759727292556416,1.6472843833312345,1.5553794881658078,1.3846989685728728,very_good
Nandi,2018,6,2018-06-01,cool_dry,230.8081417568028,0.92873577623598,0.6677141266468491,0.5779504633295707,0.700725322846814,0.5779504633295707,good
Nandi,2018,7,2018-07-01,cool_dry,184.93068905174732,-0.2269585152505581,0.6931705283497723,1.2183347220367355,0.7124820889861828,-0.2269585152505581,good
Nandi,2018,8,2018-08-01,cool_dry,156.09665969014168,-1.1801942414869766,,,,,no_data
Nandi,2018,9,2018-09-01,cool_dry,82.25855292007327,-2.011424854761584,0.6701550801307592,0.9712913280674572,-0.07265933592270712,-2.011424854761584,normal
Nandi,2018,10,2018-10-01,short_rains,190.0974776148796,-0.0085325018459503,0.6666559680087293,0.69786414355829,0.45062531766680586,-0.0085325018459503,normal
Nandi,2018,11,2018-11-01,short_rains,58.582007832825184,-1.5296700630663331,0.6354385056336175,0.4608796918310103,-0.23581272238305984,-1.5296700630663331,normal
Nandi,2018,12,2018-12-01,short_rains,96.51461333688349,0.0762965343729578,0.6512790648600854,0.3784089677754548,0.27266961608458085,0.0762965343729578,normal
Nandi,2019,1,2019-01-01,hot_dry,22.01250951178372,-0.9112001791418304,0.6070745358199224,0.174445451296433,-0.20553051935695918,-0.9112001791418304,normal
Nandi,2019,2,2019-02-01,hot_dry,42.31960767507553,-0.8466534548458658,0.5435297246810967,-0.1821752474274187,-0.4147426200238752,-0.8466534548458658,normal
Nandi,2019,3,2019-03-01,long_rains,49.66714662313461,-1.2634179306308575,0.4986480914234251,-0.7077600033093764,-0.9022402778718948,-1.2634179306308575,moderate_stress
Nandi,2019,4,2019-04-01,long_rains,157.08621666952968,-1.2079682653933648,0.4658421508653917,-0.9918457202532218,-1.0674886110522719,-1.2079682653933648,moderate_stress
Nandi,2019,5,2019-05-01,long_rains,174.306286836043,-1.2486545210772142,0.6186774678811281,-0.7032963718154785,-0.894171724057086,-1.2486545210772142,moderate_stress
Nandi,2019,6,2019-06-01,cool_dry,197.7420726120472,0.415262388386598,0.5749632608847199,-0.7838860111907134,-0.36418407133865444,-0.7838860111907134,normal
Nandi,2019,7,2019-07-01,cool_dry,204.3553236797452,0.1126386635007709,0.6679661166755801,0.7305114032495647,0.5142559443374869,0.1126386635007709,good
Nandi,2019,8,2019-08-01,cool_dry,225.10159327834845,-0.1887963446864671,0.6106529051357588,-0.571982597298913,-0.43786740888455694,-0.571982597298913,normal
Nandi,2019,9,2019-09-01,cool_dry,177.88247993588448,-0.1832970625699063,0.6335797885998343,-1.2822958240825089,-0.8976462575530979,-1.2822958240825089,moderate_stress
Nandi,2019,10,2019-10-01,short_rains,274.90716782957315,1.4602198579724188,0.6601872865130988,0.5565665543393641,0.8728452106109332,0.5565665543393641,good
Nandi,2019,11,2019-11-01,short_rains,190.20833483338356,0.2941244023871754,0.6706273261729963,0.8753316678252127,0.6719091249218996,0.2941244023871754,good
Nandi,2019,12,2019-12-01,short_rains,193.3868976533413,1.536291553423428,0.5944703900802207,-0.6308115074168066,0.12767456387727544,-0.6308115074168066,normal
Nandi,2020,1,2020-01-01,hot_dry,110.96820594370364,0.8264806831878952,0.6695317712839446,1.2741109543967444,1.1174403594736473,0.8264806831878952,good
Nandi,2020,2,2020-02-01,hot_dry,67.46080771833658,-0.3258629213185379,0.6555169196454308,1.641527190130474,0.9529406511233198,-0.3258629213185379,good
Nandi,2020,3,2020-03-01,long_rains,248.76611630618572,1.2390684982709073,0.5856236067448574,0.3398269830804227,0.6545615133970923,0.3398269830804227,good
Nandi,2020,4,2020-04-01,long_rains,316.61026883125305,0.7232642611955826,0.6568138072308155,1.1375854046389464,0.9925730044337691,0.7232642611955826,good
Nandi,2020,5,2020-05-01,long_rains,201.1758954823017,-0.568923908716204,0.6543007416666469,-0.1709511437148537,-0.3102416114653263,-0.568923908716204,normal
Nandi,2020,6,2020-06-01,cool_dry,248.75878812372684,1.2074861521503353,0.684249767670615,0.8207389148518508,0.9561004479063204,0.8207389148518508,good
Nandi,2020,7,2020-07-01,cool_dry,273.53128035366535,1.3220287073179713,0.5990171171879571,-0.6039744078811657,0.07012668243853215,-0.6039744078811657,normal
Nandi,2020,8,2020-08-01,cool_dry,315.1417090892792,1.1048152393102877,0.5892353120289122,-0.9699965890483928,-0.24381244912285466,-0.9699965890483928,normal
Nandi,2020,9,2020-09-01,cool_dry,232.72357024252415,0.865148911909728,0.6445781252196691,-0.6046331435123917,-0.09020942411464988,-0.6046331435123917,normal
Nandi,2020,10,2020-10-01,short_rains,255.7662300989032,1.128733003228699,0.6877997335534756,1.159714537722988,1.148871000649987,1.128733003228699,good
Nandi,2020,11,2020-11-01,short_rains,265.6780108809471,1.339820811469013,0.6579641855441989,0.726185900065695,0.9409581190568563,0.726185900065695,good
Nandi,2020,12,2020-12-01,short_rains,59.4431667290628,-0.482419797943554,0.68729097989465,1.0181697462938888,0.4929634058107838,-0.482419797943554,normal
Nandi,2021,1,2021-01-01,hot_dry,79.59506031870842,0.2136305012396188,0.6420670126742195,0.7905473229022074,0.5886264353203015,0.2136305012396188,good
Nandi,2021,2,2021-02-01,hot_dry,95.27240300178528,0.2502438484852256,0.6061728287604976,0.8379626499650494,0.6322610694471111,0.2502438484852256,good
Nandi,2021,3,2021-03-01,long_rains,92.9915104098618,-0.7188715043500927,0.5996771145770622,0.5090961373215482,0.07930746273647393,-0.7188715043500927,normal
Nandi,2021,4,2021-04-01,long_rains,322.9726130217314,0.8002881700011928,0.5814229180627484,0.2969386354629717,0.4731109725513491,0.2969386354629717,normal
Nandi,2021,5,2021-05-01,long_rains,287.28229466080666,1.6093421096821052,0.62726830992126,-0.5749169928463966,0.18957369303857902,-0.5749169928463966,normal
Nandi,2021,6,2021-06-01,cool_dry,124.40702756494284,-0.7235362351684497,0.6543175114676796,0.3812514995388267,-0.005424207608720005,-0.7235362351684497,normal
Nandi,2021,7,2021-07-01,cool_dry,134.71017682552338,-1.1049541426633007,0.6246364626483033,-0.108120178503615,-0.45701206595950494,-1.1049541426633007,normal
Nandi,2021,8,2021-08-01,cool_dry,259.48455157876015,0.3051856182297819,0.6648826192036492,0.4357956745132545,0.3900821548140391,0.3051856182297819,normal
Nandi,2021,9,2021-09-01,cool_dry,227.1132470369339,0.7578913656512317,0.6822322962120018,1.7154291833027286,1.3802909471247047,0.7578913656512317,very_good
Nandi,2021,10,2021-10-01,short_rains,143.87578935548663,-0.8090095880599806,0.5767514795080678,-1.2659498877377289,-1.1060207828505169,-1.2659498877377289,moderate_stress
Nandi,2021,11,2021-11-01,short_rains,89.11729574389756,-1.1065777352449622,0.610359679489014,0.1655026689036753,-0.2797254725483478,-1.1065777352449622,normal
Nandi,2021,12,2021-12-01,short_rains,0.0,-1.378307904158821,0.6069929161997567,-0.4083456637769365,-0.7478324479105961,-1.378307904158821,moderate_stress
Nandi,2022,1,2022-01-01,hot_dry,95.70216685533524,0.5282703938925098,0.5611538521623428,-0.6340660257463034,-0.22724827887271878,-0.6340660257463034,normal
Nandi,2022,2,2022-02-01,hot_dry,160.04941622167826,1.592075392605864,0.5148154736554037,-0.649784509404945,0.13486645629883803,-0.649784509404945,normal
Nandi,2022,3,2022-03-01,long_rains,115.96240298449992,-0.4301490312036846,0.58385690568714,0.3185477410998955,0.05650387079364247,-0.4301490312036846,normal
Nandi,2022,4,2022-04-01,long_rains,192.8245689570904,-0.775312076880418,0.4486418325636364,-1.183638019942579,-1.0407239398708226,-1.183638019942579,moderate_stress
Nandi,2022,5,2022-05-01,long_rains,200.4285192936659,-0.5878305657149543,0.5975894350714022,-1.0184306209548863,-0.8677206016209101,-1.0184306209548863,moderate_stress
Nandi,2022,6,2022-06-01,cool_dry,102.32436139509082,-1.0664515469746985,0.6398360511385504,0.1686240408248071,-0.26365241490501984,-1.0664515469746985,normal
Nandi,2022,7,2022-07-01,cool_dry,170.0903864428401,-0.4864086925288905,0.5585958974699018,-1.3863141747116556,-1.0713472559476878,-1.3863141747116556,moderate_stress
Nandi,2022,8,2022-08-01,cool_dry,353.88465774059296,1.6614374373400094,0.5837238786314527,-1.0724183502538116,-0.1155688245959744,-1.0724183502538116,normal
Nandi,2022,9,2022-09-01,cool_dry,188.80172151699665,0.0254558053266974,0.638803570467592,-0.9604324236812036,-0.6153715435284383,-0.9604324236812036,moderate_stress
Nandi,2022,10,2022-10-01,short_rains,123.93799072504044,-1.1542966503510983,0.5681055764535421,-1.4548052609772728,-1.3496272472581117,-1.4548052609772728,severe_stress
Nandi,2022,11,2022-11-01,short_rains,214.6517134308815,0.6328081567618786,0.5429193405277473,-0.6288059017100203,-0.1872409812448557,-0.6288059017100203,normal
Nandi,2022,12,2022-12-01,short_rains,180.94102124124765,1.348715533124221,0.5168044956032717,-2.0105657656175353,-0.8348173110579206,-2.0105657656175353,moderate_stress
Nandi,2023,1,2023-01-01,hot_dry,10.311356185004117,-1.13977317692272,0.6430179916750162,0.8072909202385206,0.1258184862320864,-1.13977317692272,normal
Nandi,2023,2,2023-02-01,hot_dry,16.216522216796875,-1.3873690841370074,0.4928876381641477,-1.0068775417691191,-1.14004958159788,-1.3873690841370074,moderate_stress
Nandi,2023,3,2023-03-01,long_rains,229.6798356771469,0.9991719366341736,0.3810492352905213,-2.1241934770734443,-1.0310155822757783,-2.1241934770734443,moderate_stress
Nandi,2023,4,2023-04-01,long_rains,253.691600587219,-0.0384426851610196,0.4726120601794432,-0.9163577872248068,-0.6090875015024813,-0.9163577872248068,moderate_stress
Nandi,2023,5,2023-05-01,long_rains,205.84122756496072,-0.4509032454768523,0.6444421743100173,-0.3182750904079224,-0.3646949446820479,-0.4509032454768523,normal
Nandi,2023,6,2023-06-01,cool_dry,239.03815987706184,1.0565373382472134,0.5053465662956657,-1.8060495581063387,-0.8041441443825956,-1.8060495581063387,moderate_stress
Nandi,2023,7,2023-07-01,cool_dry,126.31377658247948,-1.251746805115484,0.5677932951395204,-1.208301487353718,-1.223507348570336,-1.251746805115484,moderate_stress
Nandi,2023,8,2023-08-01,cool_dry,157.33799310028553,-1.162359932140505,0.6553704958893238,0.2590270641721755,-0.23845838453726262,-1.162359932140505,normal
Nandi,2023,9,2023-09-01,cool_dry,245.87395110726357,1.1165564569351556,0.6543994719696672,0.0005092880630792,0.3911257971683059,0.0005092880630792,normal
Nandi,2023,10,2023-10-01,short_rains,223.52456498146057,0.570364948754742,0.6287117902587634,-0.1309633144926488,0.11450157764393795,-0.1309633144926488,normal
Nandi,2023,11,2023-11-01,short_rains,154.0981280207634,-0.2062131579776204,0.4310937364788401,-1.9458816619774049,-1.3369976855774803,-1.9458816619774049,severe_stress
Nandi,2023,12,2023-12-01,short_rains,89.78700494766235,-0.0250975310988345,0.6391317735164053,0.1626092648309166,0.0969118862555037,-0.0250975310988345,normal
Nandi,2024,1,2024-01-01,hot_dry,156.7910442352295,1.7215944572423043,0.4999311012317236,-1.7119963360317478,-0.5102395583858296,-1.7119963360317478,moderate_stress
Nandi,2024,2,2024-02-01,hot_dry,134.3425810337067,1.059567939110964,0.6005199269955555,0.7459056006632644,0.8556874191199593,0.7459056006632644,good
Nandi,2024,3,2024-03-01,long_rains,149.74954956769943,-0.0054764378177374,0.5828397457909629,0.3062964371970122,0.19717593094184985,-0.0054764378177374,normal
Nandi,2024,4,2024-04-01,long_rains,233.87718583643436,-0.278320256871932,0.638056144452498,0.9284279217402832,0.5060660592260079,-0.278320256871932,good
Nandi,2024,5,2024-05-01,long_rains,214.60165422409773,-0.2292874320143794,0.6431402138966934,-0.3377312587932836,-0.2997759194206671,-0.3377312587932836,normal
Nandi,2024,6,2024-06-01,cool_dry,99.80528313666582,-1.105569581898918,0.5867283831940775,-0.6111418264715516,-0.7841915408711297,-1.105569581898918,moderate_stress
Nandi,2024,7,2024-07-01,cool_dry,207.9165510833263,0.1748989223066133,0.6452312547430356,0.2904854290881392,0.25003015171460513,0.1748989223066133,normal
Nandi,2024,8,2024-08-01,cool_dry,218.413906827569,-0.2848787251337852,0.6467505827476491,0.0988388478335695,-0.03546230270500464,-0.2848787251337852,normal
Nandi,2024,9,2024-09-01,cool_dry,156.5295925140381,-0.5915192320376276,0.6509759020657736,-0.2104340244017985,-0.3438138470743387,-0.5915192320376276,normal
Nandi,2024,10,2024-10-01,short_rains,125.3078600228764,-1.130572960773339,0.6119287514608979,-0.4975608851889261,-0.7191151116434706,-1.130572960773339,moderate_stress
Nandi,2024,11,2024-11-01,short_rains,239.37286840751767,0.9753407386048426,0.5445905334826993,-0.6091226838064152,-0.05456048596247498,-0.6091226838064152,normal
Nandi,2024,12,2024-12-01,short_rains,70.86919565498829,-0.3102142446515306,0.6828881192797934,0.939951813924415,0.502393693422834,-0.3102142446515306,good
Narok,2017,1,2017-01-01,hot_dry,26.73501767963171,-0.8923601031802947,0.3853115017804969,-1.4992305429053436,-1.2868258890015765,-1.4992305429053436,severe_stress
Narok,2017,2,2017-02-01,hot_dry,47.03644333127886,-0.4510560945509663,0.355478428736543,-1.4287247410335058,-1.086540714764617,-1.4287247410335058,moderate_stress
Narok,2017,3,2017-03-01,long_rains,79.66566262673587,-0.6428407274857695,0.4604752610812222,-0.5723620571230338,-0.5970295917499913,-0.6428407274857695,moderate_stress
Narok,2017,4,2017-04-01,long_rains,111.74697902798653,-1.1568604496760904,0.4511224893962247,-0.1502356784792209,-0.5025543483981252,-1.1568604496760904,moderate_stress
Narok,2017,5,2017-05-01,long_rains,83.42344793304801,-0.9577501648161244,0.5725278308504044,0.4265218443029184,-0.05797335888874655,-0.9577501648161244,normal
Narok,2017,6,2017-06-01,cool_dry,67.9130497276783,-0.1254019575449541,0.4739774329618275,-0.7667021346298207,-0.5422470726501174,-0.7667021346298207,moderate_stress
Narok,2017,7,2017-07-01,cool_dry,67.96434715762734,1.1122816916940192,0.3883211654039332,-0.9500071835034936,-0.22820607718436414,-0.9500071835034936,normal
Narok,2017,8,2017-08-01,cool_dry,71.3856261856854,0.1488953893221525,0.3985464851434523,-0.0155706618221923,0.04199245607832837,-0.0155706618221923,normal
Narok,2017,9,2017-09-01,cool_dry,60.80227837897837,-0.3016200251248639,0.3888863391113488,-0.5603995678332072,-0.46982672788528707,-0.5603995678332072,normal
Narok,2017,10,2017-10-01,short_rains,70.93087857961655,0.0860987604034762,0.3931138699797381,-0.1125515239348504,-0.0430239244164361,-0.1125515239348504,normal
Narok,2017,11,2017-11-01,short_rains,100.83317505382,-0.8176405627360691,0.4558655831727139,0.906116590396467,0.30280158680007935,-0.8176405627360691,normal
Narok,2017,12,2017-12-01,short_rains,47.392673392780125,-0.7423659436844015,0.4436235384377296,-0.5326143348613082,-0.6060273979493909,-0.7423659436844015,moderate_stress
Narok,2018,1,2018-01-01,hot_dry,82.83532145339996,-0.1256166524386414,0.5132913557425964,0.2411797477958546,0.112801007713781,-0.1256166524386414,normal
Narok,2018,2,2018-02-01,hot_dry,39.951216756831855,-0.5878259737296597,0.4634213996377323,-0.2931399077568528,-0.3962800308473352,-0.5878259737296597,normal
Narok,2018,3,2018-03-01,long_rains,253.54092166386545,1.4385839604427348,0.5996918989323324,0.9714683761434816,1.1349588306482201,0.9714683761434816,good
Narok,2018,4,2018-04-01,long_rains,382.8174979686737,1.5165539328358126,,,,,no_data
Narok,2018,5,2018-05-01,long_rains,184.03872085362673,1.188240653762879,0.6565459993967253,1.8480725906688744,1.617131412751776,1.188240653762879,very_good
Narok,2018,6,2018-06-01,cool_dry,89.53086559474468,0.7710914278966978,0.6652143002807903,1.7595380237600704,1.41358171520789,0.7710914278966978,very_good
Narok,2018,7,2018-07-01,cool_dry,40.72155083343387,-0.3064869993440863,0.6612677219632495,2.123462354801392,1.2729800808504745,-0.3064869993440863,very_good
Narok,2018,8,2018-08-01,cool_dry,97.35037921462208,1.2651973652528845,,,,,no_data
Narok,2018,9,2018-09-01,cool_dry,32.57614863757044,-1.6124203802917043,0.4438539969947619,1.229572413212091,0.23487493548576277,-1.6124203802917043,normal
Narok,2018,10,2018-10-01,short_rains,54.37281412631273,-0.6839100249777921,0.3697386424241538,-0.7968601616482228,-0.757327613813572,-0.7968601616482228,moderate_stress
Narok,2018,11,2018-11-01,short_rains,68.93028349149972,-1.423103620507116,0.3784421592317756,-0.5618700621703163,-0.8633018075881962,-1.423103620507116,moderate_stress
Narok,2018,12,2018-12-01,short_rains,122.66890601813792,0.1955494771200323,0.4661972342201961,-0.2967442275486274,-0.12444143091459652,-0.2967442275486274,normal
Narok,2019,1,2019-01-01,hot_dry,29.27565321605653,-0.8576363044263546,0.5172911533813409,0.2955733789470104,-0.10805001023366734,-0.8576363044263546,normal
Narok,2019,2,2019-02-01,hot_dry,30.14408706407994,-0.7771381896586391,0.4599061101236682,-0.3301215604149201,-0.4865773806502217,-0.7771381896586391,normal
Narok,2019,3,2019-03-01,long_rains,54.58882288727909,-0.943030378491759,0.4308645163305786,-0.900727758258703,-0.9155336753402725,-0.943030378491759,moderate_stress
Narok,2019,4,2019-04-01,long_rains,162.45696652680635,-0.656736679499491,0.3608044407777213,-1.2157771860767943,-1.020113008774738,-1.2157771860767943,moderate_stress
Narok,2019,5,2019-05-01,long_rains,82.49815677851439,-0.9774854024644772,0.4580689342432779,-1.5100727365510975,-1.3236671696207805,-1.5100727365510975,severe_stress
Narok,2019,6,2019-06-01,cool_dry,115.92797810956836,1.8657828116063084,0.448806702246695,-1.099207637569945,-0.06146098035825642,-1.099207637569945,normal
Narok,2019,7,2019-07-01,cool_dry,42.6702081952244,-0.2050035091190359,0.4771796473137563,0.0505690494870353,-0.038881346025089615,-0.2050035091190359,normal
Narok,2019,8,2019-08-01,cool_dry,80.20149616152048,0.5279158661433849,0.4091069652066935,0.2164052055343518,0.3254339367475134,0.2164052055343518,normal
Narok,2019,9,2019-09-01,cool_dry,71.40622346103191,0.1908192539072366,0.4030375337569631,-0.0995787344680028,0.002060561463330987,-0.0995787344680028,normal
Narok,2019,10,2019-10-01,short_rains,110.47966471873224,1.9252577311977817,0.3939381578902614,-0.088420535870991,0.6163668576030794,-0.088420535870991,good
Narok,2019,11,2019-11-01,short_rains,179.15797536075115,0.6688320035673256,0.4503754836763337,0.8020215714510656,0.7554052226917566,0.6688320035673256,good
Narok,2019,12,2019-12-01,short_rains,273.54039254784584,2.0753552118219267,0.6111177047964851,1.217514105514572,1.5177584927221461,1.217514105514572,very_good
Narok,2020,1,2020-01-01,hot_dry,170.03186444193125,1.0661305176547764,0.6039431354682994,1.473961982034961,1.3312209695018964,1.0661305176547764,very_good
Narok,2020,2,2020-02-01,hot_dry,76.1496714875102,0.110931959831087,0.6170842902647524,1.3234289765035911,0.8990550206682147,0.110931959831087,good
Narok,2020,3,2020-03-01,long_rains,252.91210425831375,1.431056517611809,0.5985015826882454,0.9582684707930996,1.123744287179648,0.9582684707930996,good
Narok,2020,4,2020-04-01,long_rains,288.3982629328966,0.5853507097156675,0.5971230925023127,1.572229599761351,1.2268219882453617,0.5853507097156675,good
Narok,2020,5,2020-05-01,long_rains,100.51035096123816,-0.5933091018237278,0.5792004922434804,0.5394203631315561,0.14296505039720672,-0.5933091018237278,normal
Narok,2020,6,2020-06-01,cool_dry,78.71408732235432,0.3225183512909304,0.5640909169182298,0.4236975261395296,0.3882848149425199,0.3225183512909304,normal
Narok,2020,7,2020-07-01,cool_dry,35.336239859461784,-0.5869468504714178,0.5022837772309399,0.333249950681495,0.011181070277975547,-0.5869468504714178,normal
Narok,2020,8,2020-08-01,cool_dry,56.5524835344404,-0.4888255407553906,0.438975683442908,0.8725138083801515,0.3960450361827117,-0.4888255407553906,normal
Narok,2020,9,2020-09-01,cool_dry,70.86275963298976,0.1655812001838129,0.4539810049870835,1.559349253923134,1.0715304351143717,0.1655812001838129,good
Narok,2020,10,2020-10-01,short_rains,92.05288294004276,1.0683469554299474,0.4603031555971466,1.8544115099201668,1.5792889158485899,1.0683469554299474,very_good
Narok,2020,11,2020-11-01,short_rains,179.05265551060438,0.6668332104990143,0.452682928217878,0.84577186840395,0.7831433381372226,0.6668332104990143,good
Narok,2020,12,2020-12-01,short_rains,64.46274294704199,-0.5296788722042436,0.5371575042397824,0.4447119640182381,0.10367517134036952,-0.5296788722042436,normal
Narok,2021,1,2021-01-01,hot_dry,65.6549393068999,-0.3604272435753552,0.5488575983920454,0.7248484877758837,0.34500198180295016,-0.3604272435753552,normal
Narok,2021,2,2021-02-01,hot_dry,101.39072079956532,0.5981732962202002,0.5681419738253759,0.8085445723596782,0.734914625710861,0.5981732962202002,good
Narok,2021,3,2021-03-01,long_rains,67.81077522505075,-0.7847531274851901,0.5479051553019473,0.3971839221411909,-0.01649404522804243,-0.7847531274851901,normal
Narok,2021,4,2021-04-01,long_rains,168.4404314123094,-0.5977251678652844,0.4692976363739094,0.064188501489633,-0.16748128278458807,-0.5977251678652844,normal
Narok,2021,5,2021-05-01,long_rains,162.40805183071643,0.7268870662262428,0.5218635405129443,-0.4306958383654535,-0.02554182175835984,-0.4306958383654535,normal
Narok,2021,6,2021-06-01,cool_dry,42.74405625835061,-1.1691630989214628,0.51246188382239,-0.2583223091258756,-0.5771165855543311,-1.1691630989214628,moderate_stress
Narok,2021,7,2021-07-01,cool_dry,51.25326762255281,0.2419908391813494,0.4382586617782187,-0.3876942682562082,-0.16730448065306303,-0.3876942682562082,normal
Narok,2021,8,2021-08-01,cool_dry,80.95713948830962,0.5604032207449678,0.4024936900753723,0.0711352722104253,0.24237905419751518,0.0711352722104253,normal
Narok,2021,9,2021-09-01,cool_dry,60.400050080381334,-0.3202992064894165,0.400092247942841,-0.1954892987243643,-0.2391727664421326,-0.3202992064894165,normal
Narok,2021,10,2021-10-01,short_rains,53.94728148728609,-0.7036988035177628,0.3750920671888374,-0.6401389148021566,-0.6623848758526187,-0.7036988035177628,moderate_stress
Narok,2021,11,2021-11-01,short_rains,84.28578464128077,-1.1316821152936534,0.4012811247730418,-0.1288319082572651,-0.479829480720001,-1.1316821152936534,normal
Narok,2021,12,2021-12-01,short_rains,0.0,-1.332862009414221,0.3970833746183953,-1.0189074762326271,-1.1287915628461849,-1.332862009414221,moderate_stress
Narok,2022,1,2022-01-01,hot_dry,107.24347247369587,0.2079785098085171,0.4005633970706183,-1.291818558176205,-0.7668895843815523,-1.291818558176205,moderate_stress
Narok,2022,2,2022-02-01,hot_dry,177.66962236166,2.0706253118207583,0.4894753053509471,-0.0190468387173695,0.7123384139709751,-0.0190468387173695,good
Narok,2022,3,2022-03-01,long_rains,63.40994451381266,-0.8374345597975864,0.5599006981585507,0.5302074199890772,0.051532727063744954,-0.8374345597975864,normal
Narok,2022,4,2022-04-01,long_rains,167.06651291251185,-0.6112753447421794,0.4234606003704044,-0.4765812028391307,-0.5237241525051978,-0.6112753447421794,moderate_stress
Narok,2022,5,2022-05-01,long_rains,123.7285797148943,-0.0980949630284808,0.5097981605304215,-0.6348368023509766,-0.4469771585881031,-0.6348368023509766,normal
Narok,2022,6,2022-06-01,cool_dry,49.96433941554278,-0.86973710088159,0.5119579366978741,-0.2649794536477719,-0.47664463017960823,-0.86973710088159,normal
Narok,2022,7,2022-07-01,cool_dry,32.88762206584215,-0.7144676167160038,0.4000715256123885,-0.8176941965948313,-0.7815648936372417,-0.8176941965948313,moderate_stress
Narok,2022,8,2022-08-01,cool_dry,86.14106859080493,0.7832757546662862,0.3273429211121121,-1.579657561862028,-0.7526309010771183,-1.579657561862028,moderate_stress
Narok,2022,9,2022-09-01,cool_dry,72.27535483404063,0.2311810648555922,0.375599655753021,-0.993068374331586,-0.5645810706160737,-0.993068374331586,moderate_stress
Narok,2022,10,2022-10-01,short_rains,51.61926022544503,-0.8119600576774739,0.3561575194942044,-1.1944468678615394,-1.0605764842971166,-1.1944468678615394,moderate_stress
Narok,2022,11,2022-11-01,short_rains,149.66961190849543,0.1091926157209341,0.3036133314157047,-1.9806618808453256,-1.2492128070471347,-1.9806618808453256,moderate_stress
Narok,2022,12,2022-12-01,short_rains,120.3003797456622,0.1660384716132678,0.3470433207598922,-1.541770590331342,-0.9440374186507285,-1.541770590331342,moderate_stress
Narok,2023,1,2023-01-01,hot_dry,27.96966172661632,-0.8754857696501211,0.4722045665530254,-0.3175634332877619,-0.5128362510145876,-0.8754857696501211,moderate_stress
Narok,2023,2,2023-02-01,hot_dry,14.248853559605775,-1.083972296243823,0.385211987449631,-1.1159208777339498,-1.1047388742124054,-1.1159208777339498,moderate_stress
Narok,2023,3,2023-03-01,long_rains,174.28583263605833,0.4898377163826601,0.3468208918663779,-1.8327220024281372,-1.019826100844358,-1.8327220024281372,moderate_stress
Narok,2023,4,2023-04-01,long_rains,189.8955793576315,-0.386125244273094,0.3927445217102838,-0.8389590139589931,-0.6804671945689285,-0.8389590139589931,moderate_stress
Narok,2023,5,2023-05-01,long_rains,91.83672577282414,-0.7783060657819205,0.5209189840815284,-0.4466773209816062,-0.5627473816617161,-0.7783060657819205,moderate_stress
Narok,2023,6,2023-06-01,cool_dry,71.65289160888642,0.0296897283921287,0.4685933981726529,-0.8378252663212402,-0.5341950181715611,-0.8378252663212402,moderate_stress
Narok,2023,7,2023-07-01,cool_dry,21.863207302987576,-1.2886045120781728,0.4086682821505969,-0.7208918420186344,-0.9195912765394729,-1.2886045120781728,moderate_stress
Narok,2023,8,2023-08-01,cool_dry,37.75994632113725,-1.2967726219613165,0.3572895185469289,-0.921838232369654,-1.053065268726736,-1.2967726219613165,moderate_stress
Narok,2023,9,2023-09-01,cool_dry,110.20119552128016,1.9924287420355415,0.3672237259078179,-1.2658229415702758,-0.1254348523082398,-1.2658229415702758,normal
Narok,2023,10,2023-10-01,short_rains,65.20487368479371,-0.1801807970039713,0.3950942577174932,-0.0545757702552371,-0.09853752961729406,-0.1801807970039713,normal
Narok,2023,11,2023-11-01,short_rains,213.8379190210253,1.3269988249308398,0.3833108269706906,-0.4695576986411367,0.159237084609055,-0.4695576986411367,normal
Narok,2023,12,2023-12-01,short_rains,109.78335268050432,0.0350000080583537,0.5636971449986296,0.7220218017228597,0.4815641739402826,0.0350000080583537,normal
Narok,2024,1,2024-01-01,hot_dry,226.46457147598267,1.8374170458074737,0.5229882644376307,0.3730489378156014,0.8855777756127566,0.3730489378156014,good
Narok,2024,2,2024-02-01,hot_dry,76.63300416246057,0.1202619863110425,0.5915669193578353,1.054980376793328,0.727828940124528,0.1202619863110425,good
Narok,2024,3,2024-03-01,long_rains,120.71735712420195,-0.1514194011768989,0.5525491990057988,0.4486836287430233,0.23864756827105058,-0.1514194011768989,normal
Narok,2024,4,2024-04-01,long_rains,361.5513738244772,1.306818243504659,0.5524451919743679,1.0451349801031533,1.1367241222936804,1.0451349801031533,good
Narok,2024,5,2024-05-01,long_rains,198.17824303358793,1.4898179779256089,0.559628328871336,0.2082679001457792,0.6568104273687195,0.2082679001457792,good
Narok,2024,6,2024-06-01,cool_dry,51.04841972887516,-0.8247801618380585,0.611032888542284,1.04380125139505,0.3897977567634622,-0.8247801618380585,normal
Narok,2024,7,2024-07-01,cool_dry,80.15657910704613,1.747236956853348,0.5054591877479037,0.3690061354032476,0.8513869229107828,0.3690061354032476,good
Narok,2024,8,2024-08-01,cool_dry,33.03087577410042,-1.5000894334129689,0.4610320091552073,1.357012169928948,0.35702660875927716,-1.5000894334129689,normal
Narok,2024,9,2024-09-01,cool_dry,59.85371392220259,-0.3456706490761985,0.4160892091268505,0.3254372497922094,0.09054948518826665,-0.3456706490761985,normal
Narok,2024,10,2024-10-01,short_rains,54.02781382575631,-0.6999537638542052,0.4322303759098622,1.0325822644528273,0.426194654545366,-0.6999537638542052,normal
Narok,2024,11,2024-11-01,short_rains,175.5611140280962,0.6005696438187248,0.4390355887514871,0.5870115196625604,0.591756863117218,0.5870115196625604,good
Narok,2024,12,2024-12-01,short_rains,117.64582539349794,0.1329636566892849,0.5908547573418692,1.0057887577182334,0.7002999723581014,0.1329636566892849,good
Nyamira,2017,1,2017-01-01,hot_dry,32.18582884967327,-0.8257460936026336,0.6020152391927824,-0.5001555896481581,-0.6141122660322246,-0.8257460936026336,moderate_stress
Nyamira,2017,2,2017-02-01,hot_dry,105.19965529441832,-0.1317478852635376,0.5069114760059181,-0.6122754555872907,-0.4440908059739771,-0.6122754555872907,normal
Nyamira,2017,3,2017-03-01,long_rains,139.04975572228432,-0.6907571458567496,0.6684744198206776,0.4261229335238156,0.03521490574061778,-0.6907571458567496,normal
Nyamira,2017,4,2017-04-01,long_rains,235.75741362571716,-1.2413264844461538,0.7327698850720541,1.4568902511451305,0.5125143936881811,-1.2413264844461538,good
Nyamira,2017,5,2017-05-01,long_rains,216.37593649327755,-0.5533158964301922,0.7603437147987621,1.201713916416724,0.5874534819203034,-0.5533158964301922,good
Nyamira,2017,6,2017-06-01,cool_dry,130.32780140638351,-0.3066920885843985,0.7020124721258778,0.5653972795876023,0.26016600072740204,-0.3066920885843985,normal
Nyamira,2017,7,2017-07-01,cool_dry,144.71879303455353,1.4124986990713475,0.6980623851770041,0.9919475487684392,1.1391404513744572,0.9919475487684392,good
Nyamira,2017,8,2017-08-01,cool_dry,147.8822372406721,0.1015795754016942,0.6872232071416328,1.3927745639186069,0.9408563179376874,0.1015795754016942,good
Nyamira,2017,9,2017-09-01,cool_dry,172.7075398415327,-0.0043712563242295,,,,,no_data
Nyamira,2017,10,2017-10-01,short_rains,157.07255785167217,-0.5821269793039975,0.7068231075881242,1.1614454096787683,0.5511950735348002,-0.5821269793039975,good
Nyamira,2017,11,2017-11-01,short_rains,140.39769834280014,-1.007596387964955,0.7131816659008959,1.8813424468117064,0.870213854639875,-1.007596387964955,good
Nyamira,2017,12,2017-12-01,short_rains,107.14311987161636,-0.5733523116111593,0.6733253726863668,-1.0889958305287684,-0.9085205989076053,-1.0889958305287684,moderate_stress
Nyamira,2018,1,2018-01-01,hot_dry,45.238916493952274,-0.6655918560818008,0.6376070251118101,-0.0030924383849042,-0.234967234578818,-0.6655918560818008,normal
Nyamira,2018,2,2018-02-01,hot_dry,52.27099942415953,-0.7328443067291801,0.6091232996606187,0.34831213481858,-0.030092619723136038,-0.7328443067291801,normal
Nyamira,2018,3,2018-03-01,long_rains,262.1047551333904,0.8967958368129849,0.7178249754496692,1.437960048848624,1.2485525746361503,0.8967958368129849,good
Nyamira,2018,4,2018-04-01,long_rains,368.48328948020935,1.124899441382697,,,,,no_data
Nyamira,2018,5,2018-05-01,long_rains,269.9008736014366,1.6272889006587712,0.7480987166221946,1.002678936910854,1.221292424222625,1.002678936910854,good
Nyamira,2018,6,2018-06-01,cool_dry,144.98965561389923,0.0984073460363118,0.7041050897868916,0.5906752631330165,0.41838149214916986,0.0984073460363118,normal
Nyamira,2018,7,2018-07-01,cool_dry,76.78962486982346,-0.7797621581793147,0.7378853473549398,2.0001724751157397,1.0271953534624707,-0.7797621581793147,good
Nyamira,2018,8,2018-08-01,cool_dry,120.3069129139185,-0.5398848321841094,,,,,no_data
Nyamira,2018,9,2018-09-01,cool_dry,71.07765537500381,-1.8152284997792087,0.686988758111783,1.1496903701898498,0.11196876570067937,-1.8152284997792087,normal
Nyamira,2018,10,2018-10-01,short_rains,213.58722305297852,0.2121739134662761,0.6553139026086141,-0.0468562393585068,0.04380431413016721,-0.0468562393585068,normal
Nyamira,2018,11,2018-11-01,short_rains,140.9831593632698,-1.001856610656373,,,,,no_data
Nyamira,2018,12,2018-12-01,short_rains,181.6114736050367,0.1251152215760596,0.7017967860667221,-0.1882197316300824,-0.07855249800793272,-0.1882197316300824,normal
Nyamira,2019,1,2019-01-01,hot_dry,29.651702240109444,-0.8568384394135367,0.6803727011742308,0.5941588981412015,0.08630982999704317,-0.8568384394135367,normal
Nyamira,2019,2,2019-02-01,hot_dry,57.50083789229393,-0.6734504465158246,0.5779800499188638,0.0556276081447927,-0.19954971098642335,-0.6734504465158246,normal
Nyamira,2019,3,2019-03-01,long_rains,98.80543300509451,-1.2099558364499878,0.5767084224719503,-1.4553602809770765,-1.3694687253925955,-1.4553602809770765,severe_stress
Nyamira,2019,4,2019-04-01,long_rains,242.01313149929047,-1.1298000641319412,0.6147015346352684,-0.457282146086532,-0.6926634174024252,-1.1298000641319412,moderate_stress
Nyamira,2019,5,2019-05-01,long_rains,216.83075015246868,-0.534786797647513,0.7258836520417514,0.6415866068236665,0.22985591525875373,-0.534786797647513,normal
Nyamira,2019,6,2019-06-01,cool_dry,188.9323651790619,1.3125216421274934,0.4621464021441743,-2.332088813100411,-1.0564751537706445,-2.332088813100411,moderate_stress
Nyamira,2019,7,2019-07-01,cool_dry,96.09073835611343,-0.1568622060595414,0.6374594751436031,-0.5423774025459972,-0.4074470837757377,-0.5423774025459972,normal
Nyamira,2019,8,2019-08-01,cool_dry,127.0738409757614,-0.3824707815303362,0.6171187135261171,-0.626600828724091,-0.5411553122062768,-0.626600828724091,moderate_stress
Nyamira,2019,9,2019-09-01,cool_dry,157.9091758131981,-0.2680508308180783,0.6486834224720581,-0.447280965721454,-0.3845504185052725,-0.447280965721454,normal
Nyamira,2019,10,2019-10-01,short_rains,295.97293868660927,1.3700865941167872,0.6668784097962824,0.2244236825646051,0.6254057016078688,0.2244236825646051,good
Nyamira,2019,11,2019-11-01,short_rains,272.10572266578674,0.2836505147933966,0.6037961236535014,-1.053420781405538,-0.585445827735911,-1.053420781405538,moderate_stress
Nyamira,2019,12,2019-12-01,short_rains,312.5909087061882,1.353622075116177,0.7620007817627396,1.7165090451502676,1.5894986056383358,1.353622075116177,very_good
Nyamira,2020,1,2020-01-01,hot_dry,181.736079454422,1.0091535875582789,0.700509628118127,0.875384582805143,0.9222037344687406,0.875384582805143,good
Nyamira,2020,2,2020-02-01,hot_dry,119.19154554605484,0.027154225918255,0.662437695802224,0.8493612844416278,0.5615888139584473,0.027154225918255,good
Nyamira,2020,3,2020-03-01,long_rains,319.22200405597687,1.633674950403537,0.6613489013148979,0.2800280416185634,0.7538044596933041,0.2800280416185634,good
Nyamira,2020,4,2020-04-01,long_rains,307.42421650886536,0.0363433437739441,0.693181741138759,0.815071066796317,0.5425163637384866,0.0363433437739441,good
Nyamira,2020,5,2020-05-01,long_rains,211.14880579710007,-0.7662690895943948,0.7099975990629542,0.3833685014821091,-0.019004655394667197,-0.7662690895943948,normal
Nyamira,2020,6,2020-06-01,cool_dry,148.17692720890045,0.1864700087011602,0.6590030745038461,0.0458609755399665,0.0950741371463843,0.0458609755399665,normal
Nyamira,2020,7,2020-07-01,cool_dry,116.31805969774724,0.4959290178335641,0.6527917443485625,-0.1541999505313406,0.07334518839637601,-0.1541999505313406,normal
Nyamira,2020,8,2020-08-01,cool_dry,134.19054147601128,-0.2169202329215825,0.651915091543544,0.3757165106872803,0.16829365042417835,-0.2169202329215825,normal
Nyamira,2020,9,2020-09-01,cool_dry,176.34946131706238,0.060521072528404,0.6543607941021651,-0.2105880976084735,-0.11569988806056637,-0.2105880976084735,normal
Nyamira,2020,10,2020-10-01,short_rains,297.8969075977802,1.3971275439014463,0.6923309594591092,0.8214889593831953,1.0229624639645831,0.8214889593831953,good
Nyamira,2020,11,2020-11-01,short_rains,445.2941457629204,1.981565399382152,0.6155276959362314,-0.7386681528848479,0.21341359040860203,-0.7386681528848479,normal
Nyamira,2020,12,2020-12-01,short_rains,99.03702819347382,-0.6493824851596409,0.740034969732783,1.0215565956474206,0.4367279173649491,-0.6493824851596409,normal
Nyamira,2021,1,2021-01-01,hot_dry,90.98725606501102,-0.1042847813485448,0.7107783035904314,1.0187935199451743,0.6257161144923726,-0.1042847813485448,good
Nyamira,2021,2,2021-02-01,hot_dry,137.37211164832115,0.2336259952199304,0.6830475103790083,1.0430524976021185,0.7597532217683527,0.2336259952199304,good
Nyamira,2021,3,2021-03-01,long_rains,142.73233515024185,-0.6432475771049696,0.6774943170095402,0.611058374184661,0.17205129123329035,-0.6432475771049696,normal
Nyamira,2021,4,2021-04-01,long_rains,380.5446013212204,1.3399275102800918,0.6182153931370975,-0.4003140345892837,0.2087705061149977,-0.4003140345892837,normal
Nyamira,2021,5,2021-05-01,long_rains,220.3944101929665,-0.3896033635446237,0.6247331537060054,-1.0025530715137456,-0.788020673724553,-1.0025530715137456,moderate_stress
Nyamira,2021,6,2021-06-01,cool_dry,107.7716232985258,-0.9299076020774524,0.6557108902982248,0.0060927083937111,-0.3215074002711961,-0.9299076020774524,normal
Nyamira,2021,7,2021-07-01,cool_dry,91.06553506851196,-0.3190393203209821,0.6470008996098048,-0.3008106919456868,-0.30719071187704017,-0.3190393203209821,normal
Nyamira,2021,8,2021-08-01,cool_dry,175.25927639007568,0.7384314213249505,0.6171667016212325,-0.6252185210656499,-0.14794104122893975,-0.6252185210656499,normal
Nyamira,2021,9,2021-09-01,cool_dry,214.8426994085312,0.7463996346055904,0.6787419940299125,0.8058780622482878,0.7850606125733438,0.7463996346055904,good
Nyamira,2021,10,2021-10-01,short_rains,144.68959420919418,-0.7561667447582702,0.6700598479290603,0.2990537791400557,-0.07027340422435835,-0.7561667447582702,normal
Nyamira,2021,11,2021-11-01,short_rains,155.71683901548386,-0.8574096924450674,0.6644725613178075,0.5744998232542874,0.07333149275951328,-0.8574096924450674,normal
Nyamira,2021,12,2021-12-01,short_rains,0.0,-1.57828913219143,0.7090646783615228,0.041721212328936,-0.5252824082531921,-1.57828913219143,moderate_stress
Nyamira,2022,1,2022-01-01,hot_dry,152.29902130365372,0.6479770037896868,0.6049085226440537,-0.4597489465800485,-0.07204486395064116,-0.4597489465800485,normal
Nyamira,2022,2,2022-02-01,hot_dry,308.5873394012451,2.1780710035152886,0.3488007906664369,-2.098201024832218,-0.6015058149105909,-2.098201024832218,moderate_stress
Nyamira,2022,3,2022-03-01,long_rains,161.18568554520607,-0.4051778391831218,0.6487929928679651,0.0225935705917891,-0.1271264228294297,-0.4051778391831218,normal
Nyamira,2022,4,2022-04-01,long_rains,255.3185920715332,-0.8925914146621872,0.5682509162256384,-1.210358573978696,-1.0991400682179178,-1.210358573978696,moderate_stress
Nyamira,2022,5,2022-05-01,long_rains,268.88089521229267,1.5857350028223305,0.6524721391025602,-0.5516727765307535,0.19641994624282588,-0.5516727765307535,normal
Nyamira,2022,6,2022-06-01,cool_dry,137.9957726150751,-0.0948300172962693,0.6416102676305477,-0.1642371681117577,-0.13994466532633676,-0.1642371681117577,normal
Nyamira,2022,7,2022-07-01,cool_dry,75.38488900661469,-0.8250968432768979,0.634086644113778,-0.6277696519078849,-0.6968341688870394,-0.8250968432768979,moderate_stress
Nyamira,2022,8,2022-08-01,cool_dry,233.1908861398697,2.086051680956489,0.5840581178344129,-1.5789185756018889,-0.29617898580645674,-1.5789185756018889,normal
Nyamira,2022,9,2022-09-01,cool_dry,186.629578769207,0.2436938198900822,0.6403107835095827,-0.7963410693781637,-0.4323288581342777,-0.7963410693781637,normal
Nyamira,2022,10,2022-10-01,short_rains,115.50648522377014,-1.1663287697541946,0.5639513601778784,-2.1900364869125046,-1.8317387859070962,-2.1900364869125046,severe_stress
Nyamira,2022,11,2022-11-01,short_rains,244.11905562877655,0.0092731766180971,0.6182623928030722,-0.6652975077316355,-0.4291977682092291,-0.6652975077316355,normal
Nyamira,2022,12,2022-12-01,short_rains,315.1288524866104,1.3774264328440933,0.7170174664469505,0.293330829711063,0.6727642908076236,0.293330829711063,good
Nyamira,2023,1,2023-01-01,hot_dry,26.01349121332169,-0.9014772964268394,0.6740435661684823,0.5057682847034518,0.013232331307849954,-0.9014772964268394,normal
Nyamira,2023,2,2023-02-01,hot_dry,21.90501018986106,-1.0777026289911955,0.5601825061548238,-0.1116338599334745,-0.4497579291036768,-1.0777026289911955,normal
Nyamira,2023,3,2023-03-01,long_rains,261.3935910612345,0.8876209910178385,0.5760303968342319,-1.4692618773550972,-0.6443528734245698,-1.4692618773550972,moderate_stress
Nyamira,2023,4,2023-04-01,long_rains,333.98541927337646,0.5098742675516525,0.585789482655769,-0.9260161602550075,-0.4234545105226766,-0.9260161602550075,normal
Nyamira,2023,5,2023-05-01,long_rains,214.7379457429051,-0.6200476046923016,0.6840904950083663,-0.037735679197061,-0.2415448531203952,-0.6200476046923016,normal
Nyamira,2023,6,2023-06-01,cool_dry,189.24879720807076,1.3212644951277417,0.6977671171497029,0.5141150911441552,0.7966173825384104,0.5141150911441552,good
Nyamira,2023,7,2023-07-01,cool_dry,63.64550691843033,-1.2039589511982864,0.6171463047640847,-1.0566597057624414,-1.108214441664987,-1.2039589511982864,moderate_stress
Nyamira,2023,8,2023-08-01,cool_dry,108.3942063897848,-0.8170013274498816,0.6641801381542535,0.7290138820529416,0.1879085587269535,-0.8170013274498816,normal
Nyamira,2023,9,2023-09-01,cool_dry,264.48819121718407,1.630990804992999,0.6828960215421583,0.979061843433168,1.207236979979109,0.979061843433168,good
Nyamira,2023,10,2023-10-01,short_rains,224.94430992007256,0.3717952118614725,0.652782023214873,-0.1062490031924241,0.06106647207643971,-0.1062490031924241,normal
Nyamira,2023,11,2023-11-01,short_rains,291.5283939242363,0.4740676456757524,0.6383332209961466,-0.1268065213480671,0.0834994371102697,-0.1268065213480671,normal
Nyamira,2023,12,2023-12-01,short_rains,173.52297487854958,0.0492500591353596,0.6727238202267072,-1.1080276948994006,-0.7029804809872345,-1.1080276948994006,moderate_stress
Nyamira,2024,1,2024-01-01,hot_dry,237.7821249961853,1.6968078755253897,0.4923926663438775,-2.0311083109818697,-0.726337645704329,-2.0311083109818697,moderate_stress
Nyamira,2024,2,2024-02-01,hot_dry,132.37666353583336,0.1768940428462638,0.6280043934574436,0.5257568153458623,0.40365484497100285,0.1768940428462638,normal
Nyamira,2024,3,2024-03-01,long_rains,156.24229204654694,-0.4689533796395316,0.6548538274123931,0.1468591895647248,-0.06867520965676494,-0.4689533796395316,normal
Nyamira,2024,4,2024-04-01,long_rains,319.55855917930603,0.2526734002518967,0.6874416028692193,0.7220095969680519,0.5577419281173976,0.2526734002518967,good
Nyamira,2024,5,2024-05-01,long_rains,221.39102858304977,-0.3490011515720761,0.5856770370868827,-1.6373864343918008,-1.1864515854048974,-1.6373864343918008,moderate_stress
Nyamira,2024,6,2024-06-01,cool_dry,83.98087015748024,-1.5872337840345867,0.7192967687948126,0.7741846634137203,-0.05231179319318713,-1.5872337840345867,normal
Nyamira,2024,7,2024-07-01,cool_dry,143.59688863158226,1.3762917621301105,0.646625986503169,-0.3103026211908167,0.28000541297150777,-0.3103026211908167,normal
Nyamira,2024,8,2024-08-01,cool_dry,101.82630775123836,-0.9697855035972238,0.6504402358992872,0.333232968732801,-0.12282349658270766,-0.9697855035972238,normal
Nyamira,2024,9,2024-09-01,cool_dry,139.61862459778786,-0.593954745095559,0.6239022995648809,-1.4804201431632469,-1.1701572538395562,-1.4804201431632469,moderate_stress
Nyamira,2024,10,2024-10-01,short_rains,138.2580415159464,-0.8465607695295201,0.6503512465680942,-0.1632701013031891,-0.40242183518240493,-0.8465607695295201,normal
Nyamira,2024,11,2024-11-01,short_rains,255.24046993255615,0.1183059545969977,0.647843531747865,0.1283506933041005,0.12483503475661453,0.1183059545969977,normal
Nyamira,2024,12,2024-12-01,short_rains,157.14238268136978,-0.1043898597094593,0.6860038766390033,-0.6878744257794219,-0.483654827654935,-0.6878744257794219,normal
Nyandarua,2017,1,2017-01-01,hot_dry,20.05972558632493,-0.9455329202497184,0.4326163819987244,-1.888691834626603,-1.5585862145946934,-1.888691834626603,severe_stress
Nyandarua,2017,2,2017-02-01,hot_dry,44.275354109704494,0.2440829879614844,0.414548683649744,-0.7001340330208352,-0.36965807567702336,-0.7001340330208352,normal
Nyandarua,2017,3,2017-03-01,long_rains,37.448708571493626,-0.80747145403318,0.3630894089445382,-0.8608140135768299,-0.8421441177365524,-0.8608140135768299,moderate_stress
Nyandarua,2017,4,2017-04-01,long_rains,86.25758273899555,-1.052734933034437,0.3565728364606575,-0.3884035954786684,-0.6209195636231875,-1.052734933034437,moderate_stress
Nyandarua,2017,5,2017-05-01,long_rains,123.24531514942646,-0.5302310599611698,0.5571612805547131,0.0469784351753387,-0.15504488812243927,-0.5302310599611698,normal
Nyandarua,2017,6,2017-06-01,cool_dry,51.459962867200375,-0.6905145665464703,0.5065329586893952,-0.4683941675594834,-0.5461363072049288,-0.6905145665464703,moderate_stress
Nyandarua,2017,7,2017-07-01,cool_dry,138.38985157757998,1.2528723492326388,0.6851412595518925,1.0947301762310964,1.1500799367816361,1.0947301762310964,good
Nyandarua,2017,8,2017-08-01,cool_dry,138.31535088270903,1.0880866694395055,0.6299414021826902,0.8978922291331576,0.9644602832403792,0.8978922291331576,good
Nyandarua,2017,9,2017-09-01,cool_dry,96.38775044307113,0.9539807322499332,0.593318748512097,0.7350783537911613,0.8116941862517314,0.7350783537911613,good
Nyandarua,2017,10,2017-10-01,short_rains,152.18493707105517,0.8123212547299944,0.6004016523389385,1.2273992239060263,1.082121934694415,0.8123212547299944,good
Nyandarua,2017,11,2017-11-01,short_rains,118.14164674282074,-0.3346623666764266,0.6711718231356189,1.8014065239888142,1.05378241225598,-0.3346623666764266,good
Nyandarua,2017,12,2017-12-01,short_rains,20.590455271303657,-0.6814598701825373,0.5878072404216642,0.7315271767508321,0.23698171032415283,-0.6814598701825373,normal
Nyandarua,2018,1,2018-01-01,hot_dry,32.3805417381227,-0.5488057985010354,0.5060035250312676,-0.1975840535133236,-0.3205116642590227,-0.5488057985010354,normal
Nyandarua,2018,2,2018-02-01,hot_dry,22.804101645946503,-0.8404384819903029,0.4390692711867778,-0.4112347154009066,-0.5614560337071953,-0.8404384819903029,moderate_stress
Nyandarua,2018,3,2018-03-01,long_rains,224.5130303800106,1.7161622144492834,0.5317562631679594,1.082315423053844,1.3041618000422477,1.082315423053844,very_good
Nyandarua,2018,4,2018-04-01,long_rains,390.6166275590658,1.2658335390511002,,,,,no_data
Nyandarua,2018,5,2018-05-01,long_rains,320.2757126092911,1.466369799446523,0.6393669471478471,0.9005244499721827,1.098570322288202,0.9005244499721827,good
Nyandarua,2018,6,2018-06-01,cool_dry,264.3802332878113,2.0123678647630343,0.7685636439413395,1.9383513261531229,1.9642571146665917,1.9383513261531229,very_good
Nyandarua,2018,7,2018-07-01,cool_dry,92.00171073898672,-0.0888738772569967,0.6127480178005282,0.5035466181395285,0.2961994447507447,-0.0888738772569967,normal
Nyandarua,2018,8,2018-08-01,cool_dry,100.74132019281387,-0.1228386088180422,,,,,no_data
Nyandarua,2018,9,2018-09-01,cool_dry,62.45661300420761,-1.1167629895172524,0.6165127117702665,1.0642037884929392,0.30086541618937224,-1.1167629895172524,normal
Nyandarua,2018,10,2018-10-01,short_rains,86.18601100891829,-0.7452712573534057,0.5544406440789386,0.5287590828411188,0.08284846377303529,-0.7452712573534057,normal
Nyandarua,2018,11,2018-11-01,short_rains,79.1409293487668,-1.0754708461193438,0.5860947795179187,0.4098848897371627,-0.10998961781261457,-1.0754708461193438,normal
Nyandarua,2018,12,2018-12-01,short_rains,115.158098988235,1.1816222718923215,0.5503539732318855,0.2613964762121714,0.5834755047002239,0.2613964762121714,good
Nyandarua,2019,1,2019-01-01,hot_dry,27.040040519088507,-0.7207685687606679,0.523837236795118,0.2133697932198173,-0.11357863347335248,-0.7207685687606679,normal
Nyandarua,2019,2,2019-02-01,hot_dry,18.672059882432222,-1.0491495487914964,0.43857514164174,-0.4170565044653678,-0.6382890699795127,-1.0491495487914964,moderate_stress
Nyandarua,2019,3,2019-03-01,long_rains,29.399695992469788,-0.9160584841310732,0.3722422607940259,-0.7553684241648146,-0.8116099451530051,-0.9160584841310732,moderate_stress
Nyandarua,2019,4,2019-04-01,long_rains,143.91466531157494,-0.6135106151757563,0.336635973957553,-0.5446438649583839,-0.5687472275344643,-0.6135106151757563,moderate_stress
Nyandarua,2019,5,2019-05-01,long_rains,93.2697320729494,-0.8339876158191671,0.4096803853080664,-1.4843239143266855,-1.256706209849054,-1.4843239143266855,severe_stress
Nyandarua,2019,6,2019-06-01,cool_dry,150.71396413445473,0.5694495304954811,0.4045225100770838,-1.4053576658353408,-0.7141751471195532,-1.4053576658353408,moderate_stress
Nyandarua,2019,7,2019-07-01,cool_dry,103.28326787799595,0.2374376852792502,0.5542441775002825,0.0257878158813287,0.0998652701706012,0.0257878158813287,normal
Nyandarua,2019,8,2019-08-01,cool_dry,130.78784034401178,0.8454921799398746,0.6056439266567386,0.6704500505259161,0.7317147958208016,0.6704500505259161,good
Nyandarua,2019,9,2019-09-01,cool_dry,72.27727136388421,-0.5174295106864325,0.5827210065807998,0.5846949811363443,0.19895140899837246,-0.5174295106864325,normal
Nyandarua,2019,10,2019-10-01,short_rains,195.45546767115593,1.8335174843949833,0.4931392499439563,-0.4030658763430896,0.3797382999152359,-0.4030658763430896,normal
Nyandarua,2019,11,2019-11-01,short_rains,193.18363079428673,1.0907405954757954,0.6163318363329082,0.9044427272570428,0.9696469811336061,0.9044427272570428,good
Nyandarua,2019,12,2019-12-01,short_rains,150.3285967335105,1.8745181049876656,0.6419383742811596,1.411006159274999,1.5732353402744321,1.411006159274999,very_good
Nyandarua,2020,1,2020-01-01,hot_dry,79.5572208315134,0.9702711749550784,0.5837747879832893,1.59454986109961,1.3760523209490239,0.9702711749550784,very_good
Nyandarua,2020,2,2020-02-01,hot_dry,60.96804126352072,1.0872372305963605,0.6337174927190244,1.882092811587104,1.6038933582403438,1.0872372305963605,very_good
Nyandarua,2020,3,2020-03-01,long_rains,194.35548429191113,1.3093149977756315,0.5519417944770543,1.3148631886555917,1.3129213218476057,1.3093149977756315,very_good
Nyandarua,2020,4,2020-04-01,long_rains,355.4858949780464,0.9982120888268337,0.5987682975194693,1.509622440298036,1.3306288172831153,0.9982120888268337,very_good
Nyandarua,2020,5,2020-05-01,long_rains,163.62115013599396,-0.1210839036199502,0.6354836096838735,0.8602035407957974,0.5167529352502858,-0.1210839036199502,good
Nyandarua,2020,6,2020-06-01,cool_dry,152.45287334918976,0.5915238363230325,0.5180773819043802,-0.3623589201095082,-0.028499955358118972,-0.3623589201095082,normal
Nyandarua,2020,7,2020-07-01,cool_dry,101.36605024337769,0.1819834359796467,0.562088304836838,0.0898451642851362,0.12209355937821487,0.0898451642851362,normal
Nyandarua,2020,8,2020-08-01,cool_dry,135.13153685629368,0.9854796077250934,0.5793923531745802,0.4247160828849975,0.620983316579031,0.4247160828849975,good
Nyandarua,2020,9,2020-09-01,cool_dry,88.0731703415513,0.4465599428533365,0.5501617515296484,0.1226748057572265,0.236034603740865,0.1226748057572265,normal
Nyandarua,2020,10,2020-10-01,short_rains,139.4685963317752,0.5122121726828752,0.5553311755339319,0.5422957967839398,0.5317665283485672,0.5122121726828752,good
Nyandarua,2020,11,2020-11-01,short_rains,110.45293404906988,-0.480707463795574,0.5335707982267691,-0.4491982797731802,-0.460226494181018,-0.480707463795574,normal
Nyandarua,2020,12,2020-12-01,short_rains,33.210187911987305,-0.4328378511017404,0.5559937165751088,0.3321891383148622,0.0644296920190513,-0.4328378511017404,normal
Nyandarua,2021,1,2021-01-01,hot_dry,70.72020732238889,0.6857216052565124,0.5498624166014815,0.8130849784246281,0.7685077978157876,0.6857216052565124,good
Nyandarua,2021,2,2021-02-01,hot_dry,52.20606967061758,0.6446665734979559,0.510812688278676,0.4340396570123804,0.5077590777823318,0.4340396570123804,good
Nyandarua,2021,3,2021-03-01,long_rains,61.437771677970886,-0.483841556329725,0.4840635882852737,0.5328711300249036,0.17702168980078364,-0.483841556329725,normal
Nyandarua,2021,4,2021-04-01,long_rains,100.8096325993538,-0.9418792690261948,0.4454731745843683,0.3082864069288575,-0.12927157965541078,-0.9418792690261948,normal
Nyandarua,2021,5,2021-05-01,long_rains,204.5882483720779,0.2940547988346617,0.5299330702471491,-0.2357335889616051,-0.05030765323291174,-0.2357335889616051,normal
Nyandarua,2021,6,2021-06-01,cool_dry,38.60989560931921,-0.8536376969269697,0.5575380854635866,8.668574971727513e-05,-0.29871684818712313,-0.8536376969269697,normal
Nyandarua,2021,7,2021-07-01,cool_dry,114.26914846897124,0.5551969996457241,0.5164665859883821,-0.2827146137078836,0.010554450965879092,-0.2827146137078836,normal
Nyandarua,2021,8,2021-08-01,cool_dry,86.37036379054189,-0.5859817441359225,0.5248744643413594,-0.085611312899445,-0.2607409638322121,-0.5859817441359225,normal
Nyandarua,2021,9,2021-09-01,cool_dry,76.36276260018349,-0.2681008419041182,0.5236843000748918,-0.2530437647536838,-0.2583137417563358,-0.2681008419041182,normal
Nyandarua,2021,10,2021-10-01,short_rains,102.59894825518133,-0.3579214975708704,0.5390880946296065,0.2953893697070811,0.06673056615979805,-0.3579214975708704,normal
Nyandarua,2021,11,2021-11-01,short_rains,57.28496120497584,-1.4906192743844895,0.5369131257256052,-0.3945311119260707,-0.7781619687865173,-1.4906192743844895,moderate_stress
Nyandarua,2021,12,2021-12-01,short_rains,0.0,-1.0871135166663686,0.501763906252252,-0.3485284767326488,-0.6070332407094507,-1.0871135166663686,moderate_stress
Nyandarua,2022,1,2022-01-01,hot_dry,33.18089930340648,-0.5230344900639328,0.5006046016987554,-0.3219949636532179,-0.3923587978969681,-0.5230344900639328,normal
Nyandarua,2022,2,2022-02-01,hot_dry,58.02170239016414,0.9384164866131052,0.4040038351064492,-0.8243724732279608,-0.20739633728358775,-0.8243724732279608,normal
Nyandarua,2022,3,2022-03-01,long_rains,48.8555752877146,-0.6535845309756984,0.3580303884820143,-0.9190965470746416,-0.8261673414400115,-0.9190965470746416,moderate_stress
Nyandarua,2022,4,2022-04-01,long_rains,142.90689834952354,-0.621187655648804,0.3247660006896911,-0.637665915032661,-0.631898524248311,-0.637665915032661,moderate_stress
Nyandarua,2022,5,2022-05-01,long_rains,83.15656828507781,-0.936469018539315,0.4290498852868197,-1.2832093172357193,-1.1618502126919776,-1.2832093172357193,moderate_stress
Nyandarua,2022,6,2022-06-01,cool_dry,45.75423242151737,-0.7629450521407224,0.4851008088881307,-0.6652479440748968,-0.6994419318979358,-0.7629450521407224,moderate_stress
Nyandarua,2022,7,2022-07-01,cool_dry,49.106439262628555,-1.3295911726086735,0.2755401522020395,-2.2501875838133887,-1.9279788398917383,-2.2501875838133887,severe_stress
Nyandarua,2022,8,2022-08-01,cool_dry,96.867954287678,-0.2476683542659092,0.3359197739306162,-1.854365700538368,-1.2920216293430073,-1.854365700538368,severe_stress
Nyandarua,2022,9,2022-09-01,cool_dry,98.70079354941844,1.0951407360746093,0.440193229954569,-1.4377931946463554,-0.5512663188940179,-1.4377931946463554,moderate_stress
Nyandarua,2022,10,2022-10-01,short_rains,62.80197896808386,-1.2971407404239417,0.4772037886219883,-0.6452962661320649,-0.8734418321342218,-1.2971407404239417,moderate_stress
Nyandarua,2022,11,2022-11-01,short_rains,170.12847271561623,0.652813866410552,0.5229894362082703,-0.6222672246080998,-0.17598884275157173,-0.6222672246080998,normal
Nyandarua,2022,12,2022-12-01,short_rains,37.029942475259304,-0.3575846647662234,0.3850114570029846,-1.8140591199482592,-1.3042930606345469,-1.8140591199482592,severe_stress
Nyandarua,2023,1,2023-01-01,hot_dry,28.100081492215395,-0.6866355211587085,0.51410986091632,-0.0107844708473105,-0.2473323384562998,-0.6866355211587085,normal
Nyandarua,2023,2,2023-02-01,hot_dry,8.867489285767078,-1.5443822947009205,0.3960027746230259,-0.918640235385196,-1.1376499561456996,-1.5443822947009205,moderate_stress
Nyandarua,2023,3,2023-03-01,long_rains,113.10002813860774,0.2131198339202826,0.3434876746286728,-1.086636135733197,-0.6317215463544792,-1.086636135733197,moderate_stress
Nyandarua,2023,4,2023-04-01,long_rains,187.0730057805777,-0.2847358696178597,0.240970219760696,-1.2943527629040703,-0.9409868502538966,-1.2943527629040703,moderate_stress
Nyandarua,2023,5,2023-05-01,long_rains,94.04734267294408,-0.8261077251411303,0.5482851809097754,-0.0451826018049157,-0.31850639497259076,-0.8261077251411303,normal
Nyandarua,2023,6,2023-06-01,cool_dry,90.4955863058567,-0.1949830674593623,0.6179858298334957,0.5552977528332841,0.2926994657308578,-0.1949830674593623,normal
Nyandarua,2023,7,2023-07-01,cool_dry,39.24585701525211,-1.6148019782635712,0.5799113983408098,0.2353935549769814,-0.41217488165721194,-1.6148019782635712,normal
Nyandarua,2023,8,2023-08-01,cool_dry,44.79541731998325,-1.9258474093051112,0.4513665378067722,-0.7736993794177367,-1.1769511898783178,-1.9258474093051112,moderate_stress
Nyandarua,2023,9,2023-09-01,cool_dry,95.72174973785876,0.9133361537563336,0.4338843529531719,-1.5273170014426565,-0.67308839712301,-1.5273170014426565,moderate_stress
Nyandarua,2023,10,2023-10-01,short_rains,109.2206454128027,-0.2016476530497545,0.3874538700512847,-2.009559108585218,-1.3767900991478057,-2.009559108585218,severe_stress
Nyandarua,2023,11,2023-11-01,short_rains,199.96933832019567,1.21963334438147,0.475388909330497,-1.4008222864158448,-0.4836628156367847,-1.4008222864158448,normal
Nyandarua,2023,12,2023-12-01,short_rains,45.08991847187281,-0.1987946520871394,0.458934701931064,-0.8861404220138506,-0.6455694025395017,-0.8861404220138506,moderate_stress
Nyandarua,2024,1,2024-01-01,hot_dry,104.35596929490566,1.768784518522472,0.5058140907957082,-0.2019493101035914,0.4878075299155308,-0.2019493101035914,normal
Nyandarua,2024,2,2024-02-01,hot_dry,49.729361191391945,0.5195670468138139,0.5550555915304664,0.9553054929007868,0.8027970367703463,0.5195670468138139,good
Nyandarua,2024,3,2024-03-01,long_rains,69.30988537892699,-0.3776410206755209,0.4978645524812388,0.6918653788151435,0.317538138993411,-0.3776410206755209,normal
Nyandarua,2024,4,2024-04-01,long_rains,388.538511402905,1.2500027146251182,0.5397559563233915,1.0471572911468905,1.1181531893642702,1.0471572911468905,good
Nyandarua,2024,5,2024-05-01,long_rains,322.3564345538616,1.4874547247995475,0.6721336544025447,1.2407429963855985,1.3270921013304806,1.2407429963855985,very_good
Nyandarua,2024,6,2024-06-01,cool_dry,52.9766795411706,-0.6712608485080234,0.6019079626981576,0.4076229328431018,0.030013609370208,-0.6712608485080234,normal
Nyandarua,2024,7,2024-07-01,cool_dry,122.93242593109608,0.8057765579919817,0.622550796984914,0.5835988680072024,0.6613610595018751,0.5835988680072024,good
Nyandarua,2024,8,2024-08-01,cool_dry,103.41343825310469,-0.0367223405794882,0.6110033339069267,0.7206180303114824,0.4555489004996427,-0.0367223405794882,normal
Nyandarua,2024,9,2024-09-01,cool_dry,56.06672126427293,-1.5067242228264095,0.59165728971402,0.7115020316650331,-0.0648771574069717,-1.5067242228264095,normal
Nyandarua,2024,10,2024-10-01,short_rains,94.20293155312538,-0.5560697634098806,0.5501854949406281,0.464077777822214,0.10702613839098091,-0.5560697634098806,normal
Nyandarua,2024,11,2024-11-01,short_rains,157.7807530835271,0.418272144708017,0.5458160185951042,-0.2489152382598265,-0.015399654221081305,-0.2489152382598265,normal
Nyandarua,2024,12,2024-12-01,short_rains,40.03662659972906,-0.2983498220759782,0.5544338575849546,0.3126090681418959,0.09877345656563997,-0.2983498220759782,normal
Nyeri,2017,1,2017-01-01,hot_dry,23.41127936542034,-1.1569722433429857,0.5678969925966456,-1.9576892328669504,-1.6774382865335629,-1.9576892328669504,severe_stress
Nyeri,2017,2,2017-02-01,hot_dry,61.03741141408682,0.4503636186262587,0.5745903669610752,-0.3526833389060675,-0.07161690376975335,-0.3526833389060675,normal
Nyeri,2017,3,2017-03-01,long_rains,42.17396581545472,-0.796991176318265,0.5025612777121244,-0.4674150065869041,-0.5827666659928804,-0.796991176318265,moderate_stress
Nyeri,2017,4,2017-04-01,long_rains,126.66724552959204,-1.1093610315076057,,,,,no_data
Nyeri,2017,5,2017-05-01,long_rains,142.07284327596426,-0.6125986247452976,,,,,no_data
Nyeri,2017,6,2017-06-01,cool_dry,27.028853088617325,-0.8524238762737759,0.5084059302250399,-0.3993334730498389,-0.5579151141782168,-0.8524238762737759,moderate_stress
Nyeri,2017,7,2017-07-01,cool_dry,47.88328776881099,-0.1872373233757501,0.5183297286339204,0.2047236594913188,0.0675373154878447,-0.1872373233757501,normal
Nyeri,2017,8,2017-08-01,cool_dry,76.37601149827242,1.1948418627544084,0.4723244630960567,-0.1283502170175316,0.3347670109026474,-0.1283502170175316,normal
Nyeri,2017,9,2017-09-01,cool_dry,54.493155382573605,0.319383439513915,0.4302044273528899,-0.5683137182810347,-0.25761971305280235,-0.5683137182810347,normal
Nyeri,2017,10,2017-10-01,short_rains,157.98714645951986,0.0643353840004282,0.5551041324413153,0.8204357649272976,0.5558006316028933,0.0643353840004282,good
Nyeri,2017,11,2017-11-01,short_rains,170.65699069201946,-0.3830979405357464,0.6210479941018944,0.694044507571183,0.31704465073375776,-0.3830979405357464,normal
Nyeri,2017,12,2017-12-01,short_rains,26.210124254226685,-0.7749102089977239,0.652128510895325,0.8713033972830108,0.2951286350847537,-0.7749102089977239,normal
Nyeri,2018,1,2018-01-01,hot_dry,30.46170230209827,-0.9550373554211192,0.6129097304816808,-0.4883521796635566,-0.6516919911787036,-0.9550373554211192,moderate_stress
Nyeri,2018,2,2018-02-01,hot_dry,24.77804170548916,-0.9829241542140572,0.5636397670750711,-0.5753785645562935,-0.7180195209365108,-0.9829241542140572,moderate_stress
Nyeri,2018,3,2018-03-01,long_rains,244.2708171308041,1.8861787630639184,0.5234859594891035,-0.0541681971878525,0.6249532389002673,-0.0541681971878525,good
Nyeri,2018,4,2018-04-01,long_rains,473.6930034756661,0.9160040836001896,,,,,no_data
Nyeri,2018,5,2018-05-01,long_rains,328.8052882626653,1.3833230576737656,0.7135467066195155,1.2216751786802331,1.2782519363279694,1.2216751786802331,very_good
Nyeri,2018,6,2018-06-01,cool_dry,147.6577418372035,1.7509925291896624,,,,,no_data
Nyeri,2018,7,2018-07-01,cool_dry,62.619211941957474,0.876279225103452,0.5226097567717413,0.234112281571075,0.45887071180740696,0.234112281571075,normal
Nyeri,2018,8,2018-08-01,cool_dry,53.55187411233783,-0.3615576717078411,,,,,no_data
Nyeri,2018,9,2018-09-01,cool_dry,54.18927662074566,0.2924882394020836,0.5731021151501502,0.9500936490559873,0.719931755677121,0.2924882394020836,good
Nyeri,2018,10,2018-10-01,short_rains,101.94885841012,-0.5878775537714891,0.5239520203976202,0.3748434561333582,0.03789110266666165,-0.5878775537714891,normal
Nyeri,2018,11,2018-11-01,short_rains,139.5527255386114,-0.8349787879167174,,,,,no_data
Nyeri,2018,12,2018-12-01,short_rains,164.98783637583256,1.1656026688887304,0.5449538746573594,-0.2853262335561661,0.22249888229954765,-0.2853262335561661,normal
Nyeri,2019,1,2019-01-01,hot_dry,54.23209070041776,-0.2742171039007747,0.6550679689540753,0.8878063211475626,0.48109812238064453,-0.2742171039007747,normal
Nyeri,2019,2,2019-02-01,hot_dry,29.704938419163227,-0.7881700568729291,0.5754903121357676,-0.334381739373872,-0.493207650498542,-0.7881700568729291,normal
Nyeri,2019,3,2019-03-01,long_rains,35.72321569919586,-0.8826355526940454,0.5211043069180242,-0.1012040535313578,-0.37470507823829846,-0.8826355526940454,normal
Nyeri,2019,4,2019-04-01,long_rains,195.7577576637268,-0.7061243556780455,0.474767511862827,-0.3280542123293453,-0.4603787625013903,-0.7061243556780455,normal
Nyeri,2019,5,2019-05-01,long_rains,158.32818323373797,-0.4388506428178711,0.5587210571905029,-1.1984545883087798,-0.9325932073869618,-1.1984545883087798,moderate_stress
Nyeri,2019,6,2019-06-01,cool_dry,100.62397032231092,0.7359082185988842,0.4517328986246579,-1.031666837558203,-0.4130155679032226,-1.031666837558203,normal
Nyeri,2019,7,2019-07-01,cool_dry,41.974446929991245,-0.6136883515281775,0.5336947237722377,0.3102267124705918,-0.013143559928977422,-0.6136883515281775,normal
Nyeri,2019,8,2019-08-01,cool_dry,70.94399968907237,0.8244278353553961,0.5550051544503642,0.5897020489669959,0.671856074202936,0.5897020489669959,good
Nyeri,2019,9,2019-09-01,cool_dry,56.49482169374824,0.4965436190286461,0.5470273269962133,0.6730272315023155,0.6112579671365312,0.4965436190286461,good
Nyeri,2019,10,2019-10-01,short_rains,347.74029529094696,2.2728157455296443,0.5232619950566437,0.3649734998241109,1.0327182858210475,0.3649734998241109,good
Nyeri,2019,11,2019-11-01,short_rains,279.7231647968292,1.2014087157702578,0.6319646532179373,0.793052065681543,0.9359768932125931,0.793052065681543,good
Nyeri,2019,12,2019-12-01,short_rains,214.06042808294296,1.8517791067555591,0.6970946775543789,1.3565786692012256,1.5298988223452423,1.3565786692012256,very_good
Nyeri,2020,1,2020-01-01,hot_dry,106.97105187922716,1.2363073441228498,0.6584109553912754,0.9969304062694216,1.0807123345181215,0.9969304062694216,good
Nyeri,2020,2,2020-02-01,hot_dry,78.43766312301159,1.138173920326901,0.6433257842996785,1.0451441256830225,1.07770455380838,1.0451441256830225,good
Nyeri,2020,3,2020-03-01,long_rains,187.17957181483507,1.128198061055488,0.5561458278638054,0.5908397673340863,0.7789151701365769,0.5908397673340863,good
Nyeri,2020,4,2020-04-01,long_rains,521.0807937383652,1.1925759952881687,0.6425043678172663,1.1237313851385198,1.1478269986908969,1.1237313851385198,good
Nyeri,2020,5,2020-05-01,long_rains,225.48188450932503,0.278933181199336,0.6865669295319389,0.7999455629662053,0.6175912293478011,0.278933181199336,good
Nyeri,2020,6,2020-06-01,cool_dry,105.64598700404169,0.8442935378483921,0.5533616877893242,0.1022635764091245,0.36197406291286816,0.1022635764091245,normal
Nyeri,2020,7,2020-07-01,cool_dry,44.58790932223201,-0.4250703544268384,0.6032186763272706,0.7876098280337096,0.36317176417251784,-0.4250703544268384,normal
Nyeri,2020,8,2020-08-01,cool_dry,73.1439311876893,0.9744432467770896,0.5781373859535216,0.7905972153721985,0.8549433263639103,0.7905972153721985,good
Nyeri,2020,9,2020-09-01,cool_dry,67.94666640460491,1.510104597411518,0.5756585934250359,0.9772583674419898,1.1637545479313247,0.9772583674419898,good
Nyeri,2020,10,2020-10-01,short_rains,155.6552758216858,0.0371954364369851,0.5623706570049629,0.924374382401516,0.6138617513139302,0.0371954364369851,good
Nyeri,2020,11,2020-11-01,short_rains,159.81662663817406,-0.5405860814839389,0.6019681396052164,0.521001657855289,0.1494459490865592,-0.5405860814839389,normal
Nyeri,2020,12,2020-12-01,short_rains,64.34492821246386,-0.2416756063708258,0.6153589168968319,0.474485610673924,0.22382918470826155,-0.2416756063708258,normal
Nyeri,2021,1,2021-01-01,hot_dry,95.02083456516266,0.8940348569783249,0.6463919431366216,0.6045974605647443,0.7059005493094975,0.6045974605647443,good
Nyeri,2021,2,2021-02-01,hot_dry,62.71107820421457,0.5165215845638246,0.663708559092718,1.4596553560417471,1.1295585360244742,0.5165215845638246,good
Nyeri,2021,3,2021-03-01,long_rains,79.84904226660728,-0.2967922274493351,0.5586638845196669,0.6405695022954859,0.3124928968847986,-0.2967922274493351,normal
Nyeri,2021,4,2021-04-01,long_rains,149.624007999897,-0.9753772427007908,0.4957905479806445,-0.1460969383764804,-0.43634504488998904,-0.9753772427007908,normal
Nyeri,2021,5,2021-05-01,long_rains,245.8998219370842,0.4971737982771158,0.5897024518944661,-0.714174394281401,-0.2902025268859201,-0.714174394281401,normal
Nyeri,2021,6,2021-06-01,cool_dry,22.673364900052547,-0.9464241569821952,0.5961963077056489,0.5801938823104599,0.0458775685580306,-0.9464241569821952,normal
Nyeri,2021,7,2021-07-01,cool_dry,52.91980487853289,0.1762566271868464,0.5323524412323923,0.3010099893516044,0.2573463125939391,0.1762566271868464,normal
Nyeri,2021,8,2021-08-01,cool_dry,43.322235096246,-1.059126439944128,0.4429837162459022,-0.3831641211629302,-0.6197509327363495,-1.059126439944128,moderate_stress
Nyeri,2021,9,2021-09-01,cool_dry,34.32554354146123,-1.465578276736489,0.4305541916280068,-0.564597180523459,-0.8799405641980196,-1.465578276736489,moderate_stress
Nyeri,2021,10,2021-10-01,short_rains,119.15774157643318,-0.3875884900552571,0.4516163291537795,-0.6598288519380322,-0.564544725279061,-0.6598288519380322,moderate_stress
Nyeri,2021,11,2021-11-01,short_rains,91.98800582066178,-1.5259961048530872,0.5197064028350484,-0.2250630123845757,-0.6803895947485548,-1.5259961048530872,moderate_stress
Nyeri,2021,12,2021-12-01,short_rains,0.0,-1.1414033790376166,0.5601973093752117,-0.1208189500298333,-0.47802350018255746,-1.1414033790376166,normal
Nyeri,2022,1,2022-01-01,hot_dry,43.2161545753479,-0.5897303499498942,0.6426426839500734,0.4822115381858702,0.1070318773383527,-0.5897303499498942,normal
Nyeri,2022,2,2022-02-01,hot_dry,46.4496783092618,-0.1262713218218618,0.590429972348923,-0.0305635890496554,-0.06406129551992763,-0.1262713218218618,normal
Nyeri,2022,3,2022-03-01,long_rains,57.474823385477066,-0.5938469867307148,0.4964578735805491,-0.5879526716624797,-0.590015681936362,-0.5938469867307148,moderate_stress
Nyeri,2022,4,2022-04-01,long_rains,205.69673565030095,-0.6481169633364092,0.3423549439281008,-1.4741032303435235,-1.1850080368910334,-1.4741032303435235,moderate_stress
Nyeri,2022,5,2022-05-01,long_rains,75.36557827889919,-1.325610638228004,0.6347929667313942,-0.0093499832864836,-0.4700412125160157,-1.325610638228004,normal
Nyeri,2022,6,2022-06-01,cool_dry,27.55527625232935,-0.8410625952834467,0.4160172638825266,-1.4301665621060509,-1.2239801737181395,-1.4301665621060509,moderate_stress
Nyeri,2022,7,2022-07-01,cool_dry,38.44419652223587,-0.8684724889062145,0.1703175563542458,-2.184886380663582,-1.7241415185485034,-2.184886380663582,severe_stress
Nyeri,2022,8,2022-08-01,cool_dry,62.38053351268172,0.2404769703149879,0.2715276179086812,-1.872199080973936,-1.1327624630228126,-1.872199080973936,moderate_stress
Nyeri,2022,9,2022-09-01,cool_dry,55.088318545371294,0.3720591588249521,0.3932180776815629,-0.9613245968861877,-0.49464028238728874,-0.9613245968861877,normal
Nyeri,2022,10,2022-10-01,short_rains,69.35915823280811,-0.9671793639019683,0.4037297222124326,-1.3447873458396131,-1.2126245521614374,-1.3447873458396131,moderate_stress
Nyeri,2022,11,2022-11-01,short_rains,220.02251023054123,0.3340812852214939,0.3103906571210916,-2.123431426832235,-1.2633019776134298,-2.123431426832235,severe_stress
Nyeri,2022,12,2022-12-01,short_rains,58.166474502533674,-0.3280682180247707,0.4370353653272181,-1.4499837494453485,-1.0573133134481463,-1.4499837494453485,moderate_stress
Nyeri,2023,1,2023-01-01,hot_dry,46.94178996235132,-0.4830224586546854,0.6337040894694511,0.190431728935385,-0.04527723672113963,-0.4830224586546854,normal
Nyeri,2023,2,2023-02-01,hot_dry,13.028640747070312,-1.4473633561979495,0.507441242994351,-1.7182513872005718,-1.6234405763496542,-1.7182513872005718,severe_stress
Nyeri,2023,3,2023-03-01,long_rains,110.22530980408192,0.106502961944803,0.4405017436067183,-1.693044372671978,-1.0632028055561047,-1.693044372671978,moderate_stress
Nyeri,2023,4,2023-04-01,long_rains,325.5862486809492,0.0516006564642204,0.4747975688146607,-0.3277940652702651,-0.19500591266319517,-0.3277940652702651,normal
Nyeri,2023,5,2023-05-01,long_rains,106.81004808843136,-0.9895110434870544,0.5695842549816509,-1.0286484325716414,-1.014950346392036,-1.0286484325716414,moderate_stress
Nyeri,2023,6,2023-06-01,cool_dry,61.424548257142305,-0.1100949200177896,0.6482773163068043,1.1612914249295785,0.7163062041979997,-0.1100949200177896,good
Nyeri,2023,7,2023-07-01,cool_dry,37.35187077522278,-0.9473074838904672,0.3981064240446677,-0.6207842927885958,-0.7350674096742508,-0.9473074838904672,moderate_stress
Nyeri,2023,8,2023-08-01,cool_dry,35.24740697443485,-1.6097566134811307,0.4695703066914312,-0.1522690814443239,-0.6623897176572062,-1.6097566134811307,moderate_stress
Nyeri,2023,9,2023-09-01,cool_dry,49.57560992240906,-0.1158505610939898,0.3447005007250435,-1.476864403244989,-1.0005095584921393,-1.476864403244989,moderate_stress
Nyeri,2023,10,2023-10-01,short_rains,167.43023193255067,0.1742406422154442,0.3976623156508139,-1.4315740681777651,-0.869538919540142,-1.4315740681777651,moderate_stress
Nyeri,2023,11,2023-11-01,short_rains,289.8902640938759,1.349115707820913,0.5648055590160139,0.1839593156785259,0.5917640529283613,0.1839593156785259,good
Nyeri,2023,12,2023-12-01,short_rains,60.47901913523674,-0.2957321708898011,0.4488199337993986,-1.3228045813135072,-0.9633292376652101,-1.3228045813135072,moderate_stress
Nyeri,2024,1,2024-01-01,hot_dry,110.19469152390955,1.3286373101682845,0.605937761221361,-0.7159360425724766,-0.00033536911321024876,-0.7159360425724766,normal
Nyeri,2024,2,2024-02-01,hot_dry,81.00530895590782,1.2396697655898132,0.6168370090936536,0.5064591373616795,0.7630828572415262,0.5064591373616795,good
Nyeri,2024,3,2024-03-01,long_rains,60.73115170001984,-0.5506138428718494,0.6109091816979351,1.672375032011009,0.8943289258020086,-0.5506138428718494,good
Nyeri,2024,4,2024-04-01,long_rains,535.8542062044144,1.2787988578702725,0.6458071085477687,1.152317061181096,1.1965856900223077,1.152317061181096,good
Nyeri,2024,5,2024-05-01,long_rains,312.32221525907516,1.20714091212801,0.6948234982257676,0.9290066568018636,1.0263536461660148,0.9290066568018636,good
Nyeri,2024,6,2024-06-01,cool_dry,39.59649050608277,-0.5811887370797312,0.6353826246222177,1.0174179890649315,0.45790563491429964,-0.5811887370797312,normal
Nyeri,2024,7,2024-07-01,cool_dry,78.04022990167141,1.9892401498371493,0.6294881800903244,0.9679882025338782,1.3254263840900231,0.9679882025338782,very_good
Nyeri,2024,8,2024-08-01,cool_dry,55.8660886734724,-0.2037491900687822,0.6201755021752842,1.1556832362595275,0.679881887044619,-0.2037491900687822,good
Nyeri,2024,9,2024-09-01,cool_dry,34.963102996349335,-1.4091502163506358,0.575043327329543,0.970720650935376,0.13776584738527192,-1.4091502163506358,normal
Nyeri,2024,10,2024-10-01,short_rains,100.39677411317824,-0.6059418004537873,0.5642714706243013,0.9515631626691248,0.4064364255761055,-0.6059418004537873,normal
Nyeri,2024,11,2024-11-01,short_rains,224.5635482668877,0.4000532059768252,0.5617709127891697,0.1564368924302698,0.2417026021715642,0.1564368924302698,normal
Nyeri,2024,12,2024-12-01,short_rains,64.7799896299839,-0.2355921923235514,0.6155516730858955,0.4765658371866939,0.22731052685810804,-0.2355921923235514,normal
Samburu,2017,1,2017-01-01,hot_dry,6.410359800327569,-0.9971733374574224,0.2241606407396302,-0.8097760724790305,-0.8753651152214676,-0.9971733374574224,moderate_stress
Samburu,2017,2,2017-02-01,hot_dry,23.41183094214648,0.1051095539082551,0.2027610568272906,-0.6352348139052848,-0.37611428517054585,-0.6352348139052848,normal
Samburu,2017,3,2017-03-01,long_rains,14.907198906876149,-0.8781028589084968,0.1916162658628279,-0.562569597923608,-0.6730062392683192,-0.8781028589084968,moderate_stress
Samburu,2017,4,2017-04-01,long_rains,66.35856829537079,-1.048724761597812,0.1860448711743768,-0.6823188963978484,-0.8105609492178356,-1.048724761597812,moderate_stress
Samburu,2017,5,2017-05-01,long_rains,44.468546845018864,-0.4978024339280279,0.3121722366034496,-0.6407181906437663,-0.5906976757932579,-0.6407181906437663,moderate_stress
Samburu,2017,6,2017-06-01,cool_dry,10.124325651675464,-0.7685378674806226,0.2881308678278471,-0.4374583700972764,-0.5533361941814475,-0.7685378674806226,moderate_stress
Samburu,2017,7,2017-07-01,cool_dry,27.674789800308645,1.0964187894958006,0.2245917841735247,-0.5282550465433217,0.040380796070371094,-0.5282550465433217,normal
Samburu,2017,8,2017-08-01,cool_dry,28.208264276385307,0.4109737633848452,0.2309872505038981,-0.0935710945178391,0.08301960574810041,-0.0935710945178391,normal
Samburu,2017,9,2017-09-01,cool_dry,8.469369144411758,-0.0735004376264356,0.247421268757368,0.0605624585600268,0.013640444894764965,-0.0735004376264356,normal
Samburu,2017,10,2017-10-01,short_rains,107.50473768822847,0.9085552831174596,0.2249126810673216,-0.2765037337593194,0.13826692214755323,-0.2765037337593194,normal
Samburu,2017,11,2017-11-01,short_rains,90.73444077000022,0.0193815769733245,0.4291439501185971,1.3756003296150954,0.9009237661904757,0.0193815769733245,good
Samburu,2017,12,2017-12-01,short_rains,24.6097603389062,-0.5549109293488842,0.3043232435521858,-0.1848947080973031,-0.3144003855353565,-0.5549109293488842,normal
Samburu,2018,1,2018-01-01,hot_dry,3.932656020158902,-1.2404161239948577,0.2454254674619178,-0.5086911353763961,-0.7647948813928576,-1.2404161239948577,moderate_stress
Samburu,2018,2,2018-02-01,hot_dry,5.494360314682125,-0.9268426221601768,0.2234624020772777,-0.2131335962625852,-0.46293175532674224,-0.9268426221601768,normal
Samburu,2018,3,2018-03-01,long_rains,165.68884393200278,1.7658536562346248,0.4400724723250215,2.1227468689722673,1.9978342445140924,1.7658536562346248,very_good
Samburu,2018,4,2018-04-01,long_rains,246.54271692037585,1.1360978656748637,,,,,no_data
Samburu,2018,5,2018-05-01,long_rains,89.05582477897406,1.3871656479729473,0.4563197786278424,0.8979389974097358,1.0691683251068598,0.8979389974097358,good
Samburu,2018,6,2018-06-01,cool_dry,58.89348374772817,1.892355803510155,0.4237187358717333,1.4054128822790743,1.5758429047099525,1.4054128822790743,very_good
Samburu,2018,7,2018-07-01,cool_dry,19.2064923113212,-0.3013723979274078,0.2837282163818468,0.6777250349849223,0.3350409334656068,-0.3013723979274078,normal
Samburu,2018,8,2018-08-01,cool_dry,21.685260727070272,-0.4421160948795683,,,,,no_data
Samburu,2018,9,2018-09-01,cool_dry,6.427325482014567,-0.9851572820734998,0.3035270465709502,1.2399507212246883,0.46116292007032245,-0.9851572820734998,normal
Samburu,2018,10,2018-10-01,short_rains,39.03204985894263,-0.7602516530448357,0.24021915342365,0.1511312254342055,-0.16785278203345885,-0.7602516530448357,normal
Samburu,2018,11,2018-11-01,short_rains,50.00877708569169,-0.9221542481535232,0.2343727978866472,-0.7528886663191022,-0.8121316199611495,-0.9221542481535232,moderate_stress
Samburu,2018,12,2018-12-01,short_rains,111.71177651546896,1.426259935821801,0.3057120658576465,-0.1659749418043613,0.39130726536479554,-0.1659749418043613,normal
Samburu,2019,1,2019-01-01,hot_dry,14.512914730235934,-0.2017239156991122,0.2832331499432144,0.0266211834372226,-0.05329960126049457,-0.2017239156991122,normal
Samburu,2019,2,2019-02-01,hot_dry,11.315421000123024,-0.5915801084792911,0.2130353328428558,-0.4257419348582111,-0.4837852956255891,-0.5915801084792911,normal
Samburu,2019,3,2019-03-01,long_rains,29.94482813589275,-0.6144179935143067,0.1967683506807589,-0.5068858281460976,-0.5445220860249709,-0.6144179935143067,moderate_stress
Samburu,2019,4,2019-04-01,long_rains,93.15930680185556,-0.7237524465333551,0.210707085070784,-0.4463758475522476,-0.5434576571956352,-0.7237524465333551,moderate_stress
Samburu,2019,5,2019-05-01,long_rains,33.95908069610596,-0.9420997574350408,0.26329502817785,-1.1624424394229216,-1.0853225007271634,-1.1624424394229216,moderate_stress
Samburu,2019,6,2019-06-01,cool_dry,34.96644022502005,0.5868725603977825,0.2966541451673349,-0.3216124392512448,-0.0036426893740852673,-0.3216124392512448,normal
Samburu,2019,7,2019-07-01,cool_dry,20.269650920294225,-0.1258856798015779,0.2717409110052736,0.4332657232628784,0.2375627321903187,-0.1258856798015779,normal
Samburu,2019,8,2019-08-01,cool_dry,22.532254000660032,-0.3313448272794649,0.2456980004998431,0.1507577034089811,-0.017978182331975,-0.3313448272794649,normal
Samburu,2019,9,2019-09-01,cool_dry,10.864990267902613,0.9960087183964996,0.2267450448682119,-0.3740682821832936,0.10545866801963402,-0.3740682821832936,normal
Samburu,2019,10,2019-10-01,short_rains,127.75524794869123,1.402097935740367,0.2432090159566977,0.2346625390216555,0.6432649278732044,0.2346625390216555,good
Samburu,2019,11,2019-11-01,short_rains,153.34645896404982,1.4669076055277837,0.3775263043506127,0.8115147874073633,1.0409022737495104,0.8115147874073633,good
Samburu,2019,12,2019-12-01,short_rains,120.13060621358454,1.6177496492508263,0.4241150229198484,1.4470149037662914,1.5067720646858787,1.4470149037662914,very_good
Samburu,2020,1,2020-01-01,hot_dry,34.472215867601335,1.7577338955417727,0.4275442617522311,2.0698968042392187,1.9606397861951126,1.7577338955417727,very_good
Samburu,2020,2,2020-02-01,hot_dry,33.04207088344265,0.659760780641596,0.3381875449107542,2.126116433117667,1.6128919547510423,0.659760780641596,very_good
Samburu,2020,3,2020-03-01,long_rains,122.30688542127608,1.005150907402096,0.269887797067842,0.2833896744440209,0.5360061059793472,0.2833896744440209,good
Samburu,2020,4,2020-04-01,long_rains,238.36478655040264,1.0369363830864986,0.3695628261329957,1.073394763078363,1.0606343300812104,1.0369363830864986,good
Samburu,2020,5,2020-05-01,long_rains,52.954758622683585,-0.1390400452295178,0.4692085279905335,1.0355158618738467,0.6244212943876691,-0.1390400452295178,good
Samburu,2020,6,2020-06-01,cool_dry,39.7033697841689,0.8453241387302057,0.359039273480963,0.5263082575162792,0.6379638159411535,0.5263082575162792,good
Samburu,2020,7,2020-07-01,cool_dry,23.19099812931381,0.356316721505325,0.2906698372000554,0.8192867783581261,0.6572472584596457,0.356316721505325,good
Samburu,2020,8,2020-08-01,cool_dry,41.589249631389976,2.16096252448828,0.2794762780481857,0.7117764109323889,1.2189915506769506,0.7117764109323889,good
Samburu,2020,9,2020-09-01,cool_dry,11.067407661874311,1.0863766209284218,0.2729844619231399,0.5979211968367533,0.7688805952688372,0.5979211968367533,good
Samburu,2020,10,2020-10-01,short_rains,63.50242779310793,-0.1638629655018577,0.2701808041820772,0.9882051769742756,0.584981327107629,-0.1638629655018577,good
Samburu,2020,11,2020-11-01,short_rains,54.33885218761861,-0.8220473262490235,0.3406831188768673,0.4088868111522338,-0.02194013693820629,-0.8220473262490235,normal
Samburu,2020,12,2020-12-01,short_rains,34.810154020320624,-0.3228988168631673,0.3219968746030432,0.0558711319350456,-0.07669835014432891,-0.3228988168631673,normal
Samburu,2021,1,2021-01-01,hot_dry,16.213795158546418,-0.034743948900553,0.2466842895091288,-0.4908676956720559,-0.3312243843020299,-0.4908676956720559,normal
Samburu,2021,2,2021-02-01,hot_dry,25.117455110419545,0.2033445452527554,0.2449987121795779,0.2259925865016653,0.21806577206454683,0.2033445452527554,normal
Samburu,2021,3,2021-03-01,long_rains,34.72565930802375,-0.5305861071912156,0.2295872381630944,-0.1521790561302068,-0.2846215240015599,-0.5305861071912156,normal
Samburu,2021,4,2021-04-01,long_rains,45.762935465201735,-1.298457076974797,0.2230554584670181,-0.3282391352672318,-0.6678154148648796,-1.298457076974797,moderate_stress
Samburu,2021,5,2021-05-01,long_rains,87.20507526863366,1.308923514426401,0.3294303568185344,-0.4565018637587884,0.1613970186060279,-0.4565018637587884,normal
Samburu,2021,6,2021-06-01,cool_dry,11.402074459474534,-0.6988226243121385,0.2977711988172693,-0.3064297677591324,-0.44376726755268453,-0.6988226243121385,normal
Samburu,2021,7,2021-07-01,cool_dry,14.4648550003767,-1.0840348936432718,0.2326505205263416,-0.3639117616872382,-0.6159548578718499,-1.0840348936432718,moderate_stress
Samburu,2021,8,2021-08-01,cool_dry,18.953495346941057,-0.7993811681433688,0.2159466610624079,-0.3433781498592113,-0.5029792062586664,-0.7993811681433688,moderate_stress
Samburu,2021,9,2021-09-01,cool_dry,9.883500173687937,0.5578289778627423,0.2105274287627026,-0.7149755261179594,-0.26949394972471385,-0.7149755261179594,normal
Samburu,2021,10,2021-10-01,short_rains,31.24393836595118,-0.950062435871308,0.2431851173651578,0.2339948559017288,-0.18042519621883407,-0.950062435871308,normal
Samburu,2021,11,2021-11-01,short_rains,52.56301646307111,-0.863102837760449,0.2297865930451299,-0.8030074155610055,-0.8240408133308108,-0.863102837760449,moderate_stress
Samburu,2021,12,2021-12-01,short_rains,0.0,-1.1146699604537602,0.2306766559652549,-1.1881736876606546,-1.1624473831382416,-1.1881736876606546,moderate_stress
Samburu,2022,1,2022-01-01,hot_dry,18.87393771391362,0.2264093386446934,0.253529397211746,-0.393949021044758,-0.17682359515345003,-0.393949021044758,normal
Samburu,2022,2,2022-02-01,hot_dry,14.948617594782265,-0.3823270721608714,0.1959292077743697,-0.7745364761482654,-0.6372631847526775,-0.7745364761482654,moderate_stress
Samburu,2022,3,2022-03-01,long_rains,30.954601636622105,-0.5967116127036494,0.1740496016795556,-0.7524302307951358,-0.6979287144631156,-0.7524302307951358,moderate_stress
Samburu,2022,4,2022-04-01,long_rains,108.39039836125448,-0.5390678683894008,0.1553382994158309,-0.976088230762554,-0.8231311039319504,-0.976088230762554,moderate_stress
Samburu,2022,5,2022-05-01,long_rains,30.452673156745732,-1.0903363531658057,0.2817783976853915,-0.9651475778330164,-1.0089636491994927,-1.0903363531658057,moderate_stress
Samburu,2022,6,2022-06-01,cool_dry,10.286415059119465,-0.7596941085304902,0.2249778400225091,-1.2958161355967062,-1.1081734261235305,-1.2958161355967062,moderate_stress
Samburu,2022,7,2022-07-01,cool_dry,15.581824387889355,-0.8996660794256491,0.1795492034096839,-1.4468166369764848,-1.2553139418336925,-1.4468166369764848,severe_stress
Samburu,2022,8,2022-08-01,cool_dry,24.05844825692475,-0.1317464625204043,0.1633106801384559,-1.2176018264489976,-0.8375524490739901,-1.2176018264489976,moderate_stress
Samburu,2022,9,2022-09-01,cool_dry,10.192997288890185,0.6960019114813722,0.1994798996670307,-0.9472034116340148,-0.37208154854362935,-0.9472034116340148,normal
Samburu,2022,10,2022-10-01,short_rains,28.435823648003858,-1.0185014218000248,0.1903217252779069,-1.2429120362808062,-1.1643683212125326,-1.2429120362808062,moderate_stress
Samburu,2022,11,2022-11-01,short_rains,59.77944448124617,-0.6962663790294187,0.1604495632244707,-1.5607331017975383,-1.2581697488286965,-1.5607331017975383,severe_stress
Samburu,2022,12,2022-12-01,short_rains,51.68610749859363,0.0609516245015499,0.2124313168536595,-1.4367278407510704,-0.9125400279126533,-1.4367278407510704,moderate_stress
Samburu,2023,1,2023-01-01,hot_dry,11.291253766044974,-0.518002962646098,0.2260645321252531,-0.7828192096004014,-0.6901335231663952,-0.7828192096004014,moderate_stress
Samburu,2023,2,2023-02-01,hot_dry,3.002845711074769,-1.070340773788666,0.1892459031765014,-0.910809311298388,-0.9666453231699854,-1.070340773788666,moderate_stress
Samburu,2023,3,2023-03-01,long_rains,102.46118103899062,0.657156432408776,0.1532887528193912,-0.9768136346342308,-0.4049241111691784,-0.9768136346342308,normal
Samburu,2023,4,2023-04-01,long_rains,214.26809608191252,0.7447519985016443,0.2188394770413484,-0.3685733694778046,0.021090509315002476,-0.3685733694778046,normal
Samburu,2023,5,2023-05-01,long_rains,39.04565484635532,-0.7270601684822263,0.3547004972000341,-0.1867637704478671,-0.3758675097598928,-0.7270601684822263,normal
Samburu,2023,6,2023-06-01,cool_dry,18.2837455868721,-0.3233518172773488,0.2524313161888266,-0.9226763943011936,-0.712912792342848,-0.9226763943011936,moderate_stress
Samburu,2023,7,2023-07-01,cool_dry,16.367332050576806,-0.7700088856407381,0.1995311063096871,-1.0393220352807788,-0.9450624329067646,-1.0393220352807788,moderate_stress
Samburu,2023,8,2023-08-01,cool_dry,16.843122504651546,-1.075379434172654,0.1802736242541428,-0.935866650048879,-0.9846961244922002,-1.075379434172654,moderate_stress
Samburu,2023,9,2023-09-01,cool_dry,7.160470872651785,-0.6578493867248681,0.1844962575343846,-1.2621715370546476,-1.0506587844392248,-1.2621715370546476,moderate_stress
Samburu,2023,10,2023-10-01,short_rains,117.63470692234114,1.155441500920751,0.1809515792130428,-1.5046968510182686,-0.5736484278396117,-1.5046968510182686,moderate_stress
Samburu,2023,11,2023-11-01,short_rains,149.50288865156472,1.3780481783702332,0.372790815231822,0.7597646367089238,0.9761638762903821,0.7597646367089238,good
Samburu,2023,12,2023-12-01,short_rains,32.862124832347035,-0.367207534859914,0.3444568187060312,0.3618403633552726,0.10667359897995732,-0.367207534859914,normal
Samburu,2024,1,2024-01-01,hot_dry,26.834480550140142,1.0079170545115772,0.3441819948725517,0.8895851464962,0.9310013143015821,0.8895851464962,good
Samburu,2024,2,2024-02-01,hot_dry,56.362165183760226,2.002875696786399,0.263701694740825,0.607347112853401,1.0957821172299504,0.607347112853401,good
Samburu,2024,3,2024-03-01,long_rains,18.885552224703133,-0.8083424237278284,0.2940691401287867,0.5447418042129907,0.07116232443370402,-0.8083424237278284,normal
Samburu,2024,4,2024-04-01,long_rains,209.93540063127875,0.6922159062323582,0.4380071586105202,1.7282007163793227,1.365606032827885,0.6922159062323582,very_good
Samburu,2024,5,2024-05-01,long_rains,72.8074239557609,0.7002495958412703,0.5106733536011195,1.478118982822776,1.205864697379249,0.7002495958412703,good
Samburu,2024,6,2024-06-01,cool_dry,10.021537610329688,-0.774146085037543,0.4198089329645588,1.3522719672102037,0.6080256489234925,-0.774146085037543,good
Samburu,2024,7,2024-07-01,cool_dry,31.502533081918955,1.7282324254375192,0.3215007853069764,1.4480279438818928,1.5460995124263621,1.4480279438818928,very_good
Samburu,2024,8,2024-08-01,cool_dry,26.656503002159297,0.2080316991223352,0.3406548990310737,1.7278836065335563,1.195935438939629,0.2080316991223352,good
Samburu,2024,9,2024-09-01,cool_dry,5.00597646064125,-1.619709122244233,0.3111401568645255,1.3999843803684464,0.3430916544540087,-1.619709122244233,normal
Samburu,2024,10,2024-10-01,short_rains,46.6980790393427,-0.5734162435605513,0.2854972516896928,1.4161188237265248,0.7197815501760482,-0.5734162435605513,good
Samburu,2024,11,2024-11-01,short_rains,108.8949238024652,0.4392334303210731,0.2813845183856817,-0.2391373812059736,-0.0017075971715072857,-0.2391373812059736,normal
Samburu,2024,12,2024-12-01,short_rains,16.240464803762734,-0.7452739680484513,0.3994528365237471,1.1110447792567817,0.46133321769995017,-0.7452739680484513,normal
Siaya,2017,1,2017-01-01,hot_dry,42.65023139119148,-0.5787430518834693,0.1996091523376554,-1.7347489768147957,-1.3301469030888313,-1.7347489768147957,severe_stress
Siaya,2017,2,2017-02-01,hot_dry,189.16502203047276,1.3074199038675942,,,,,no_data
Siaya,2017,3,2017-03-01,long_rains,101.44755360484125,-0.8176844714414117,0.2109897539194521,-1.0888722806206066,-0.9939565474078884,-1.0888722806206066,moderate_stress
Siaya,2017,4,2017-04-01,long_rains,207.3352298587561,-0.8496448087961977,0.3119766467119873,-0.4494327402543939,-0.5895069642440252,-0.8496448087961977,moderate_stress
Siaya,2017,5,2017-05-01,long_rains,255.27936881780624,0.9487580752980296,0.4145240430843448,0.3513929749757565,0.5604707600885521,0.3513929749757565,good
Siaya,2017,6,2017-06-01,cool_dry,87.25732155516744,-0.5615169018724535,0.4082986739433392,-0.2494355403699188,-0.35866401689580596,-0.5615169018724535,normal
Siaya,2017,7,2017-07-01,cool_dry,100.14248238503932,1.332962332134421,0.3634407817430827,0.5635132499597825,0.832820428720906,0.5635132499597825,good
Siaya,2017,8,2017-08-01,cool_dry,112.00788566283882,0.5847634097617611,0.3276354610602961,1.340110175375008,1.0757388074103715,0.5847634097617611,good
Siaya,2017,9,2017-09-01,cool_dry,136.2370372414589,-0.0525866377492777,,,,,no_data
Siaya,2017,10,2017-10-01,short_rains,133.22924479842186,-0.5520001086202508,0.3287843775057502,-0.1601962619248812,-0.2973276082682606,-0.5520001086202508,normal
Siaya,2017,11,2017-11-01,short_rains,127.84354685992002,-0.6330280079386217,0.3819310342003197,0.7632774938237296,0.2745705682069066,-0.6330280079386217,normal
Siaya,2017,12,2017-12-01,short_rains,28.535538107156754,-1.0582067018684105,0.3378052016598564,-0.1992771517084519,-0.4999024942644374,-1.0582067018684105,normal
Siaya,2018,1,2018-01-01,hot_dry,27.595597891137004,-0.9028337560490032,0.2260832405300268,-1.3841409681194183,-1.215683443894773,-1.3841409681194183,moderate_stress
Siaya,2018,2,2018-02-01,hot_dry,71.36386574618518,-0.6263149979741195,0.179586624954333,-1.3871609247227226,-1.1208648503607115,-1.3871609247227226,moderate_stress
Siaya,2018,3,2018-03-01,long_rains,196.0277354121208,0.526851185656337,0.3587208510494046,1.0689722246474809,0.8792298610005805,0.526851185656337,good
Siaya,2018,4,2018-04-01,long_rains,287.9041386246681,0.5681342199820381,,,,,no_data
Siaya,2018,5,2018-05-01,long_rains,249.82903719693425,0.810736243897679,0.4562773677898515,1.4016683482932066,1.1948421117547718,0.810736243897679,good
Siaya,2018,6,2018-06-01,cool_dry,108.85336165130138,0.3022073910623715,0.4293399401863416,1.2559188819074725,0.9221198601116871,0.3022073910623715,good
Siaya,2018,7,2018-07-01,cool_dry,47.14650475978851,-0.8037198526297807,0.246419357397253,-1.6061774942405824,-1.325317319676802,-1.6061774942405824,severe_stress
Siaya,2018,8,2018-08-01,cool_dry,88.63843804970384,-0.6865190654334478,,,,,no_data
Siaya,2018,9,2018-09-01,cool_dry,62.962427623569965,-1.8620530175494208,0.5281956649301254,2.2022205543540982,0.7797248041878667,-1.8620530175494208,good
Siaya,2018,10,2018-10-01,short_rains,184.81590376794335,0.1087689641101939,0.3251163823903554,-0.2763130294984559,-0.14153433173542845,-0.2763130294984559,normal
Siaya,2018,11,2018-11-01,short_rains,81.59784944728017,-1.01889431541172,,,,,no_data
Siaya,2018,12,2018-12-01,short_rains,155.2779974937439,0.6475280729541186,0.3920502926915137,0.568053057448257,0.5958693128753085,0.568053057448257,good
Siaya,2019,1,2019-01-01,hot_dry,21.460893217474226,-1.0348994591116365,0.3605396011279463,0.3965238277033933,-0.10447432268186707,-1.0348994591116365,normal
Siaya,2019,2,2019-02-01,hot_dry,92.6166985332966,-0.2774445299774923,0.2717069949501866,-0.2934288018167533,-0.28783430667301196,-0.2934288018167533,normal
Siaya,2019,3,2019-03-01,long_rains,102.86761486530304,-0.7974971239076061,0.2508030039626188,-0.5073372855414071,-0.6088932289695768,-0.7974971239076061,moderate_stress
Siaya,2019,4,2019-04-01,long_rains,170.70273385196924,-1.4942704516868557,0.2661117025346254,-1.7505149273005145,-1.6608293608357338,-1.7505149273005145,severe_stress
Siaya,2019,5,2019-05-01,long_rains,225.02345684170723,0.1825704977133733,0.3628093680775643,-0.9494531248696444,-0.5532448569655882,-0.9494531248696444,moderate_stress
Siaya,2019,6,2019-06-01,cool_dry,111.90873430669308,0.4244057003210682,0.4015706829648234,-0.7307759148314301,-0.3264623495280557,-0.7307759148314301,normal
Siaya,2019,7,2019-07-01,cool_dry,81.30041037872434,0.5732911007699635,0.371348718865748,0.7101340766731843,0.6622390351070571,0.5732911007699635,good
Siaya,2019,8,2019-08-01,cool_dry,96.72074845060706,-0.2468467316303524,0.298791142363936,-0.3693980478898057,-0.326505087198997,-0.3693980478898057,normal
Siaya,2019,9,2019-09-01,cool_dry,130.52677103877068,-0.1935977569808269,0.330372115382287,-0.18832184208925,-0.19016841230130194,-0.1935977569808269,normal
Siaya,2019,10,2019-10-01,short_rains,330.29995872080326,1.9722616966995,0.3437076331481494,0.3122253614291621,0.8932380787737804,0.3122253614291621,good
Siaya,2019,11,2019-11-01,short_rains,197.87131881713867,-0.0487280774046586,0.3673115470426973,0.5366809995049896,0.3317878225866127,-0.0487280774046586,normal
Siaya,2019,12,2019-12-01,short_rains,204.43254816532135,1.3090634954721925,0.2121238092529681,-1.9771178242663128,-0.826954362357836,-1.9771178242663128,moderate_stress
Siaya,2020,1,2020-01-01,hot_dry,116.190511405468,1.0044054939958555,0.4062545906852139,1.001947566558433,1.0028078411615309,1.001947566558433,good
Siaya,2020,2,2020-02-01,hot_dry,83.17401076015085,-0.4324485680538266,0.4006540742917203,1.2375416321609671,0.6530450620857893,-0.4324485680538266,good
Siaya,2020,3,2020-03-01,long_rains,274.0770673751831,1.636387114132627,0.3778244759010719,1.3480106445721047,1.4489424089182874,1.3480106445721047,very_good
Siaya,2020,4,2020-04-01,long_rains,260.2631016075611,0.0817321671703498,0.3676145001503173,1.1288842365233511,0.7623810122498007,0.0817321671703498,good
Siaya,2020,5,2020-05-01,long_rains,176.21815824508667,-1.0533536923946734,0.3783843632573634,-0.5576751289314292,-0.7311626261435646,-1.0533536923946734,moderate_stress
Siaya,2020,6,2020-06-01,cool_dry,120.41615152359007,0.764656176225739,0.4089015783104144,-0.2063019786961358,0.13353337552652036,-0.2063019786961358,normal
Siaya,2020,7,2020-07-01,cool_dry,94.1268743276596,1.090426140848028,0.3269977887122811,-0.1121751986461374,0.30873527017682045,-0.1121751986461374,normal
Siaya,2020,8,2020-08-01,cool_dry,121.50655835866928,1.1014849145112946,0.2908734221968368,-0.8386553695014185,-0.15960627009696893,-0.8386553695014185,normal
Siaya,2020,9,2020-09-01,cool_dry,199.77181538194415,1.5163612637514132,0.286488395989591,-0.7186221625599135,0.0636220366490508,-0.7186221625599135,normal
Siaya,2020,10,2020-10-01,short_rains,198.46654152870175,0.2836188077623033,0.3540002009371927,0.6380545035344863,0.5140020100142223,0.2836188077623033,good
Siaya,2020,11,2020-11-01,short_rains,451.3043757379055,2.0658746497002323,0.3706467392417194,0.5883752109386368,1.1055000145051952,0.5883752109386368,good
Siaya,2020,12,2020-12-01,short_rains,74.56727150082588,-0.4386990106420061,0.399722632331744,0.6765830252092743,0.28623431266132615,-0.4386990106420061,normal
Siaya,2021,1,2021-01-01,hot_dry,79.49045500904322,0.2143399556757713,0.3766237905936569,0.6095338320168535,0.4712159752974747,0.2143399556757713,normal
Siaya,2021,2,2021-02-01,hot_dry,87.4915839843452,-0.3615745435685893,0.3417004469428761,0.5375935534009595,0.2228847194616174,-0.3615745435685893,normal
Siaya,2021,3,2021-03-01,long_rains,104.64440202713013,-0.7722386220893515,0.3086374309478338,0.337425279076898,-0.050957086331289314,-0.7722386220893515,normal
Siaya,2021,4,2021-04-01,long_rains,306.12505185604095,0.8887694260475082,0.3389657899191141,0.316186712690707,0.5165906623655874,0.316186712690707,good
Siaya,2021,5,2021-05-01,long_rains,260.09000131860375,1.0705804439428,0.3802075704465101,-0.5118136406614051,0.0420242889500666,-0.5118136406614051,normal
Siaya,2021,6,2021-06-01,cool_dry,74.747145075351,-1.0618560050793264,0.4187371910632241,0.4973668491327966,-0.04836114984144646,-1.0618560050793264,normal
Siaya,2021,7,2021-07-01,cool_dry,39.30581623315811,-1.119839306253257,0.3197174744783324,-0.2471592880688329,-0.5525972944333813,-1.119839306253257,moderate_stress
Siaya,2021,8,2021-08-01,cool_dry,87.32051926851273,-0.7582129744207183,0.2782390680026143,-1.5874521297240567,-1.2972184253678882,-1.5874521297240567,severe_stress
Siaya,2021,9,2021-09-01,cool_dry,164.8397814333439,0.6537385716941351,0.3280762717907379,-0.2160653107194785,0.08836604812528623,-0.2160653107194785,normal
Siaya,2021,10,2021-10-01,short_rains,125.4787430614233,-0.6512756179913463,0.3974926621779527,2.0148840396208456,1.0817281594565784,-0.6512756179913463,good
Siaya,2021,11,2021-11-01,short_rains,91.0748233795166,-0.939820041655576,0.3817645228212528,0.7606966307364035,0.16551579539921069,-0.939820041655576,normal
Siaya,2021,12,2021-12-01,short_rains,0.0,-1.442245798973084,0.3714178718942588,0.2761947627220597,-0.32525943387124057,-1.442245798973084,normal
Siaya,2022,1,2022-01-01,hot_dry,128.98336160182953,1.2798053453710485,0.3528932055998771,0.295259244375228,0.6398503797237651,0.295259244375228,good
Siaya,2022,2,2022-02-01,hot_dry,200.93813413381577,1.5006784294680433,0.3798107586048189,0.9900718932133264,1.1687841809024773,0.9900718932133264,good
Siaya,2022,3,2022-03-01,long_rains,132.5930362008512,-0.3749256280170944,0.310367592672465,0.3626970061760101,0.10452908420842352,-0.3749256280170944,normal
Siaya,2022,4,2022-04-01,long_rains,194.49504859745505,-1.075594744035808,0.3198791047067765,-0.2252583186931164,-0.5228760675630584,-1.075594744035808,moderate_stress
Siaya,2022,5,2022-05-01,long_rains,234.14418333768845,0.4135398152235655,0.4329827318764712,0.8157082456479459,0.6749492949994127,0.4135398152235655,good
Siaya,2022,6,2022-06-01,cool_dry,87.38609778508544,-0.5563665521954935,0.432827060020669,1.505397748958154,0.7837802435543775,-0.5563665521954935,good
Siaya,2022,7,2022-07-01,cool_dry,51.31581185758114,-0.6356224875493818,0.2652044684110297,-1.2578833103062192,-1.0400920223413261,-1.2578833103062192,moderate_stress
Siaya,2022,8,2022-08-01,cool_dry,131.60290887206793,1.6507196967616744,0.308180028987032,0.1870504873813371,0.6993347106644551,0.1870504873813371,good
Siaya,2022,9,2022-09-01,cool_dry,146.05389781668782,0.189834021448961,0.3421965283795135,-0.0454330877041706,0.03691040049942545,-0.0454330877041706,normal
Siaya,2022,10,2022-10-01,short_rains,73.68344804644585,-1.3147170918628597,0.3037866304566496,-0.9515434400551908,-1.0786542181878749,-1.3147170918628597,moderate_stress
Siaya,2022,11,2022-11-01,short_rains,176.3367465250194,-0.2284089203429558,0.2212210361522562,-1.7276663927185385,-1.2029262773870846,-1.7276663927185385,moderate_stress
Siaya,2022,12,2022-12-01,short_rains,196.6375152617693,1.2041558050358043,0.2859876777273014,-0.9322679296932412,-0.18451962253807536,-0.9322679296932412,normal
Siaya,2023,1,2023-01-01,hot_dry,22.50907519087195,-1.012334576754928,0.3427168541572605,0.1604893407187072,-0.24999903039706511,-1.012334576754928,normal
Siaya,2023,2,2023-02-01,hot_dry,20.614603146910667,-1.4593766030242294,0.2045845982007155,-1.0903635242309182,-1.219518101808577,-1.4593766030242294,moderate_stress
Siaya,2023,3,2023-03-01,long_rains,247.21031652390957,1.2544539879783034,0.1805507002310366,-1.5334824271852767,-0.5577046818780238,-1.5334824271852767,moderate_stress
Siaya,2023,4,2023-04-01,long_rains,308.57922027260065,0.9319556695672958,0.3677809054876446,1.133604770345188,1.0630275850729256,0.9319556695672958,good
Siaya,2023,5,2023-05-01,long_rains,182.3867288902402,-0.8971434878071013,0.435134503132277,0.8698345307982904,0.2513922242864033,-0.8971434878071013,normal
Siaya,2023,6,2023-06-01,cool_dry,145.94064238667488,1.7854971602719736,0.4007739642996676,-0.7877755246482621,0.11286991507382038,-0.7877755246482621,normal
Siaya,2023,7,2023-07-01,cool_dry,41.61420968919992,-1.0267699188399615,0.3934111837550795,1.119193581223079,0.3681063562010149,-1.0267699188399615,normal
Siaya,2023,8,2023-08-01,cool_dry,79.51840160414577,-1.1826430088964075,0.3165649857399121,0.683999389924741,0.030674550337339013,-1.1826430088964075,normal
Siaya,2023,9,2023-09-01,cool_dry,157.19458758831024,0.4649457374261233,0.3104071281192416,-0.4295830498971705,-0.1164979743340177,-0.4295830498971705,normal
Siaya,2023,10,2023-10-01,short_rains,223.20636739581823,0.6005091070039259,0.2993393497759118,-1.092329848131991,-0.4998362138344201,-1.092329848131991,normal
Siaya,2023,11,2023-11-01,short_rains,236.41820698976517,0.2729006629089103,0.3436472174176278,0.1698928847353113,0.20594560709607096,0.1698928847353113,normal
Siaya,2023,12,2023-12-01,short_rains,99.64695426821709,-0.1011697623940135,0.4207452684066144,0.9739611552771452,0.5976653340922397,-0.1011697623940135,good
Siaya,2024,1,2024-01-01,hot_dry,117.39150495827198,1.0302600487563618,0.3800671784311537,0.6551361335615957,0.7864295038797638,0.6551361335615957,good
Siaya,2024,2,2024-02-01,hot_dry,130.78277036175132,0.34906090926262,0.2969052210092566,0.0057461719951373,0.12590633003875626,0.0057461719951373,normal
Siaya,2024,3,2024-03-01,long_rains,112.86707991361618,-0.655346442311804,0.2863982292612061,0.0125868388748005,-0.22118980954051104,-0.655346442311804,normal
Siaya,2024,4,2024-04-01,long_rains,309.5431776046753,0.9489185217516694,0.3224097514974973,-0.1534697333112244,0.2323661559607884,-0.1534697333112244,normal
Siaya,2024,5,2024-05-01,long_rains,159.54064106941223,-1.4756878958736726,0.3441163729721953,-1.4196622052527317,-1.439271196970061,-1.4756878958736726,severe_stress
Siaya,2024,6,2024-06-01,cool_dry,73.86775156110525,-1.0970269687338787,0.3938324146031614,-1.2843945214526526,-1.2188158780010818,-1.2843945214526526,moderate_stress
Siaya,2024,7,2024-07-01,cool_dry,81.69678328558803,0.5892719915199686,0.3778435411585892,0.8305543834057262,0.746105546245711,0.5892719915199686,good
Siaya,2024,8,2024-08-01,cool_dry,92.75195916555822,-0.462746240653804,0.3148835380102408,0.5843454944341979,0.21786338715339726,-0.462746240653804,normal
Siaya,2024,9,2024-09-01,cool_dry,109.34600941371173,-0.7166421820411074,0.2959575304587404,-0.6041951013841123,-0.6435515796140605,-0.7166421820411074,moderate_stress
Siaya,2024,10,2024-10-01,short_rains,141.41372885386227,-0.4471657571014665,0.3185311087429953,-0.4847813249739803,-0.47161587621860046,-0.4847813249739803,normal
Siaya,2024,11,2024-11-01,short_rains,267.24377996474504,0.5301040501443897,0.2622807246557452,-1.0912568270205305,-0.5237805200128085,-1.0912568270205305,moderate_stress
Siaya,2024,12,2024-12-01,short_rains,98.21613655239344,-0.1204260995846016,0.3952893067199873,0.6138709050112685,0.356866953402714,-0.1204260995846016,normal
Taita Taveta,2017,1,2017-01-01,hot_dry,12.914228322915733,-0.6726278585005118,0.2559819591878254,-0.9603409928649592,-0.8596413958374025,-0.9603409928649592,moderate_stress
Taita Taveta,2017,2,2017-02-01,hot_dry,19.075229313690215,-0.3064219463226076,0.2038542309338462,-0.7956052721468206,-0.6243911081083461,-0.7956052721468206,moderate_stress
Taita Taveta,2017,3,2017-03-01,long_rains,38.76638897322118,-0.5750342058183563,0.2120303222561512,-0.771647274746238,-0.7028327006214794,-0.771647274746238,moderate_stress
Taita Taveta,2017,4,2017-04-01,long_rains,97.3013695254922,-0.768389080268554,,,,,no_data
Taita Taveta,2017,5,2017-05-01,long_rains,59.73284532688558,1.1071756219322029,0.3456486326893179,-0.114147033553524,0.3133158958664804,-0.114147033553524,normal
Taita Taveta,2017,6,2017-06-01,cool_dry,10.961271282285452,-1.0461381667594625,0.2604486168580869,-0.2160223050716103,-0.5065628566623586,-1.0461381667594625,moderate_stress
Taita Taveta,2017,7,2017-07-01,cool_dry,6.990873848553747,-1.2441322450234091,0.2147205537568057,-0.0171126087040759,-0.4465694814158425,-1.2441322450234091,normal
Taita Taveta,2017,8,2017-08-01,cool_dry,32.37087415903807,1.492371736912211,0.1991883028546945,0.8297977937633247,1.0616986738654348,0.8297977937633247,good
Taita Taveta,2017,9,2017-09-01,cool_dry,21.32523300498724,0.0985730510262735,0.1770666507590053,-3.330093933131082e-05,0.034478922248630375,-3.330093933131082e-05,normal
Taita Taveta,2017,10,2017-10-01,short_rains,27.18075505644083,-0.4950205360572333,0.1888383339752173,0.3016680308612766,0.02282703243979814,-0.4950205360572333,normal
Taita Taveta,2017,11,2017-11-01,short_rains,134.64249436650425,-0.191176220167257,,,,,no_data
Taita Taveta,2017,12,2017-12-01,short_rains,67.26694135181604,-0.671723538848805,0.3430015183832291,-0.5372466484199406,-0.5843135600700432,-0.671723538848805,moderate_stress
Taita Taveta,2018,1,2018-01-01,hot_dry,15.783736345591024,-0.585452588590203,0.2785940514303357,-0.7826219710502906,-0.71361268718926,-0.7826219710502906,moderate_stress
Taita Taveta,2018,2,2018-02-01,hot_dry,5.650397641584277,-1.2140169655162791,0.2063011070993644,-0.776038599238939,-0.929331027436008,-1.2140169655162791,moderate_stress
Taita Taveta,2018,3,2018-03-01,long_rains,232.18483096011911,1.677030902263288,0.3149398002472763,0.2056545707576839,0.7206362867846453,0.2056545707576839,good
Taita Taveta,2018,4,2018-04-01,long_rains,187.82006855029613,1.2906188284043805,0.5711280779249933,1.276264045656196,1.2812882196180606,1.276264045656196,very_good
Taita Taveta,2018,5,2018-05-01,long_rains,37.28213391918689,-0.0995953868056025,0.6341310327301982,2.09713728625823,1.3282808506858887,-0.0995953868056025,very_good
Taita Taveta,2018,6,2018-06-01,cool_dry,21.18134144693613,0.7099122724703743,0.4179611806834903,2.0182393829495,1.560324894281806,0.7099122724703743,very_good
Taita Taveta,2018,7,2018-07-01,cool_dry,22.50823712721467,1.206538957245039,0.4205656827756729,2.3338209462787476,1.9392722501169495,1.206538957245039,very_good
Taita Taveta,2018,8,2018-08-01,cool_dry,17.038355875993147,-0.4622331592819092,,,,,no_data
Taita Taveta,2018,9,2018-09-01,cool_dry,29.175335358828303,1.0696686462263327,0.2395421476068021,2.0832010941150134,1.7284647373539752,1.0696686462263327,very_good
Taita Taveta,2018,10,2018-10-01,short_rains,85.97548531321809,0.54131135877168,0.1941966618294299,0.5737516303686563,0.5623975353097146,0.54131135877168,good
Taita Taveta,2018,11,2018-11-01,short_rains,68.64631521701813,-0.9945433445118388,0.3911897250278996,1.0644362992763108,0.3437934239504585,-0.9945433445118388,normal
Taita Taveta,2018,12,2018-12-01,short_rains,179.61476242542267,0.878277345932602,0.4029406435171915,0.0897417412694748,0.3657292029015693,0.0897417412694748,normal
Taita Taveta,2019,1,2019-01-01,hot_dry,26.12973433546722,-0.2711425535138419,0.2900357996721893,-0.692695913630043,-0.5451522375893726,-0.692695913630043,moderate_stress
Taita Taveta,2019,2,2019-02-01,hot_dry,21.15639417618513,-0.1657233581052281,0.2194875655759403,-0.6705918572008592,-0.4938878825173883,-0.6705918572008592,normal
Taita Taveta,2019,3,2019-03-01,long_rains,17.432391218841076,-0.82343633058465,0.2271309203491739,-0.6282412185441377,-0.6965595077583171,-0.82343633058465,moderate_stress
Taita Taveta,2019,4,2019-04-01,long_rains,105.15330729912966,-0.5897828679775756,0.2161330869948695,-0.9186537036051684,-0.8035489111355109,-0.9186537036051684,moderate_stress
Taita Taveta,2019,5,2019-05-01,long_rains,69.85947319399565,1.6515022895546014,0.2802641417546831,-0.6153342794379972,0.17805851970941222,-0.6153342794379972,normal
Taita Taveta,2019,6,2019-06-01,cool_dry,19.490578344091773,0.419399072311252,0.297329208637305,0.3071162385634962,0.3464152303752107,0.3071162385634962,normal
Taita Taveta,2019,7,2019-07-01,cool_dry,19.89234278537333,0.7934084004227097,0.2017698828649093,-0.1650207321773693,0.17042946423265834,-0.1650207321773693,normal
Taita Taveta,2019,8,2019-08-01,cool_dry,33.1294045355171,1.5890699544135989,0.1684751678175981,-0.2323932131157831,0.40511889551950053,-0.2323932131157831,normal
Taita Taveta,2019,9,2019-09-01,cool_dry,32.74562955554575,1.511331291083974,0.167908538580546,-0.305408932131375,0.33045014599399714,-0.305408932131375,normal
Taita Taveta,2019,10,2019-10-01,short_rains,179.72985891997814,2.1938514286734687,0.2145943829742382,1.6095011294337456,1.8140237341676486,1.6095011294337456,very_good
Taita Taveta,2019,11,2019-11-01,short_rains,184.44132455810905,0.4150216464718935,0.4563906316576484,1.6523116885353752,1.2192601738131565,0.4150216464718935,good
Taita Taveta,2019,12,2019-12-01,short_rains,232.64023008197543,1.6098404594687052,0.5188110882576539,1.3017951938023464,1.4096110367855719,1.3017951938023464,very_good
Taita Taveta,2020,1,2020-01-01,hot_dry,112.66847817227244,2.3578929090318024,0.4922501453845233,0.8966013230638563,1.4080533781526374,0.8966013230638563,very_good
Taita Taveta,2020,2,2020-02-01,hot_dry,29.73075463250279,0.413952203793592,0.5424365876864282,1.911900044353095,1.387618300157269,0.413952203793592,very_good
Taita Taveta,2020,3,2020-03-01,long_rains,188.9351522885263,1.1734538324064483,0.4708950171097471,1.6867166092688632,1.507074637367018,1.1734538324064483,very_good
Taita Taveta,2020,4,2020-04-01,long_rains,173.2693342724815,0.9596366415436411,0.5147419245751998,0.9276310452981826,0.9388330039840931,0.9276310452981826,good
Taita Taveta,2020,5,2020-05-01,long_rains,22.33495965693146,-0.90303614352284,0.4202517701104583,0.4577032698436739,-0.01855552483460593,-0.90303614352284,normal
Taita Taveta,2020,6,2020-06-01,cool_dry,20.53233055025339,0.598396808112148,0.2958644620979138,0.286339311338498,0.3955594352092755,0.286339311338498,normal
Taita Taveta,2020,7,2020-07-01,cool_dry,17.95659843030444,0.4876945455151113,0.2273645566272182,0.1272930945497878,0.253433602387651,0.1272930945497878,normal
Taita Taveta,2020,8,2020-08-01,cool_dry,16.465101078152657,-0.5353122591362923,0.2032027296344865,0.9686337679521988,0.44225265847122697,-0.5353122591362923,normal
Taita Taveta,2020,9,2020-09-01,cool_dry,25.387532647233456,0.601099147012505,0.1947108693915924,0.588310049395472,0.5927862335614336,0.588310049395472,good
Taita Taveta,2020,10,2020-10-01,short_rains,21.58752487041056,-0.5936083314529758,0.1859728713242112,0.1561664091703314,-0.10625475004782609,-0.5936083314529758,normal
Taita Taveta,2020,11,2020-11-01,short_rains,156.72403573524207,0.0776209226236517,0.257466438695304,-0.1412621038484682,-0.06465304458322624,-0.1412621038484682,normal
Taita Taveta,2020,12,2020-12-01,short_rains,99.93767989007756,-0.2209833895797782,0.4292964765505933,0.3654348094549578,0.16018843979280023,-0.2209833895797782,normal
Taita Taveta,2021,1,2021-01-01,hot_dry,42.183367104502395,0.2165646627137194,0.4499622398419873,0.5642408706559254,0.4425541978761533,0.2165646627137194,normal
Taita Taveta,2021,2,2021-02-01,hot_dry,31.19883106648922,0.5132025252743583,0.3731465861127016,0.5581567965143294,0.5424228015803395,0.5132025252743583,good
Taita Taveta,2021,3,2021-03-01,long_rains,21.80937029561028,-0.7724730317578348,0.2847945490654963,-0.0806262479602344,-0.3227726222893945,-0.7724730317578348,normal
Taita Taveta,2021,4,2021-04-01,long_rains,94.84416868304834,-0.8242824594520454,0.3033401748185693,-0.3794562788073905,-0.5351454420330197,-0.8242824594520454,moderate_stress
Taita Taveta,2021,5,2021-05-01,long_rains,49.44904781319201,0.5544007688823488,0.322273018199684,-0.2933265251951871,0.0033780277319504504,-0.2933265251951871,normal
Taita Taveta,2021,6,2021-06-01,cool_dry,8.779967177193612,-1.4209379450515225,0.232861461217768,-0.6073366449039691,-0.8920970999556128,-1.4209379450515225,moderate_stress
Taita Taveta,2021,7,2021-07-01,cool_dry,14.53563841432333,-0.0525807605870335,0.195994453706121,-0.2309812446681803,-0.16854107523977893,-0.2309812446681803,normal
Taita Taveta,2021,8,2021-08-01,cool_dry,16.806204739026725,-0.4918280203865839,0.1859973299592378,0.3735977749564915,0.07069874658641512,-0.4918280203865839,normal
Taita Taveta,2021,9,2021-09-01,cool_dry,13.34060143493116,-0.8891644583047772,0.1603888426001721,-0.5561518649139772,-0.6727062726007572,-0.8891644583047772,moderate_stress
Taita Taveta,2021,10,2021-10-01,short_rains,21.95537816733122,-0.5871244492657128,0.1744615781463243,-0.428350658101293,-0.4839214850088399,-0.5871244492657128,normal
Taita Taveta,2021,11,2021-11-01,short_rains,67.373171556741,-1.0100412380931876,0.1786881959516362,-0.8515557563748944,-0.907025674976297,-1.0100412380931876,moderate_stress
Taita Taveta,2021,12,2021-12-01,short_rains,0.0,-1.599768405366898,0.2797041099731435,-1.1993640897715458,-1.339505600229919,-1.599768405366898,severe_stress
Taita Taveta,2022,1,2022-01-01,hot_dry,19.577906022779644,-0.4701862212963223,0.4156006627498988,0.2941771453127751,0.026649966999591046,-0.4701862212963223,normal
Taita Taveta,2022,2,2022-02-01,hot_dry,31.577645853161812,0.5388125606162035,0.2893654055238327,-0.1118072088244457,0.11590971047978152,-0.1118072088244457,normal
Taita Taveta,2022,3,2022-03-01,long_rains,29.96051584929228,-0.6775652747530215,0.2424231202860548,-0.4830155744939605,-0.5511079695846318,-0.6775652747530215,moderate_stress
Taita Taveta,2022,4,2022-04-01,long_rains,95.5016235616058,-0.8093274854065776,0.2118668823744671,-0.945031451129908,-0.8975350631267425,-0.945031451129908,moderate_stress
Taita Taveta,2022,5,2022-05-01,long_rains,27.437175950035453,-0.6287817294415039,0.2018375346118565,-1.216492362587588,-1.0107936409864586,-1.216492362587588,moderate_stress
Taita Taveta,2022,6,2022-06-01,cool_dry,17.57308325683698,0.0899279399269155,0.1798915854099824,-1.3586961635500907,-0.8516777273331386,-1.3586961635500907,moderate_stress
Taita Taveta,2022,7,2022-07-01,cool_dry,14.073912649415432,-0.125501527800186,0.1564104172850256,-0.6830659741323679,-0.48791841791610424,-0.6830659741323679,normal
Taita Taveta,2022,8,2022-08-01,cool_dry,12.93755465745926,-0.9850074349812138,0.1237421413411167,-1.779451772146416,-1.5013962541385952,-1.779451772146416,severe_stress
Taita Taveta,2022,9,2022-09-01,cool_dry,13.072494877502322,-0.9223305350293696,0.1467542296015982,-1.0107956243879108,-0.9798328431124214,-1.0107956243879108,moderate_stress
Taita Taveta,2022,10,2022-10-01,short_rains,16.718669057358056,-0.6794281072790218,0.1525392728769161,-1.5415150424923767,-1.2397846151677023,-1.5415150424923767,moderate_stress
Taita Taveta,2022,11,2022-11-01,short_rains,116.49472581408918,-0.4120878066123073,0.1522780389761684,-1.0896794591711103,-0.8525223807755293,-1.0896794591711103,moderate_stress
Taita Taveta,2022,12,2022-12-01,short_rains,71.35392514895648,-0.6153376789263009,0.2518125984383899,-1.491120999204149,-1.184596837106902,-1.491120999204149,moderate_stress
Taita Taveta,2023,1,2023-01-01,hot_dry,16.933892536908388,-0.5505109973401373,0.2520772649372547,-0.9910298134859982,-0.836848227834947,-0.9910298134859982,moderate_stress
Taita Taveta,2023,2,2023-02-01,hot_dry,2.6686429725959897,-1.4156005497376165,0.1941556573998474,-0.8731608177388072,-1.0630147239383905,-1.4156005497376165,moderate_stress
Taita Taveta,2023,3,2023-03-01,long_rains,35.61341026984155,-0.61174587225235,0.1706664203571664,-1.1644684069903184,-0.9710155198320295,-1.1644684069903184,moderate_stress
Taita Taveta,2023,4,2023-04-01,long_rains,189.84230571240187,1.3366181893634577,0.2219251961882997,-0.8828413580816162,-0.1060305164758405,-0.8828413580816162,normal
Taita Taveta,2023,5,2023-05-01,long_rains,27.746414493769407,-0.6121595341539877,0.2827054588658992,-0.5966210191248715,-0.6020594993850622,-0.6121595341539877,moderate_stress
Taita Taveta,2023,6,2023-06-01,cool_dry,25.61295681167394,1.4713688948194552,0.2291426389647994,-0.6600868629346914,0.08592265227925988,-0.6600868629346914,normal
Taita Taveta,2023,7,2023-07-01,cool_dry,18.63533710408956,0.594888357494656,0.1415394996161433,-0.8529050152979134,-0.34617733482051416,-0.8529050152979134,normal
Taita Taveta,2023,8,2023-08-01,cool_dry,21.56978338584304,0.1154377903947518,0.1524297071188895,-0.7873135764982547,-0.4713505980857024,-0.7873135764982547,normal
Taita Taveta,2023,9,2023-09-01,cool_dry,18.550793492235243,-0.2446385236182486,0.1490667211342254,-0.933686003142685,-0.6925193853091323,-0.933686003142685,moderate_stress
Taita Taveta,2023,10,2023-10-01,short_rains,70.42432986944914,0.2672024664026681,0.1611615952425922,-1.10369328742344,-0.6238797735843022,-1.10369328742344,moderate_stress
Taita Taveta,2023,11,2023-11-01,short_rains,326.6365575492382,2.145954814054834,0.242398609712879,-0.2771191998031819,0.5709567050471236,-0.2771191998031819,good
Taita Taveta,2023,12,2023-12-01,short_rains,134.09923547506332,0.2503247397300527,0.4891865699081654,0.9919103061975072,0.7323553579338982,0.2503247397300527,good
Taita Taveta,2024,1,2024-01-01,hot_dry,34.24712363013532,-0.0245373525045056,0.5908659805694181,1.6716693519987325,1.0779970054225994,-0.0245373525045056,good
Taita Taveta,2024,2,2024-02-01,hot_dry,47.80383859295398,1.6357955299975773,0.398030948346014,0.757146914282447,1.0646739297827426,0.757146914282447,good
Taita Taveta,2024,3,2024-03-01,long_rains,140.52320717275143,0.6097699804964762,0.4233955259537563,1.2356275427083427,1.0165773959341895,0.6097699804964762,good
Taita Taveta,2024,4,2024-04-01,long_rains,104.91991598531604,-0.5950917662067265,0.5138453718106276,0.9220877006697052,0.39107488726295414,-0.5950917662067265,normal
Taita Taveta,2024,5,2024-05-01,long_rains,19.237964345142245,-1.0695058864452192,0.3972097248893893,0.2810806637972643,-0.19162462878760486,-1.0695058864452192,normal
Taita Taveta,2024,6,2024-06-01,cool_dry,12.26615104751545,-0.8219288758291603,0.2919241293986108,0.2304470436088705,-0.13788452819444022,-0.8219288758291603,normal
Taita Taveta,2024,7,2024-07-01,cool_dry,4.355648740194737,-1.660315727266887,0.1713862714026844,-0.5120284658486295,-0.9139290073450196,-1.660315727266887,moderate_stress
Taita Taveta,2024,8,2024-08-01,cool_dry,14.996754139661787,-0.7224986079345622,0.1933281636921765,0.6271292250884434,0.15475948353039143,-0.7224986079345622,normal
Taita Taveta,2024,9,2024-09-01,cool_dry,10.629517689347267,-1.22453861839669,0.1811031958696079,0.1345645820047937,-0.3411215381357256,-1.22453861839669,normal
Taita Taveta,2024,10,2024-10-01,short_rains,18.54799960926175,-0.6471838297928733,0.191414341560982,0.4324717881830968,0.05459232189150731,-0.6471838297928733,normal
Taita Taveta,2024,11,2024-11-01,short_rains,147.82152319699526,-0.0307487737657885,0.2335244969956488,-0.3571314686140305,-0.2428975254171458,-0.3571314686140305,normal
Taita Taveta,2024,12,2024-12-01,short_rains,142.7279583774507,0.369370467590422,0.4401387642696593,0.4788496866713538,0.44053195999302763,0.369370467590422,normal
Tana River,2017,1,2017-01-01,hot_dry,10.746278177015483,-0.3098279073996506,0.2291177311746021,-0.4512876942100533,-0.4017767688264124,-0.4512876942100533,normal
Tana River,2017,2,2017-02-01,hot_dry,7.572562240995467,0.2450666964093035,0.1704748354213069,-0.538875877787907,-0.2644959768188833,-0.538875877787907,normal
Tana River,2017,3,2017-03-01,long_rains,15.617301870603113,-0.70283153501307,0.1756830222950346,-0.3454169905468852,-0.4705120811100499,-0.70283153501307,normal
Tana River,2017,4,2017-04-01,long_rains,62.7691273028031,-0.5110367410228966,,,,,no_data
Tana River,2017,5,2017-05-01,long_rains,34.036992811597884,0.5658466482201333,0.2028727343595079,-0.5786942623313994,-0.178104943638363,-0.5786942623313994,normal
Tana River,2017,6,2017-06-01,cool_dry,16.36324978992343,-0.5166586213981981,0.1843923841148581,-0.3923748214992318,-0.43587415146387,-0.5166586213981981,normal
Tana River,2017,7,2017-07-01,cool_dry,11.382348600076512,-1.0225156840636371,0.1519242854766847,-0.4940962911269091,-0.6790430786547639,-1.0225156840636371,moderate_stress
Tana River,2017,8,2017-08-01,cool_dry,16.53628816921264,1.1080299352869378,0.1674569154491961,0.2452074393944027,0.54719531295679,0.2452074393944027,good
Tana River,2017,9,2017-09-01,cool_dry,18.433657084591687,0.3629868694612398,0.1453410425110489,-0.4030913351418871,-0.13496396353079268,-0.4030913351418871,normal
Tana River,2017,10,2017-10-01,short_rains,24.12111778720282,-0.3887291000267823,0.1401438671975687,-1.2314713648064806,-0.9365115721335862,-1.2314713648064806,moderate_stress
Tana River,2017,11,2017-11-01,short_rains,107.20200268551709,-0.3719416697813735,0.2822060160767733,0.1077085256671698,-0.060169042739820336,-0.3719416697813735,normal
Tana River,2017,12,2017-12-01,short_rains,21.980266885831952,-0.9007801199009552,0.2379567132701381,-0.9527243367482924,-0.9345438608517243,-0.9527243367482924,moderate_stress
Tana River,2018,1,2018-01-01,hot_dry,3.942392833530902,-0.736571253000304,0.1877926378574643,-0.917998059280936,-0.8544986770827149,-0.917998059280936,moderate_stress
Tana River,2018,2,2018-02-01,hot_dry,3.8209176119416943,-0.8535758298080032,0.1522131199607624,-0.8617250672647493,-0.8588728341548881,-0.8617250672647493,moderate_stress
Tana River,2018,3,2018-03-01,long_rains,150.24556885426864,2.056731104319117,0.1860891181213375,-0.0754922243577507,0.6707859406791529,-0.0754922243577507,good
Tana River,2018,4,2018-04-01,long_rains,139.85214209742844,1.0116724678924094,0.4296469124588782,1.3529578085952751,1.233507939349272,1.0116724678924094,good
Tana River,2018,5,2018-05-01,long_rains,47.04571660934016,1.8794227457600647,0.5230569704060385,2.177842023416684,2.0733952762368673,1.8794227457600647,very_good
Tana River,2018,6,2018-06-01,cool_dry,32.01474810112268,2.4429801067756376,0.2877320134689761,1.5797776600626598,1.881898516412202,1.5797776600626598,very_good
Tana River,2018,7,2018-07-01,cool_dry,22.7647336544469,0.3785734618842628,0.2945559579378426,2.064601021632213,1.4744913757204303,0.3785734618842628,very_good
Tana River,2018,8,2018-08-01,cool_dry,13.816047586733475,0.0799553743527435,,,,,no_data
Tana River,2018,9,2018-09-01,cool_dry,18.80242250766605,0.4392694899917095,0.213283474591646,1.9816130162494727,1.4417927820592558,0.4392694899917095,very_good
Tana River,2018,10,2018-10-01,short_rains,39.89767234958708,-0.0053208104934206,0.1768977387911213,0.917551919677366,0.5945464641175907,-0.0053208104934206,good
Tana River,2018,11,2018-11-01,short_rains,51.84632186079398,-0.9856041427925988,0.291067188414476,0.2320836609055541,-0.1941070703887994,-0.9856041427925988,normal
Tana River,2018,12,2018-12-01,short_rains,151.5155657280702,1.1265320887444354,0.2696094223024415,-0.5030527692183937,0.06730193106859644,-0.5030527692183937,normal
Tana River,2019,1,2019-01-01,hot_dry,17.477725089527667,0.1123720608772176,0.2051151844516603,-0.7223636058293368,-0.43020612248204276,-0.7223636058293368,normal
Tana River,2019,2,2019-02-01,hot_dry,8.896701795863919,0.6328315754063449,0.1507421623195062,-0.88773015332911,-0.3555335482717008,-0.88773015332911,normal
Tana River,2019,3,2019-03-01,long_rains,11.033908423036335,-0.7967803141413035,0.1687474183494876,-0.5253203188105208,-0.6203313171762947,-0.7967803141413035,moderate_stress
Tana River,2019,4,2019-04-01,long_rains,42.743357949424535,-0.9066287335162888,0.1619591756336276,-1.0549876354192498,-1.0030620197532134,-1.0549876354192498,moderate_stress
Tana River,2019,5,2019-05-01,long_rains,32.33750901557505,0.3942386313753553,0.1902705700805538,-0.6871890575243986,-0.3086893664094848,-0.6871890575243986,normal
Tana River,2019,6,2019-06-01,cool_dry,17.987560648471117,-0.2095076235853453,0.1555761159239285,-0.942309780404038,-0.6858290255174956,-0.942309780404038,moderate_stress
Tana River,2019,7,2019-07-01,cool_dry,24.11561275855638,0.544856893802505,0.157805519730524,-0.3885916860042037,-0.061884683071855656,-0.3885916860042037,normal
Tana River,2019,8,2019-08-01,cool_dry,16.638996014837176,1.146846841399966,0.1499452180418597,-0.6320964082490327,-0.009466270871883231,-0.6320964082490327,normal
Tana River,2019,9,2019-09-01,cool_dry,26.21398273576051,1.972420921882975,0.1521431264653928,-0.1643456984650748,0.5835226186567426,-0.1643456984650748,good
Tana River,2019,10,2019-10-01,short_rains,136.84607303887606,2.350758923791589,0.1753213562611287,0.8253797860945217,1.3592624842884953,0.8253797860945217,very_good
Tana River,2019,11,2019-11-01,short_rains,230.07378453528509,0.9901913649829336,0.3213084815623055,0.656549496993791,0.7733241507899908,0.656549496993791,good
Tana River,2019,12,2019-12-01,short_rains,179.52048867871054,1.56482746234104,0.4091124155786529,1.4787848547779217,1.5088997674250133,1.4787848547779217,very_good
Tana River,2020,1,2020-01-01,hot_dry,53.93591177556664,2.3990491248627435,0.3945752738269948,1.4173287791375184,1.7609309001413473,1.4173287791375184,very_good
Tana River,2020,2,2020-02-01,hot_dry,10.611541431047954,1.1350102024186075,0.3203636686849551,2.111011447165271,1.7694110115039388,1.1350102024186075,very_good
Tana River,2020,3,2020-03-01,long_rains,88.19250555895269,0.7847893422919356,0.2589800153829504,1.8152320904160548,1.454577128572613,0.7847893422919356,very_good
Tana River,2020,4,2020-04-01,long_rains,109.68706341087818,0.41578706789807,0.3689984384644372,0.8074034310457241,0.6703377039440452,0.41578706789807,good
Tana River,2020,5,2020-05-01,long_rains,20.29947194922715,-0.8213208652755547,0.3187968824906331,0.419322144295953,-0.014902909054074709,-0.8213208652755547,normal
Tana River,2020,6,2020-06-01,cool_dry,18.94402297399938,-0.0286442401323294,0.2562342596252838,0.9786687360737816,0.6261091944016427,-0.0286442401323294,good
Tana River,2020,7,2020-07-01,cool_dry,36.46003398438915,2.064365723446458,0.2001297727181861,0.3706713199986153,0.9634643612053602,0.3706713199986153,good
Tana River,2020,8,2020-08-01,cool_dry,11.775295965373516,-0.6913164170537637,0.1912906024566248,1.4392313440323792,0.6935396276522292,-0.6913164170537637,good
Tana River,2020,9,2020-09-01,cool_dry,17.275201576703694,0.1233493753249426,0.1717059633242483,0.5222882761258157,0.3826596608455102,0.1233493753249426,normal
Tana River,2020,10,2020-10-01,short_rains,17.11917804926634,-0.5588931068587142,0.165209911356521,0.2341568863663369,-0.043410611262430954,-0.5588931068587142,normal
Tana River,2020,11,2020-11-01,short_rains,90.08354350738227,-0.5617136288086421,0.2297560028110305,-0.6284782050011416,-0.6051106033337668,-0.6284782050011416,moderate_stress
Tana River,2020,12,2020-12-01,short_rains,67.75888109882362,-0.1843148450425845,0.2925100460966823,-0.1777169697309218,-0.18002622609000374,-0.1843148450425845,normal
Tana River,2021,1,2021-01-01,hot_dry,7.7670528306625775,-0.4966865223553489,0.2244126914717472,-0.5044246776051219,-0.5017163232677013,-0.5044246776051219,moderate_stress
Tana River,2021,2,2021-02-01,hot_dry,4.968105901498347,-0.5176298740730345,0.2027962942992666,0.0325357633584962,-0.16002220974253956,-0.5176298740730345,normal
Tana River,2021,3,2021-03-01,long_rains,15.025405572960151,-0.7149640161474572,0.1714684444479131,-0.4547393491873549,-0.5458179826233907,-0.7149640161474572,moderate_stress
Tana River,2021,4,2021-04-01,long_rains,47.89269652310759,-0.8049079421479066,0.1967143126729476,-0.7423529406720499,-0.7642471911885997,-0.8049079421479066,moderate_stress
Tana River,2021,5,2021-05-01,long_rains,18.5751747454633,-0.9954344545203536,0.1954043659642087,-0.6429910832216841,-0.7663462631762183,-0.9954344545203536,moderate_stress
Tana River,2021,6,2021-06-01,cool_dry,17.018278693780303,-0.392795150094567,0.1700382573494105,-0.6663116151384415,-0.5705808523730854,-0.6663116151384415,moderate_stress
Tana River,2021,7,2021-07-01,cool_dry,14.904216271359472,-0.588999286214776,0.1491792606963214,-0.5433398245425712,-0.5593206361278429,-0.588999286214776,moderate_stress
Tana River,2021,8,2021-08-01,cool_dry,11.36014625732787,-0.8482160885644383,0.1526884321384254,-0.4946664249729083,-0.6184088072299438,-0.8482160885644383,moderate_stress
Tana River,2021,9,2021-09-01,cool_dry,12.45061498740688,-0.8746620568192929,0.1437620979793229,-0.4585105449067944,-0.6041635740761688,-0.8746620568192929,moderate_stress
Tana River,2021,10,2021-10-01,short_rains,14.353355618193746,-0.6261092561933054,0.1400377445182625,-1.2376764283536037,-1.0236279180974992,-1.2376764283536037,moderate_stress
Tana River,2021,11,2021-11-01,short_rains,59.03369343979284,-0.9059263183686752,0.1399509071107881,-1.888979693646094,-1.5449110122989975,-1.888979693646094,severe_stress
Tana River,2021,12,2021-12-01,short_rains,0.0,-1.244785682903531,0.2625210772680981,-0.6037527509966681,-0.8281142771640702,-1.244785682903531,moderate_stress
Tana River,2022,1,2022-01-01,hot_dry,8.775788196828216,-0.4334180980284391,0.352670978370967,0.9440771186939504,0.46195379284111415,-0.4334180980284391,normal
Tana River,2022,2,2022-02-01,hot_dry,7.428643298335373,0.2029210545992773,0.2365374932238024,0.629047013810237,0.4799029280864011,0.2029210545992773,normal
Tana River,2022,3,2022-03-01,long_rains,15.064705468714235,-0.7141584607727767,0.1518627100210627,-0.9632944662522382,-0.8760968643344267,-0.9632944662522382,moderate_stress
Tana River,2022,4,2022-04-01,long_rains,38.272755991551094,-0.9949416619712268,0.1619762228107209,-1.0548342900590852,-1.0338718702283347,-1.0548342900590852,moderate_stress
Tana River,2022,5,2022-05-01,long_rains,26.146517765708268,-0.2309063292175721,0.175451052243644,-0.8147735356334218,-0.6104200133878744,-0.8147735356334218,moderate_stress
Tana River,2022,6,2022-06-01,cool_dry,16.956159737426788,-0.4045416081858062,0.1402767498243256,-1.2342856952417218,-0.9438752647721513,-1.2342856952417218,moderate_stress
Tana River,2022,7,2022-07-01,cool_dry,16.331309798173606,-0.4133344109605281,0.136360461944784,-0.7732987484785634,-0.647311230347251,-0.7732987484785634,moderate_stress
Tana River,2022,8,2022-08-01,cool_dry,10.841765048913658,-1.044130573727833,0.1355861098912794,-1.3514613296617772,-1.2438955650848968,-1.3514613296617772,moderate_stress
Tana River,2022,9,2022-09-01,cool_dry,13.83186597621534,-0.5889372072436755,0.1179476450251291,-1.3645693420900893,-1.0930980948938445,-1.3645693420900893,moderate_stress
Tana River,2022,10,2022-10-01,short_rains,19.701278970809653,-0.496141832883351,0.1455158896160785,-0.9173656458276946,-0.7699373112971744,-0.9173656458276946,moderate_stress
Tana River,2022,11,2022-11-01,short_rains,105.59503454342484,-0.3897562107541247,0.2355354581805246,-0.5473579518573694,-0.4921973424712337,-0.5473579518573694,normal
Tana River,2022,12,2022-12-01,short_rains,36.432532955892384,-0.674592696794696,0.2268888768302342,-1.1099586308498466,-0.957580553930544,-1.1099586308498466,moderate_stress
Tana River,2023,1,2023-01-01,hot_dry,10.005219971761107,-0.3563074763268227,0.1855556205318579,-0.9432621080440318,-0.7378279869430086,-0.9432621080440318,moderate_stress
Tana River,2023,2,2023-02-01,hot_dry,0.5515637809876346,-1.810982915788725,0.1689924860525703,-0.565082358403165,-1.001147553488111,-1.810982915788725,moderate_stress
Tana River,2023,3,2023-03-01,long_rains,51.63552324939519,0.035457238058413,0.1608526686604141,-0.7301030249776628,-0.4621569329150363,-0.7301030249776628,normal
Tana River,2023,4,2023-04-01,long_rains,177.50264846161008,1.7554261069244566,0.2620247661772529,-0.1548624159758138,0.5137385670392808,-0.1548624159758138,good
Tana River,2023,5,2023-05-01,long_rains,17.651544802822173,-1.0886994230514042,0.2417518754748363,-0.2439752125542322,-0.5396286862282424,-1.0886994230514042,moderate_stress
Tana River,2023,6,2023-06-01,cool_dry,17.016428247094154,-0.3931450625162312,0.2021185051525357,-0.0540862693589071,-0.17275684696397053,-0.3931450625162312,normal
Tana River,2023,7,2023-07-01,cool_dry,18.769697138108313,-0.1131865931455327,0.1282288118368424,-0.9191740012920904,-0.6370784084407952,-0.9191740012920904,moderate_stress
Tana River,2023,8,2023-08-01,cool_dry,16.665605523623526,1.156903510371969,0.1557978694350528,-0.338889332616665,0.18463816242935688,-0.338889332616665,normal
Tana River,2023,9,2023-09-01,cool_dry,15.92268154770136,-0.1564322030890374,0.1405129436737441,-0.5725522736701149,-0.42691024896673774,-0.5725522736701149,normal
Tana River,2023,10,2023-10-01,short_rains,51.270004562917165,0.2710542639676463,0.1643803009458634,0.1856490146169527,0.21554085188969546,0.1856490146169527,normal
Tana River,2023,11,2023-11-01,short_rains,309.40401527052745,1.8696311054439976,0.3321783806245829,0.8091190571349535,1.180298274043119,0.8091190571349535,good
Tana River,2023,12,2023-12-01,short_rains,117.50996374711394,0.5943221608367468,0.3970627410776304,1.307602160254996,1.057954160458609,0.5943221608367468,good
Tana River,2024,1,2024-01-01,hot_dry,12.838383635156788,-0.1786099286293956,0.3733776158890514,1.1779302471380153,0.7031411856194215,-0.1786099286293956,good
Tana River,2024,2,2024-02-01,hot_dry,10.03563159517944,0.9663590908362288,0.2055274114981134,0.0808192324509264,0.39075818288578223,0.0808192324509264,normal
Tana River,2024,3,2024-03-01,long_rains,52.43070738262031,0.0517566414051413,0.2383124596504806,1.2791342837163608,0.849552108907434,0.0517566414051413,good
Tana River,2024,4,2024-04-01,long_rains,90.3919943254441,0.0346294359433829,0.3733643166455991,0.8466760424852018,0.5624597301955652,0.0346294359433829,good
Tana River,2024,5,2024-05-01,long_rains,31.373071420239285,0.2968530467093312,0.3131212039681513,0.3704589835524975,0.3446969056573893,0.2968530467093312,normal
Tana River,2024,6,2024-06-01,cool_dry,16.46357344184071,-0.4976878008631602,0.2432524652231482,0.7309217855058988,0.30090843027672814,-0.4976878008631602,normal
Tana River,2024,7,2024-07-01,cool_dry,12.78580713784322,-0.8497601047487519,0.2175529011637636,0.6832282098135093,0.14668229971671792,-0.8497601047487519,normal
Tana River,2024,8,2024-08-01,cool_dry,11.201768578379417,-0.9080725820655812,0.1851714830757008,1.1326747120736114,0.418413159124894,-0.9080725820655812,normal
Tana River,2024,9,2024-09-01,cool_dry,10.500822068890557,-1.2779951895088613,0.1699076054958124,0.4591679018986687,-0.14883918009396674,-1.2779951895088613,normal
Tana River,2024,10,2024-10-01,short_rains,17.624231902183965,-0.5466190813036619,0.1821349618785545,1.2237758322325982,0.6041376124949073,-0.5466190813036619,good
Tana River,2024,11,2024-11-01,short_rains,172.78686053305864,0.3551195000784836,0.364255686491974,1.2593551098031408,0.9428726463995108,0.3551195000784836,good
Tana River,2024,12,2024-12-01,short_rains,61.56786064058542,-0.2812083672804555,0.3444960914723394,0.5608184425112012,0.26610905908412136,-0.2812083672804555,normal
Tharaka,2017,1,2017-01-01,hot_dry,7.627058386802673,-0.9821895832942988,0.3669555561432533,-1.5381400629123048,-1.3435573950460027,-1.5381400629123048,severe_stress
Tharaka,2017,2,2017-02-01,hot_dry,23.60053157806396,-0.2663303949772654,,,,,no_data
Tharaka,2017,3,2017-03-01,long_rains,20.983134165406227,-0.8031126757108751,0.2174911287122318,-1.8662415738805465,-1.4941464595211613,-1.8662415738805465,severe_stress
Tharaka,2017,4,2017-04-01,long_rains,176.77906326949596,-1.111236204233917,,,,,no_data
Tharaka,2017,5,2017-05-01,long_rains,84.40847482159734,-0.5627850285333064,,,,,no_data
Tharaka,2017,6,2017-06-01,cool_dry,4.088742511346936,-0.8959099791510075,0.3949017452206924,-0.3306566621789945,-0.528495323119199,-0.8959099791510075,moderate_stress
Tharaka,2017,7,2017-07-01,cool_dry,14.12247671186924,-0.8756438300805408,0.3780545233017168,0.3876878327837161,-0.054478249218773755,-0.8756438300805408,normal
Tharaka,2017,8,2017-08-01,cool_dry,15.410903804004192,0.2526248481408482,0.2033506532135347,-1.6698416766073616,-0.9969783929454883,-1.6698416766073616,moderate_stress
Tharaka,2017,9,2017-09-01,cool_dry,8.807671345770359,-0.4035378228963928,0.1912035058904668,-1.5263549381553083,-1.133368947814688,-1.5263549381553083,moderate_stress
Tharaka,2017,10,2017-10-01,short_rains,140.1775175333023,0.0331993988761277,0.299720193208669,0.0495492613014082,0.043826809452560025,0.0331993988761277,normal
Tharaka,2017,11,2017-11-01,short_rains,314.7564733028412,-0.0752447523389612,,,,,no_data
Tharaka,2017,12,2017-12-01,short_rains,21.64437825232744,-0.8394512971788626,0.4491065012671536,-1.377521437369034,-1.1891968883024742,-1.377521437369034,moderate_stress
Tharaka,2018,1,2018-01-01,hot_dry,9.31188759021461,-0.9231140301202168,0.432566496520819,-0.727541961128691,-0.795992185275725,-0.9231140301202168,moderate_stress
Tharaka,2018,2,2018-02-01,hot_dry,6.671731621026993,-0.9594929260192916,0.3772429874728377,-1.0832311828641703,-1.0399227929684627,-1.0832311828641703,moderate_stress
Tharaka,2018,3,2018-03-01,long_rains,246.82597291469577,2.0267071927083284,,,,,no_data
Tharaka,2018,4,2018-04-01,long_rains,582.5651902556419,1.0523759948034204,,,,,no_data
Tharaka,2018,5,2018-05-01,long_rains,175.6958391442895,0.9565663683635004,0.6453432808769032,1.0894634588391527,1.0429494771726744,0.9565663683635004,good
Tharaka,2018,6,2018-06-01,cool_dry,25.752926481887695,1.747350639605696,0.3673394066863244,-0.5850090160662041,0.23131686341896085,-0.5850090160662041,normal
Tharaka,2018,7,2018-07-01,cool_dry,24.932173162698746,1.5038014131886808,0.2736239924981004,-0.5180963616333023,0.1895678595543917,-0.5180963616333023,normal
Tharaka,2018,8,2018-08-01,cool_dry,9.250046044588087,-1.1562441427009529,,,,,no_data
Tharaka,2018,9,2018-09-01,cool_dry,15.512589037418364,1.2300347540494652,0.2327497454236461,-0.6949240232927786,-0.021188451222993288,-0.6949240232927786,normal
Tharaka,2018,10,2018-10-01,short_rains,57.77268750965595,-0.574226416595464,0.2185107118234343,-2.0227978145518017,-1.5157978252670834,-2.0227978145518017,severe_stress
Tharaka,2018,11,2018-11-01,short_rains,171.25892919301987,-1.069753621208584,0.2582507549691421,-0.9721256949442963,-1.0062954691367971,-1.069753621208584,moderate_stress
Tharaka,2018,12,2018-12-01,short_rains,199.64884290099144,1.2096992010599803,0.4945953845976362,-0.4648742736058379,0.12122644252719844,-0.4648742736058379,normal
Tharaka,2019,1,2019-01-01,hot_dry,34.109244249761105,-0.0536386204163042,0.4734042165773678,-0.2230075318320803,-0.16372841283655867,-0.2230075318320803,normal
Tharaka,2019,2,2019-02-01,hot_dry,27.975930623710155,-0.0871763684369328,0.4165771388631897,-0.2078484661294996,-0.1656132319371012,-0.2078484661294996,normal
Tharaka,2019,3,2019-03-01,long_rains,21.145159021019936,-0.8010824977422816,0.324057188701904,-0.3804353713260144,-0.5276618655717079,-0.8010824977422816,moderate_stress
Tharaka,2019,4,2019-04-01,long_rains,180.12524843215942,-1.0933946700938808,0.3468408585310143,-0.655793823870889,-0.8089541200489361,-1.0933946700938808,moderate_stress
Tharaka,2019,5,2019-05-01,long_rains,103.8182460218668,-0.239736343697456,0.4542411944048091,-1.897439280776519,-1.3172432527988471,-1.897439280776519,severe_stress
Tharaka,2019,6,2019-06-01,cool_dry,14.949104722589254,0.429169598157149,0.401481238856938,-0.2699394014981471,-0.025251251618793463,-0.2699394014981471,normal
Tharaka,2019,7,2019-07-01,cool_dry,12.00826596468687,-1.3410268062385546,0.3102613492652955,-0.2003201478232931,-0.5995674782686347,-1.3410268062385546,moderate_stress
Tharaka,2019,8,2019-08-01,cool_dry,10.931078538298609,-0.7718245301289082,0.265905213739048,-0.4644688555502962,-0.5720433416528103,-0.7718245301289082,moderate_stress
Tharaka,2019,9,2019-09-01,cool_dry,13.50103223323822,0.7399431252781267,0.2816275901235027,0.2832283099131187,0.4430784952908715,0.2832283099131187,normal
Tharaka,2019,10,2019-10-01,short_rains,444.0228800177574,2.2729166221435064,0.300193950718782,0.0616388593877314,0.8355860763522526,0.0616388593877314,good
Tharaka,2019,11,2019-11-01,short_rains,469.14526811242104,0.9947458641883274,0.6092978706749931,1.059184029409208,1.0366306715818998,0.9947458641883274,good
Tharaka,2019,12,2019-12-01,short_rains,251.72346410155296,1.8091714456991577,0.5611900549320595,0.8712200103734073,1.19950301273742,0.8712200103734073,good
Tharaka,2020,1,2020-01-01,hot_dry,97.59644193947317,2.172427568012072,0.5120464638341645,0.2544026698013478,0.9257113841751012,0.2544026698013478,good
Tharaka,2020,2,2020-02-01,hot_dry,56.733126223087304,1.090308777463734,0.4701151529191962,0.9836416394488664,1.02097513775407,0.9836416394488664,good
Tharaka,2020,3,2020-03-01,long_rains,143.30295968428254,0.7295596661345246,0.4359983012589464,1.180312951115744,1.0225493013723173,0.7295596661345246,good
Tharaka,2020,4,2020-04-01,long_rains,584.8964230418205,1.0648059014944984,0.4328156926821581,0.4875172479240036,0.6895682766736768,0.4875172479240036,good
Tharaka,2020,5,2020-05-01,long_rains,129.01030856370926,0.1795505499229958,0.6088078068618251,0.5184183727106484,0.39981463473497,0.1795505499229958,normal
Tharaka,2020,6,2020-06-01,cool_dry,17.70744588971138,0.7657165269527932,0.4543106833709786,0.2175843095231351,0.4094305856235154,0.2175843095231351,normal
Tharaka,2020,7,2020-07-01,cool_dry,20.687985595315695,0.5695650112056246,0.3911403820056848,0.5011887782755887,0.5251204598011013,0.5011887782755887,good
Tharaka,2020,8,2020-08-01,cool_dry,21.528365407139063,1.6515699775182435,0.3194399009957842,0.5670987305850277,0.9466636670116533,0.5670987305850277,good
Tharaka,2020,9,2020-09-01,cool_dry,15.468183172866702,1.2192157990789172,0.3170939160097398,0.9929868851713548,1.0721670050390015,0.9929868851713548,good
Tharaka,2020,10,2020-10-01,short_rains,80.70081287622452,-0.4052176916939459,0.3353754482104897,0.9594191703494692,0.48179626863427394,-0.4052176916939459,normal
Tharaka,2020,11,2020-11-01,short_rains,220.44228944182396,-0.7288886379667029,0.5097367441922842,0.4830804941749915,0.05889129792539849,-0.7288886379667029,normal
Tharaka,2020,12,2020-12-01,short_rains,72.28104676306248,-0.2565324658297265,0.5992052769275644,1.6339224992862684,0.9722632614956701,-0.2565324658297265,good
Tharaka,2021,1,2021-01-01,hot_dry,32.07892370223999,-0.1248282159092005,0.4658800128067848,-0.3159661948045919,-0.24906790219120495,-0.3159661948045919,normal
Tharaka,2021,2,2021-02-01,hot_dry,22.67741113901138,-0.3041282602491231,0.4813724908396229,1.234174031877714,0.695768229633321,-0.3041282602491231,good
Tharaka,2021,3,2021-03-01,long_rains,53.57464277744293,-0.3947397597359726,0.34714186107447,-0.0585753964107184,-0.17623292357455733,-0.3947397597359726,normal
Tharaka,2021,4,2021-04-01,long_rains,245.28535413742063,-0.7459673180511658,0.3099779554902279,-1.1460043093129486,-1.0059913623713248,-1.1460043093129486,moderate_stress
Tharaka,2021,5,2021-05-01,long_rains,194.40150985121727,1.267896278360668,0.5997501945297417,0.3768489760152993,0.6887155318361784,0.3768489760152993,good
Tharaka,2021,6,2021-06-01,cool_dry,3.8425109311938286,-0.9259528480538004,0.5713769880095785,1.29790229881772,0.5195529974126878,-0.9259528480538004,good
Tharaka,2021,7,2021-07-01,cool_dry,17.390357427299023,-0.1563134345166646,0.3766629838205365,0.3756182353368674,0.1894421508881312,-0.1563134345166646,normal
Tharaka,2021,8,2021-08-01,cool_dry,10.295101419091225,-0.917260194629804,0.2911296798373315,0.0215850085503945,-0.30701081256267493,-0.917260194629804,normal
Tharaka,2021,9,2021-09-01,cool_dry,6.896014492958784,-0.8692900296943334,0.2534058962115348,-0.2815493703738978,-0.48725860113605024,-0.8692900296943334,normal
Tharaka,2021,10,2021-10-01,short_rains,72.3343793489039,-0.4668886848440234,0.3078870034910108,0.257954303655688,0.004259257680789025,-0.4668886848440234,normal
Tharaka,2021,11,2021-11-01,short_rains,165.3773519396782,-1.1105158570898723,0.3975790739363889,-0.1659120656799495,-0.4965233926734225,-1.1105158570898723,normal
Tharaka,2021,12,2021-12-01,short_rains,0.0,-1.088616892925956,0.5061887742184046,-0.232275155291018,-0.5319947634632463,-1.088616892925956,moderate_stress
Tharaka,2022,1,2022-01-01,hot_dry,30.37736389040947,-0.184490398247393,0.6406051487858445,1.842696106687701,1.133180829960418,-0.184490398247393,good
Tharaka,2022,2,2022-02-01,hot_dry,20.406758893281214,-0.3971018355622585,0.4547571935938663,0.6418497948940233,0.2782167242343247,-0.3971018355622585,normal
Tharaka,2022,3,2022-03-01,long_rains,34.79053524881601,-0.6301053838549637,0.3639440595112698,0.1756906603091103,-0.10633795514831561,-0.6301053838549637,normal
Tharaka,2022,4,2022-04-01,long_rains,248.94887291640043,-0.7264337919040936,0.3673287920122634,-0.383341060005944,-0.5034235161702963,-0.7264337919040936,moderate_stress
Tharaka,2022,5,2022-05-01,long_rains,32.63633241504431,-1.424460436398965,0.5310166978983052,-0.6974473500050936,-0.9519019302429486,-1.424460436398965,moderate_stress
Tharaka,2022,6,2022-06-01,cool_dry,4.751400453969836,-0.8150586696429609,0.2356894371982925,-1.7999088180807037,-1.4552112661274939,-1.7999088180807037,severe_stress
Tharaka,2022,7,2022-07-01,cool_dry,18.093423575162888,-0.0015535475163303,0.1981860546342131,-1.172411639461575,-0.7626113072807393,-1.172411639461575,moderate_stress
Tharaka,2022,8,2022-08-01,cool_dry,19.4357862919569,1.1730376137808387,0.2587401152733138,-0.6025341681068634,0.018915955553832298,-0.6025341681068634,normal
Tharaka,2022,9,2022-09-01,cool_dry,9.813288643956184,-0.1585312595399114,0.2329129664114848,-0.6916576151468594,-0.5050633906844276,-0.6916576151468594,moderate_stress
Tharaka,2022,10,2022-10-01,short_rains,39.83227691426873,-0.7064694966754933,0.277024770865654,-0.5296046912363561,-0.5915073731400541,-0.7064694966754933,moderate_stress
Tharaka,2022,11,2022-11-01,short_rains,286.7196478396654,-0.2695538030690468,0.1697411933117429,-1.4842801188068493,-1.0591259082986184,-1.4842801188068493,moderate_stress
Tharaka,2022,12,2022-12-01,short_rains,88.50911384820938,-0.0697183214844334,0.4808121958134442,-0.7414075105313545,-0.5063162943649321,-0.7414075105313545,moderate_stress
Tharaka,2023,1,2023-01-01,hot_dry,24.14575886726379,-0.4029905958693293,0.4917795194583823,0.0040123150003898,-0.13843870380401188,-0.4029905958693293,normal
Tharaka,2023,2,2023-02-01,hot_dry,6.27024781703949,-0.9759319843371066,0.3650499726773514,-1.3545870921587295,-1.2220578044211616,-1.3545870921587295,moderate_stress
Tharaka,2023,3,2023-03-01,long_rains,120.40233545005322,0.4426139218456619,0.3497230643926749,-0.0225867533041334,0.14023348299829497,-0.0225867533041334,normal
Tharaka,2023,4,2023-04-01,long_rains,509.4363920092582,0.6624603484456584,0.3963757404075821,0.0029312489797307,0.23376643379280537,0.0029312489797307,normal
Tharaka,2023,5,2023-05-01,long_rains,52.42832704633474,-1.095050173395565,0.5788815005543219,0.0506737868371076,-0.3503295992443278,-1.095050173395565,normal
Tharaka,2023,6,2023-06-01,cool_dry,15.381147576496003,0.4818834166374517,0.4605157427768983,0.2748461947560471,0.3473092224145387,0.2748461947560471,normal
Tharaka,2023,7,2023-07-01,cool_dry,23.069530084729195,1.0937938582177096,0.1950277037371602,-1.1998057769897377,-0.39704590466713124,-1.1998057769897377,normal
Tharaka,2023,8,2023-08-01,cool_dry,13.249393343925476,-0.2416707807317319,0.3435840008621286,1.0323348624240385,0.5864328873195189,-0.2416707807317319,good
Tharaka,2023,9,2023-09-01,cool_dry,9.706626631319525,-0.1845181764355722,0.2853470529658974,0.3576628779654147,0.16789950892506927,-0.1845181764355722,normal
Tharaka,2023,10,2023-10-01,short_rains,200.1945388019085,0.4755992931031753,0.2956810127423687,-0.0535247109170963,0.13166869048999874,-0.0535247109170963,normal
Tharaka,2023,11,2023-11-01,short_rains,558.6438902914524,1.6150155284589534,0.6345938318875125,1.205557349966313,1.3488677124387372,1.205557349966313,very_good
Tharaka,2023,12,2023-12-01,short_rains,67.74800443649292,-0.3087159094324569,0.493881048305383,-0.4792060607011947,-0.41953450775713647,-0.4792060607011947,normal
Tharaka,2024,1,2024-01-01,hot_dry,49.865422524511814,0.4988238758446705,0.5484006425842536,0.7035446591882363,0.6318923850179883,0.4988238758446705,good
Tharaka,2024,2,2024-02-01,hot_dry,76.50426423549652,1.8998529921182432,0.4163007852048866,-0.2139987250682054,0.5258493759470516,-0.2139987250682054,good
Tharaka,2024,3,2024-03-01,long_rains,39.600170239806175,-0.569840463644422,0.4210457305383479,0.971835483496563,0.43224890199721827,-0.569840463644422,normal
Tharaka,2024,4,2024-04-01,long_rains,553.497470870614,0.8973897395394802,0.5235928569858815,1.6946906962860486,1.4156353614247497,0.8973897395394802,very_good
Tharaka,2024,5,2024-05-01,long_rains,173.379780292511,0.9180187853781282,0.6114350607396317,0.5594820363793983,0.6849698985289538,0.5594820363793983,good
Tharaka,2024,6,2024-06-01,cool_dry,4.979741102317348,-0.7871986845053215,0.560245828582378,1.1951810947271486,0.5013481719957842,-0.7871986845053215,good
Tharaka,2024,7,2024-07-01,cool_dry,14.499637566506864,-0.7926226642599243,0.5438978093259496,1.8261390795117352,0.9095724691916542,-0.7926226642599243,good
Tharaka,2024,8,2024-08-01,cool_dry,14.348909124732018,0.0097672087514663,0.3479168989514608,1.11582609870506,0.7287054872213022,0.0097672087514663,good
Tharaka,2024,9,2024-09-01,cool_dry,4.006373185221719,-1.573316389840299,0.345457688803138,1.5606078739189575,0.4637343816032179,-1.573316389840299,normal
Tharaka,2024,10,2024-10-01,short_rains,50.353772312402725,-0.6289130243138827,0.3478348797162257,1.2773656220109604,0.6101680957972653,-0.6289130243138827,good
Tharaka,2024,11,2024-11-01,short_rains,418.5643737316131,0.6441952790258861,0.404562320657701,-0.1255039941194159,0.1438907514814398,-0.1255039941194159,normal
Tharaka,2024,12,2024-12-01,short_rains,54.968079172074795,-0.4558357599077025,0.5571488968772091,0.7901419278387557,0.3540497371274953,-0.4558357599077025,normal
Trans Nzoia,2017,1,2017-01-01,hot_dry,36.378104496747255,0.1986397657287238,0.4149378762946655,-1.022732160341564,-0.5952519862169633,-1.022732160341564,moderate_stress
Trans Nzoia,2017,2,2017-02-01,hot_dry,82.08613693714142,1.548607898974429,,,,,no_data
Trans Nzoia,2017,3,2017-03-01,long_rains,60.406219547614455,-0.7621082631409335,0.355487968357741,-0.2358281283727953,-0.4200261755416437,-0.7621082631409335,normal
Trans Nzoia,2017,4,2017-04-01,long_rains,94.78558346629144,-1.2659533821865432,0.3780239029408644,-0.2120942723159672,-0.5809449607706687,-1.2659533821865432,moderate_stress
Trans Nzoia,2017,5,2017-05-01,long_rains,212.6746769696474,0.0795637387626233,0.735175454910104,1.7718804274774909,1.1795695864272873,0.0795637387626233,good
Trans Nzoia,2017,6,2017-06-01,cool_dry,107.78037920594215,-0.7071932471725622,0.6984163701299224,1.0360827249353477,0.4259361346975793,-0.7071932471725622,normal
Trans Nzoia,2017,7,2017-07-01,cool_dry,328.9267850071192,1.7648815306774186,0.6138379682607696,0.3647888288583829,0.8548212744950454,0.3647888288583829,good
Trans Nzoia,2017,8,2017-08-01,cool_dry,204.2687783762813,-0.1737739814417928,0.5784261456231555,0.1032383546744357,0.006284037033755734,-0.1737739814417928,normal
Trans Nzoia,2017,9,2017-09-01,cool_dry,162.49253463745117,0.5936218382693216,0.5014655984257335,-1.505478384717948,-0.7707933066724036,-1.505478384717948,moderate_stress
Trans Nzoia,2017,10,2017-10-01,short_rains,215.7427980005741,1.3508549884223084,0.6129423058405025,1.4981602824706148,1.4466034295537076,1.3508549884223084,very_good
Trans Nzoia,2017,11,2017-11-01,short_rains,88.40532441437244,-0.2652736751128722,0.6123859970734253,0.8230649876461348,0.4421464556804824,-0.2652736751128722,normal
Trans Nzoia,2017,12,2017-12-01,short_rains,15.527127902954817,-0.5750831931217681,0.5266339779270927,-0.6813171535152266,-0.6441352673775161,-0.6813171535152266,moderate_stress
Trans Nzoia,2018,1,2018-01-01,hot_dry,11.047202929854391,-1.1027832526003576,0.4289298239883474,-0.6943460859641286,-0.8372990942868087,-1.1027832526003576,moderate_stress
Trans Nzoia,2018,2,2018-02-01,hot_dry,19.61505837738514,-0.8863651446215282,0.3690780644549718,-0.4113452702465501,-0.5776022262777925,-0.8863651446215282,moderate_stress
Trans Nzoia,2018,3,2018-03-01,long_rains,156.7111977338791,0.8264863265416028,0.4768693874235913,1.464101823436743,1.240936399523444,0.8264863265416028,good
Trans Nzoia,2018,4,2018-04-01,long_rains,312.9281314909458,1.8815349705193232,,,,,no_data
Trans Nzoia,2018,5,2018-05-01,long_rains,322.62600296735764,2.023473977494514,0.6436681512334886,0.5898439419723952,1.0916144544051367,0.5898439419723952,good
Trans Nzoia,2018,6,2018-06-01,cool_dry,213.74842131137848,1.1966245156985698,0.7630242060048571,1.79965191763397,1.5885923269565798,1.1966245156985698,very_good
Trans Nzoia,2018,7,2018-07-01,cool_dry,185.87218776345253,-0.23845545421042,,,,,no_data
Trans Nzoia,2018,8,2018-08-01,cool_dry,157.65315279364586,-0.8639198856618193,,,,,no_data
Trans Nzoia,2018,9,2018-09-01,cool_dry,64.95864476263523,-2.2067143072921533,0.6363093662444459,1.5511696471985317,0.23591026312679197,-2.2067143072921533,normal
Trans Nzoia,2018,10,2018-10-01,short_rains,112.1334767639637,-1.1924971129161146,0.5854990350336269,0.7620496634243131,0.07795829170516344,-1.1924971129161146,normal
Trans Nzoia,2018,11,2018-11-01,short_rains,33.87197560071945,-1.375532858371301,0.5339419722844405,-0.1660590034472047,-0.5893748526706384,-1.375532858371301,moderate_stress
Trans Nzoia,2018,12,2018-12-01,short_rains,52.673051524558105,0.4879802517988443,0.5328627593208027,-0.5059639708015591,-0.15808349289141793,-0.5059639708015591,normal
Trans Nzoia,2019,1,2019-01-01,hot_dry,16.6056826710701,-0.8172058339273227,0.4512836764583203,-0.1697090575437426,-0.3963329292779956,-0.8172058339273227,normal
Trans Nzoia,2019,2,2019-02-01,hot_dry,20.476380452513695,-0.8527928727295676,0.3708814426603959,-0.3849486514972134,-0.5486941289285374,-0.8527928727295676,moderate_stress
Trans Nzoia,2019,3,2019-03-01,long_rains,65.86469721794128,-0.6720681815346342,0.3307960609148224,-0.5816348700682004,-0.6132865290814522,-0.6720681815346342,moderate_stress
Trans Nzoia,2019,4,2019-04-01,long_rains,127.94873213768004,-0.7874560641371928,0.297062492058445,-1.1999267034864818,-1.0555619797142306,-1.1999267034864818,moderate_stress
Trans Nzoia,2019,5,2019-05-01,long_rains,145.1480055451393,-1.114289875811512,0.4752602168756122,-1.5855487847442131,-1.4206081666177677,-1.5855487847442131,severe_stress
Trans Nzoia,2019,6,2019-06-01,cool_dry,185.8830695450306,0.6959966791604444,0.5055156196151646,-1.2437192270544424,-0.5648186598792321,-1.2437192270544424,moderate_stress
Trans Nzoia,2019,7,2019-07-01,cool_dry,172.74714896082878,-0.4222585347685196,0.665036360234757,1.0088954248229622,0.5079915389659437,-0.4222585347685196,good
Trans Nzoia,2019,8,2019-08-01,cool_dry,232.32470346987247,0.2415949329605605,0.5924494063322314,0.3450687021842565,0.3088528829559629,0.2415949329605605,normal
Trans Nzoia,2019,9,2019-09-01,cool_dry,147.83163332939148,0.1726865929698318,0.582423086373597,0.3296716574955636,0.27472688491155745,0.1726865929698318,normal
Trans Nzoia,2019,10,2019-10-01,short_rains,218.30975459516048,1.4138674121209096,0.575971749128196,0.5064993547518957,0.8240781748310506,0.5064993547518957,good
Trans Nzoia,2019,11,2019-11-01,short_rains,135.4556149095297,0.6926359019374692,0.6020842644248618,0.6931673830811722,0.6929813646808761,0.6926359019374692,good
Trans Nzoia,2019,12,2019-12-01,short_rains,110.31544168293476,2.137623385711503,0.5671890470977162,0.4603925975161773,1.0474233733845413,0.4603925975161773,good
Trans Nzoia,2020,1,2020-01-01,hot_dry,51.686372466385365,0.9851310105755042,0.5478497843334146,2.0966634144838188,1.7076270731159087,0.9851310105755042,very_good
Trans Nzoia,2020,2,2020-02-01,hot_dry,38.79889067262411,-0.1386253010218966,0.5346690265553847,2.0124621605816087,1.2595815490203819,-0.1386253010218966,very_good
Trans Nzoia,2020,3,2020-03-01,long_rains,220.53075339645147,1.8792190382963272,0.4424079180794077,0.9814737212742312,1.2956845822319647,0.9814737212742312,very_good
Trans Nzoia,2020,4,2020-04-01,long_rains,226.2156119644642,0.6303959895419172,0.5044725027290479,1.3307398555165626,1.0856195024254367,0.6303959895419172,good
Trans Nzoia,2020,5,2020-05-01,long_rains,195.05255821347237,-0.2319906401176398,0.5726117717629222,-0.3280197660320254,-0.2944095719619904,-0.3280197660320254,normal
Trans Nzoia,2020,6,2020-06-01,cool_dry,225.18183332681656,1.4020367555846038,0.5980043572678064,-0.1506389561125571,0.3927975429814492,-0.1506389561125571,normal
Trans Nzoia,2020,7,2020-07-01,cool_dry,281.78411765396595,1.1046954835700262,0.6347053193234053,0.6273126687981426,0.7943966539683018,0.6273126687981426,good
Trans Nzoia,2020,8,2020-08-01,cool_dry,321.3848700746894,1.560133694228702,0.5071755037564227,-1.1254749838558895,-0.18551194652628256,-1.1254749838558895,normal
Trans Nzoia,2020,9,2020-09-01,cool_dry,177.7365775257349,1.0312999044198727,0.5571785329634501,-0.242573658294461,0.20328208865555575,-0.242573658294461,normal
Trans Nzoia,2020,10,2020-10-01,short_rains,186.32624527066943,0.6287515106002858,0.5836710115637779,0.7130166054666375,0.6835238222634143,0.6287515106002858,good
Trans Nzoia,2020,11,2020-11-01,short_rains,175.31806138157845,1.504206220385606,0.5715584153080845,0.3082578913624382,0.7268398065205469,0.3082578913624382,good
Trans Nzoia,2020,12,2020-12-01,short_rains,11.586956266313791,-0.6878452952650587,0.5808555814317571,0.845134032583985,0.3085912678368198,-0.6878452952650587,normal
Trans Nzoia,2021,1,2021-01-01,hot_dry,36.84902086108923,0.2228339853716398,0.481324721540683,0.5353436685500844,0.4259652794376288,0.2228339853716398,normal
Trans Nzoia,2021,2,2021-02-01,hot_dry,40.45183877274394,-0.0741973423721198,0.3544320194418958,-0.6257240762191308,-0.43268971937267703,-0.6257240762191308,normal
Trans Nzoia,2021,3,2021-03-01,long_rains,53.22770070284605,-0.8805212093198639,0.3740079781180234,0.0235420416383942,-0.2928800961969961,-0.8805212093198639,normal
Trans Nzoia,2021,4,2021-04-01,long_rains,170.88720807433128,-0.1679146032101092,0.3889465556572774,-0.0788239837910366,-0.110005700587712,-0.1679146032101092,normal
Trans Nzoia,2021,5,2021-05-01,long_rains,253.44855327904224,0.8004350416905291,0.6152259077350384,0.2224440930641621,0.42474092508339056,0.2224440930641621,normal
Trans Nzoia,2021,6,2021-06-01,cool_dry,117.0099113509059,-0.5413758281521287,0.614832713049498,0.0482473533367369,-0.15812076018436605,-0.5413758281521287,normal
Trans Nzoia,2021,7,2021-07-01,cool_dry,127.85804218053818,-1.050885713232139,0.6135874753838888,0.3616374776533867,-0.13274563915654725,-1.050885713232139,normal
Trans Nzoia,2021,8,2021-08-01,cool_dry,165.43783676624298,-0.7486673776843976,0.6488068578599869,1.316949805336272,0.5939837912790378,-0.7486673776843976,good
Trans Nzoia,2021,9,2021-09-01,cool_dry,156.03952204063535,0.4083467052276643,0.5788223538281186,0.2480499983960424,0.30415384578711,0.2480499983960424,normal
Trans Nzoia,2021,10,2021-10-01,short_rains,149.85007748007774,-0.2666480238403799,0.5323250654033269,-0.6642352709466589,-0.5250797344594612,-0.6642352709466589,moderate_stress
Trans Nzoia,2021,11,2021-11-01,short_rains,46.29736291989684,-1.1225610406345967,0.5970691762291354,0.6299306475211853,0.016558556666661672,-1.1225610406345967,normal
Trans Nzoia,2021,12,2021-12-01,short_rains,0.0,-1.0194474858604303,0.5380926005729996,-0.3587330357769302,-0.5899830933061553,-1.0194474858604303,moderate_stress
Trans Nzoia,2022,1,2022-01-01,hot_dry,34.58117112517357,0.1063189122449237,0.4218743742981208,-0.8599350002070836,-0.5217461308488811,-0.8599350002070836,moderate_stress
Trans Nzoia,2022,2,2022-02-01,hot_dry,50.571613140404224,0.3202472287898071,0.3500840060375054,-0.6893673274281629,-0.3360022327518734,-0.6893673274281629,normal
Trans Nzoia,2022,3,2022-03-01,long_rains,69.84993978589773,-0.6063297856462783,0.3240785581560332,-0.6757125652287248,-0.6514285923748685,-0.6757125652287248,moderate_stress
Trans Nzoia,2022,4,2022-04-01,long_rains,146.97439812868834,-0.5129426202839436,0.3133116552805072,-1.0016661959781847,-0.8306129444852004,-1.0016661959781847,moderate_stress
Trans Nzoia,2022,5,2022-05-01,long_rains,177.1308982744813,-0.548840827546952,0.5480969481440091,-0.644687559628948,-0.6111412034002494,-0.644687559628948,moderate_stress
Trans Nzoia,2022,6,2022-06-01,cool_dry,92.23840051237494,-0.9864198377472688,0.5995263965705071,-0.1326506996436602,-0.4314698979799232,-0.9864198377472688,normal
Trans Nzoia,2022,7,2022-07-01,cool_dry,165.5314499437809,-0.5233072042359445,0.4813646744085765,-1.3018049657807944,-1.029330749240097,-1.3018049657807944,moderate_stress
Trans Nzoia,2022,8,2022-08-01,cool_dry,310.6355830132961,1.4009901378356855,0.5007488452987764,-1.2363023499287236,-0.3132499792111805,-1.2363023499287236,normal
Trans Nzoia,2022,9,2022-09-01,cool_dry,131.2310806810856,-0.3039387900330726,0.5955134129888601,0.626404103740182,0.3007840909195429,-0.3039387900330726,normal
Trans Nzoia,2022,10,2022-10-01,short_rains,127.85216232389212,-0.8066423319758496,0.5129819268005288,-1.1830761128931229,-1.0513242895720771,-1.1830761128931229,moderate_stress
Trans Nzoia,2022,11,2022-11-01,short_rains,99.59021556377412,-0.0375574540752947,0.3661015521218015,-2.2824086770473855,-1.4967107490071538,-2.2824086770473855,severe_stress
Trans Nzoia,2022,12,2022-12-01,short_rains,42.19845912605524,0.188212331293679,0.4906478645219228,-1.6944012738639869,-1.0354865120588037,-1.6944012738639869,moderate_stress
Trans Nzoia,2023,1,2023-01-01,hot_dry,9.077132303267716,-1.2039993603019827,0.4573377668088198,-0.027621693607657,-0.439353876950671,-1.2039993603019827,normal
Trans Nzoia,2023,2,2023-02-01,hot_dry,12.21977636963129,-1.1746155279000243,0.3584188938876489,-0.5673669304859265,-0.7799039395808607,-1.1746155279000243,moderate_stress
Trans Nzoia,2023,3,2023-03-01,long_rains,145.97221460938454,0.6493418962997064,0.2566079589254227,-1.6206289567270755,-0.826139158167702,-1.6206289567270755,moderate_stress
Trans Nzoia,2023,4,2023-04-01,long_rains,154.765004966408,-0.4005351853095339,0.383350957191188,-0.1470974189543485,-0.2358006371786634,-0.4005351853095339,normal
Trans Nzoia,2023,5,2023-05-01,long_rains,163.98987913131714,-0.781170555524044,0.5612939311576348,-0.4742168453368496,-0.5816506439023676,-0.781170555524044,moderate_stress
Trans Nzoia,2023,6,2023-06-01,cool_dry,152.6409619152546,0.0987702538776957,0.5281244123593848,-0.9765166905538778,-0.600166260002827,-0.9765166905538778,moderate_stress
Trans Nzoia,2023,7,2023-07-01,cool_dry,133.68538057804108,-0.9692796498122412,0.4618651819564587,-1.5471203208558504,-1.3448760859905873,-1.5471203208558504,severe_stress
Trans Nzoia,2023,8,2023-08-01,cool_dry,146.56103144027293,-1.0281391152755357,0.5455183750419202,-0.4642543105858687,-0.6616139922272521,-1.0281391152755357,moderate_stress
Trans Nzoia,2023,9,2023-09-01,cool_dry,162.28663520514965,0.5877101738892319,0.5115096460227548,-1.2777992059428025,-0.6248709230015905,-1.2777992059428025,moderate_stress
Trans Nzoia,2023,10,2023-10-01,short_rains,136.75341334193945,-0.5881386760201155,0.5138365800241728,-1.1601517567566502,-0.959947178498863,-1.1601517567566502,moderate_stress
Trans Nzoia,2023,11,2023-11-01,short_rains,84.22813096642494,-0.3503182851858472,0.5280024488745408,-0.2409522169991087,-0.2792303408644672,-0.3503182851858472,normal
Trans Nzoia,2023,12,2023-12-01,short_rains,36.60429580882192,0.0281153422391934,0.6026384812289116,1.458368077371805,0.9577796200753911,0.0281153422391934,good
Trans Nzoia,2024,1,2024-01-01,hot_dry,63.86954911053181,1.6110647729088714,0.4645794014032968,0.1423369146302753,0.6563916650277839,0.1423369146302753,good
Trans Nzoia,2024,2,2024-02-01,hot_dry,74.62372779846191,1.2577410608809008,0.4427005291375503,0.6662900952953743,0.8732979332503086,0.6662900952953743,good
Trans Nzoia,2024,3,2024-03-01,long_rains,80.29584426432848,-0.4340198214959266,0.4183600694532319,0.6446869340474266,0.267139569607253,-0.4340198214959266,normal
Trans Nzoia,2024,4,2024-04-01,long_rains,225.69407126307487,0.6228708950660822,0.5026799739424407,1.3088687190094563,1.0687694806292753,0.6228708950660822,good
Trans Nzoia,2024,5,2024-05-01,long_rains,195.32460874691608,-0.2271808589475185,0.6327108808976736,0.4483044932279785,0.21188461996655455,-0.2271808589475185,normal
Trans Nzoia,2024,6,2024-06-01,cool_dry,82.66365809366107,-1.1584392912493544,0.5785588252921653,-0.380456422541517,-0.6527504265892601,-1.1584392912493544,moderate_stress
Trans Nzoia,2024,7,2024-07-01,cool_dry,226.7937016412616,0.3346095420118194,0.6234958572064013,0.4862908865037745,0.4332024159315902,0.3346095420118194,normal
Trans Nzoia,2024,8,2024-08-01,cool_dry,189.78421664237976,-0.3882184049614031,0.6339517779499225,1.060774782175502,0.5536271666775853,-0.3882184049614031,good
Trans Nzoia,2024,9,2024-09-01,cool_dry,131.95994310081005,-0.2830121174506964,0.5798151972090545,0.2705558421249045,0.07680705627344421,-0.2830121174506964,normal
Trans Nzoia,2024,10,2024-10-01,short_rains,138.73287625715602,-0.5395477663910442,0.5394820786533269,-0.4722627655170172,-0.4958125158229266,-0.5395477663910442,normal
Trans Nzoia,2024,11,2024-11-01,short_rains,148.3129170909524,0.9544011910568364,0.5657485034140051,0.2349989878827755,0.4867897589936968,0.2349989878827755,normal
Trans Nzoia,2024,12,2024-12-01,short_rains,16.06970752775669,-0.5595553367959624,0.5677619399764557,0.4765207264857401,0.11389410433714428,-0.5595553367959624,normal
Turkana,2017,1,2017-01-01,hot_dry,5.7618245377670965,-0.0147454775238049,0.1189455585276072,-0.8193376597138676,-0.5377303959473456,-0.8193376597138676,moderate_stress
Turkana,2017,2,2017-02-01,hot_dry,29.598576052463613,1.1516099997582308,0.1350223463317681,-0.103909202205311,0.3355225184819286,-0.103909202205311,normal
Turkana,2017,3,2017-03-01,long_rains,27.71167743951082,-0.7273342246643153,0.1034309091524546,-0.8717680067283665,-0.8212161830059486,-0.8717680067283665,moderate_stress
Turkana,2017,4,2017-04-01,long_rains,25.783518888405524,-1.274114348117573,0.1062160202128858,-0.6194329417888909,-0.8485714340039296,-1.274114348117573,moderate_stress
Turkana,2017,5,2017-05-01,long_rains,29.79065589653328,-0.4295805640809481,0.1385413757695922,-1.5991145384629937,-1.1897776474292778,-1.5991145384629937,moderate_stress
Turkana,2017,6,2017-06-01,cool_dry,9.126574772875756,-0.8130432301262922,0.165725369733506,-1.194368786246135,-1.06090484160419,-1.194368786246135,moderate_stress
Turkana,2017,7,2017-07-01,cool_dry,72.9334940481931,1.463160070989352,0.1509772120773525,-0.7573839199519794,0.0198064768774866,-0.7573839199519794,normal
Turkana,2017,8,2017-08-01,cool_dry,20.297128641745076,-0.3497487930007772,0.1458635667936346,-0.6856209788411038,-0.5680657137969896,-0.6856209788411038,moderate_stress
Turkana,2017,9,2017-09-01,cool_dry,16.9126701252535,0.6196295062815665,0.2053998493056843,0.6191869425417198,0.6193418398506662,0.6191869425417198,good
Turkana,2017,10,2017-10-01,short_rains,42.6796051163692,0.6817880120639364,0.1729844133388451,0.1528162432291177,0.3379563623213042,0.1528162432291177,normal
Turkana,2017,11,2017-11-01,short_rains,23.923537283902988,-0.2368715079278308,0.2673247091480003,1.1786713691666375,0.6832313621835737,-0.2368715079278308,good
Turkana,2017,12,2017-12-01,short_rains,7.824290021788328,-0.7040298067503729,0.1902455798857606,0.0525150532431376,-0.21227564775459107,-0.7040298067503729,normal
Turkana,2018,1,2018-01-01,hot_dry,0.286790569836739,-1.1165518606544118,0.134185308416631,-0.3806214550476977,-0.6381970970100477,-1.1165518606544118,moderate_stress
Turkana,2018,2,2018-02-01,hot_dry,13.375475660315717,-0.3158473631110127,0.1218298658775238,-0.3829417895116275,-0.35945874027141234,-0.3829417895116275,normal
Turkana,2018,3,2018-03-01,long_rains,102.34768658084796,1.0936408456087163,0.1868844251859928,1.013085482346127,1.0412798594880333,1.013085482346127,good
Turkana,2018,4,2018-04-01,long_rains,150.74836947768927,1.2883703892310954,0.6179644433118527,2.354235451504045,1.9811826797085126,1.2883703892310954,very_good
Turkana,2018,5,2018-05-01,long_rains,77.5320974024944,1.9238768617114812,0.2597040108042838,0.5578105715660561,1.035933773116955,0.5578105715660561,good
Turkana,2018,6,2018-06-01,cool_dry,39.6570822680369,0.9220964115548334,0.2766069564550537,1.8912554303777576,1.5520497737897343,0.9220964115548334,very_good
Turkana,2018,7,2018-07-01,cool_dry,17.72505828505382,-0.8940051448126102,0.2477412161547884,1.6540188567946468,0.7622104562321068,-0.8940051448126102,good
Turkana,2018,8,2018-08-01,cool_dry,22.986942051677033,-0.1037791180874829,0.1112498356724438,-1.2960366543766475,-0.8787465166754399,-1.2960366543766475,moderate_stress
Turkana,2018,9,2018-09-01,cool_dry,5.98462574277073,-1.534299169099434,0.1802952066487097,-0.1343897317588822,-0.6243580348280754,-1.534299169099434,moderate_stress
Turkana,2018,10,2018-10-01,short_rains,10.718295229482464,-1.283251718119108,0.1433507392791881,-0.7185914263793376,-0.9162225284882572,-1.283251718119108,moderate_stress
Turkana,2018,11,2018-11-01,short_rains,11.395135726779698,-1.1158775262924538,0.144398119884164,-0.7910317207590036,-0.9047277526957112,-1.1158775262924538,moderate_stress
Turkana,2018,12,2018-12-01,short_rains,27.591022219858132,0.3122653369173381,0.1599253111324073,-0.5022065388295521,-0.21714138231814056,-0.5022065388295521,normal
Turkana,2019,1,2019-01-01,hot_dry,0.922303783008828,-0.9886599573459948,0.1454687363250235,-0.0557983638787532,-0.3822999215922877,-0.9886599573459948,normal
Turkana,2019,2,2019-02-01,hot_dry,7.959465384250506,-0.805751509967809,0.1164434381324704,-0.4968694830377705,-0.604978192463284,-0.805751509967809,moderate_stress
Turkana,2019,3,2019-03-01,long_rains,33.72098438965622,-0.5807186932107105,0.113912788771585,-0.6350277432715589,-0.6160195757502619,-0.6350277432715589,moderate_stress
Turkana,2019,4,2019-04-01,long_rains,58.10892476583831,-0.6112610833882207,0.1054800911608686,-0.6237092792682276,-0.6193524107102253,-0.6237092792682276,moderate_stress
Turkana,2019,5,2019-05-01,long_rains,17.13317344104871,-1.0535425798273317,0.1503464289145779,-1.38896216313411,-1.2715653089767376,-1.38896216313411,severe_stress
Turkana,2019,6,2019-06-01,cool_dry,46.68749753199518,1.321655843179332,0.1946213239672427,-0.3902491954074629,0.20891756809791528,-0.3902491954074629,normal
Turkana,2019,7,2019-07-01,cool_dry,44.43565563973971,0.2464236702308059,0.1915242745483453,0.2530672283203242,0.2507419829889928,0.2464236702308059,normal
Turkana,2019,8,2019-08-01,cool_dry,25.262483298545703,0.10430748698236,0.19251716490994,0.1371186302065268,0.1256347300780684,0.10430748698236,normal
Turkana,2019,9,2019-09-01,cool_dry,11.25108811398968,-0.4962740731026753,0.1704856337522186,-0.4288478294364198,-0.45244701471960924,-0.4962740731026753,normal
Turkana,2019,10,2019-10-01,short_rains,49.24124576072791,1.0852096680280088,0.1830345641454782,0.4483509270483085,0.6712514863912036,0.4483509270483085,good
Turkana,2019,11,2019-11-01,short_rains,45.04244909295812,1.2448538739439223,0.2554353558331433,0.9881633911796416,1.0780050601471398,0.9881633911796416,good
Turkana,2019,12,2019-12-01,short_rains,60.89573981123976,2.0246081971424035,0.2629691469023928,1.3830221541147143,1.6075772691744055,1.3830221541147143,very_good
Turkana,2020,1,2020-01-01,hot_dry,12.82368441784638,1.4063968091215058,0.2238684632716103,2.20114357436416,1.922982206529231,1.4063968091215058,very_good
Turkana,2020,2,2020-02-01,hot_dry,15.201197933405638,-0.1507020131200259,0.2536248409505444,2.4046380758627492,1.510269044718778,-0.1507020131200259,very_good
Turkana,2020,3,2020-03-01,long_rains,130.77382329432294,1.7871839073952536,0.2306035417232544,2.000510976933982,1.925846502595427,1.7871839073952536,very_good
Turkana,2020,4,2020-04-01,long_rains,92.68893531057984,0.0978243019853758,0.2403885414429699,0.1602169166595579,0.13837950152359418,0.0978243019853758,normal
Turkana,2020,5,2020-05-01,long_rains,33.615699637215585,-0.2410215823760158,0.2687865863716008,0.7194976733633488,0.3833159338545712,-0.2410215823760158,normal
Turkana,2020,6,2020-06-01,cool_dry,47.0011992752552,1.33948444725613,0.2343753709214631,0.7160305180925969,0.9342393932998334,0.7160305180925969,good
Turkana,2020,7,2020-07-01,cool_dry,34.88445934280753,-0.1613717575733027,0.2300956060537948,1.2142822667205853,0.7328033582177245,-0.1613717575733027,good
Turkana,2020,8,2020-08-01,cool_dry,46.442391327931546,2.041101717186339,0.2550392941212374,1.2397009437055195,1.5201912144238063,1.2397009437055195,very_good
Turkana,2020,9,2020-09-01,cool_dry,21.278794955811463,1.4801971562360794,0.2213901041714334,1.0991731844332175,1.2325315745642191,1.0991731844332175,good
Turkana,2020,10,2020-10-01,short_rains,40.10070639336482,0.5232326065202757,0.2303180829100794,1.838769840835394,1.3783318088251026,0.5232326065202757,very_good
Turkana,2020,11,2020-11-01,short_rains,22.193037500604987,-0.3582852187960583,0.23472525946197,0.6563170342665351,0.3012062456946274,-0.3582852187960583,normal
Turkana,2020,12,2020-12-01,short_rains,31.349596203421243,0.5055102520775685,0.2159460342180352,0.5227152701397673,0.5166935138179978,0.5055102520775685,good
Turkana,2021,1,2021-01-01,hot_dry,4.888153941137715,-0.1905646314794215,0.1682304341240201,0.5994568563743242,0.32294933562551326,-0.1905646314794215,normal
Turkana,2021,2,2021-02-01,hot_dry,17.287610048777424,0.0380239854051275,0.141058098281382,0.0237522704556604,0.028747370687973884,0.0237522704556604,normal
Turkana,2021,3,2021-03-01,long_rains,23.929393184371293,-0.8196146857518397,0.1290486401084718,-0.2931744151148543,-0.47742850983779916,-0.8196146857518397,normal
Turkana,2021,4,2021-04-01,long_rains,42.25574445538223,-0.9363407549311864,0.1234094149443327,-0.5195255416317918,-0.6654108662865799,-0.9363407549311864,moderate_stress
Turkana,2021,5,2021-05-01,long_rains,57.71273943467531,0.9468637319764251,0.25264387810558,0.4321267954282126,0.612284723220087,0.4321267954282126,good
Turkana,2021,6,2021-06-01,cool_dry,10.103163053223398,-0.7575408104858403,0.2038097570869557,-0.1345525320992905,-0.3525984295345829,-0.7575408104858403,normal
Turkana,2021,7,2021-07-01,cool_dry,28.75672741350718,-0.4229998286433699,0.1667700340599395,-0.3638196483557002,-0.38453271145638457,-0.4229998286433699,normal
Turkana,2021,8,2021-08-01,cool_dry,15.06023228529375,-0.8286361721753542,0.1827538515873399,-0.0350581130753193,-0.3128104337603315,-0.8286361721753542,normal
Turkana,2021,9,2021-09-01,cool_dry,17.061543618910946,0.6489726234734163,0.1673044063352359,-0.524340078015297,-0.11368063249424737,-0.524340078015297,normal
Turkana,2021,10,2021-10-01,short_rains,11.345692442031575,-1.244678191138259,0.1710539036755841,0.0960476858294436,-0.37320637110925226,-1.244678191138259,normal
Turkana,2021,11,2021-11-01,short_rains,12.705141043988988,-1.023966155742401,0.1403501203679343,-0.8558944750490625,-0.9147195632917309,-1.023966155742401,moderate_stress
Turkana,2021,12,2021-12-01,short_rains,0.0,-1.1063111687940037,0.1271993779322028,-1.1009407358961332,-1.102820387410388,-1.1063111687940037,moderate_stress
Turkana,2022,1,2022-01-01,hot_dry,10.536506480770186,0.9461207149115092,0.1305856779105456,-0.4842462681404482,0.016382175927736886,-0.4842462681404482,normal
Turkana,2022,2,2022-02-01,hot_dry,10.068736715707926,-0.6149577855367911,0.1281372643509787,-0.2495347534865098,-0.3774328147041083,-0.6149577855367911,normal
Turkana,2022,3,2022-03-01,long_rains,25.139573049731553,-0.7900886246625567,0.114545365594773,-0.6207405725331276,-0.6800123907784278,-0.7900886246625567,moderate_stress
Turkana,2022,4,2022-04-01,long_rains,62.11558845033869,-0.5291018642893596,0.1103120394879618,-0.5956317877318775,-0.5723463145269962,-0.5956317877318775,moderate_stress
Turkana,2022,5,2022-05-01,long_rains,35.78270393193816,-0.1341971508493277,0.2289814757665513,0.0108910757358527,-0.039889803568960436,-0.1341971508493277,normal
Turkana,2022,6,2022-06-01,cool_dry,10.690859094262125,-0.7241402946828531,0.1934357554038362,-0.423241319509202,-0.5285559608199799,-0.7241402946828531,moderate_stress
Turkana,2022,7,2022-07-01,cool_dry,17.71907926350832,-0.8942604235832684,0.1415482005312538,-0.9923591552268952,-0.9580245991516259,-0.9923591552268952,moderate_stress
Turkana,2022,8,2022-08-01,cool_dry,25.030495574697852,0.0830933965149567,0.1720866034544035,-0.2231758127354197,-0.11598158949778797,-0.2231758127354197,normal
Turkana,2022,9,2022-09-01,cool_dry,16.569472127128392,0.5519848313862149,0.1741355764399943,-0.3192859563747583,-0.014341180658417718,-0.3192859563747583,normal
Turkana,2022,10,2022-10-01,short_rains,15.062469742726536,-1.0161639315551545,0.1221388238538227,-1.3423489041574157,-1.2281841637466244,-1.3423489041574157,moderate_stress
Turkana,2022,11,2022-11-01,short_rains,18.30006162263453,-0.6314205593646014,0.0949355414032357,-1.5835908753977792,-1.250331264786167,-1.5835908753977792,severe_stress
Turkana,2022,12,2022-12-01,short_rains,22.171819194220006,0.0336401366405217,0.106478500820644,-1.48003757154655,-0.9502503736810749,-1.48003757154655,moderate_stress
Turkana,2023,1,2023-01-01,hot_dry,0.9317968385294074,-0.9867495565650584,0.1185824602695471,-0.8297903961995077,-0.8847261023274504,-0.9867495565650584,moderate_stress
Turkana,2023,2,2023-02-01,hot_dry,4.552667701849713,-1.1139127258883263,0.1053051139081998,-0.7324548558821133,-0.8659651103842879,-1.1139127258883263,moderate_stress
Turkana,2023,3,2023-03-01,long_rains,77.65615946985781,0.4912150750809997,0.1163282132830754,-0.5804737647879072,-0.20538267083378983,-0.5804737647879072,normal
Turkana,2023,4,2023-04-01,long_rains,118.68585016968429,0.6309077829039742,0.1811998947054781,-0.1837165477158122,0.10140196800111304,-0.1837165477158122,normal
Turkana,2023,5,2023-05-01,long_rains,17.901852551149204,-1.0156498496823558,0.2308786424992536,0.0446642481541127,-0.32644568608865127,-1.0156498496823558,normal
Turkana,2023,6,2023-06-01,cool_dry,13.826131185167467,-0.5459534468799284,0.1745498754224008,-0.9487995329690468,-0.8078034028378553,-0.9487995329690468,moderate_stress
Turkana,2023,7,2023-07-01,cool_dry,18.84164066822268,-0.8463318297149893,0.1405486345900128,-1.0172687908835705,-0.9574408544745671,-1.0172687908835705,moderate_stress
Turkana,2023,8,2023-08-01,cool_dry,9.324769417988136,-1.3531149080383449,0.1412715177263596,-0.7666020994166023,-0.9718815824342122,-1.3531149080383449,moderate_stress
Turkana,2023,9,2023-09-01,cool_dry,8.60764914797619,-1.0172985850128633,0.1280757663863428,-1.7018827514542167,-1.462278293199743,-1.7018827514542167,severe_stress
Turkana,2023,10,2023-10-01,short_rains,38.76458120532334,0.4410851886487379,0.1362208096703642,-0.9282541004166408,-0.44898534924375827,-0.9282541004166408,normal
Turkana,2023,11,2023-11-01,short_rains,36.691455317894,0.658939241966531,0.2287392241648285,0.5604003388486115,0.5948889549398833,0.5604003388486115,good
Turkana,2023,12,2023-12-01,short_rains,18.15791837638244,-0.1727322605496678,0.1901484587634409,0.0507381829905901,-0.02747647224850016,-0.1727322605496678,normal
Turkana,2024,1,2024-01-01,hot_dry,10.529714877251536,0.9447539595356756,0.1393894601092072,-0.2308062877582104,0.1806397987946497,-0.2308062877582104,normal
Turkana,2024,2,2024-02-01,hot_dry,36.894235155545175,1.8115374124606065,0.1180598824054039,-0.4626802621950744,0.33329592393441393,-0.4626802621950744,normal
Turkana,2024,3,2024-03-01,long_rains,38.903159006964415,-0.4542835997955476,0.1414796404216064,-0.0124119568442932,-0.16706703187723224,-0.4542835997955476,normal
Turkana,2024,4,2024-04-01,long_rains,152.95972101576626,1.3337155766058943,0.217559816068273,0.0275637299729966,0.48471687629451077,0.0275637299729966,normal
Turkana,2024,5,2024-05-01,long_rains,38.570933341863565,0.0032511331280726,0.297075064825701,1.2230863373495209,0.796144015872014,0.0032511331280726,good
Turkana,2024,6,2024-06-01,cool_dry,10.366775683825834,-0.7425589198153815,0.2260346981745029,0.4839254177607848,0.05465589960912659,-0.7425589198153815,normal
Turkana,2024,7,2024-07-01,cool_dry,74.01615869486704,1.5093852431073826,0.181749008036407,0.0094631625825873,0.5344358907662656,0.0094631625825873,good
Turkana,2024,8,2024-08-01,cool_dry,28.570146787445992,0.406776390618303,0.277152791500294,1.6296740845330469,1.2016598916628867,0.406776390618303,good
Turkana,2024,9,2024-09-01,cool_dry,12.485793977451976,-0.2529122901623054,0.2310915711168702,1.3903862200646326,0.8152317414852044,-0.2529122901623054,good
Turkana,2024,10,2024-10-01,short_rains,44.810159127926454,0.8127783655515628,0.1831997959960536,0.4532097340111287,0.5790587550502806,0.4532097340111287,good
Turkana,2024,11,2024-11-01,short_rains,48.14636395980051,1.4626278522128917,0.1842146554791358,-0.1530350622555813,0.4124469578083842,-0.1530350622555813,normal
Turkana,2024,12,2024-12-01,short_rains,4.1498176369350395,-0.8929506866837876,0.2460890630330207,1.0741941857840238,0.38569348042028984,-0.8929506866837876,normal
Uasin Gishu,2017,1,2017-01-01,hot_dry,40.42595535516739,-0.0430445847597722,0.3509972430920316,-0.9210308626014386,-0.6137356653568553,-0.9210308626014386,moderate_stress
Uasin Gishu,2017,2,2017-02-01,hot_dry,39.616808746010065,0.4255217626735365,,,,,no_data
Uasin Gishu,2017,3,2017-03-01,long_rains,44.81622697599232,-0.935928695404846,0.3189547288668763,-0.4121395157965132,-0.5954657286594296,-0.935928695404846,moderate_stress
Uasin Gishu,2017,4,2017-04-01,long_rains,99.29644870013,-1.10300625709089,0.3205235596946367,-0.3382830039860026,-0.6059361425727132,-1.10300625709089,moderate_stress
Uasin Gishu,2017,5,2017-05-01,long_rains,153.30679111927748,-0.2238979076893814,0.5894994996159107,1.137252276217097,0.6608497118498295,-0.2238979076893814,good
Uasin Gishu,2017,6,2017-06-01,cool_dry,76.29750688374043,-0.9294379659456956,0.6179007795404764,0.739740850656073,0.155528264845454,-0.9294379659456956,normal
Uasin Gishu,2017,7,2017-07-01,cool_dry,331.1201181858778,1.7644116923005273,0.5031094968190435,-0.3084146541912564,0.41707456708086776,-0.3084146541912564,normal
Uasin Gishu,2017,8,2017-08-01,cool_dry,211.3811001703143,-0.1126175109420864,0.6735979434996051,1.0934033266970662,0.6712960335233629,-0.1126175109420864,good
Uasin Gishu,2017,9,2017-09-01,cool_dry,137.32708836346865,0.3938403699680114,0.61657048234412,1.1118876788685446,0.860571120753358,0.3938403699680114,good
Uasin Gishu,2017,10,2017-10-01,short_rains,159.70057517290115,1.3977602755685827,0.5650198335604241,0.5240940893437132,0.8298772545224176,0.5240940893437132,good
Uasin Gishu,2017,11,2017-11-01,short_rains,87.70290296152234,-0.4365476378985906,0.5916919909345576,1.425678865059686,0.7738995890242892,-0.4365476378985906,good
Uasin Gishu,2017,12,2017-12-01,short_rains,21.282799005508423,-0.6864602172700048,0.4984611465189535,0.4353899976733902,0.04274242244320195,-0.6864602172700048,normal
Uasin Gishu,2018,1,2018-01-01,hot_dry,15.219949532300234,-1.0212672642395544,0.4072811596651348,0.193977430014227,-0.23135821297459647,-1.0212672642395544,normal
Uasin Gishu,2018,2,2018-02-01,hot_dry,22.73790955170989,-0.4873850396046486,0.3546145643449215,-0.2145178622265198,-0.3100213743088649,-0.4873850396046486,normal
Uasin Gishu,2018,3,2018-03-01,long_rains,158.70519237965345,1.0297909361582498,0.4534989111302269,1.381482601114772,1.2583905183799893,1.0297909361582498,very_good
Uasin Gishu,2018,4,2018-04-01,long_rains,368.4489781856537,1.800163816244006,,,,,no_data
Uasin Gishu,2018,5,2018-05-01,long_rains,249.55159287154677,1.4750941142703526,0.6107716595305587,1.4743082888793138,1.4745833277661773,1.4743082888793138,very_good
Uasin Gishu,2018,6,2018-06-01,cool_dry,237.79729422926903,1.4595946225927747,0.745503460272927,1.937161290163342,1.7700129565136435,1.4595946225927747,very_good
Uasin Gishu,2018,7,2018-07-01,cool_dry,173.37923267111182,-0.4063850569661083,,,,,no_data
Uasin Gishu,2018,8,2018-08-01,cool_dry,156.28507940471172,-0.9080969113536568,,,,,no_data
Uasin Gishu,2018,9,2018-09-01,cool_dry,49.75918595865369,-2.1395580339696583,0.6074512371831056,0.8205326465882764,-0.21549909160700065,-2.1395580339696583,normal
Uasin Gishu,2018,10,2018-10-01,short_rains,75.57296591997147,-1.00999815887433,0.5988512993893814,1.2237090943951785,0.4419115557508505,-1.00999815887433,normal
Uasin Gishu,2018,11,2018-11-01,short_rains,26.336255118250847,-1.509953574424478,0.4204962546536772,-0.776958829242625,-1.0335069900562734,-1.509953574424478,moderate_stress
Uasin Gishu,2018,12,2018-12-01,short_rains,69.23272424563766,0.328211974866507,0.4376130533565206,-0.4767375025151485,-0.1950051854315691,-0.4767375025151485,normal
Uasin Gishu,2019,1,2019-01-01,hot_dry,17.29077921062708,-0.9409002052570729,0.403004107647617,0.109247212967465,-0.2583043834111233,-0.9409002052570729,normal
Uasin Gishu,2019,2,2019-02-01,hot_dry,13.730169653892515,-0.9745748101701948,0.3353805692439205,-0.4802763046483441,-0.6532807815809918,-0.9745748101701948,moderate_stress
Uasin Gishu,2019,3,2019-03-01,long_rains,45.95238723605872,-0.916318608335405,0.2724605274900241,-1.031958422082774,-0.9914844872711949,-1.031958422082774,moderate_stress
Uasin Gishu,2019,4,2019-04-01,long_rains,110.40284867957234,-0.983208876384726,0.2660376242945622,-1.0091097240022646,-1.000044427336126,-1.0091097240022646,moderate_stress
Uasin Gishu,2019,5,2019-05-01,long_rains,98.66324765980244,-1.1885104654483167,0.4093157917989864,-1.717747044357144,-1.5325142417390545,-1.717747044357144,severe_stress
Uasin Gishu,2019,6,2019-06-01,cool_dry,178.16028326749802,0.5773967880787741,0.4151226611100663,-1.1631240601721644,-0.553941763284336,-1.1631240601721644,moderate_stress
Uasin Gishu,2019,7,2019-07-01,cool_dry,187.85872650146484,-0.2071213211541629,0.6073368076100066,1.708579087750196,1.0380839446336703,-0.2071213211541629,good
Uasin Gishu,2019,8,2019-08-01,cool_dry,232.1669745594263,0.187490095130328,0.6041425212488406,0.2953390443921113,0.25759191215048716,0.187490095130328,normal
Uasin Gishu,2019,9,2019-09-01,cool_dry,129.17896733433008,0.1581097398692874,0.5626606612402952,-0.6105024302466958,-0.3414881707061017,-0.6105024302466958,normal
Uasin Gishu,2019,10,2019-10-01,short_rains,154.2318665906787,1.241244129070601,0.5883570519910967,1.0066941715514237,1.088786656683136,1.0066941715514237,good
Uasin Gishu,2019,11,2019-11-01,short_rains,148.19853571243584,0.6216227789468253,0.5592999603683789,1.0089166893767738,0.8733638207262918,0.6216227789468253,good
Uasin Gishu,2019,12,2019-12-01,short_rains,151.5821324288845,2.0708143690097662,0.534327565030193,0.9730362073917678,1.3572585639580672,0.9730362073917678,very_good
Uasin Gishu,2020,1,2020-01-01,hot_dry,64.87603960931301,0.905841450603214,0.5022198493834242,2.074753196364241,1.6656340853478817,0.905841450603214,very_good
Uasin Gishu,2020,2,2020-02-01,hot_dry,28.62078028917313,-0.16920595391125,0.5005278851090205,1.8015841826806704,1.1118076348734984,-0.16920595391125,good
Uasin Gishu,2020,3,2020-03-01,long_rains,184.47059275209904,1.4745008617220414,0.4440894464750514,1.2560440750491595,1.332503950384668,1.2560440750491595,very_good
Uasin Gishu,2020,4,2020-04-01,long_rains,283.9201805591583,0.8884076604564305,0.4600657440895286,1.3797498273160318,1.2077800689151714,0.8884076604564305,good
Uasin Gishu,2020,5,2020-05-01,long_rains,149.60127456486225,-0.2893107190679737,0.4995928692926323,-0.2873125282150695,-0.28801189501358593,-0.2893107190679737,normal
Uasin Gishu,2020,6,2020-06-01,cool_dry,223.49234682321548,1.2479845264303977,0.5689316578549547,0.2802158087495635,0.6189348599378555,0.2802158087495635,good
Uasin Gishu,2020,7,2020-07-01,cool_dry,286.18887239694595,1.1460773778910702,0.5319044053881147,0.2488207761661058,0.5628605867698433,0.2488207761661058,good
Uasin Gishu,2020,8,2020-08-01,cool_dry,319.7887287661433,1.452577837054605,0.4506584156164244,-1.4682407977188314,-0.4459542755481287,-1.4682407977188314,normal
Uasin Gishu,2020,9,2020-09-01,cool_dry,148.88938733935356,0.7283454679198195,0.5728167831405564,-0.286019737672199,0.06900808428500746,-0.286019737672199,normal
Uasin Gishu,2020,10,2020-10-01,short_rains,132.0141568146646,0.6053663407648584,0.5695459371151639,0.6176912742047493,0.6133775475007875,0.6053663407648584,good
Uasin Gishu,2020,11,2020-11-01,short_rains,155.28838741779327,0.7456362158393748,0.516300380236172,0.4556757144790274,0.5571618899551489,0.4556757144790274,good
Uasin Gishu,2020,12,2020-12-01,short_rains,33.97296594083309,-0.4179225826780753,0.4968043885188709,0.4105547981709393,0.12058771487378422,-0.4179225826780753,normal
Uasin Gishu,2021,1,2021-01-01,hot_dry,48.71961133927107,0.2788248314605951,0.4128183325594453,0.3036711768376899,0.2949749559557068,0.2788248314605951,normal
Uasin Gishu,2021,2,2021-02-01,hot_dry,39.169035851955414,0.4013036595761308,0.3603076823199806,-0.1358553608777148,0.052150296281131145,-0.1358553608777148,normal
Uasin Gishu,2021,3,2021-03-01,long_rains,47.244331400841475,-0.8940196964206673,0.3514534983405247,0.0211048706923942,-0.2991887277971773,-0.8940196964206673,normal
Uasin Gishu,2021,4,2021-04-01,long_rains,173.0737914890051,-0.307218923848115,0.3390207003480013,-0.1105476057944342,-0.17938256711322248,-0.307218923848115,normal
Uasin Gishu,2021,5,2021-05-01,long_rains,231.29089972376823,1.1527414114886778,0.498915580458461,-0.298044126453442,0.20973081182629988,-0.298044126453442,normal
Uasin Gishu,2021,6,2021-06-01,cool_dry,96.0413976162672,-0.6373707183051053,0.5372927114310851,-0.0166832917626897,-0.23392389105253514,-0.6373707183051053,normal
Uasin Gishu,2021,7,2021-07-01,cool_dry,145.68429961800575,-0.7875168760670729,0.4785791963249947,-0.7831219282153467,-0.7846601599634508,-0.7875168760670729,moderate_stress
Uasin Gishu,2021,8,2021-08-01,cool_dry,166.6471140049398,-0.758489281686516,0.6483860347829749,0.8037106981959977,0.256940705237118,-0.758489281686516,normal
Uasin Gishu,2021,9,2021-09-01,cool_dry,146.3681523129344,0.6554044402547461,0.6299678258445088,1.539925677530199,1.2303432444837905,0.6554044402547461,good
Uasin Gishu,2021,10,2021-10-01,short_rains,105.76597131416202,-0.1458649207541583,0.5051748292726037,-0.713465737026327,-0.5148054513310679,-0.713465737026327,moderate_stress
Uasin Gishu,2021,11,2021-11-01,short_rains,54.8454455267638,-1.011279859865373,0.4762538036262329,-0.0595713418150283,-0.3926693231326489,-1.011279859865373,normal
Uasin Gishu,2021,12,2021-12-01,short_rains,0.0,-1.1368272243836492,0.4187132890563948,-0.7600494991492442,-0.891921702981286,-1.1368272243836492,moderate_stress
Uasin Gishu,2022,1,2022-01-01,hot_dry,61.14943431131542,0.7612152116985333,0.3654794255020501,-0.6341326780841945,-0.14576091666023977,-0.6341326780841945,normal
Uasin Gishu,2022,2,2022-02-01,hot_dry,43.28929687663913,0.6241507939357955,0.3031699434727073,-0.9253344264497994,-0.3830145993148412,-0.9253344264497994,normal
Uasin Gishu,2022,3,2022-03-01,long_rains,62.825286623090506,-0.625092944383495,0.3265725091399852,-0.3105861156437333,-0.4206635057026499,-0.625092944383495,normal
Uasin Gishu,2022,4,2022-04-01,long_rains,137.53943029791117,-0.6905045432782879,0.2548462288039875,-1.1468973397277116,-0.9871598609704133,-1.1468973397277116,moderate_stress
Uasin Gishu,2022,5,2022-05-01,long_rains,114.307912401855,-0.91233803744126,0.5078186566657624,-0.1569754536481712,-0.42135235797575227,-0.91233803744126,normal
Uasin Gishu,2022,6,2022-06-01,cool_dry,80.51117086969316,-0.8671061155757966,0.4878789766165355,-0.4803805724130515,-0.6157345125200122,-0.8671061155757966,moderate_stress
Uasin Gishu,2022,7,2022-07-01,cool_dry,170.95737076550722,-0.4397142089782987,0.4811669472739138,-0.7330440989970431,-0.6303786374904826,-0.7330440989970431,moderate_stress
Uasin Gishu,2022,8,2022-08-01,cool_dry,310.71181708574295,1.3215248833062363,0.464670064802082,-1.3072426151595486,-0.387173990696524,-1.3072426151595486,normal
Uasin Gishu,2022,9,2022-09-01,cool_dry,120.74338095448913,-0.0859374564672595,0.5556396525636909,-0.834819922922213,-0.5727110596629793,-0.834819922922213,moderate_stress
Uasin Gishu,2022,10,2022-10-01,short_rains,78.4804367814213,-0.9267854353496918,0.4628809144429848,-1.5880792576691007,-1.3566264198573077,-1.5880792576691007,severe_stress
Uasin Gishu,2022,11,2022-11-01,short_rains,157.56430950015783,0.7854459229056592,0.4028529979087115,-1.003960407675365,-0.37766819197200663,-1.003960407675365,normal
Uasin Gishu,2022,12,2022-12-01,short_rains,81.31694141030312,0.5839270580354609,0.3393871756720151,-1.9491669511590397,-1.0625840479409645,-1.9491669511590397,moderate_stress
Uasin Gishu,2023,1,2023-01-01,hot_dry,7.775513716042042,-1.3101792006475337,0.3982463161016754,0.014993341679539,-0.4488170481349364,-1.3101792006475337,normal
Uasin Gishu,2023,2,2023-02-01,hot_dry,4.075681254267693,-1.4967444156092513,0.3037188499898767,-0.9177501185474576,-1.1203981225190853,-1.4967444156092513,moderate_stress
Uasin Gishu,2023,3,2023-03-01,long_rains,152.65690110623837,0.925397636496388,0.2453274459580706,-1.3936722793227054,-0.5819978087860228,-1.3936722793227054,moderate_stress
Uasin Gishu,2023,4,2023-04-01,long_rains,195.57609489560127,-0.064501480486151,0.3437057973269218,-0.0528650457677041,-0.05693779791916051,-0.064501480486151,normal
Uasin Gishu,2023,5,2023-05-01,long_rains,123.27573388069868,-0.7540307120634991,0.4856201391080756,-0.5087095438875905,-0.5945719527491585,-0.7540307120634991,moderate_stress
Uasin Gishu,2023,6,2023-06-01,cool_dry,147.22150325775146,0.1197258839383947,0.4365430406965253,-0.9621157412904484,-0.5834711724603534,-0.9621157412904484,moderate_stress
Uasin Gishu,2023,7,2023-07-01,cool_dry,113.1875052563846,-1.234730896272316,0.4670811556181855,-1.005630558383641,-1.0858156766446772,-1.234730896272316,moderate_stress
Uasin Gishu,2023,8,2023-08-01,cool_dry,129.33773005008698,-1.2971642343549743,0.5920178037322046,0.1560222902857329,-0.35259299333851457,-1.2971642343549743,normal
Uasin Gishu,2023,9,2023-09-01,cool_dry,155.85958111286163,0.929997869039464,0.5595730413669286,-0.7091502428660731,-0.13544840369913513,-0.7091502428660731,normal
Uasin Gishu,2023,10,2023-10-01,short_rains,109.12177097797394,-0.0498208869750518,0.5301423526922894,-0.1971518973689602,-0.14558604373109224,-0.1971518973689602,normal
Uasin Gishu,2023,11,2023-11-01,short_rains,84.1665919572115,-0.4984036681501319,0.3710997295163989,-1.4125041447895528,-1.0925689779657555,-1.4125041447895528,moderate_stress
Uasin Gishu,2023,12,2023-12-01,short_rains,43.64434568956494,-0.2132657444976959,0.4963467056291658,0.4036940219597379,0.1877581036996361,-0.2132657444976959,normal
Uasin Gishu,2024,1,2024-01-01,hot_dry,76.82344829291105,1.3695097611415905,0.3398693668544795,-1.1414788171775203,-0.2626328147658316,-1.1414788171775203,normal
Uasin Gishu,2024,2,2024-02-01,hot_dry,62.75439628958703,1.6769340031098825,0.433261030036107,0.8721498900691619,1.153824329633414,0.8721498900691619,good
Uasin Gishu,2024,3,2024-03-01,long_rains,95.66216856241226,-0.0583294898322656,0.3866058767046651,0.4897247859893981,0.2979057894518158,-0.0583294898322656,normal
Uasin Gishu,2024,4,2024-04-01,long_rains,244.1903789937496,0.4598686043877335,0.4517975861910384,1.2779528919620842,0.9916233913110615,0.4598686043877335,good
Uasin Gishu,2024,5,2024-05-01,long_rains,207.92414419353008,0.7402523159514004,0.5402708915474899,0.3572281314650049,0.49128659603524333,0.3572281314650049,normal
Uasin Gishu,2024,6,2024-06-01,cool_dry,73.50229024887085,-0.9707870212137436,0.503391196069107,-0.3348142839306213,-0.5574047419797141,-0.9707870212137436,moderate_stress
Uasin Gishu,2024,7,2024-07-01,cool_dry,214.8974070250988,0.1649792892463616,0.5641488595050016,0.8728113758709783,0.6250701455523625,0.1649792892463616,good
Uasin Gishu,2024,8,2024-08-01,cool_dry,227.1306334286928,0.1147751228460643,0.6156016565770662,0.4270080533074674,0.3177265276459763,0.1147751228460643,normal
Uasin Gishu,2024,9,2024-09-01,cool_dry,101.5849974527955,-0.6402023966144109,0.5494726094755183,-1.0318536692798357,-0.8947757238469369,-1.0318536692798357,moderate_stress
Uasin Gishu,2024,10,2024-10-01,short_rains,72.01244623865932,-1.1119013434508105,0.49743641010587,-0.8734917374306858,-0.9569350995377295,-1.1119013434508105,moderate_stress
Uasin Gishu,2024,11,2024-11-01,short_rains,187.18032224476335,1.303479822646714,0.509075846392539,0.362723454607086,0.6919881834209558,0.362723454607086,good
Uasin Gishu,2024,12,2024-12-01,short_rains,28.74851370602846,-0.5284776330823088,0.5336766561737234,0.9632789276275971,0.44116413137913013,-0.5284776330823088,normal
Vihiga,2017,1,2017-01-01,hot_dry,59.61316651105881,-0.4980773651074275,0.5127640083480158,-1.61019227055049,-1.2209520536454181,-1.61019227055049,moderate_stress
Vihiga,2017,2,2017-02-01,hot_dry,216.13832342624664,0.8956432358585084,,,,,no_data
Vihiga,2017,3,2017-03-01,long_rains,114.06650865077972,-0.9696297408843008,0.52657085498266,-0.2168581262785188,-0.4803281913905425,-0.9696297408843008,normal
Vihiga,2017,4,2017-04-01,long_rains,244.11347794532776,-0.8236398792120458,0.6475610107131148,1.857007947500911,0.9187812081513761,-0.8236398792120458,good
Vihiga,2017,5,2017-05-01,long_rains,334.8990693092346,1.0651438659109451,0.7112860212709997,0.7497972525934706,0.8601685672545867,0.7497972525934706,good
Vihiga,2017,6,2017-06-01,cool_dry,142.46799927949905,-0.2609541229849103,0.7003278895571318,1.4656321206404426,0.8613269353715691,-0.2609541229849103,good
Vihiga,2017,7,2017-07-01,cool_dry,184.8710149526596,1.2974237220538405,0.618951665444813,0.3471027023420944,0.6797150592412056,0.3471027023420944,good
Vihiga,2017,8,2017-08-01,cool_dry,214.55462455749512,0.3151217189552529,0.613976470155249,1.6205340481250303,1.163639732915608,0.3151217189552529,good
Vihiga,2017,9,2017-09-01,cool_dry,177.4319203943014,-0.3231149136801131,0.5422060051788831,-1.749630897125381,-1.250350302919537,-1.749630897125381,severe_stress
Vihiga,2017,10,2017-10-01,short_rains,177.13583758473396,-0.5446429912680641,0.6545838763162167,0.6443509370339366,0.22820306212823638,-0.5446429912680641,normal
Vihiga,2017,11,2017-11-01,short_rains,182.67457604408264,-0.5906049684189418,0.689079674362637,0.6395498644499804,0.20899567294585764,-0.5906049684189418,normal
Vihiga,2017,12,2017-12-01,short_rains,59.91781032085419,-0.820402959936768,0.6146886878989309,-0.5388258604555046,-0.6373778452739468,-0.820402959936768,moderate_stress
Vihiga,2018,1,2018-01-01,hot_dry,33.970381677150726,-0.91800203401885,0.5506619731909319,-0.975171134803734,-0.9551619495290246,-0.975171134803734,moderate_stress
Vihiga,2018,2,2018-02-01,hot_dry,85.50945222377777,-0.7300189584060935,0.4901897912363989,-1.254622510188045,-1.0710112670643621,-1.254622510188045,moderate_stress
Vihiga,2018,3,2018-03-01,long_rains,300.7060167789459,0.9553803091668398,0.6101133487059386,1.051725542776956,1.0180047110134154,0.9553803091668398,good
Vihiga,2018,4,2018-04-01,long_rains,363.6318442821502,0.8723982870244725,,,,,no_data
Vihiga,2018,5,2018-05-01,long_rains,355.5865429639816,1.570681981012554,0.7518550647565538,1.4736345890823654,1.5076011762579316,1.4736345890823654,very_good
Vihiga,2018,6,2018-06-01,cool_dry,154.2371132671833,-0.0431725887047567,0.5938646463520134,-0.948260257744214,-0.6314795735804039,-0.948260257744214,moderate_stress
Vihiga,2018,7,2018-07-01,cool_dry,110.19782876968384,-0.5371025746369952,0.6454611316542916,0.7524908650993735,0.30113316119164446,-0.5371025746369952,normal
Vihiga,2018,8,2018-08-01,cool_dry,139.72316598892212,-1.2797841388930593,,,,,no_data
Vihiga,2018,9,2018-09-01,cool_dry,88.68214097619057,-1.8514388483386848,0.5909474918490328,0.1973923246589551,-0.5196985858902188,-1.8514388483386848,moderate_stress
Vihiga,2018,10,2018-10-01,short_rains,252.90615558624268,0.3185898573045306,0.6368916911683871,0.0352096739483546,0.1343927381230162,0.0352096739483546,normal
Vihiga,2018,11,2018-11-01,short_rains,101.77742063999176,-1.2214450888186708,0.714470355055432,0.8926965116453456,0.15274695148293987,-1.2214450888186708,normal
Vihiga,2018,12,2018-12-01,short_rains,170.35084894299507,0.333722999655217,0.6654414896814468,0.394839107644729,0.3734484698483998,0.333722999655217,normal
Vihiga,2019,1,2019-01-01,hot_dry,32.92116238176823,-0.935183984734529,0.6498255218746019,0.6864207097924643,0.11885906670801666,-0.935183984734529,normal
Vihiga,2019,2,2019-02-01,hot_dry,108.41876271367072,-0.4449150635529887,0.5527085835294555,0.1670142929372831,-0.04716098183431203,-0.4449150635529887,normal
Vihiga,2019,3,2019-03-01,long_rains,93.24669009447098,-1.1843664831908307,0.5128141431573539,-0.4257522971814271,-0.6912672622847184,-1.1843664831908307,moderate_stress
Vihiga,2019,4,2019-04-01,long_rains,205.57800871133804,-1.3704815787588007,0.5435222148044945,-1.0510605624885343,-1.1628579181831276,-1.3704815787588007,moderate_stress
Vihiga,2019,5,2019-05-01,long_rains,288.81889259815216,-0.0609136733925193,0.6602053614512977,-0.1615894988135273,-0.1263529599161745,-0.1615894988135273,normal
Vihiga,2019,6,2019-06-01,cool_dry,168.47056509554386,0.2202102777138008,0.5673869527402746,-1.548601754794415,-0.9295175434165396,-1.548601754794415,moderate_stress
Vihiga,2019,7,2019-07-01,cool_dry,159.98230293393135,0.6859726909267967,0.6556240459763305,0.9079042232075748,0.8302281869093024,0.6859726909267967,good
Vihiga,2019,8,2019-08-01,cool_dry,175.68237540125847,-0.5133744653093967,0.5709418410028665,-0.2528178836959295,-0.34401268726064305,-0.5133744653093967,normal
Vihiga,2019,9,2019-09-01,cool_dry,179.5930106639862,-0.2858996551659831,0.5690301649467486,-0.6781153250558002,-0.5408398405943642,-0.6781153250558002,moderate_stress
Vihiga,2019,10,2019-10-01,short_rains,380.3527125120163,1.7705575575537802,0.6605309684108616,0.8491090921147764,1.1716160550184278,0.8491090921147764,good
Vihiga,2019,11,2019-11-01,short_rains,283.20047211647034,0.1933010671496317,0.619344706158193,-0.0557120549454971,0.031442537787797965,-0.0557120549454971,normal
Vihiga,2019,12,2019-12-01,short_rains,284.1628789305687,1.523162500382538,0.5548998298612741,-1.6387210440098643,-0.5320618034725236,-1.6387210440098643,moderate_stress
Vihiga,2020,1,2020-01-01,hot_dry,150.79122650623322,0.9950489432656936,0.65680758604459,0.803412699664748,0.8704853849250791,0.803412699664748,good
Vihiga,2020,2,2020-02-01,hot_dry,106.71101012825966,-0.4661678600420388,0.6174828212424198,1.639938462609155,0.9028012496812373,-0.4661678600420388,good
Vihiga,2020,3,2020-03-01,long_rains,360.6938022971153,1.5740975955598673,0.5537777106865552,0.1962750146429515,0.678512917963872,0.1962750146429515,good
Vihiga,2020,4,2020-04-01,long_rains,341.42331886291504,0.5572458307006772,0.601267794628579,0.5630306119710137,0.5610059385263959,0.5572458307006772,good
Vihiga,2020,5,2020-05-01,long_rains,240.52568864822388,-1.241050779764722,0.6694897691445194,0.0040639245394685,-0.4317262219669981,-1.241050779764722,normal
Vihiga,2020,6,2020-06-01,cool_dry,206.1410339474678,0.91728335494032,0.6423322571492063,0.1506692204461801,0.4189841675191291,0.1506692204461801,normal
Vihiga,2020,7,2020-07-01,cool_dry,184.4184963107109,1.28630651397913,0.5529829645872579,-0.6617041226918474,0.020099600142994667,-0.6617041226918474,normal
Vihiga,2020,8,2020-08-01,cool_dry,245.49006915092468,0.974458350112723,0.583761628496347,0.3052437085489379,0.5394688330962627,0.3052437085489379,good
Vihiga,2020,9,2020-09-01,cool_dry,275.9815362095833,1.3739680265752463,0.5828050594226685,-0.1278645786281206,0.3977768331930578,-0.1278645786281206,normal
Vihiga,2020,10,2020-10-01,short_rains,265.6757133603096,0.4640703307017866,0.6278648220376231,-0.2755850875848957,-0.016705691184556892,-0.2755850875848957,normal
Vihiga,2020,11,2020-11-01,short_rains,495.573438167572,1.8493962265419683,0.6399358154033589,0.1495825699018924,0.744517349725919,0.1495825699018924,good
Vihiga,2020,12,2020-12-01,short_rains,98.18155193328856,-0.4205119666522939,0.6936246180541348,0.9133050588607556,0.4464690999311884,-0.4205119666522939,normal
Vihiga,2021,1,2021-01-01,hot_dry,105.55093175172806,0.2541966559930622,0.6618687138913224,0.8882173367135444,0.6663100984613757,0.2541966559930622,good
Vihiga,2021,2,2021-02-01,hot_dry,117.346235871315,-0.3338136242685618,0.5721510838228908,0.6091241442018341,0.2790959252371956,-0.3338136242685618,normal
Vihiga,2021,3,2021-03-01,long_rains,133.28840136528015,-0.7713740927232026,0.5484917773746252,0.1160086929618894,-0.19457528202789276,-0.7713740927232026,normal
Vihiga,2021,4,2021-04-01,long_rains,399.0828922390938,1.375470176399294,0.580327820337122,-0.0222787363845749,0.4669333830897792,-0.0222787363845749,normal
Vihiga,2021,5,2021-05-01,long_rains,308.25621366500854,0.4140745643572646,0.6145001126311577,-0.9770675758678375,-0.4901678267890518,-0.9770675758678375,normal
Vihiga,2021,6,2021-06-01,cool_dry,116.91840288043022,-0.7337365524737032,0.6848016496152508,1.11359820609522,0.46703104059609696,-0.7337365524737032,normal
Vihiga,2021,7,2021-07-01,cool_dry,82.24122977256775,-1.223923623099806,0.603972562208913,0.1180392013055532,-0.3516477872363225,-1.223923623099806,normal
Vihiga,2021,8,2021-08-01,cool_dry,226.5194118320942,0.5701309046265474,0.5818760156252402,0.2231605912006618,0.34460020089972176,0.2231605912006618,normal
Vihiga,2021,9,2021-09-01,cool_dry,238.121526658535,0.7219961665588662,0.5769933946493484,-0.3600168383130919,0.018687713392093436,-0.3600168383130919,normal
Vihiga,2021,10,2021-10-01,short_rains,169.21896030008793,-0.6348380532722725,0.6158997307505367,-0.6875427264322458,-0.6690960908262551,-0.6875427264322458,moderate_stress
Vihiga,2021,11,2021-11-01,short_rains,126.59749102592468,-1.027896921242436,0.6289963500983746,0.040515428395418,-0.33342889397783093,-1.027896921242436,normal
Vihiga,2021,12,2021-12-01,short_rains,0.0,-1.4465987179817872,0.6427204957067028,-0.0231436513276644,-0.5213529246566074,-1.4465987179817872,moderate_stress
Vihiga,2022,1,2022-01-01,hot_dry,135.55524051189423,0.7455453727427414,0.5531423737214444,-0.9336093578449562,-0.3459052021392621,-0.9336093578449562,normal
Vihiga,2022,2,2022-02-01,hot_dry,264.95971861481667,1.503220226294984,0.5191330800912576,-0.5964708868060935,0.13842100277928365,-0.5964708868060935,normal
Vihiga,2022,3,2022-03-01,long_rains,176.53095269203186,-0.3253680636209054,0.5524010561046124,0.1753706647396829,0.00011210981347699323,-0.3253680636209054,normal
Vihiga,2022,4,2022-04-01,long_rains,224.9941458702087,-1.0949548068355286,0.5517069970146949,-0.8222814114157792,-0.9177170998126915,-1.0949548068355286,moderate_stress
Vihiga,2022,5,2022-05-01,long_rains,291.7810543179512,0.0114724322018546,0.6373103929894774,-0.5700840445698819,-0.3665392776997742,-0.5700840445698819,normal
Vihiga,2022,6,2022-06-01,cool_dry,102.23739547282456,-1.00540120975822,0.6237065441121011,-0.2716405400748698,-0.5284567744640424,-1.00540120975822,moderate_stress
Vihiga,2022,7,2022-07-01,cool_dry,102.6840649843216,-0.7216962414666674,0.4754941920513588,-1.8466782328613256,-1.4529345358731953,-1.8466782328613256,severe_stress
Vihiga,2022,8,2022-08-01,cool_dry,272.6214007437229,1.5527167526123344,0.5468991126142039,-1.2994283125592196,-0.3011775397491757,-1.2994283125592196,normal
Vihiga,2022,9,2022-09-01,cool_dry,199.76530861854553,0.0614793015272414,0.6015229696503231,0.6198394486033123,0.4244133971266875,0.0614793015272414,normal
Vihiga,2022,10,2022-10-01,short_rains,117.81115320324898,-1.2205147262696212,0.6608707266066373,0.8608069538989028,0.1323443658399195,-1.2205147262696212,normal
Vihiga,2022,11,2022-11-01,short_rains,247.53502893447876,-0.0848198674944991,0.6983999118314068,0.7324732049003693,0.4464206295621654,-0.0848198674944991,normal
Vihiga,2022,12,2022-12-01,short_rains,257.0926866531372,1.2402543052596129,0.5986552874554346,-0.8337814843393533,-0.10786895797971519,-0.8337814843393533,normal
Vihiga,2023,1,2023-01-01,hot_dry,21.75684143602848,-1.1180102185904297,0.6358098411126938,0.4515729138070696,-0.09778118253205514,-1.1180102185904297,normal
Vihiga,2023,2,2023-02-01,hot_dry,32.25277355313301,-1.3927925727686807,0.5047439938380581,-0.9236693791410924,-1.0878624969107482,-1.3927925727686807,moderate_stress
Vihiga,2023,3,2023-03-01,long_rains,280.9394280910492,0.7515066370754053,0.4053325633482059,-2.0578483813826445,-1.0745741249223273,-2.0578483813826445,moderate_stress
Vihiga,2023,4,2023-04-01,long_rains,339.376448571682,0.5281994988132126,0.5575315684231051,-0.6594743301817766,-0.2437884900335304,-0.6594743301817766,normal
Vihiga,2023,5,2023-05-01,long_rains,265.95069962739944,-0.6197418494739145,0.7213461716352141,0.9292915620144868,0.38712986799354643,-0.6197418494739145,normal
Vihiga,2023,6,2023-06-01,cool_dry,258.2372836470604,1.8812982503429667,0.6220032515008933,-0.3102601136344682,0.4567853137576339,-0.3102601136344682,normal
Vihiga,2023,7,2023-07-01,cool_dry,94.22644260525703,-0.9294780632287092,0.5511347720653215,-0.6899670595978222,-0.7737959108686328,-0.9294780632287092,moderate_stress
Vihiga,2023,8,2023-08-01,cool_dry,160.0475144982338,-0.8466050573340995,0.5513721955472909,-1.1047093450918308,-1.014372844376625,-1.1047093450918308,moderate_stress
Vihiga,2023,9,2023-09-01,cool_dry,244.53358209133148,0.8324155710075559,0.6271681055987326,1.6442578368907703,1.360113043831645,0.8324155710075559,very_good
Vihiga,2023,10,2023-10-01,short_rains,290.25753021240234,0.7441250057250498,0.6538820163888006,0.6201859263739701,0.6635646041468479,0.6201859263739701,good
Vihiga,2023,11,2023-11-01,short_rains,269.73611545562744,0.0883053310869332,0.3958346217932061,-2.284121334551981,-1.4537720015783613,-2.284121334551981,severe_stress
Vihiga,2023,12,2023-12-01,short_rains,123.066810131073,-0.1604383251446699,0.7263032728007539,1.514472168261041,0.9282534955690422,-0.1604383251446699,good
Vihiga,2024,1,2024-01-01,hot_dry,180.06794157624245,1.4744826304497392,0.6500002879492519,0.6893491032213538,0.9641458377512887,0.6893491032213538,good
Vihiga,2024,2,2024-02-01,hot_dry,222.02036571502688,0.9688446168848712,0.5611376533789609,0.3586858763869498,0.5722414355612223,0.3586858763869498,good
Vihiga,2024,3,2024-03-01,long_rains,205.14452105760577,-0.030246161382873,0.6173148061450866,1.161078889721107,0.7441151218347141,-0.030246161382873,good
Vihiga,2024,4,2024-04-01,long_rains,299.03729839622974,-0.044237528131281,0.5859566308394718,0.1350564809987407,0.07230357780323311,-0.044237528131281,normal
Vihiga,2024,5,2024-05-01,long_rains,244.67450296878815,-1.1396665408514628,0.5881030871058956,-1.4480462089785424,-1.3401133251340647,-1.4480462089785424,severe_stress
Vihiga,2024,6,2024-06-01,cool_dry,103.85180307924747,-0.975527409075497,0.651073477519878,0.3488631190661192,-0.11467356578344645,-0.975527409075497,normal
Vihiga,2024,7,2024-07-01,cool_dry,137.860505849123,0.1424975754724111,0.6664078545748247,1.072812423196399,0.7472022264930033,0.1424975754724111,good
Vihiga,2024,8,2024-08-01,cool_dry,163.5167552025232,-0.772664064770302,0.5884197397553107,0.5080171934723788,0.05977875308744057,-0.772664064770302,normal
Vihiga,2024,9,2024-09-01,cool_dry,165.45261627253058,-0.5294056484841294,0.5973748252183773,0.4541380289693423,0.10989774186062723,-0.5294056484841294,normal
Vihiga,2024,10,2024-10-01,short_rains,146.17722257510468,-0.8973469804751893,0.5764285271154623,-2.0465347693527836,-1.6443190432456256,-2.0465347693527836,severe_stress
Vihiga,2024,11,2024-11-01,short_rains,360.20217114686966,0.7937642211960145,0.6133996941794408,-0.1149841897955271,0.20307775405151246,-0.1149841897955271,normal
Vihiga,2024,12,2024-12-01,short_rains,114.574775069952,-0.2491878355818486,0.655494752187111,0.2118557053658469,0.05049046603415348,-0.2491878355818486,normal
Wajir,2017,1,2017-01-01,hot_dry,0.1532922887708989,-0.7642603739309952,0.1781225025547924,-0.4467790985341267,-0.5578975449230307,-0.7642603739309952,moderate_stress
Wajir,2017,2,2017-02-01,hot_dry,10.056480814702809,2.1794828710269183,0.1378502830137225,-0.6170189815995992,0.3617566668196818,-0.6170189815995992,normal
Wajir,2017,3,2017-03-01,long_rains,2.7211509027401912,-0.8540912375748827,0.1419142140288675,-0.5552820349170287,-0.6598652558472775,-0.8540912375748827,moderate_stress
Wajir,2017,4,2017-04-01,long_rains,100.86593588849064,-0.7328902242150431,,,,,no_data
Wajir,2017,5,2017-05-01,long_rains,46.91050541237928,1.16136130231695,0.201515450969529,-0.6806529436153607,-0.035947957539051945,-0.6806529436153607,normal
Wajir,2017,6,2017-06-01,cool_dry,0.4141855989582835,-0.3392512393933256,0.1672440015918347,-0.5888827234380265,-0.5015117040223812,-0.5888827234380265,moderate_stress
Wajir,2017,7,2017-07-01,cool_dry,4.156550701824016,-0.1560078106413274,0.1318781595175677,-0.2895633818241679,-0.24281893191017373,-0.2895633818241679,normal
Wajir,2017,8,2017-08-01,cool_dry,1.5318050644127648,-0.257242106882931,0.0780912438076691,-1.782733693867652,-1.2488116384229995,-1.782733693867652,moderate_stress
Wajir,2017,9,2017-09-01,cool_dry,2.6093227565288544,-0.2832762163515511,0.1361985471040283,-0.3486658157664239,-0.32577945597121843,-0.3486658157664239,normal
Wajir,2017,10,2017-10-01,short_rains,41.8921263969969,-0.2510284193576278,0.1339285814202041,-0.1667228627077473,-0.19622980753520547,-0.2510284193576278,normal
Wajir,2017,11,2017-11-01,short_rains,108.38262963551097,-0.0985116592932875,0.3410184493072109,0.4336282255493686,0.24737926585443895,-0.0985116592932875,normal
Wajir,2017,12,2017-12-01,short_rains,2.6454594163224097,-0.5910507752634945,0.2443152735340255,-0.2794290707611597,-0.38849666733697685,-0.5910507752634945,normal
Wajir,2018,1,2018-01-01,hot_dry,0.009086306206882,-0.801721724932906,0.166771430273184,-0.5822761410903573,-0.6590820954352493,-0.801721724932906,moderate_stress
Wajir,2018,2,2018-02-01,hot_dry,4.842951211612671,0.4356181491438141,0.1447584165689902,-0.4613769269703281,-0.14742865033037836,-0.4613769269703281,normal
Wajir,2018,3,2018-03-01,long_rains,90.82550758088472,1.371879195464475,0.1529339133644268,-0.0151378028921455,0.47031814653267157,-0.0151378028921455,normal
Wajir,2018,4,2018-04-01,long_rains,212.5407944507897,0.767804324826398,0.2375683665245774,0.7039643079973692,0.7263083138875293,0.7039643079973692,good
Wajir,2018,5,2018-05-01,long_rains,50.81130243651569,1.4432731436043442,0.3905872584719261,1.5964290098870897,1.5428244566881288,1.4432731436043442,very_good
Wajir,2018,6,2018-06-01,cool_dry,0.4636661806143817,-0.2479370566948472,0.2446144510166139,1.0774268431612324,0.6135494782116045,-0.2479370566948472,good
Wajir,2018,7,2018-07-01,cool_dry,4.653977303998544,0.255816830067872,0.2354514584921455,1.9066608705370296,1.3288654563728244,0.255816830067872,very_good
Wajir,2018,8,2018-08-01,cool_dry,2.0469307824969287,-0.0602071596195774,,,,,no_data
Wajir,2018,9,2018-09-01,cool_dry,2.611172192264348,-0.2819465541930528,0.2027209452619212,1.934290533407677,1.1586075527474216,-0.2819465541930528,good
Wajir,2018,10,2018-10-01,short_rains,49.22625548159704,-0.1162051677421448,0.1322789999018661,-0.2625978598212779,-0.21136041759358135,-0.2625978598212779,normal
Wajir,2018,11,2018-11-01,short_rains,34.17191821336746,-0.820957710881994,0.3383218713038586,0.4043352792093198,-0.024517267322640035,-0.820957710881994,normal
Wajir,2018,12,2018-12-01,short_rains,143.6418499929132,2.3566087292207483,0.2267278434403238,-0.4170280274980433,0.5537448373535337,-0.4170280274980433,good
Wajir,2019,1,2019-01-01,hot_dry,2.0356006183428685,-0.2752805703599954,0.1746482679875413,-0.4882508200887397,-0.4137112326836792,-0.4882508200887397,normal
Wajir,2019,2,2019-02-01,hot_dry,3.2469193707220247,-0.0982358488620019,0.1380027132420761,-0.6135846887129958,-0.43321259476514795,-0.6135846887129958,normal
Wajir,2019,3,2019-03-01,long_rains,13.056681749527344,-0.5929624246291147,0.1437009194750058,-0.4677044512033925,-0.5115447419023953,-0.5929624246291147,moderate_stress
Wajir,2019,4,2019-04-01,long_rains,75.49936574930325,-1.073767965416923,0.1543863331718119,-1.0055521424007037,-1.0294276804563804,-1.073767965416923,moderate_stress
Wajir,2019,5,2019-05-01,long_rains,32.96908110845834,0.1538101348584759,0.162099450590243,-1.155358635217637,-0.6971495656909976,-1.155358635217637,moderate_stress
Wajir,2019,6,2019-06-01,cool_dry,0.4924134911270806,-0.1948851911672528,0.1420479521709195,-1.1315242422959029,-0.8037005744008754,-1.1315242422959029,moderate_stress
Wajir,2019,7,2019-07-01,cool_dry,4.226409377995878,-0.0981710884211452,0.1008553191554354,-0.947388468550122,-0.6501623855049802,-0.947388468550122,moderate_stress
Wajir,2019,8,2019-08-01,cool_dry,0.9132373292231928,-0.4938434971904831,0.1238623663093671,0.0506469685201408,-0.13992469447857755,-0.4938434971904831,normal
Wajir,2019,9,2019-09-01,cool_dry,6.10985869076103,2.233453658001183,0.1191472132087474,-0.9338439220295748,0.17471023098119032,-0.9338439220295748,normal
Wajir,2019,10,2019-10-01,short_rains,150.70870647905394,1.749346129154892,0.1587899790288392,1.2782414494335066,1.4431280873359915,1.2782414494335066,very_good
Wajir,2019,11,2019-11-01,short_rains,238.76584900310263,1.1707773721744024,0.3700264975754023,0.7487428635436383,0.8964549415644056,0.7487428635436383,good
Wajir,2019,12,2019-12-01,short_rains,42.53822209336795,0.2429441985386981,0.484395735929017,1.5988908988112944,1.1243095537158858,0.2429441985386981,good
Wajir,2020,1,2020-01-01,hot_dry,11.065307438315358,2.070426664616699,0.3259262400443306,1.3175449064357518,1.5810535217990833,1.3175449064357518,very_good
Wajir,2020,2,2020-02-01,hot_dry,3.412988257827237,-0.0426877469669794,0.2291816276276071,1.4407000844887532,0.9215143434792469,-0.0426877469669794,good
Wajir,2020,3,2020-03-01,long_rains,57.58427121769637,0.532034128864207,0.1696607325207097,0.8047479863902328,0.7092981362561238,0.532034128864207,good
Wajir,2020,4,2020-04-01,long_rains,257.38397920690477,1.3704101735512333,0.2128557244636757,0.1960821796927206,0.6070969775432,0.1960821796927206,good
Wajir,2020,5,2020-05-01,long_rains,12.802756620571015,-1.3036165482532922,0.281164620776496,0.2785999961789415,-0.2751757943723403,-1.3036165482532922,normal
Wajir,2020,6,2020-06-01,cool_dry,1.908374325546901,2.4182066925690453,0.1968385073412418,0.0484873372975949,0.8778891116426025,0.0484873372975949,good
Wajir,2020,7,2020-07-01,cool_dry,6.94404859188944,2.1517905902392704,0.146822652052772,0.0273277210951533,0.7708897252955942,0.0273277210951533,good
Wajir,2020,8,2020-08-01,cool_dry,1.0612470943015064,-0.437229945909974,0.1363442286076283,0.5506129671117282,0.2048679475541325,-0.437229945909974,normal
Wajir,2020,9,2020-09-01,cool_dry,2.9746842671345344,-0.0205975163022544,0.1429854461584699,-0.1157488627310684,-0.0824458914809835,-0.1157488627310684,normal
Wajir,2020,10,2020-10-01,short_rains,28.757993421400897,-0.4924731082216687,0.1123012741477766,-1.423719258015647,-1.0977831055877545,-1.423719258015647,moderate_stress
Wajir,2020,11,2020-11-01,short_rains,47.09618885815144,-0.6951391044024725,0.2407862874420107,-0.655194473224529,-0.6691750941368092,-0.6951391044024725,moderate_stress
Wajir,2020,12,2020-12-01,short_rains,18.013084349920973,-0.2697764113480283,0.2378826943638044,-0.329755706218082,-0.3087629530135632,-0.329755706218082,normal
Wajir,2021,1,2021-01-01,hot_dry,1.226835672743618,-0.4853788406705562,0.1844204831328044,-0.371600496792698,-0.4114229171499484,-0.4853788406705562,normal
Wajir,2021,2,2021-02-01,hot_dry,1.8344606459722848,-0.5706867849317101,0.1532381720598629,-0.2703258193456244,-0.3754521573007544,-0.5706867849317101,normal
Wajir,2021,3,2021-03-01,long_rains,10.042608284158632,-0.6691134649395145,0.1470945387089298,-0.3013619949280445,-0.430075009432059,-0.6691134649395145,normal
Wajir,2021,4,2021-04-01,long_rains,87.56011536484584,-0.9116947697271212,0.1790429626376531,-0.4988211575440562,-0.643326921808129,-0.9116947697271212,moderate_stress
Wajir,2021,5,2021-05-01,long_rains,20.782703374279663,-0.7269032589450866,0.2082031375729773,-0.60010994423033,-0.6444876043804948,-0.7269032589450866,moderate_stress
Wajir,2021,6,2021-06-01,cool_dry,0.2149547652807084,-0.7069227609620725,0.1759978692231452,-0.4003526904959577,-0.5076522151590979,-0.7069227609620725,moderate_stress
Wajir,2021,7,2021-07-01,cool_dry,2.9670352265238757,-1.1408200042232777,0.1065165145680969,-0.8273454189829271,-0.9370615238170499,-1.1408200042232777,moderate_stress
Wajir,2021,8,2021-08-01,cool_dry,0.7142943515209474,-0.5699389390289586,0.1278640146532214,0.2109345972761631,-0.062371140430629496,-0.5699389390289586,normal
Wajir,2021,9,2021-09-01,cool_dry,2.1437661917880173,-0.6179907105597928,0.1328223613038543,-0.4645318251397515,-0.5182424350367659,-0.6179907105597928,moderate_stress
Wajir,2021,10,2021-10-01,short_rains,13.856886327732353,-0.7664000718549339,0.1325433598516966,-0.2472330481128699,-0.42894150642259227,-0.7664000718549339,normal
Wajir,2021,11,2021-11-01,short_rains,51.88202356733382,-0.6485486955120745,0.1272787529108002,-1.8882276412176184,-1.454340010220678,-1.8882276412176184,severe_stress
Wajir,2021,12,2021-12-01,short_rains,0.0,-0.6463565427399618,0.1890437363483331,-0.7118575616478813,-0.6889322050301094,-0.7118575616478813,moderate_stress
Wajir,2022,1,2022-01-01,hot_dry,6.798482262645848,0.9620049977237346,0.1743139193744919,-0.4922419186499192,0.01674450208085959,-0.4922419186499192,normal
Wajir,2022,2,2022-02-01,hot_dry,0.9925321211339896,-0.852302036898891,0.1470489691569184,-0.4097701784659231,-0.5646563289174619,-0.852302036898891,moderate_stress
Wajir,2022,3,2022-03-01,long_rains,12.350534494966269,-0.6108033461146102,0.1310533863332154,-1.087638976443768,-0.9207465058285628,-1.087638976443768,moderate_stress
Wajir,2022,4,2022-04-01,long_rains,87.2648861547932,-0.915662080471434,0.1354268203681649,-1.3951987730849231,-1.227360930670202,-1.3951987730849231,moderate_stress
Wajir,2022,5,2022-05-01,long_rains,31.80527204228565,0.0697012835848465,0.1801662734063057,-0.937771271268302,-0.5851558770697,-0.937771271268302,moderate_stress
Wajir,2022,6,2022-06-01,cool_dry,0.4445226737007027,-0.2832655356515983,0.1428987559513642,-1.1132006770433562,-0.8227233775562409,-1.1132006770433562,moderate_stress
Wajir,2022,7,2022-07-01,cool_dry,4.615806036628783,0.2242144420949602,0.104721054353422,-0.8654173285065055,-0.4840462087959925,-0.8654173285065055,normal
Wajir,2022,8,2022-08-01,cool_dry,0.8991558923735281,-0.4992296292931179,0.1037346730581575,-0.755575854262324,-0.6658546755231018,-0.755575854262324,moderate_stress
Wajir,2022,9,2022-09-01,cool_dry,3.611341816576896,0.4371309871376767,0.1178105809314278,-0.9797152860891664,-0.48381909045977134,-0.9797152860891664,normal
Wajir,2022,10,2022-10-01,short_rains,18.69259617757052,-0.6775052462657348,0.1199701534053992,-0.9779978623071406,-0.8728254466926486,-0.9779978623071406,moderate_stress
Wajir,2022,11,2022-11-01,short_rains,60.27372352965176,-0.5668549563238431,,,,,no_data
Wajir,2022,12,2022-12-01,short_rains,27.62627341412008,-0.0688038332727205,0.1490379809694081,-1.0248509992497954,-0.6902344911578192,-1.0248509992497954,moderate_stress
Wajir,2023,1,2023-01-01,hot_dry,1.6709184165229083,-0.370016501030989,0.1486322632877104,-0.7988022471700053,-0.6487272360213496,-0.7988022471700053,moderate_stress
Wajir,2023,2,2023-02-01,hot_dry,0.5606172591214994,-0.996772510467154,0.1290692492789543,-0.8148579668065536,-0.8785280570877638,-0.996772510467154,moderate_stress
Wajir,2023,3,2023-03-01,long_rains,97.89356493763626,1.550454776608898,0.1438444901103341,-0.4606671584244065,0.24322551883725008,-0.4606671584244065,normal
Wajir,2023,4,2023-04-01,long_rains,223.28877162747085,0.9122363927951188,0.234404018312289,0.6389321717816832,0.7345886491363856,0.6389321717816832,good
Wajir,2023,5,2023-05-01,long_rains,15.56875748280436,-1.103716786422605,0.2931738743249478,0.423233164346375,-0.11119931842276798,-1.103716786422605,normal
Wajir,2023,6,2023-06-01,cool_dry,0.2750396867631932,-0.5960387471926194,0.2183461895080782,0.5116933392844188,0.12398710901745547,-0.5960387471926194,normal
Wajir,2023,7,2023-07-01,cool_dry,3.263113286346197,-0.8956939090864857,0.1465607043752392,0.0217732408580366,-0.29934026162254623,-0.8956939090864857,normal
Wajir,2023,8,2023-08-01,cool_dry,1.908878763671964,-0.1130118853279766,0.1328272411034329,0.4097386225987198,0.2267759448243761,-0.1130118853279766,normal
Wajir,2023,9,2023-09-01,cool_dry,1.5403356198221445,-1.0518304928379836,0.1428079646516808,-0.1218397816396656,-0.4473365305590769,-1.0518304928379836,normal
Wajir,2023,10,2023-10-01,short_rains,130.47030783677474,1.377303766528379,0.1428215922967578,0.3501460417033583,0.7096512453921155,0.3501460417033583,good
Wajir,2023,11,2023-11-01,short_rains,314.9245727956295,1.912187449554802,0.3970282737164975,1.0420633529208452,1.34660678674273,1.0420633529208452,very_good
Wajir,2023,12,2023-12-01,short_rains,11.08696331596002,-0.4145733555213837,0.4772947859645149,1.543335123933974,0.8580671561245989,-0.4145733555213837,good
Wajir,2024,1,2024-01-01,hot_dry,1.802734905853867,-0.3357736514149922,0.371571188819301,1.8624058158900951,1.0930430023333146,-0.3357736514149922,good
Wajir,2024,2,2024-02-01,hot_dry,3.377924715634435,-0.0544160920439968,0.2427426950208046,1.7462344774122678,1.116006778102575,-0.0544160920439968,good
Wajir,2024,3,2024-03-01,long_rains,7.735709420405328,-0.7273976276794573,0.1957397715287522,2.083044432418552,1.099389711384249,-0.7273976276794573,good
Wajir,2024,4,2024-04-01,long_rains,198.83047903166153,0.5835641486577713,0.26951877223516,1.36059341355791,1.0886331708428616,0.5835641486577713,good
Wajir,2024,5,2024-05-01,long_rains,35.07617844338528,0.3060907292563665,0.3473440664437174,1.0756306239192257,0.806291660787225,0.3060907292563665,good
Wajir,2024,6,2024-06-01,cool_dry,0.5709735406562679,-0.0499061615073294,0.2687093349147849,1.5963528135299945,1.0201621722669312,-0.0499061615073294,good
Wajir,2024,7,2024-07-01,cool_dry,3.932950120419263,-0.3411290500298707,0.1914652146792682,0.9739527653735036,0.5136741299823226,-0.3411290500298707,good
Wajir,2024,8,2024-08-01,cool_dry,8.559135782546946,2.4307031632530176,0.1554618359193351,1.3163763926232277,1.7063907623436543,1.3163763926232277,very_good
Wajir,2024,9,2024-09-01,cool_dry,2.4261863562278445,-0.4149431548942259,0.1763726890347194,1.0300549599879694,0.5243056197792011,-0.4149431548942259,good
Wajir,2024,10,2024-10-01,short_rains,10.775896902952809,-0.8230378822411608,0.1617431722248366,1.4498833998278189,0.6543609511036761,-0.8230378822411608,good
Wajir,2024,11,2024-11-01,short_rains,92.51822130940856,-0.2529526953155325,0.2932438486409653,-0.0853476067810226,-0.14400938776810107,-0.2529526953155325,normal
Wajir,2024,12,2024-12-01,short_rains,1.7872703066095703,-0.6089920096138575,0.2315495161532141,-0.3793046573703066,-0.4596952306555494,-0.6089920096138575,normal
West Pokot,2017,1,2017-01-01,hot_dry,20.196521248668432,0.3486791174679899,0.2928171085768548,-0.8746699987104799,-0.44649780804801553,-0.8746699987104799,normal
West Pokot,2017,2,2017-02-01,hot_dry,55.373818039894104,1.577945863226175,,,,,no_data
West Pokot,2017,3,2017-03-01,long_rains,34.07625872269273,-0.7931536945902601,0.2806539184191394,-0.4808727148194351,-0.5901710577392238,-0.7931536945902601,moderate_stress
West Pokot,2017,4,2017-04-01,long_rains,49.040382388047874,-1.1595635152279375,0.2933637349772782,-0.5626316245568131,-0.7715577862917067,-1.1595635152279375,moderate_stress
West Pokot,2017,5,2017-05-01,long_rains,127.9289973564446,-0.0920704160391816,0.4736500649612618,-0.3781707730957721,-0.27803564812596543,-0.3781707730957721,normal
West Pokot,2017,6,2017-06-01,cool_dry,47.00872262567282,-0.73634150223608,0.4783422884299952,0.2590624425934618,-0.08932893809687781,-0.73634150223608,normal
West Pokot,2017,7,2017-07-01,cool_dry,223.68962290883064,1.5564344160979715,0.2467351008153783,-1.213725393301867,-0.24416946001192352,-1.213725393301867,normal
West Pokot,2017,8,2017-08-01,cool_dry,121.1833864673972,0.0570686106438858,0.4101911081290546,-0.7885812350814276,-0.49260378907756797,-0.7885812350814276,normal
West Pokot,2017,9,2017-09-01,cool_dry,105.53388734348118,1.2372034911192376,0.4839303986258679,0.1225450921277546,0.5126755317747737,0.1225450921277546,good
West Pokot,2017,10,2017-10-01,short_rains,171.21300187520683,0.9486339490297644,0.4633938915017854,0.2851368889648732,0.5173608599875851,0.2851368889648732,good
West Pokot,2017,11,2017-11-01,short_rains,70.94915740843862,0.3629346930314331,,,,,no_data
West Pokot,2017,12,2017-12-01,short_rains,12.047794408164918,-0.4663186447200464,0.4448002873345728,0.2669479857238416,0.010304665068480795,-0.4663186447200464,normal
West Pokot,2018,1,2018-01-01,hot_dry,3.458305550739169,-1.1932337540257152,0.3478367795828899,-0.0305826384465506,-0.4375105288992582,-1.1932337540257152,normal
West Pokot,2018,2,2018-02-01,hot_dry,10.432435229420662,-0.7756020481111913,0.2996397740667925,-0.2900796949984376,-0.4600125185879014,-0.7756020481111913,normal
West Pokot,2018,3,2018-03-01,long_rains,136.58205963810906,0.9757940372312698,0.4921481022977648,1.585200887285809,1.3719084897667204,0.9757940372312698,very_good
West Pokot,2018,4,2018-04-01,long_rains,307.6505974829197,1.8371283570801396,,,,,no_data
West Pokot,2018,5,2018-05-01,long_rains,219.89537166431543,1.7760019770603104,0.5876447706071128,1.5145732416942066,1.6060732990723428,1.5145732416942066,very_good
West Pokot,2018,6,2018-06-01,cool_dry,142.18632016703486,1.237192207557189,0.5537609762574628,1.4729741399676155,1.3904504636239663,1.237192207557189,very_good
West Pokot,2018,7,2018-07-01,cool_dry,90.1799787953496,-0.6192038844647654,0.2450111369320203,-1.22865503299272,-1.0153471310079358,-1.22865503299272,moderate_stress
West Pokot,2018,8,2018-08-01,cool_dry,98.78660698235036,-0.4584479737160616,,,,,no_data
West Pokot,2018,9,2018-09-01,cool_dry,25.394564719870687,-1.8290132900413036,0.4957331266879822,0.3247855486264832,-0.42904404490724224,-1.8290132900413036,normal
West Pokot,2018,10,2018-10-01,short_rains,61.64314519241452,-1.3162053087505152,0.3904069579885152,-0.87432806349856,-1.0289850993367442,-1.3162053087505152,moderate_stress
West Pokot,2018,11,2018-11-01,short_rains,17.399411164224148,-1.42469184306856,0.3674324110342553,-0.6007363360052954,-0.8891207634774381,-1.42469184306856,moderate_stress
West Pokot,2018,12,2018-12-01,short_rains,48.92103916363157,0.9626208437070112,0.3756600189291433,-0.6406866036418597,-0.07952899706975491,-0.6406866036418597,normal
West Pokot,2019,1,2019-01-01,hot_dry,6.286721579730511,-0.9326820226018936,0.3533535683604483,0.054053485165896,-0.2913039425528304,-0.9326820226018936,normal
West Pokot,2019,2,2019-02-01,hot_dry,12.95066105108708,-0.6437243720758733,0.300150944924252,-0.2835453663314681,-0.4096080183420099,-0.6437243720758733,normal
West Pokot,2019,3,2019-03-01,long_rains,51.04629117809236,-0.500300995983598,0.2782117024357375,-0.5047305717184308,-0.5031802202112394,-0.5047305717184308,moderate_stress
West Pokot,2019,4,2019-04-01,long_rains,80.89653895795345,-0.7904246339931468,0.2648282652368955,-0.8784746139201177,-0.8476571209456778,-0.8784746139201177,moderate_stress
West Pokot,2019,5,2019-05-01,long_rains,73.73889666423202,-1.1928100270574256,0.4146347733152302,-1.3580482104842582,-1.3002148462848666,-1.3580482104842582,severe_stress
West Pokot,2019,6,2019-06-01,cool_dry,133.48023522645235,1.056669137481835,0.3905744194981073,-1.1536171706312257,-0.3800169627916544,-1.1536171706312257,normal
West Pokot,2019,7,2019-07-01,cool_dry,146.43721263855696,0.2975493092518028,0.5157864564949879,1.116276898166077,0.8297222420460809,0.2975493092518028,good
West Pokot,2019,8,2019-08-01,cool_dry,137.01629904657602,0.4215017658096688,0.5288881021784648,0.8125077805525276,0.675655675392527,0.4215017658096688,good
West Pokot,2019,9,2019-09-01,cool_dry,68.87687275372446,-0.165333360985927,0.4884406681127631,0.1998288315447391,0.07202206415900597,-0.165333360985927,normal
West Pokot,2019,10,2019-10-01,short_rains,176.942627588287,1.0670668980199152,0.4852236476979666,0.6319227588725559,0.7842232075741316,0.6319227588725559,good
West Pokot,2019,11,2019-11-01,short_rains,88.1954593360424,0.9386600537974116,0.5262431823109519,1.3638405474318558,1.2150273746598004,0.9386600537974116,good
West Pokot,2019,12,2019-12-01,short_rains,76.41311674565077,2.028014343421282,0.5171549052526356,1.216778749146451,1.5007112071426418,1.216778749146451,very_good
West Pokot,2020,1,2020-01-01,hot_dry,27.024712281301618,0.97768736017677,0.4863308225233688,2.09413146798795,1.7033760302540373,0.97768736017677,very_good
West Pokot,2020,2,2020-02-01,hot_dry,27.049632595852017,0.0946286325729593,0.49287859441328,2.180104089806754,1.450187679774926,0.0946286325729593,very_good
West Pokot,2020,3,2020-03-01,long_rains,188.88003437966108,1.87830280231341,0.467433811401725,1.3437685080182944,1.530855511021585,1.3437685080182944,very_good
West Pokot,2020,4,2020-04-01,long_rains,199.08678116463125,0.579125822770298,0.4907060311091968,1.6216387345856187,1.2567592154502565,0.579125822770298,very_good
West Pokot,2020,5,2020-05-01,long_rains,117.67660002037884,-0.300322840588141,0.5630973362322383,1.10699282619809,0.614432342822909,-0.300322840588141,good
West Pokot,2020,6,2020-06-01,cool_dry,143.90468345582485,1.2728229438197272,0.5263214899221549,1.0313181738950092,1.1158448433686605,1.0313181738950092,good
West Pokot,2020,7,2020-07-01,cool_dry,173.49316635727882,0.7384460666326456,0.5364930873665066,1.2955976722887397,1.1005946103091067,0.7384460666326456,good
West Pokot,2020,8,2020-08-01,cool_dry,197.3728271164,1.8107546811743376,0.5116799099901809,0.58038861264748,1.01101673663188,0.58038861264748,good
West Pokot,2020,9,2020-09-01,cool_dry,102.71379037946464,1.1293035444703263,0.5186106943367526,0.7167940487392138,0.8611723722451032,0.7167940487392138,good
West Pokot,2020,10,2020-10-01,short_rains,161.23792983219028,0.7424464496008412,0.5425462006617723,1.5425445366072987,1.2625102061550386,0.7424464496008412,very_good
West Pokot,2020,11,2020-11-01,short_rains,89.51443038787693,0.9826906574505868,0.4907493409243248,0.9247621415278828,0.9450371221008292,0.9247621415278828,good
West Pokot,2020,12,2020-12-01,short_rains,12.513159926980734,-0.4482844529694092,0.4862908688974932,0.8116130243173013,0.3706489072669527,-0.4482844529694092,normal
West Pokot,2021,1,2021-01-01,hot_dry,20.024929523468018,0.3328722062354466,0.3947051918065437,0.6884517292668831,0.5639988962058804,0.3328722062354466,good
West Pokot,2021,2,2021-02-01,hot_dry,19.639606275595725,-0.293429119066356,0.3210463155952721,-0.0164385514766753,-0.11338525013306354,-0.293429119066356,normal
West Pokot,2021,3,2021-03-01,long_rains,33.771168666891754,-0.7984186489381195,0.31942338761843,-0.1021361679730424,-0.3458350363108194,-0.7984186489381195,normal
West Pokot,2021,4,2021-04-01,long_rains,95.2078141788952,-0.6245901864976094,0.3356145358649216,-0.0949813851615213,-0.28034446562915216,-0.6245901864976094,normal
West Pokot,2021,5,2021-05-01,long_rains,184.8870357088745,1.0648930916781167,0.5266994642561595,0.502650247799385,0.6994352431569411,0.502650247799385,good
West Pokot,2021,6,2021-06-01,cool_dry,53.787373922765255,-0.5957842998342011,0.446200888067858,-0.2582738170725971,-0.3764024860391585,-0.5957842998342011,normal
West Pokot,2021,7,2021-07-01,cool_dry,74.56114255264401,-0.8737243617342907,0.3836672946158744,-0.027883662361768,-0.3239279071421509,-0.8737243617342907,normal
West Pokot,2021,8,2021-08-01,cool_dry,74.7188841290772,-1.012425401003093,0.4935436692634574,0.3357511132314243,-0.13611066675065678,-1.012425401003093,normal
West Pokot,2021,9,2021-09-01,cool_dry,83.59242882952094,0.3976996608382761,0.4798813631306253,0.0531646249486498,0.173751887510019,0.0531646249486498,normal
West Pokot,2021,10,2021-10-01,short_rains,80.7901270808652,-0.9204318947675668,0.4787001210555981,0.5282905038345701,0.02123766432382218,-0.9204318947675668,normal
West Pokot,2021,11,2021-11-01,short_rains,19.51468974351883,-1.354078471674674,0.4379922035498257,0.2721272371757262,-0.2970447609219139,-1.354078471674674,normal
West Pokot,2021,12,2021-12-01,short_rains,0.0,-0.9332037613526216,0.3720276971816068,-0.688369682313717,-0.7740616099773336,-0.9332037613526216,moderate_stress
West Pokot,2022,1,2022-01-01,hot_dry,22.251768596470356,0.5380070838934157,0.3222058773341591,-0.4238005589597585,-0.08716788396114752,-0.4238005589597585,normal
West Pokot,2022,2,2022-02-01,hot_dry,18.35126505233347,-0.3608986227949342,0.2993581975083677,-0.2936791055493562,-0.3172059365853085,-0.3608986227949342,normal
West Pokot,2022,3,2022-03-01,long_rains,37.1934117116034,-0.7393608295988998,0.2600243046652821,-0.6824021357085334,-0.7023376785701616,-0.7393608295988998,moderate_stress
West Pokot,2022,4,2022-04-01,long_rains,101.11975772213192,-0.5560844889981414,0.2416896120589085,-1.1345832904572974,-0.9321087099465929,-1.1345832904572974,moderate_stress
West Pokot,2022,5,2022-05-01,long_rains,106.01449513435364,-0.5372100327490898,0.4535626261411035,-0.7116983644335042,-0.6506274483439591,-0.7116983644335042,moderate_stress
West Pokot,2022,6,2022-06-01,cool_dry,38.62549384521117,-0.9101700608731088,0.3875882425046625,-1.2016815865895736,-1.099652552588811,-1.2016815865895736,moderate_stress
West Pokot,2022,7,2022-07-01,cool_dry,64.74565027654171,-1.0336750610007386,0.3615976889848483,-0.2190078868139913,-0.5041413977793529,-1.0336750610007386,moderate_stress
West Pokot,2022,8,2022-08-01,cool_dry,147.6298694163561,0.6657990116947736,0.4186020871205921,-0.6751265837490376,-0.20580262534370367,-0.6751265837490376,normal
West Pokot,2022,9,2022-09-01,cool_dry,68.93618891388178,-0.1630638608240326,0.4835674087952007,0.1163252395079039,0.01853905439172613,-0.1630638608240326,normal
West Pokot,2022,10,2022-10-01,short_rains,72.54502332396805,-1.090860471005953,0.358418127422725,-1.3825002270075426,-1.2804263124069863,-1.3825002270075426,severe_stress
West Pokot,2022,11,2022-11-01,short_rains,43.10522386431694,-0.5665665271214878,0.2813253608136266,-1.6659280670477323,-1.2811515280735468,-1.6659280670477323,severe_stress
West Pokot,2022,12,2022-12-01,short_rains,23.568132193759084,-0.019873920611158,0.2822114964665335,-1.8674262919350255,-1.220782961971672,-1.8674262919350255,moderate_stress
West Pokot,2023,1,2023-01-01,hot_dry,2.237279172986746,-1.3057138607627023,0.2898152675214016,-0.9207229111706696,-1.055469743527881,-1.3057138607627023,moderate_stress
West Pokot,2023,2,2023-02-01,hot_dry,4.9621142372488976,-1.062078826090315,0.2497914828010867,-0.9272934834287644,-0.974468353360307,-1.062078826090315,moderate_stress
West Pokot,2023,3,2023-03-01,long_rains,107.04514035023747,0.4660739441958521,0.1964706905721449,-1.3032534612067803,-0.683988869315859,-1.3032534612067803,moderate_stress
West Pokot,2023,4,2023-04-01,long_rains,143.03411742299795,-0.0703943897013902,0.349425957923596,0.0578894408686057,0.012990100169107135,-0.0703943897013902,normal
West Pokot,2023,5,2023-05-01,long_rains,86.84766872599721,-0.92653732270964,0.4457827117513774,-0.8408744197011938,-0.87085643575415,-0.92653732270964,moderate_stress
West Pokot,2023,6,2023-06-01,cool_dry,62.88760734908283,-0.4070884523053707,0.4171670576809934,-0.7255917636115191,-0.6141156046543672,-0.7255917636115191,moderate_stress
West Pokot,2023,7,2023-07-01,cool_dry,69.14716548286378,-0.9619491184520186,0.321030841772722,-0.5703194300066636,-0.7073898209625379,-0.9619491184520186,moderate_stress
West Pokot,2023,8,2023-08-01,cool_dry,59.67575312918052,-1.3586798040668713,0.3569467629978293,-1.506787595882287,-1.4549498687468914,-1.506787595882287,severe_stress
West Pokot,2023,9,2023-09-01,cool_dry,77.70055430755019,0.1722701969955601,0.3385323496127315,-2.3688592384379747,-1.4794639360362376,-2.3688592384379747,severe_stress
West Pokot,2023,10,2023-10-01,short_rains,115.42587791662665,-0.2045013405949233,0.379790932147683,-1.0429734539046818,-0.7495082142462662,-1.0429734539046818,moderate_stress
West Pokot,2023,11,2023-11-01,short_rains,64.87518287450075,0.1601699963147605,0.4142152486322795,-0.0220068169190851,0.04175506771276086,-0.0220068169190851,normal
West Pokot,2023,12,2023-12-01,short_rains,13.25658243522048,-0.4194747893324229,0.4529293333379661,0.3736615334347063,0.09606382046621112,-0.4194747893324229,normal
West Pokot,2024,1,2024-01-01,hot_dry,29.81127799674869,1.234383869616689,0.3115772281368769,-0.5868605751332687,0.050574980529216385,-0.5868605751332687,normal
West Pokot,2024,2,2024-02-01,hot_dry,53.18193439394235,1.463158492339535,0.2934606446695895,-0.3690678880220521,0.2722113451045034,-0.3690678880220521,normal
West Pokot,2024,3,2024-03-01,long_rains,51.70482675358653,-0.4889366146296545,0.3446627555235697,0.1444256561221195,-0.07725113864100139,-0.4889366146296545,normal
West Pokot,2024,4,2024-04-01,long_rains,216.83642986044288,0.7848030345677879,0.433742603014866,0.9911427386415264,0.9189238422157178,0.7848030345677879,good
West Pokot,2024,5,2024-05-01,long_rains,142.70438770577312,0.2080555704050509,0.5063381599647913,0.1645754520230473,0.17979349345674855,0.1645754520230473,normal
West Pokot,2024,6,2024-06-01,cool_dry,38.28163958946243,-0.917299973609991,0.4980213586928909,0.5758095814488351,0.05322123717824595,-0.917299973609991,normal
West Pokot,2024,7,2024-07-01,cool_dry,183.16910483688116,0.8961226336693933,0.4847751354611618,0.8477168350221954,0.8646588645487145,0.8477168350221954,good
West Pokot,2024,8,2024-08-01,cool_dry,113.24855612963438,-0.1255708905366395,0.5607173022345396,1.2418479082813163,0.7632513286950318,-0.1255708905366395,good
West Pokot,2024,9,2024-09-01,cool_dry,52.83621025271714,-0.7790663815721369,0.5255334481788659,0.8354158529432273,0.27034707086284987,-0.7790663815721369,normal
West Pokot,2024,10,2024-10-01,short_rains,162.75727421704505,0.7738517184684378,0.4650790415418771,0.3119070561314863,0.4735876879494193,0.3119070561314863,normal
West Pokot,2024,11,2024-11-01,short_rains,87.06377155147493,0.9008814412705296,0.3940017697275498,-0.2720587061633476,0.1384703454385094,-0.2720587061633476,normal
West Pokot,2024,12,2024-12-01,short_rains,5.927944904193282,-0.7034796181426345,0.4646467569051571,0.5274812852683028,0.09664496907447484,-0.7034796181426345,normal
