county,year,month,date,season,rainfall_mm,rainfall_anomaly,ndvi,ndvi_anomaly
Baringo,2017,1,2017-01-01,hot_dry,23.02004976477474,-0.29089821826039114,0.2961605561694183,-0.5858369206770475
Baringo,2017,2,2017-02-01,hot_dry,37.96331637725234,1.0388678394379267,0.3575773942025485,0.4052723195495956
Baringo,2017,3,2017-03-01,long_rains,31.28157983534038,-0.8098739364020968,0.2546439650604217,-0.6560345985436338
Baringo,2017,4,2017-04-01,long_rains,53.773676302284,-1.1310911064307805,0.2753566053617723,-0.6053815225800135
Baringo,2017,5,2017-05-01,long_rains,110.4159553507343,-0.5570261895790657,0.4589119958865531,-0.3724222568447648
Baringo,2017,6,2017-06-01,cool_dry,50.34358145669103,-0.8598033528912713,0.4065392552338581,-0.8977482944078824
Baringo,2017,7,2017-07-01,cool_dry,238.91900017857552,1.58498971560461,0.3280765311815631,-0.9593748351789414
Baringo,2017,8,2017-08-01,cool_dry,152.5951623469591,0.42772009256924054,0.5719383950136473,1.2102161755314835
Baringo,2017,9,2017-09-01,cool_dry,99.38310653716326,0.8967709136706179,0.5503324860346863,0.8551517662998606
Baringo,2017,10,2017-10-01,short_rains,125.36290846392512,1.1709527816004843,0.4786915021966407,0.5544091643593057
Baringo,2017,11,2017-11-01,short_rains,89.99506720155478,0.06672382656681258,0.5180160623459265,0.8959425913710746
Baringo,2017,12,2017-12-01,short_rains,21.022773534059525,-0.44029029819346094,0.4353738540693313,0.36617292047605665
Baringo,2018,1,2018-01-01,hot_dry,8.138539194129407,-1.0789647931400888,0.3282739318216328,-0.08115146069788234
Baringo,2018,2,2018-02-01,hot_dry,9.641530903987586,-0.9052723279481231,0.2986915646295243,-0.38928806985954356
Baringo,2018,3,2018-03-01,long_rains,168.56304412335157,1.424048035176805,0.5056719791315126,1.945798359841204
Baringo,2018,4,2018-04-01,long_rains,291.6290397644043,1.6409255500933824,,
Baringo,2018,5,2018-05-01,long_rains,275.20200822502375,1.7098989386822607,0.6377707297089044,1.5280804030945063
Baringo,2018,6,2018-06-01,cool_dry,207.1015231013298,1.6101889197722932,0.6285451962680607,1.7410276169557664
Baringo,2018,7,2018-07-01,cool_dry,95.70750208944082,-0.6123183869550988,0.622445196599639,1.5652328677980467
Baringo,2018,8,2018-08-01,cool_dry,97.08970084041357,-0.8441068518756659,,
Baringo,2018,9,2018-09-01,cool_dry,29.925740780308843,-1.707528410011848,0.520844115507733,0.36333208111310505
Baringo,2018,10,2018-10-01,short_rains,52.00922230258584,-0.9996299238579406,0.5179435835348624,1.185809511299763
Baringo,2018,11,2018-11-01,short_rains,30.665741888806224,-1.5547182195995586,0.4871527614647142,0.553126425208416
Baringo,2018,12,2018-12-01,short_rains,74.73326497524977,0.8291342951040368,0.4244715570171434,0.22330166920411765
Baringo,2019,1,2019-01-01,hot_dry,15.507306607440114,-0.6887437017444539,0.3788590007677337,0.7138303271285943
Baringo,2019,2,2019-02-01,hot_dry,9.511540642939508,-0.9141954690442637,0.3144752224616018,-0.1763154514165281
Baringo,2019,3,2019-03-01,long_rains,38.75817528180778,-0.6882105281110119,0.2642079237084129,-0.5569069258213132
Baringo,2019,4,2019-04-01,long_rains,89.41951818577945,-0.7156669343682819,0.2527755428439743,-0.8301256973633131
Baringo,2019,5,2019-05-01,long_rains,64.83136860653758,-1.1841232244880844,0.3182695433813431,-1.866849447367188
Baringo,2019,6,2019-06-01,cool_dry,158.35118100047112,0.8420430318159723,0.4007254750769462,-0.9668512335479638
Baringo,2019,7,2019-07-01,cool_dry,141.41364366188645,0.08895543919654239,0.5329471619126744,0.797666702251481
Baringo,2019,8,2019-08-01,cool_dry,152.48687721788883,0.4252388962851949,0.5176491693749851,0.36363409393007856
Baringo,2019,9,2019-09-01,cool_dry,70.45564873889089,-0.18786219844045124,0.4719316485389694,-0.45245101155716816
Baringo,2019,10,2019-10-01,short_rains,137.86046895384789,1.540763626554913,0.4196504150910963,-0.39531277677716464
Baringo,2019,11,2019-11-01,short_rains,111.8320249542594,0.6635174235603338,0.5381800117524393,1.1199149997937428
Baringo,2019,12,2019-12-01,short_rains,127.68075846135616,2.080525756645895,0.4742437494307549,0.8755509497585596
Baringo,2020,1,2020-01-01,hot_dry,43.909690401982516,0.8153354177190903,0.4565612431525638,1.9349785603164784
Baringo,2020,2,2020-02-01,hot_dry,28.513594330288466,0.3901946045008699,0.4977245340008267,2.296310737113287
Baringo,2020,3,2020-03-01,long_rains,172.70030250027776,1.4913718537144938,0.4080853249680525,0.9343408376975278
Baringo,2020,4,2020-04-01,long_rains,220.0127090960741,0.8062937023933446,0.4906873838419533,1.5377566967500178
Baringo,2020,5,2020-05-01,long_rains,132.7591313496232,-0.249656080072976,0.5714943201501295,0.8238458937370678
Baringo,2020,6,2020-06-01,cool_dry,171.18438585102558,1.0442523520061764,0.56845076091431,1.0267415592054159
Baringo,2020,7,2020-07-01,cool_dry,218.77945724129677,1.2759867272384882,0.5476372317797905,0.9236538330186745
Baringo,2020,8,2020-08-01,cool_dry,203.40221998095512,1.591889943841647,0.5072378996033885,0.20128153996262813
Baringo,2020,9,2020-09-01,cool_dry,96.28748144209385,0.7807006559864192,0.5582642756715752,0.9874415541881612
Baringo,2020,10,2020-10-01,short_rains,98.17176702618599,0.3663494353335173,0.5255459902566948,1.30810015368344
Baringo,2020,11,2020-11-01,short_rains,108.33907685428856,0.568056824867959,0.486567338329254,0.5466237988155415
Baringo,2020,12,2020-12-01,short_rains,17.052352181635797,-0.5341295161056421,0.4618187374887906,0.7127249879709034
Baringo,2021,1,2021-01-01,hot_dry,34.98958594724536,0.3429615863232225,0.3575125408907325,0.37835491530566284
Baringo,2021,2,2021-02-01,hot_dry,27.17840113863349,0.2985406825556165,0.2932667725800996,-0.46248606867366
Baringo,2021,3,2021-03-01,long_rains,31.048068476840854,-0.8136737658770429,0.3260596393450961,0.08416826601203538
Baringo,2021,4,2021-04-01,long_rains,77.30994566902518,-0.85679445081874,0.298586833960605,-0.3741763455713117
Baringo,2021,5,2021-05-01,long_rains,210.04347377456725,0.8135274528071514,0.4807613967768948,-0.1402566609985048
Baringo,2021,6,2021-06-01,cool_dry,63.33847429230809,-0.6550463590744734,0.4416395825520356,-0.48054370169873145
Baringo,2021,7,2021-07-01,cool_dry,93.24262278340757,-0.6501372726119449,0.3672025446927415,-0.6238165822079133
Baringo,2021,8,2021-08-01,cool_dry,95.23854929953814,-0.8865232978259161,0.484698124980539,-0.1502020020212406
Baringo,2021,9,2021-09-01,cool_dry,95.59303972870111,0.754662609987718,0.4873923869695853,-0.19459018805896613
Baringo,2021,10,2021-10-01,short_rains,71.43309394270182,-0.42486508160655106,0.3953574751048603,-0.7860836661816255
Baringo,2021,11,2021-11-01,short_rains,32.68595057167113,-1.4995068838366743,0.3596493406957005,-0.8631262967182195
Baringo,2021,12,2021-12-01,short_rains,0.0,-0.9371545983959527,0.3214327571761753,-1.1269901264027211
Baringo,2022,1,2022-01-01,hot_dry,33.86035244073719,0.2831617980229213,0.2869519821495215,-0.7305564750868722
Baringo,2022,2,2022-02-01,hot_dry,27.385098575614393,0.3127293639192847,0.279829385476996,-0.6437999026928112
Baringo,2022,3,2022-03-01,long_rains,40.637541647069156,-0.657628411014739,0.2580565415238662,-0.6206642278363876
Baringo,2022,4,2022-04-01,long_rains,100.54733190033585,-0.5859810424108326,0.2271435485493731,-1.085235101593072
Baringo,2022,5,2022-05-01,long_rains,105.28278560936451,-0.627642065567181,0.4703536714078231,-0.2508462269935559
Baringo,2022,6,2022-06-01,cool_dry,58.786159521434456,-0.7267759453960392,0.4316752099427594,-0.5989808313121189
Baringo,2022,7,2022-07-01,cool_dry,67.26995491981506,-1.0486384705132732,0.3258591413847415,-0.9783919386250839
Baringo,2022,8,2022-08-01,cool_dry,157.51022323966026,0.5403415663351615,0.4283269271056798,-1.0292502013250266
Baringo,2022,9,2022-09-01,cool_dry,87.21134294942021,0.4403914449970041,0.4779093826724533,-0.35275179904988657
Baringo,2022,10,2022-10-01,short_rains,44.06435410771519,-1.2347236785603706,0.3747706836893245,-1.1172382648424326
Baringo,2022,11,2022-11-01,short_rains,98.98764453455806,0.31248665825708044,0.2724201240309886,-1.8320306193460025
Baringo,2022,12,2022-12-01,short_rains,44.178008103743196,0.10697381050517801,0.2666894212176237,-1.844384714878807
Baringo,2023,1,2023-01-01,hot_dry,6.8977953121066085,-1.1446697346355705,0.3097548539046,-0.3721924729591759
Baringo,2023,2,2023-02-01,hot_dry,0.8728033797815438,-1.5071989053796644,0.2647186386209197,-0.847692774599078
Baringo,2023,3,2023-03-01,long_rains,114.11549876257777,0.5380466473653144,0.2119407191455232,-1.098641424967119
Baringo,2023,4,2023-04-01,long_rains,147.01801711134613,-0.04440185928879032,0.362873234667756,0.2656515662166971
Baringo,2023,5,2023-05-01,long_rains,97.0952608268708,-0.7402760254439713,0.4743906383861717,-0.2079505499613184
Baringo,2023,6,2023-06-01,cool_dry,80.88786061108112,-0.3785254495589486,0.4446274218556835,-0.44503006478990254
Baringo,2023,7,2023-07-01,cool_dry,74.8738488741219,-0.9319711775951858,0.3375909845821598,-0.8777755851003118
Baringo,2023,8,2023-08-01,cool_dry,68.44670963287354,-1.5004193479523276,0.395349862269142,-1.5434920580837823
Baringo,2023,9,2023-09-01,cool_dry,84.70588137581944,0.3464493294194785,0.3773980471254478,-2.029122942082184
Baringo,2023,10,2023-10-01,short_rains,92.41363169811666,0.19596251120122005,0.3713467465202641,-1.1723149650514968
Baringo,2023,11,2023-11-01,short_rains,97.04425882920623,0.2593748576767518,0.4429707216356953,0.06237148082557692
Baringo,2023,12,2023-12-01,short_rains,18.284965937957168,-0.5049972148675419,0.3975245226850159,-0.12983093162942164
Baringo,2024,1,2024-01-01,hot_dry,61.7826540954411,1.76181764571527,0.253426993785177,-1.2574264733297569
Baringo,2024,2,2024-02-01,hot_dry,41.56834940519184,1.2863342119583532,0.3140538751992986,-0.18200078942126716
Baringo,2024,3,2024-03-01,long_rains,51.30263860523701,-0.4840798948517226,0.3148457669894998,-0.032060286382313105
Baringo,2024,4,2024-04-01,long_rains,226.91342820972204,0.8867161408306983,0.4458510029148126,1.091510404140996
Baringo,2024,5,2024-05-01,long_rains,211.62594759464264,0.8352971936618662,0.5397367472291664,0.4863988453337582
Baringo,2024,6,2024-06-01,cool_dry,49.29451571032405,-0.8763331966737097,0.5343472301130161,0.6213849495954129
Baringo,2024,7,2024-07-01,cool_dry,154.72112442925572,0.293133425635862,0.4577565015721205,0.1528055380440479
Baringo,2024,8,2024-08-01,cool_dry,144.65832471847534,0.24585899862266566,0.5551110899424601,0.9478124520058627
Baringo,2024,9,2024-09-01,cool_dry,40.16563258878887,-1.3235843456089385,0.5484041732577738,0.8229905391470796
Baringo,2024,10,2024-10-01,short_rains,65.01401774771512,-0.6148096706652724,0.4704992777329588,0.42263084351021313
Baringo,2024,11,2024-11-01,short_rains,130.87912379018962,1.1840655125072947,0.3938876158065301,-0.48282237995013216
Baringo,2024,12,2024-12-01,short_rains,14.2626798087731,-0.6000622346925123,0.4778992564527328,0.923455245501311
Bomet,2017,1,2017-01-01,hot_dry,30.266892343759537,-0.804403712076143,0.6222274480315365,-1.2762675242136765
Bomet,2017,2,2017-02-01,hot_dry,73.35428729653358,-0.35809911551573864,0.5779140645866538,-1.0547335594422447
Bomet,2017,3,2017-03-01,long_rains,104.75507805496454,-0.7191039003940789,0.6912525798649359,0.24247458914672057
Bomet,2017,4,2017-04-01,long_rains,181.9597106575966,-1.4158002274526444,0.7051079123563212,1.049970087154136
Bomet,2017,5,2017-05-01,long_rains,210.24452075362206,-0.6242192949834016,0.7522400357307537,1.15715692033143
Bomet,2017,6,2017-06-01,cool_dry,111.94987285137177,-0.5934253328073853,0.6905321755369501,0.6086064169944804
Bomet,2017,7,2017-07-01,cool_dry,169.68706619739532,1.7732562760220612,0.5033461864871837,-1.71974038181224
Bomet,2017,8,2017-08-01,cool_dry,135.87172561883926,-0.12229351741420023,0.6826205919180204,1.4365765430899424
Bomet,2017,9,2017-09-01,cool_dry,147.69154701381922,-0.06619682049371706,0.538670319502515,-2.0613662451293835
Bomet,2017,10,2017-10-01,short_rains,147.08528672158718,-0.0018549134366182465,0.6615272562236489,0.6796436304641006
Bomet,2017,11,2017-11-01,short_rains,133.1146810464561,-0.9071264062257308,0.6970747091831859,0.915458110717369
Bomet,2017,12,2017-12-01,short_rains,82.27421248331666,-0.6175071948700265,0.681803930378553,-0.6064084581448913
Bomet,2018,1,2018-01-01,hot_dry,48.7344788312912,-0.6105802714576573,0.672763258961099,-0.11104661297415891
Bomet,2018,2,2018-02-01,hot_dry,47.410820826888084,-0.6469579095595611,0.6564650431985831,0.21619816944491918
Bomet,2018,3,2018-03-01,long_rains,285.8107096552849,1.169433648727404,0.7596956502415277,1.0237778053872468
Bomet,2018,4,2018-04-01,long_rains,356.8568935394287,1.5384550105146468,,
Bomet,2018,5,2018-05-01,long_rains,285.9156302213669,1.6598918138929752,0.7758152479252471,1.5461140204441948
Bomet,2018,6,2018-06-01,cool_dry,177.10690435767174,1.0558701915860127,,
Bomet,2018,7,2018-07-01,cool_dry,87.65808539092541,-0.3930822024114611,,
Bomet,2018,8,2018-08-01,cool_dry,137.04053232073784,-0.09683249607009027,,
Bomet,2018,9,2018-09-01,cool_dry,71.62145094573498,-1.6900063275890589,0.6904638710597238,1.281910656742732
Bomet,2018,10,2018-10-01,short_rains,141.86480097472668,-0.12229686574627746,0.6301850526750545,-0.048644188603947355
Bomet,2018,11,2018-11-01,short_rains,113.18494562804699,-1.1717708520288772,0.3542909677406863,-2.042377232819705
Bomet,2018,12,2018-12-01,short_rains,132.27915939921513,-0.13307727675183245,0.6900963234964912,-0.34011583332767154
Bomet,2019,1,2019-01-01,hot_dry,29.492569118738174,-0.812530490944934,0.7101584589153896,0.7511868837328808
Bomet,2019,2,2019-02-01,hot_dry,36.91427317261696,-0.7638281859578138,0.6373265956683596,-0.09345628219432896
Bomet,2019,3,2019-03-01,long_rains,73.50696948170662,-1.0450436453112324,0.6079637006493144,-0.7082990808563968
Bomet,2019,4,2019-04-01,long_rains,211.5920835658908,-0.915268478254174,0.6188397007741872,-0.5059676466674343
Bomet,2019,5,2019-05-01,long_rains,216.65639189630747,-0.4306787719396063,0.6915223400094044,0.15540225282428072
Bomet,2019,6,2019-06-01,cool_dry,193.1910376250744,1.4630018303118995,0.4782990819240218,-2.215113777568565
Bomet,2019,7,2019-07-01,cool_dry,96.47694500535727,-0.16018116267136595,0.6955010892517843,1.4086936674481363
Bomet,2019,8,2019-08-01,cool_dry,130.31526386737823,-0.24333422587512454,0.6076475720577988,0.18704569706069601
Bomet,2019,9,2019-09-01,cool_dry,140.29843600094318,-0.2240118433507233,0.6175236170888371,-0.3246099353105107
Bomet,2019,10,2019-10-01,short_rains,186.6886344924569,0.9118348761371712,0.6681353483611758,0.8331935556816593
Bomet,2019,11,2019-11-01,short_rains,241.26248448342085,0.5289546507744632,0.703229106831861,0.9685635900111885
Bomet,2019,12,2019-12-01,short_rains,320.2192582041025,1.6876187201522381,0.7306224691717458,0.9612954181774733
Bomet,2020,1,2020-01-01,hot_dry,186.31085543334484,0.8333293958309044,0.7104986177317509,0.759030038095618
Bomet,2020,2,2020-02-01,hot_dry,107.4422560557723,0.021441897583569798,0.7110565275060343,1.0994723279523297
Bomet,2020,3,2020-03-01,long_rains,332.3172455728054,1.6545295199990988,0.6934611452301703,0.26768618783217674
Bomet,2020,4,2020-04-01,long_rains,306.3208526670933,0.6848314072454224,0.7078796587370764,1.099961442061202
Bomet,2020,5,2020-05-01,long_rains,201.33864358067513,-0.8930406870324702,0.7008041935631837,0.308539489179363
Bomet,2020,6,2020-06-01,cool_dry,137.3275294303894,0.04894977925276922,0.6746900432228982,0.39782991565527864
Bomet,2020,7,2020-07-01,cool_dry,108.11446289718151,0.14715903044888018,0.6610238520954005,0.8473769323940754
Bomet,2020,8,2020-08-01,cool_dry,130.0606324672699,-0.24888105881380285,0.5438497067550234,-0.8762354773572573
Bomet,2020,9,2020-09-01,cool_dry,147.00511600077152,-0.0808495324339559,0.643706314224524,0.2520680965587421
Bomet,2020,10,2020-10-01,short_rains,227.03506483882666,1.8426683416944327,0.6708219176476657,0.895620426319499
Bomet,2020,11,2020-11-01,short_rains,330.39107397943735,1.712481961960027,0.6239957559514937,0.28486953662757014
Bomet,2020,12,2020-12-01,short_rains,85.10288159549236,-0.5901040671614943,0.7544983971350234,1.7280202269102407
Bomet,2021,1,2021-01-01,hot_dry,100.58347991108894,-0.0664078215978497,0.7189902686107947,0.9548248416854637
Bomet,2021,2,2021-02-01,hot_dry,134.47515073418617,0.32243056328314607,0.7340301748600727,1.4711791846518572
Bomet,2021,3,2021-03-01,long_rains,122.99838402867317,-0.5288133910797028,0.71347814838122,0.49618775644036545
Bomet,2021,4,2021-04-01,long_rains,289.1465345621109,0.3947334286265161,0.6564057161011803,0.17157486504835245
Bomet,2021,5,2021-05-01,long_rains,237.1438513994217,0.18772941809314267,0.6600660092023252,-0.3635819713672274
Bomet,2021,6,2021-06-01,cool_dry,108.43542167544365,-0.6823853185703479,0.6614541922299677,0.2217294823782302
Bomet,2021,7,2021-07-01,cool_dry,89.60680288076401,-0.34161768779322293,0.606382540024103,-0.04222691700403929
Bomet,2021,8,2021-08-01,cool_dry,192.9530377611518,1.1211529005815608,0.6046320615383572,0.13678797211386978
Bomet,2021,9,2021-09-01,cool_dry,182.03893464803696,0.6669902985867329,0.659091325543683,0.5909253961654374
Bomet,2021,10,2021-10-01,short_rains,105.01168841123581,-0.9725359126594487,0.6449803996349233,0.2951501126822207
Bomet,2021,11,2021-11-01,short_rains,117.56395298242569,-1.1136225650527745,0.6453448131509614,0.469087713575069
Bomet,2021,12,2021-12-01,short_rains,0.0,-1.4145501371126115,0.6836446614235632,-0.5472972830490134
Bomet,2022,1,2022-01-01,hot_dry,152.1348992884159,0.4746414096715408,0.6837080343416774,0.14131069380864467
Bomet,2022,2,2022-02-01,hot_dry,299.3324158191681,2.157978285386041,0.5864027073092113,-0.9173898170480924
Bomet,2022,3,2022-03-01,long_rains,108.65882290899754,-0.6783850965995327,0.7175397142782192,0.5425520484108725
Bomet,2022,4,2022-04-01,long_rains,210.06725195795298,-0.9410249923988985,0.564752794498028,-1.481481765221102
Bomet,2022,5,2022-05-01,long_rains,273.65344256162643,1.2897611358872747,0.6483018962055385,-0.5576729190490395
Bomet,2022,6,2022-06-01,cool_dry,112.01512166950852,-0.5917737139224074,0.6506862229785657,0.07846373756902596
Bomet,2022,7,2022-07-01,cool_dry,69.21799313277006,-0.8800744947935119,0.5915159390099376,-0.284266959388281
Bomet,2022,8,2022-08-01,cool_dry,223.32676593959332,1.782807338561163,0.4988611602010604,-1.6260328943748066
Bomet,2022,9,2022-09-01,cool_dry,160.28178200125694,0.20255718832030978,0.6483101971406059,0.35346934354425275
Bomet,2022,10,2022-10-01,short_rains,101.60977978259325,-1.0510214285061668,0.5492956753789653,-1.9282423504052821
Bomet,2022,11,2022-11-01,short_rains,221.5354192852974,0.2670014372933854,0.4996849550069572,-0.78779184185508
Bomet,2022,12,2022-12-01,short_rains,267.8427582979202,1.180214050699374,0.6542438665497271,-1.4914414797019973
Bomet,2023,1,2023-01-01,hot_dry,20.663874350488186,-0.905190568498,0.7000558403264837,0.5182474647043046
Bomet,2023,2,2023-02-01,hot_dry,14.400048699229956,-1.0145052393817908,0.5699007305839046,-1.1843869465576253
Bomet,2023,3,2023-03-01,long_rains,230.3466891348362,0.5909049144799216,0.4803269634037794,-2.1653201170501455
Bomet,2023,4,2023-04-01,long_rains,295.9507380127907,0.5096658326432645,0.5955595089218704,-0.9258503391368207
Bomet,2023,5,2023-05-01,long_rains,195.2303752154112,-1.0774170458202927,0.6325129056589108,-0.8181685585393418
Bomet,2023,6,2023-06-01,cool_dry,164.19547777622938,0.7290480883990702,0.6624110392671079,0.2344601468372244
Bomet,2023,7,2023-07-01,cool_dry,55.37184062600136,-1.245743465183864,0.5814586347433328,-0.4480078406186837
Bomet,2023,8,2023-08-01,cool_dry,87.13849870860577,-1.183887131236994,0.5999165423135799,0.05819721056540256
Bomet,2023,9,2023-09-01,cool_dry,234.98642621189356,1.7972194506741703,0.6519423959679974,0.4334690952995067
Bomet,2023,10,2023-10-01,short_rains,156.19287015497684,0.20826636315152972,0.5866691674773926,-1.0598075892973244
Bomet,2023,11,2023-11-01,short_rains,238.63944648206234,0.494123659613943,0.5746649728644442,-0.14079923379079617
Bomet,2023,12,2023-12-01,short_rains,145.1008533835411,-0.008865322734363159,0.709628509567572,0.2871189134229367
Bomet,2024,1,2024-01-01,hot_dry,287.09973207116127,1.8911420590721386,0.602233014847826,-1.7372857848390735
Bomet,2024,2,2024-02-01,hot_dry,130.80259288102388,0.28153970416214735,0.6717260594307828,0.4631169231931892
Bomet,2024,3,2024-03-01,long_rains,131.1753343194723,-0.4435220498218776,0.6963742888666439,0.30094081068915823
Bomet,2024,4,2024-04-01,long_rains,274.32682353258133,0.14440801907586714,0.679704526179403,0.5917933567616627
Bomet,2024,5,2024-05-01,long_rains,227.21313132345676,-0.11202656809762185,0.5955629778293084,-1.427789233823656
Bomet,2024,6,2024-06-01,cool_dry,78.92839912325144,-1.429285524249611,0.6954490198572068,0.6740240781343241
Bomet,2024,7,2024-07-01,cool_dry,144.20478143543005,1.1002837063824844,0.623605191839857,0.23817149898103943
Bomet,2024,8,2024-08-01,cool_dry,95.17913112789392,-1.008731809732512,0.6374449518163834,0.6836609489021584
Bomet,2024,9,2024-09-01,cool_dry,122.41749724000692,-0.6057024137137578,0.6083860446889288,-0.5258664078707693
Bomet,2024,10,2024-10-01,short_rains,111.8373694717884,-0.8150604606346226,0.6466130054631051,0.33308640315907956
Bomet,2024,11,2024-11-01,short_rains,215.73347225785255,0.18995811366556373,0.6295723653067173,0.33298935753438197
Bomet,2024,12,2024-12-01,short_rains,135.30863870307803,-0.10372877222128425,0.700962503341562,0.00882849571293346
Bungoma,2017,1,2017-01-01,hot_dry,47.82770532742143,-0.16282430239495926,0.4407437322117566,-0.7201533656224142
Bungoma,2017,2,2017-02-01,hot_dry,124.96281465515494,0.9769691287431337,,
Bungoma,2017,3,2017-03-01,long_rains,94.81737052462995,-0.7508591019018498,0.4818682876409869,0.30421750023505495
Bungoma,2017,4,2017-04-01,long_rains,171.48841959796846,-0.9931725725573075,0.553547491067349,0.8917319493331027
Bungoma,2017,5,2017-05-01,long_rains,273.55999141931534,0.8247235956183921,0.6980172578752992,1.3071280870974942
Bungoma,2017,6,2017-06-01,cool_dry,137.50944863259792,-0.4077794797114653,0.6865924248354892,0.9876008773289353
Bungoma,2017,7,2017-07-01,cool_dry,218.49974338710308,1.2838794231655295,0.5782034239458448,0.39076617223868765
Bungoma,2017,8,2017-08-01,cool_dry,198.4816762059927,-0.07752555056524624,0.56986782453377,0.5041652680362809
Bungoma,2017,9,2017-09-01,cool_dry,180.88128389418125,0.04952703707363134,0.5306322362194271,-0.8663889479831651
Bungoma,2017,10,2017-10-01,short_rains,204.67539516091347,0.13048598602363626,0.6157674371618017,1.4716354013154507
Bungoma,2017,11,2017-11-01,short_rains,132.09558179974556,-0.3887802923839399,0.5993463743369069,0.627420228523072
Bungoma,2017,12,2017-12-01,short_rains,16.226112199947238,-0.6910132240557957,0.5293118512567805,-0.6304790765144234
Bungoma,2018,1,2018-01-01,hot_dry,17.61113027855754,-0.899776037430707,0.4339086899765288,-0.8444175002644455
Bungoma,2018,2,2018-02-01,hot_dry,50.57014747709036,-0.7193023188746903,0.4001726441558466,-0.523247231617375
Bungoma,2018,3,2018-03-01,long_rains,217.29330545663834,0.7277337763126176,0.5050307143308225,0.674259064908733
Bungoma,2018,4,2018-04-01,long_rains,373.50636914372444,1.7963067330227027,,
Bungoma,2018,5,2018-05-01,long_rains,316.21597266197205,1.986393692569364,0.7207450041892608,1.7363941625386752
Bungoma,2018,6,2018-06-01,cool_dry,190.6027762144804,0.6685108704375006,0.7297628734244007,1.5397471894711088
Bungoma,2018,7,2018-07-01,cool_dry,163.37045428156853,-0.10483626128483414,,
Bungoma,2018,8,2018-08-01,cool_dry,125.8850159868598,-1.3478430976593982,,
Bungoma,2018,9,2018-09-01,cool_dry,91.8644005022943,-2.248764884847081,0.6062049795124335,1.2824960482161094
Bungoma,2018,10,2018-10-01,short_rains,136.25785943120718,-0.9445004571128812,0.5760855907911717,0.14385270696820382
Bungoma,2018,11,2018-11-01,short_rains,73.61974280513823,-1.1424787769466096,0.5292483811382553,-0.19022344701410185
Bungoma,2018,12,2018-12-01,short_rains,70.44152660667896,0.07292871506182498,0.5551670583389613,-0.038414135842630585
Bungoma,2019,1,2019-01-01,hot_dry,20.62775026075542,-0.8262037240156622,0.5040674899708096,0.4311009630859287
Bungoma,2019,2,2019-02-01,hot_dry,47.37875474244356,-0.7920711626232116,0.4164101916459715,-0.34024810596213373
Bungoma,2019,3,2019-03-01,long_rains,99.02562363445759,-0.7000548922310332,0.3975737547229278,-1.0424669932391846
Bungoma,2019,4,2019-04-01,long_rains,180.08476009964943,-0.8744736451249846,0.3948701219173605,-1.3980049719537142
Bungoma,2019,5,2019-05-01,long_rains,205.02035175263882,-1.041848161426338,0.5790342713108704,-0.9401409109468798
Bungoma,2019,6,2019-06-01,cool_dry,166.99994081258774,0.1900420093544719,0.5673102578595715,-0.5380077450701529
Bungoma,2019,7,2019-07-01,cool_dry,163.56236416101456,-0.10000202046816951,0.6299382087052625,1.349906118560542
Bungoma,2019,8,2019-08-01,cool_dry,212.49527744948864,0.16768853371712777,0.5790952055786499,0.6681544983814571
Bungoma,2019,9,2019-09-01,cool_dry,184.95957089960575,0.15482272619113654,0.5885001812439463,0.7790661910733194
Bungoma,2019,10,2019-10-01,short_rains,316.21892830729485,1.883074480669547,0.607811842577918,1.20543556996028
Bungoma,2019,11,2019-11-01,short_rains,193.06237748637795,0.3970242776350441,0.593210009319583,0.5558438563866595
Bungoma,2019,12,2019-12-01,short_rains,224.64467790722847,2.2457840867614753,0.5680178332115433,0.2558590153388019
Bungoma,2020,1,2020-01-01,hot_dry,84.12484258413315,0.7224262011749392,0.5393644588964673,1.07281569550226
Bungoma,2020,2,2020-02-01,hot_dry,64.34886087477207,-0.4051256801281196,0.5927701117463565,1.6473495407038041
Bungoma,2020,3,2020-03-01,long_rains,319.21842263638973,1.9582265458254093,0.5256356029675566,1.003441552269176
Bungoma,2020,4,2020-04-01,long_rains,257.34542924165726,0.19234758631257862,0.5606288274936516,0.9939166373841869
Bungoma,2020,5,2020-05-01,long_rains,225.86865317821503,-0.47407671102788973,0.6174622892633115,-0.214338879124028
Bungoma,2020,6,2020-06-01,cool_dry,234.0194166302681,1.5486386236534362,0.5927079498671358,-0.2131734559379028
Bungoma,2020,7,2020-07-01,cool_dry,216.88065353035927,1.2430942885288325,0.5529135400726046,-0.07809704954653247
Bungoma,2020,8,2020-08-01,cool_dry,284.7394160106778,1.4318375539608035,0.4595471411022725,-1.4564564814170786
Bungoma,2020,9,2020-09-01,cool_dry,223.78295451402664,1.1571884072028886,0.556965892339891,-0.1176004818435108
Bungoma,2020,10,2020-10-01,short_rains,261.0862805843353,1.0168221632732375,0.5691592510744977,-0.08790752729792528
Bungoma,2020,11,2020-11-01,short_rains,282.91191264241934,1.555100153930104,0.5840059776310195,0.4484853150619345
Bungoma,2020,12,2020-12-01,short_rains,24.27910539507866,-0.5775396058143786,0.5947817874256612,0.8687335869312002
Bungoma,2021,1,2021-01-01,hot_dry,51.837348975241184,-0.06503314511266044,0.53965937756765,1.0781774492710097
Bungoma,2021,2,2021-02-01,hot_dry,79.71960155665874,-0.05464828045357274,0.4408820660159844,-0.06444711966288925
Bungoma,2021,3,2021-03-01,long_rains,81.08074174448848,-0.9166947944096759,0.4697024779731976,0.109857241473115
Bungoma,2021,4,2021-04-01,long_rains,320.853564158082,1.0692727728303515,0.4949505127513337,0.04616924908944975
Bungoma,2021,5,2021-05-01,long_rains,255.89995919167995,0.3437797572073091,0.6128529833352359,-0.3013962863530648
Bungoma,2021,6,2021-06-01,cool_dry,131.5919764265418,-0.5277365161739197,0.6357554325749846,0.33740013319657985
Bungoma,2021,7,2021-07-01,cool_dry,105.18804515898228,-1.5704605314068276,0.5784958494159868,0.3961876106584938
Bungoma,2021,8,2021-08-01,cool_dry,185.78077868372202,-0.299769562034701,0.5812836540337367,0.7070476551779801
Bungoma,2021,9,2021-09-01,cool_dry,194.54939913749695,0.4024187319367301,0.5781632348928273,0.4851386723340048
Bungoma,2021,10,2021-10-01,short_rains,158.35240706801414,-0.5973476559562496,0.5497643780617334,-0.7368737196692324
Bungoma,2021,11,2021-11-01,short_rains,82.37186522036791,-1.0296721628906076,0.6215917024709791,0.8868962995074151
Bungoma,2021,12,2021-12-01,short_rains,0.0,-0.9196531367819564,0.565382924851151,0.19552158090585858
Bungoma,2022,1,2022-01-01,hot_dry,68.9653976559639,0.35270265626863967,0.4872687292805834,0.12569195632505584
Bungoma,2022,2,2022-02-01,hot_dry,128.81237991899252,1.0647453557623803,0.3370373893504392,-1.2347891953552463
Bungoma,2022,3,2022-03-01,long_rains,121.05309742875399,-0.4341278274947381,0.4192238951819342,-0.6965856243249627
Bungoma,2022,4,2022-04-01,long_rains,188.60311231017113,-0.7568515859845908,0.4020004900483383,-1.295112749456414
Bungoma,2022,5,2022-05-01,long_rains,220.62635438144207,-0.6168426625799145,0.5844372953961333,-0.8380922998547083
Bungoma,2022,6,2022-06-01,cool_dry,100.94091737642884,-1.1490846324057604,0.5444134247637925,-0.8308562645274294
Bungoma,2022,7,2022-07-01,cool_dry,154.1675138771534,-0.3366598144274816,0.5113296481996294,-0.8490439473518556
Bungoma,2022,8,2022-08-01,cool_dry,285.7756349146366,1.4499696147519776,0.4991793808229827,-0.7521113961709102
Bungoma,2022,9,2022-09-01,cool_dry,168.045127928257,-0.2818846282294796,0.5082306514119362,-1.503370317010133
Bungoma,2022,10,2022-10-01,short_rains,137.0647087097168,-0.9318231218829348,0.539018715936811,-1.0964311877243165
Bungoma,2022,11,2022-11-01,short_rains,155.99811058491468,-0.0806992108237601,0.3900745727381195,-1.8135878123292353
Bungoma,2022,12,2022-12-01,short_rains,86.51349386200309,0.2993965925985629,0.4637336312959956,-2.1321713579582964
Bungoma,2023,1,2023-01-01,hot_dry,11.39429385960102,-1.051398396284236,0.5116265791061873,0.56852859524428
Bungoma,2023,2,2023-02-01,hot_dry,21.749749878421426,-1.3764533447762095,0.3997397779900898,-0.528125685700875
Bungoma,2023,3,2023-03-01,long_rains,205.1031278669834,0.5805676429963915,0.365510383814882,-1.5547095185326327
Bungoma,2023,4,2023-04-01,long_rains,206.29256214946508,-0.5125943090210411,0.4915922007703927,-0.0022916686655706097
Bungoma,2023,5,2023-05-01,long_rains,219.13754698634148,-0.6573880440392981,0.589428386667643,-0.7438239930594346
Bungoma,2023,6,2023-06-01,cool_dry,202.5859376937151,0.9114295506518143,0.4873131892691263,-1.5611633491503023
Bungoma,2023,7,2023-07-01,cool_dry,129.59296003729105,-0.9556967893185774,0.4652980646406737,-1.7024490748528383
Bungoma,2023,8,2023-08-01,cool_dry,158.09433317184448,-0.7842350656025213,0.4936780219645899,-0.849881673636698
Bungoma,2023,9,2023-09-01,cool_dry,199.43946361541748,0.5286733845266061,0.5297383339949041,-0.8918067506808797
Bungoma,2023,10,2023-10-01,short_rains,194.93790626898408,-0.022510880019166162,0.5351646647143907,-1.2253904722410043
Bungoma,2023,11,2023-11-01,short_rains,118.25573933124542,-0.5671628256564696,0.4409925307241852,-1.2196657267056052
Bungoma,2023,12,2023-12-01,short_rains,66.82594923116267,0.021982112116763698,0.5989391715493192,0.963934579779554
Bungoma,2024,1,2024-01-01,hot_dry,133.6422914713621,1.9301067477946463,0.3862021504882776,-1.7117437935416757
Bungoma,2024,2,2024-02-01,hot_dry,139.38799752295017,1.3058863023502898,0.5391911181574723,1.0435077975947185
Bungoma,2024,3,2024-03-01,long_rains,118.51315318048,-0.4647913490971213,0.5380633669172102,1.2019867772106994
Bungoma,2024,4,2024-04-01,long_rains,249.14859127998352,0.07916502052229105,0.5446674400092598,0.7635915542689564
Bungoma,2024,5,2024-05-01,long_rains,229.8833920955658,-0.3647414663216251,0.6285072161172525,-0.005729880298057891
Bungoma,2024,6,2024-06-01,cool_dry,96.75104063749313,-1.2340204258060774,0.6311465259116481,0.27845261468915444
Bungoma,2024,7,2024-07-01,cool_dry,188.99625155329704,0.5406817052115283,0.5837032318860781,0.49273017029350913
Bungoma,2024,8,2024-08-01,cool_dry,172.04498854279518,-0.5401224265680418,0.6078441906794099,1.179082129628959
Bungoma,2024,9,2024-09-01,cool_dry,188.18191748857498,0.2380192261455679,0.5903781499411733,0.8324655858942359
Bungoma,2024,10,2024-10-01,short_rains,162.3714082382303,-0.5342005149951892,0.5815196216244778,0.3256792286885589
Bungoma,2024,11,2024-11-01,short_rains,259.7580626755953,1.256668837136239,0.6059829569740801,0.7048312865698653
Bungoma,2024,12,2024-12-01,short_rains,33.19652032852173,-0.45188553988649627,0.5794224317188678,0.5170158073599445
Busia,2017,1,2017-01-01,hot_dry,50.776965260505676,-0.38485060885488237,0.3545500254738241,-1.5405896610714906
Busia,2017,2,2017-02-01,hot_dry,216.02278236858547,1.517762419966194,,
Busia,2017,3,2017-03-01,long_rains,104.7222432717681,-0.8216743444455136,0.4110286623352715,-0.1103722088242753
Busia,2017,4,2017-04-01,long_rains,224.1721027493477,-0.9968406501177803,0.4843065356779337,0.25023073677722163
Busia,2017,5,2017-05-01,long_rains,324.20533841848373,1.8830647877275286,0.5829704306766441,0.48441763106202884
Busia,2017,6,2017-06-01,cool_dry,109.51820728182793,-0.5464775184688105,0.5910560775788686,0.6018093715962195
Busia,2017,7,2017-07-01,cool_dry,119.61239368468523,1.0464952766715243,0.5511972323795495,0.6347352199404638
Busia,2017,8,2017-08-01,cool_dry,150.5629119873047,0.37337147023173534,0.5032059637219325,0.9091268713294893
Busia,2017,9,2017-09-01,cool_dry,160.68517948687077,-0.03152262651986021,,
Busia,2017,10,2017-10-01,short_rains,162.99630884826183,-0.5839137266310627,0.5593055224922793,1.1877290226207717
Busia,2017,11,2017-11-01,short_rains,174.27826941013336,-0.44156881369183093,0.5712512803304165,0.7340277026725108
Busia,2017,12,2017-12-01,short_rains,20.14833002537489,-0.9417843386735865,0.4728590466956341,-0.752051855123172
Busia,2018,1,2018-01-01,hot_dry,21.9963506013155,-0.9542645237241494,0.3609341137576549,-1.45363533866823
Busia,2018,2,2018-02-01,hot_dry,77.31976771354675,-0.6007456630396761,0.2908920486534931,-0.7005639961416144
Busia,2018,3,2018-03-01,long_rains,232.77365778759122,0.6792326384948867,0.4679364201357942,0.6440856420933597
Busia,2018,4,2018-04-01,long_rains,314.0398325622082,0.518488858191106,,
Busia,2018,5,2018-05-01,long_rains,284.90278358757496,0.8578095973237297,0.6296118125947868,1.4144959776192831
Busia,2018,6,2018-06-01,cool_dry,131.64824737608433,0.05299526105423905,0.631219870939635,1.9064100978747043
Busia,2018,7,2018-07-01,cool_dry,77.34062403440475,-0.575344559610943,0.0432005968689496,-2.4054746299290395
Busia,2018,8,2018-08-01,cool_dry,96.68426848948002,-1.3365378571789102,,
Busia,2018,9,2018-09-01,cool_dry,83.54553808271885,-2.080185903723791,0.476652450984728,0.08368897491490086
Busia,2018,10,2018-10-01,short_rains,178.07581236958504,-0.4231569691605072,0.50301830054038,-0.6226444495907838
Busia,2018,11,2018-11-01,short_rains,111.03526490926743,-0.975013637288621,,
Busia,2018,12,2018-12-01,short_rains,146.72298623993993,0.5616328949728993,0.5461967723213853,0.5633963404051671
Busia,2019,1,2019-01-01,hot_dry,18.912121914327145,-1.0152848581334892,0.4876620118705529,0.2724589789661407
Busia,2019,2,2019-02-01,hot_dry,95.47053227573633,-0.32351635022792147,0.3757582631608104,-0.02054804787894602
Busia,2019,3,2019-03-01,long_rains,131.62594264745712,-0.506332648201219,0.3737400710882324,-0.604727838062033
Busia,2019,4,2019-04-01,long_rains,225.17228257656097,-0.9799758421500299,0.4096788335388851,-2.1602296675468144
Busia,2019,5,2019-05-01,long_rains,237.8157534301281,-0.3705131485466392,0.5041978882143532,-1.0863899444086276
Busia,2019,6,2019-06-01,cool_dry,140.59121017158031,0.29524799721528217,0.5359718644658084,-1.187436574081203
Busia,2019,7,2019-07-01,cool_dry,111.43277323246002,0.7326680012855827,0.5448574299252726,0.5967933744234234
Busia,2019,8,2019-08-01,cool_dry,130.1787737607956,-0.27354585770995743,0.4615989197253738,0.2345570835939622
Busia,2019,9,2019-09-01,cool_dry,155.57762329280376,-0.1671683544565388,0.4964615268151601,1.8440846639900048
Busia,2019,10,2019-10-01,short_rains,402.97663301229477,1.9744237355268117,0.5418909645318408,0.627622258268289
Busia,2019,11,2019-11-01,short_rains,245.04990029335022,0.15537879261042573,0.4777357321226073,0.06956306067928861
Busia,2019,12,2019-12-01,short_rains,259.35422244668007,1.8994342102146786,,
Busia,2020,1,2020-01-01,hot_dry,116.2024762108922,0.9095691512417192,0.517127229396254,0.673789272424207
Busia,2020,2,2020-02-01,hot_dry,84.23865192756057,-0.49506870879881526,0.5303567633576082,1.218218713683717
Busia,2020,3,2020-03-01,long_rains,345.80431711673737,2.004079431596963,0.5049768382689657,1.135151102092673
Busia,2020,4,2020-04-01,long_rains,283.5598172619939,0.004541674988627469,0.4987327057634952,0.7161932517759886
Busia,2020,5,2020-05-01,long_rains,218.24258708953857,-0.8811031208693704,0.5394858900523873,-0.38270997067994383
Busia,2020,6,2020-06-01,cool_dry,184.07580715417862,1.4731867677086727,0.565708082053603,-0.22154446540136621
Busia,2020,7,2020-07-01,cool_dry,128.31773971021175,1.3804930508273665,0.4791573134437089,0.20359757881730067
Busia,2020,8,2020-08-01,cool_dry,174.48973315954208,1.1327204820409706,0.3256211723428452,-1.9700330861901287
Busia,2020,9,2020-09-01,cool_dry,218.43476177752018,1.5021823059787254,0.4621818347155423,-1.2022877519447983
Busia,2020,10,2020-10-01,short_rains,270.84566305577755,0.5658265452006653,0.5030619238925853,-0.6212413858604592
Busia,2020,11,2020-11-01,short_rains,457.10043006390333,1.9439917520960837,0.5201176011972891,0.3707028604389227
Busia,2020,12,2020-12-01,short_rains,56.14933194220066,-0.5141748287686496,0.5116396684984124,-0.056449441267853104
Busia,2021,1,2021-01-01,hot_dry,78.37217219173908,0.16111044848909847,0.5199846167531907,0.7127082488574383
Busia,2021,2,2021-02-01,hot_dry,86.25322660803795,-0.46429870170830784,0.4540380729318882,0.6066923608082005
Busia,2021,3,2021-03-01,long_rains,93.76470053195953,-0.9501091022826815,0.4201536968995183,0.010603458342628005
Busia,2021,4,2021-04-01,long_rains,378.090402841568,1.598495211644542,0.502682099394868,0.8437579053382256
Busia,2021,5,2021-05-01,long_rains,273.8077660650015,0.568382501513314,0.5676707005408763,0.1793248760398647
Busia,2021,6,2021-06-01,cool_dry,114.74976661801338,-0.4047616696431767,0.558682615266418,-0.4497457458600994
Busia,2021,7,2021-07-01,cool_dry,62.00324246287346,-1.1637934611536538,0.4923253903864309,0.2824046307279185
Busia,2021,8,2021-08-01,cool_dry,129.820584744215,-0.2849134553454085,0.4311329121774386,-0.25938447703359485
Busia,2021,9,2021-09-01,cool_dry,179.1218900680542,0.45811682775526297,0.4716869988370798,-0.35758151290865775
Busia,2021,10,2021-10-01,short_rains,164.89740431308746,-0.563646882823162,0.549989984816688,0.8881121344096347
Busia,2021,11,2021-11-01,short_rains,95.8393322378397,-1.1031889459614952,0.5439252481895598,0.5398655284507338
Busia,2021,12,2021-12-01,short_rains,0.0,-1.1811003873618537,0.5161466266206657,0.024391215824438598
Busia,2022,1,2022-01-01,hot_dry,108.69272956252098,0.7609915656216026,0.4618581098584069,-0.07900245375075012
Busia,2022,2,2022-02-01,hot_dry,190.49206288531423,1.1278138977600782,0.165351547422061,-1.706494842543421
Busia,2022,3,2022-03-01,long_rains,148.2621045410633,-0.31133807004796404,0.4273745896973487,0.10633485723298654
Busia,2022,4,2022-04-01,long_rains,208.36681360006332,-1.2633458916003293,0.4819396629841128,0.17378120467316632
Busia,2022,5,2022-05-01,long_rains,230.17243374884129,-0.5698984864430972,0.5826444941647732,0.4779181132609565
Busia,2022,6,2022-06-01,cool_dry,92.48454685509205,-1.0078962830971374,0.5390957297790367,-1.0859671506174589
Busia,2022,7,2022-07-01,cool_dry,72.24444329738617,-0.7708695873202395,0.4652757406712774,0.12052046506435765
Busia,2022,8,2022-08-01,cool_dry,191.38906916975975,1.6690430468821673,0.4350627699667759,-0.19567018541020217
Busia,2022,9,2022-09-01,cool_dry,165.8231265693903,0.1049302181728855,0.4718421521442305,-0.34379332736220436
Busia,2022,10,2022-10-01,short_rains,104.73373609036207,-1.2050284911329663,0.46387797989753,-1.8815198342424335
Busia,2022,11,2022-11-01,short_rains,181.0982236340642,-0.3840435694907406,0.1703522243262329,-2.1145173021783044
Busia,2022,12,2022-12-01,short_rains,150.42924106121063,0.6056547200145428,0.4195426358728285,-1.7083806178504506
Busia,2023,1,2023-01-01,hot_dry,18.107537657022476,-1.0312032628381553,0.4839455130842832,0.22183849577340076
Busia,2023,2,2023-02-01,hot_dry,22.91746031306684,-1.4316701259918587,0.349721519371767,-0.22917525153313884
Busia,2023,3,2023-03-01,long_rains,217.0308536887169,0.4947092211440889,0.2653761907619927,-2.0413681737190412
Busia,2023,4,2023-04-01,long_rains,317.05578542128205,0.5693431790083788,0.4795955317768114,0.09806621820323336
Busia,2023,5,2023-05-01,long_rains,229.5690878033638,-0.5856375030253832,0.5884489900131785,0.5936658822862849
Busia,2023,6,2023-06-01,cool_dry,179.3062895834446,1.3439870038160615,0.57359204206573,0.034542400333248166
Busia,2023,7,2023-07-01,cool_dry,65.70383675396442,-1.0218128606520853,0.4455900920612143,0.002707671392548063
Busia,2023,8,2023-08-01,cool_dry,114.7628915309906,-0.762789073643407,0.4623321991036307,0.2464456502170203
Busia,2023,9,2023-09-01,cool_dry,175.98503986001015,0.3748088202207157,0.4680244731693471,-0.6830633502136838
Busia,2023,10,2023-10-01,short_rains,273.99379627406597,0.5993875764071478,0.5275662630354999,0.16689496196494563
Busia,2023,11,2023-11-01,short_rains,223.80384516716003,-0.023828350035098356,0.4274472314205368,-0.2877564573662333
Busia,2023,12,2023-12-01,short_rains,97.24379756301641,-0.026066627099142543,0.5913428780773233,1.373175520834611
Busia,2024,1,2024-01-01,hot_dry,148.7713350057602,1.5539320881982561,0.5552054271168863,1.1924324574692837
Busia,2024,2,2024-02-01,hot_dry,160.49993926286697,0.6697232320403074,0.4821404492700795,0.8318710636051991
Busia,2024,3,2024-03-01,long_rains,124.61002403497696,-0.5885671262585606,0.4842446673052437,0.8602931608437028
Busia,2024,4,2024-04-01,long_rains,315.8667221069336,0.5492934600354852,0.4789804857738932,0.07820035077896459
Busia,2024,5,2024-05-01,long_rains,217.43750667572021,-0.9021046276800824,0.4743934154466447,-1.6807225651798448
Busia,2024,6,2024-06-01,cool_dry,85.16098813712597,-1.2062815585851305,0.5849026004026681,0.40193206615596283
Busia,2024,7,2024-07-01,cool_dry,102.03657032549381,0.3721641399524482,0.5394974854514564,0.5647156895630286
Busia,2024,8,2024-08-01,cool_dry,122.49662992358208,-0.5173487552771903,0.5109671581487445,1.0349581434934467
Busia,2024,9,2024-09-01,cool_dry,155.80381126701832,-0.16116128742739955,0.4831256745728178,0.6589523035244091
Busia,2024,10,2024-10-01,short_rains,183.63507800363004,-0.3638917873869267,0.5303070509815386,0.2550472924300355
Busia,2024,11,2024-11-01,short_rains,324.82541796565056,0.8282727717612769,0.5647895545860491,0.6881146073030827
Busia,2024,12,2024-12-01,short_rains,65.45913767814636,-0.4035956432988882,0.5457798930539556,0.5559188371772641
Elgeyo-Marakwet,2017,1,2017-01-01,hot_dry,37.80044446885586,-0.049786826340818616,0.5058781020738706,-0.6646302761183333
Elgeyo-Marakwet,2017,2,2017-02-01,hot_dry,64.49900262057781,1.3167599622525252,,
Elgeyo-Marakwet,2017,3,2017-03-01,long_rains,45.488293305039406,-0.8601339846979126,0.4292282868631838,-0.4235345229341753
Elgeyo-Marakwet,2017,4,2017-04-01,long_rains,73.58380615711212,-1.1642291302271721,0.4455460831985304,-0.35786182686847934
Elgeyo-Marakwet,2017,5,2017-05-01,long_rains,188.15913152694702,-0.23169673674581379,0.652774745903195,0.6858096132659408
Elgeyo-Marakwet,2017,6,2017-06-01,cool_dry,75.96327266097069,-0.8621664640181315,0.6189723810821678,1.1622840444680425
Elgeyo-Marakwet,2017,7,2017-07-01,cool_dry,324.5523286908865,1.651021663061065,0.58541159839092,1.0030949807631038
Elgeyo-Marakwet,2017,8,2017-08-01,cool_dry,194.94997036457062,0.07320640793867267,0.6795252571453622,1.3249633427256444
Elgeyo-Marakwet,2017,9,2017-09-01,cool_dry,150.25566708296537,1.0599460362016395,0.6728100453104696,0.9906386992000755
Elgeyo-Marakwet,2017,10,2017-10-01,short_rains,245.27905683219433,1.2396534777822839,0.6456132297672469,1.094341620952513
Elgeyo-Marakwet,2017,11,2017-11-01,short_rains,110.59501126408577,-0.2670818947024924,0.6394258399320422,0.9891139243889145
Elgeyo-Marakwet,2017,12,2017-12-01,short_rains,24.115622516721487,-0.49147681772506546,0.6261464952636168,0.6200340578300397
Elgeyo-Marakwet,2018,1,2018-01-01,hot_dry,11.227710431441665,-1.1822917721612634,0.5484556288841033,0.15312753932561496
Elgeyo-Marakwet,2018,2,2018-02-01,hot_dry,18.92868085205555,-0.8177968055186207,0.4875007914241225,-0.19927513202484035
Elgeyo-Marakwet,2018,3,2018-03-01,long_rains,178.29970379918814,1.1046908090979073,0.6127218973997125,1.4499709790855666
Elgeyo-Marakwet,2018,4,2018-04-01,long_rains,402.88096725940704,1.725301626469493,,
Elgeyo-Marakwet,2018,5,2018-05-01,long_rains,350.93009746074677,1.6093972171424178,0.7093898426187524,1.5198670669601964
Elgeyo-Marakwet,2018,6,2018-06-01,cool_dry,233.20273101329803,1.361714460580898,,
Elgeyo-Marakwet,2018,7,2018-07-01,cool_dry,141.83339282870293,-0.5307422158530108,,
Elgeyo-Marakwet,2018,8,2018-08-01,cool_dry,151.74140283465385,-0.6435812632082718,,
Elgeyo-Marakwet,2018,9,2018-09-01,cool_dry,42.2486776150763,-1.8789397473335032,0.6618590887969049,0.7205881908843769
Elgeyo-Marakwet,2018,10,2018-10-01,short_rains,101.8101279810071,-1.0661193250041323,0.5221914028992939,-0.8339288664114642
Elgeyo-Marakwet,2018,11,2018-11-01,short_rains,35.31235036253929,-1.5127016902656933,0.561972610473075,0.058577102586792607
Elgeyo-Marakwet,2018,12,2018-12-01,short_rains,81.04675770550966,0.6612420315664662,0.6093112846234269,0.36444509120308927
Elgeyo-Marakwet,2019,1,2019-01-01,hot_dry,19.43913435935974,-0.8323286032414986,0.5809432421359898,0.7770951962602062
Elgeyo-Marakwet,2019,2,2019-02-01,hot_dry,19.55617305636406,-0.7884044799995243,0.4948102135311081,-0.05283055416863113
Elgeyo-Marakwet,2019,3,2019-03-01,long_rains,57.0104710534215,-0.6896737777449788,0.4252706846570206,-0.4639424122681539
Elgeyo-Marakwet,2019,4,2019-04-01,long_rains,121.22308544814587,-0.7462019529581205,0.3986600987505791,-0.845811158194203
Elgeyo-Marakwet,2019,5,2019-05-01,long_rains,98.97965163737535,-1.240401208662286,0.5154900209814929,-1.3366782873481449
Elgeyo-Marakwet,2019,6,2019-06-01,cool_dry,194.5198290348053,0.8146115341300529,0.4673655482265944,-1.560259512166516
Elgeyo-Marakwet,2019,7,2019-07-01,cool_dry,177.0490681529045,-0.11024782083387726,0.5737010567779839,0.853346825288504
Elgeyo-Marakwet,2019,8,2019-08-01,cool_dry,212.94712203741074,0.3717614670926611,0.5591883278146111,-0.06070459883603044
Elgeyo-Marakwet,2019,9,2019-09-01,cool_dry,106.34572561085224,-0.13484981343751248,0.6087236703548548,-0.5897308430802736
Elgeyo-Marakwet,2019,10,2019-10-01,short_rains,267.30120089650154,1.5935841946916802,0.6010885438680149,0.3987139515412054
Elgeyo-Marakwet,2019,11,2019-11-01,short_rains,175.00277502462268,0.7986028800825454,0.6458072567102404,1.065781396214931
Elgeyo-Marakwet,2019,12,2019-12-01,short_rains,151.5252938196063,2.0882632349868513,0.5855240136690277,0.0033112668601837448
Elgeyo-Marakwet,2020,1,2020-01-01,hot_dry,62.784080512821674,1.0149922567799234,0.5955157521121344,1.05697955818522
Elgeyo-Marakwet,2020,2,2020-02-01,hot_dry,40.82009203732014,0.20761750116387484,0.5798030781640319,1.6500050462084674
Elgeyo-Marakwet,2020,3,2020-03-01,long_rains,218.44798174500465,1.6986482984630369,0.5825879541933108,1.142297549860056
Elgeyo-Marakwet,2020,4,2020-04-01,long_rains,291.5129358768463,0.7480646806195338,0.638602106654454,1.6513005840924233
Elgeyo-Marakwet,2020,5,2020-05-01,long_rains,180.28010886814445,-0.32081595340985636,0.6153026681955712,0.13376841700201936
Elgeyo-Marakwet,2020,6,2020-06-01,cool_dry,231.72894952446222,1.340870363466895,0.6139275899967838,1.0716900837250996
Elgeyo-Marakwet,2020,7,2020-07-01,cool_dry,292.6613487303257,1.2702259463346712,0.5274916313446886,0.2624453577993286
Elgeyo-Marakwet,2020,8,2020-08-01,cool_dry,289.1463927179575,1.635832481166151,0.5145522151555963,-0.5746850592941205
Elgeyo-Marakwet,2020,9,2020-09-01,cool_dry,148.44320052862167,1.0106285594722537,0.6424169903147162,0.2411461831167957
Elgeyo-Marakwet,2020,10,2020-10-01,short_rains,180.15095528960228,0.19294178601392295,0.6725124672582456,1.5145995858745633
Elgeyo-Marakwet,2020,11,2020-11-01,short_rains,185.5211935825646,0.9726396399006704,0.5963293379538898,0.47134491383029953
Elgeyo-Marakwet,2020,12,2020-12-01,short_rains,25.90567585453391,-0.4552325338742146,0.6506634771568837,0.9922462148880914
Elgeyo-Marakwet,2021,1,2021-01-01,hot_dry,47.59070163592696,0.3674647310996371,0.5953510515154703,1.0538162650063883
Elgeyo-Marakwet,2021,2,2021-02-01,hot_dry,39.8973882291466,0.1643971862319423,0.4769456224352972,-0.4107483845125035
Elgeyo-Marakwet,2021,3,2021-03-01,long_rains,42.47638912126422,-0.9046923851757057,0.4641053470856526,-0.06743294517345416
Elgeyo-Marakwet,2021,4,2021-04-01,long_rains,127.15281096100807,-0.6941695449324055,0.4659576193340533,-0.14543597027340815
Elgeyo-Marakwet,2021,5,2021-05-01,long_rains,289.5873857587576,0.9155529864976615,0.6296740590907118,0.34548872468369757
Elgeyo-Marakwet,2021,6,2021-06-01,cool_dry,92.32302635908127,-0.6307859660082434,0.5747345783500125,0.3678650692834925
Elgeyo-Marakwet,2021,7,2021-07-01,cool_dry,119.99975414574146,-0.7914477853057355,0.4743933034474141,-0.4165477173474925
Elgeyo-Marakwet,2021,8,2021-08-01,cool_dry,125.16794822365046,-1.0844087595551948,0.630066238265828,0.7554475900501193
Elgeyo-Marakwet,2021,9,2021-09-01,cool_dry,131.5126549899578,0.5499459699823717,0.6553365782600074,0.5597431282816835
Elgeyo-Marakwet,2021,10,2021-10-01,short_rains,148.39088483154774,-0.3174928235085449,0.5542164065851151,-0.3335889262875837
Elgeyo-Marakwet,2021,11,2021-11-01,short_rains,50.914249654859304,-1.2545541384368222,0.5821073574696725,0.3004795204573032
Elgeyo-Marakwet,2021,12,2021-12-01,short_rains,0.0,-0.9797602946879259,0.5659319197992567,-0.2941321767210188
Elgeyo-Marakwet,2022,1,2022-01-01,hot_dry,54.21330790221691,0.6497139847983611,0.5216905048915484,-0.3609321293768389
Elgeyo-Marakwet,2022,2,2022-02-01,hot_dry,32.924360275268555,-0.16222600695975303,0.4376523630286503,-1.197990481381088
Elgeyo-Marakwet,2022,3,2022-03-01,long_rains,61.61593322828412,-0.6215401269209213,0.4134536857147762,-0.5845962730261505
Elgeyo-Marakwet,2022,4,2022-04-01,long_rains,133.4445709735155,-0.6389603411571964,0.3583170780443536,-1.2656669041925734
Elgeyo-Marakwet,2022,5,2022-05-01,long_rains,136.46852055191994,-0.8163665566547055,0.5995704633271313,-0.09799949464691884
Elgeyo-Marakwet,2022,6,2022-06-01,cool_dry,81.91347520667478,-0.7780111121900829,0.5116772675121452,-0.764513149341283
Elgeyo-Marakwet,2022,7,2022-07-01,cool_dry,115.91077509522438,-0.8402724282030835,0.4129514000138334,-1.2022339829480027
Elgeyo-Marakwet,2022,8,2022-08-01,cool_dry,249.13813465833664,0.9721347989565774,0.4123597493618884,-1.7514212823887987
Elgeyo-Marakwet,2022,9,2022-09-01,cool_dry,107.14084817795083,-0.11321441354231646,0.6426241235829676,0.24625408801177842
Elgeyo-Marakwet,2022,10,2022-10-01,short_rains,105.71521109342575,-1.0033584575094354,0.4811527117720822,-1.4750933909433535
Elgeyo-Marakwet,2022,11,2022-11-01,short_rains,143.14816808700562,0.2715395628962423,0.3879589830134692,-2.0320534492652067
Elgeyo-Marakwet,2022,12,2022-12-01,short_rains,64.57933039963245,0.3278161514768481,0.4346641216979749,-2.2870149261656882
Elgeyo-Marakwet,2023,1,2023-01-01,hot_dry,9.120309248566628,-1.272107229579889,0.5337304235609833,-0.12968953905161468
Elgeyo-Marakwet,2023,2,2023-02-01,hot_dry,7.517204239964485,-1.352321111849649,0.4579423192237352,-0.7914803597573186
Elgeyo-Marakwet,2023,3,2023-03-01,long_rains,144.43464870005846,0.6036879234688669,0.3141783728662161,-1.598216552733287
Elgeyo-Marakwet,2023,4,2023-04-01,long_rains,201.48073895648122,-0.04195367612406064,0.4864557378900274,0.06789096229695027
Elgeyo-Marakwet,2023,5,2023-05-01,long_rains,143.70706671476364,-0.7344917364194276,0.5049156842118511,-1.4924601355167346
Elgeyo-Marakwet,2023,6,2023-06-01,cool_dry,112.93462759256363,-0.3392704183912176,0.5246835218733896,-0.5309478585150489
Elgeyo-Marakwet,2023,7,2023-07-01,cool_dry,105.36742052435875,-0.9661658396152888,0.4008109082668505,-1.357480111244665
Elgeyo-Marakwet,2023,8,2023-08-01,cool_dry,113.25861630588771,-1.281972871911816,0.5486100212011152,-0.182512762230685
Elgeyo-Marakwet,2023,9,2023-09-01,cool_dry,126.46506948024035,0.41260043920913464,0.5445425114707919,-2.1724377563497073
Elgeyo-Marakwet,2023,10,2023-10-01,short_rains,177.38054230809212,0.14841686374396976,0.5390884751238719,-0.5699388857059405
Elgeyo-Marakwet,2023,11,2023-11-01,short_rains,115.76818716526031,-0.18148701493514952,0.505295017547718,-0.6223575408950112
Elgeyo-Marakwet,2023,12,2023-12-01,short_rains,25.323769234120846,-0.46701474632533346,0.6040046084745873,0.283880143006486
Elgeyo-Marakwet,2024,1,2024-01-01,hot_dry,69.57332462072372,1.3043434586455478,0.4422981959048296,-1.8857666142306435
Elgeyo-Marakwet,2024,2,2024-02-01,hot_dry,66.95868402719498,1.4319737546792048,0.5474754601221243,1.002319865635922
Elgeyo-Marakwet,2024,3,2024-03-01,long_rains,81.25575204193592,-0.33098675649029274,0.5241323236878032,0.5454541771895963
Elgeyo-Marakwet,2024,4,2024-04-01,long_rains,298.81604781001806,0.8121483383099285,0.5659869823941034,0.895584313139288
Elgeyo-Marakwet,2024,5,2024-05-01,long_rains,281.0354061126709,0.8188219882520097,0.6226631880303218,0.24220409559993614
Elgeyo-Marakwet,2024,6,2024-06-01,cool_dry,72.79597703367472,-0.9069623975701703,0.5683873098930066,0.25388132254620915
Elgeyo-Marakwet,2024,7,2024-07-01,cool_dry,212.88296530395746,0.31762848041525943,0.5740160388335805,0.8573746476892282
Elgeyo-Marakwet,2024,8,2024-08-01,cool_dry,187.94662189483643,-0.04297226047877947,0.6069192916953878,0.4889127699738715
Elgeyo-Marakwet,2024,9,2024-09-01,cool_dry,78.00088462978601,-0.9061170305520674,0.6327921751125197,0.0037983099352819822
Elgeyo-Marakwet,2024,10,2024-10-01,short_rains,119.13845265260898,-0.787625716209744,0.5886828672657903,0.20489491098005164
Elgeyo-Marakwet,2024,11,2024-11-01,short_rains,197.63313361257315,1.1730426554606994,0.5378791610763141,-0.2308858673180281
Elgeyo-Marakwet,2024,12,2024-12-01,short_rains,14.615226998925209,-0.6838370254176263,0.6062013285253925,0.3172303290988231
Embu,2017,1,2017-01-01,hot_dry,9.111587762832642,-1.019505931860986,0.4736137041422329,-0.7132598596140614
Embu,2017,2,2017-02-01,hot_dry,25.345886886119843,-0.17403474160584667,0.3392700483622752,-1.2732664009374162
Embu,2017,3,2017-03-01,long_rains,25.102400735020638,-0.8328010262764454,0.2014266163027486,-1.9713784648947499
Embu,2017,4,2017-04-01,long_rains,162.58015114068985,-1.1376938399727676,,
Embu,2017,5,2017-05-01,long_rains,89.95808310806751,-0.6305080234385851,,
Embu,2017,6,2017-06-01,cool_dry,6.534106820821762,-0.903391135695682,,
Embu,2017,7,2017-07-01,cool_dry,17.104619950056076,-1.037509380326094,0.3765255541508831,0.17267453800888358
Embu,2017,8,2017-08-01,cool_dry,21.91488716006279,0.6099929815197176,,
Embu,2017,9,2017-09-01,cool_dry,16.212124288082123,-0.13279543117789055,,
Embu,2017,10,2017-10-01,short_rains,121.8189506828785,0.051384943200733536,0.307349327364069,0.06947180909071614
Embu,2017,11,2017-11-01,short_rains,273.517355799675,-0.10896141658067263,,
Embu,2017,12,2017-12-01,short_rains,17.21381226181984,-0.7947653922900804,0.5613284182977186,0.30242414134466433
Embu,2018,1,2018-01-01,hot_dry,10.643930308520794,-0.9597296222222786,0.4464077215279335,-1.0844032319276735
Embu,2018,2,2018-02-01,hot_dry,8.826612450182438,-0.9488406114917517,0.3689908727638601,-0.8256241897888728
Embu,2018,3,2018-03-01,long_rains,228.48054580390453,1.9818809505386874,,
Embu,2018,4,2018-04-01,long_rains,518.2444984316826,1.1982218842168717,,
Embu,2018,5,2018-05-01,long_rains,203.94127478450537,1.1354859674486522,0.4359816310779433,-0.9338410358190856
Embu,2018,6,2018-06-01,cool_dry,35.689261607825756,1.8227996271497162,,
Embu,2018,7,2018-07-01,cool_dry,31.228267714381218,1.8486004126635036,,
Embu,2018,8,2018-08-01,cool_dry,13.405993789434433,-1.2034939002625857,,
Embu,2018,9,2018-09-01,cool_dry,25.79128710180521,1.3818109508999932,,
Embu,2018,10,2018-10-01,short_rains,53.28389398753643,-0.5434684387661728,,
Embu,2018,11,2018-11-01,short_rains,175.57458272576332,-0.9706263127168469,,
Embu,2018,12,2018-12-01,short_rains,177.69592551887035,1.0746042205595099,0.4877532055743738,-1.4203974530155605
Embu,2019,1,2019-01-01,hot_dry,37.97364166006446,0.10639576383016916,0.4929741253428703,-0.4491454508207607
Embu,2019,2,2019-02-01,hot_dry,20.915872506797314,-0.3818163338355228,0.4264034599989074,0.03909938417378927
Embu,2019,3,2019-03-01,long_rains,25.112772829830647,-0.8326574801333056,0.3282256347212037,-0.3042494251495985
Embu,2019,4,2019-04-01,long_rains,187.94994899630547,-0.9710712639911521,0.367903362328936,-0.9384542572134988
Embu,2019,5,2019-05-01,long_rains,113.17253525555134,-0.27083584378448267,0.3887801801017292,-1.6435691749369752
Embu,2019,6,2019-06-01,cool_dry,20.961131036281586,0.4456265745126443,0.4477471280503714,-0.4411594477836064
Embu,2019,7,2019-07-01,cool_dry,14.814256556332111,-1.5055357946373034,0.2992456097405487,-0.522964581117167
Embu,2019,8,2019-08-01,cool_dry,16.42014603316784,-0.5610924368039398,0.2584980220745274,-1.4380576584401694
Embu,2019,9,2019-09-01,cool_dry,23.055843390524387,0.9492971098172087,0.285133015494891,0.03969840292097361
Embu,2019,10,2019-10-01,short_rains,386.73452143371105,2.350732617155984,0.3215189737991178,0.444877268548645
Embu,2019,11,2019-11-01,short_rains,414.7569471001625,1.1336131394451152,0.546113549447459,0.6472169509771671
Embu,2019,12,2019-12-01,short_rains,253.39308638870716,1.9563596351483266,0.5551591963780789,0.15796694781237183
Embu,2020,1,2020-01-01,hot_dry,87.9295195043087,2.055162396130352,0.6032400104678741,1.055099149957948
Embu,2020,2,2020-02-01,hot_dry,56.133673667907715,1.27000918488948,0.4841584365923281,0.9089798786641283
Embu,2020,3,2020-03-01,long_rains,153.34818452596664,0.9420755029427862,0.4289482099777235,1.0200315689974417
Embu,2020,4,2020-04-01,long_rains,484.63938787579536,0.977511805294052,0.4729006224969286,0.40280273995642396
Embu,2020,5,2020-05-01,long_rains,145.73303243517876,0.2336389082715204,0.5727748562262105,1.1230025382765085
Embu,2020,6,2020-06-01,cool_dry,23.63082836009562,0.695260103709997,0.4160723770151578,-1.0428701013446582
Embu,2020,7,2020-07-01,cool_dry,23.02623477205634,0.1725484470332061,0.403942986154622,0.4194738647075291
Embu,2020,8,2020-08-01,cool_dry,26.349107548594475,1.555051305236848,0.3168895158212196,0.07207322916136184
Embu,2020,9,2020-09-01,cool_dry,23.37161063402891,0.9992245504050161,0.3260856326968345,0.7209387487870029
Embu,2020,10,2020-10-01,short_rains,74.40491884946823,-0.36014746880509974,0.3250733646022086,0.5390460058310961
Embu,2020,11,2020-11-01,short_rains,212.03735868632793,-0.6498400711716268,0.4922011714260873,0.23522585661158676
Embu,2020,12,2020-12-01,short_rains,64.15717738866806,-0.24794744160374202,0.6293919031584314,1.8961842837226173
Embu,2021,1,2021-01-01,hot_dry,32.80422666668892,-0.0952618565005526,0.5473959919860062,0.293276368669742
Embu,2021,2,2021-02-01,hot_dry,33.47817194648087,0.2073949770412134,0.5313583920454786,1.6198852068499214
Embu,2021,3,2021-03-01,long_rains,58.87007185816765,-0.3654683378150032,0.3732085977678434,0.2871778975868462
Embu,2021,4,2021-04-01,long_rains,239.8568258881569,-0.6301596970916765,0.4607918996312847,0.24812337742495083
Embu,2021,5,2021-05-01,long_rains,177.03677248954773,0.7186421444086555,0.5143945355834484,0.24518722806977572
Embu,2021,6,2021-06-01,cool_dry,5.885721802711487,-0.9640192222228542,0.5226882304629548,0.9824621510453911
Embu,2021,7,2021-07-01,cool_dry,23.10117508471012,0.18786219415072433,0.3616182330656813,0.038485573622772704
Embu,2021,8,2021-08-01,cool_dry,14.435334574431181,-0.9841121394194303,0.2815896938236979,-0.840856858850186
Embu,2021,9,2021-09-01,cool_dry,10.932429358363152,-0.9675927711417339,0.2637274160074384,-0.31638037774386496
Embu,2021,10,2021-10-01,short_rains,64.1177151426673,-0.44943575732546115,0.307868761530802,0.08323350899723023
Embu,2021,11,2021-11-01,short_rains,158.3842813372612,-1.12186033229372,0.4081599628647641,-0.4070056820020494
Embu,2021,12,2021-12-01,short_rains,0.0,-0.9952798104420981,0.5588858970878782,0.24523058213853752
Embu,2022,1,2022-01-01,hot_dry,26.554206773638725,-0.3390736108803607,0.6621155463916252,1.8582778205944281
Embu,2022,2,2022-02-01,hot_dry,18.022375836968422,-0.5175304181903134,0.4615942507867985,0.5691278647941761
Embu,2022,3,2022-03-01,long_rains,43.20608188211918,-0.5822524482987702,0.379879823446181,0.3748898861950439
Embu,2022,4,2022-04-01,long_rains,220.7008662596345,-0.7559713159650103,0.395861958167726,-0.5813052969470632
Embu,2022,5,2022-05-01,long_rains,38.06700935959816,-1.4344802852490663,0.5561314203083116,0.8727493244824941
Embu,2022,6,2022-06-01,cool_dry,7.389764446765184,-0.8233817537168566,0.4343160897085111,-0.6963026957826138
Embu,2022,7,2022-07-01,cool_dry,21.264887794852257,-0.1873756210677822,,
Embu,2022,8,2022-08-01,cool_dry,24.000632632523775,1.0545245896018511,0.3283576861464304,0.36866502911608023
Embu,2022,9,2022-09-01,cool_dry,13.801134650595486,-0.5140083161733816,0.1889278299339171,-1.5606597271218876
Embu,2022,10,2022-10-01,short_rains,42.5180558860302,-0.6369110579626112,0.2615077965463,-1.1450370368274347
Embu,2022,11,2022-11-01,short_rains,258.5590096414089,-0.24055950579451016,0.2889522324607507,-1.3179750198138143
Embu,2022,12,2022-12-01,short_rains,55.01443948224187,-0.3544462661372003,0.5338540070656298,-0.34091085166388724
Embu,2023,1,2023-01-01,hot_dry,23.876848578453064,-0.4435167022371149,0.4895525263299498,-0.4958228237487571
Embu,2023,2,2023-02-01,hot_dry,5.277723670005798,-1.1152946448766057,0.3603067160294554,-0.956421205040648
Embu,2023,3,2023-03-01,long_rains,100.93482014536858,0.21669297958293127,0.332926730031983,-0.24244033065530549
Embu,2023,4,2023-04-01,long_rains,357.65057545900345,0.14348060149207031,0.3766625615636303,-0.8265624112325449
Embu,2023,5,2023-05-01,long_rains,65.34775340557098,-1.0118071757884908,0.484080053111226,-0.2106259045429106
Embu,2023,6,2023-06-01,cool_dry,20.266299741342664,0.3806554683107743,0.456152492547801,-0.2814866105908357
Embu,2023,7,2023-07-01,cool_dry,23.66247370839119,0.3025612776756893,0.1844752301977564,-1.5560756468160435
Embu,2023,8,2023-08-01,cool_dry,16.27227934449911,-0.5926070284756325,0.3668112468297212,1.3631576512437142
Embu,2023,9,2023-09-01,cool_dry,14.790197730064392,-0.35762291156421055,0.2674700762754759,-0.25412181285448976
Embu,2023,10,2023-10-01,short_rains,140.61177045106888,0.21449814299709927,0.2502624220060898,-1.442967900197603
Embu,2023,11,2023-11-01,short_rains,481.6795372366905,1.7223737480061867,0.6559005491436282,1.4861943400659579
Embu,2023,12,2023-12-01,short_rains,53.8813791424036,-0.36764467514260785,0.5044716482788953,-1.0289219404169412
Embu,2024,1,2024-01-01,hot_dry,53.07585844397545,0.6955295637407721,0.4918836292247185,-0.4640219731108626
Embu,2024,2,2024-02-01,hot_dry,64.45088630914688,1.660112588069347,0.4183777401887957,-0.08178053871507512
Embu,2024,3,2024-03-01,long_rains,47.16444173455238,-0.5274701405408805,0.4149487118779268,0.8359688679203237
Embu,2024,4,2024-04-01,long_rains,514.8125702142715,1.1756818260176125,0.5740883405436612,1.6953958480117322
Embu,2024,5,2024-05-01,long_rains,211.9690712094307,1.2598643081317968,0.5344734639344433,0.5470970244701923
Embu,2024,6,2024-06-01,cool_dry,9.206027999520302,-0.6535496620477392,0.5488453396597056,1.4793567044563178
Embu,2024,7,2024-07-01,cool_dry,23.252811439335346,0.21884846450805626,0.5182491478904353,1.4484062515940241
Embu,2024,8,2024-08-01,cool_dry,19.62398487329483,0.12173662860317185,0.3324700080476964,0.4750186077692005
Embu,2024,9,2024-09-01,cool_dry,8.461309161335521,-1.3583131810650015,0.3651353567253537,1.3705247660122695
Embu,2024,10,2024-10-01,short_rains,43.69992345571518,-0.626652980494472,0.3595091939329437,1.4513763445573578
Embu,2024,11,2024-11-01,short_rains,312.71222084760666,0.23586075110607466,0.3771922899866344,-0.6436564458388498
Embu,2024,12,2024-12-01,short_rains,62.18843415379524,-0.2708802700921079,0.5564599145972675,0.18842429007819927
Garissa,2017,1,2017-01-01,hot_dry,6.290291785262524,-0.3731633012545825,0.2912678151187403,-0.15598799827279083
Garissa,2017,2,2017-02-01,hot_dry,5.548774963244796,0.10506980545785738,0.1246414204410341,-1.426215989710935
Garissa,2017,3,2017-03-01,long_rains,8.674152926076204,-0.7518880711313158,0.2023892385107432,0.1434087063151847
Garissa,2017,4,2017-04-01,long_rains,94.10632515326142,-0.4892594981992418,0.1102054108766568,-1.6120469718505717
Garissa,2017,5,2017-05-01,long_rains,80.63609018642455,0.8996120249085018,0.2306556255628935,-0.6870560896214868
Garissa,2017,6,2017-06-01,cool_dry,26.59478240646422,0.5213997008049617,0.1327147604032557,-1.5256034595979233
Garissa,2017,7,2017-07-01,cool_dry,12.39189624087885,-0.6993266224098866,0.1393595341735045,-1.3864333884096767
Garissa,2017,8,2017-08-01,cool_dry,9.545744810253382,0.2528381146752391,0.1245432833966299,-1.5688754666406537
Garissa,2017,9,2017-09-01,cool_dry,16.426378361182287,0.5032765458105978,0.1444663947259271,-1.0210649322553247
Garissa,2017,10,2017-10-01,short_rains,39.763876256300136,-0.14536105558142837,0.1269044591102933,-1.1584947681325435
Garissa,2017,11,2017-11-01,short_rains,125.81712853163481,-0.311536660119001,0.4057993223213015,0.904913562467129
Garissa,2017,12,2017-12-01,short_rains,6.77386814635247,-0.8830209544254631,0.2642075316216313,-1.0139666293639118
Garissa,2018,1,2018-01-01,hot_dry,2.5876599933253592,-0.6423036371993461,0.2363389474271052,-0.9029142940515207
Garissa,2018,2,2018-02-01,hot_dry,3.847716882359236,-0.46717481290128304,0.1839675056124863,-0.5225723364201682
Garissa,2018,3,2018-03-01,long_rains,127.04382833652198,2.116514736974807,0.0961697652640786,-1.9444292248793253
Garissa,2018,4,2018-04-01,long_rains,175.18404548615217,0.7688891553773954,0.3634547658056784,1.025573722731418
Garissa,2018,5,2018-05-01,long_rains,106.35276146233082,1.8304834307252569,0.4893361791922714,1.848942065500461
Garissa,2018,6,2018-06-01,cool_dry,44.70052548497915,2.233593078749545,0.3365757721445748,1.3728850905919445
Garissa,2018,7,2018-07-01,cool_dry,21.286296296748333,-0.11852064430540518,0.2283273560035977,1.0430714947831152
Garissa,2018,8,2018-08-01,cool_dry,8.570926113403402,-0.14720846300801882,,
Garissa,2018,9,2018-09-01,cool_dry,15.2533346330747,0.2695566711335174,0.163496852816032,-0.3127211099331188
Garissa,2018,10,2018-10-01,short_rains,47.48832626920193,0.03572221795599758,0.1468096900008607,-0.637253196250649
Garissa,2018,11,2018-11-01,short_rains,54.01251305965707,-0.9953643587352116,0.1591009441739308,-1.51374428177317
Garissa,2018,12,2018-12-01,short_rains,143.75149422045797,1.9103353917122259,0.2920102379190817,-0.5938912636865474
Garissa,2019,1,2019-01-01,hot_dry,10.35145396203734,-0.07796177596019523,0.2465104719094838,-0.7646012462258018
Garissa,2019,2,2019-02-01,hot_dry,8.373663233709522,1.0553766341334225,0.1805977647683131,-0.5738995884758465
Garissa,2019,3,2019-03-01,long_rains,10.179592846892774,-0.7154073755365027,0.1885681806923948,-0.1282564402005585
Garissa,2019,4,2019-04-01,long_rains,68.31264363601804,-0.8895209453447834,0.188133518665454,-0.8004169092549313
Garissa,2019,5,2019-05-01,long_rains,55.48948737420142,-0.010624500658503414,0.2233858510577638,-0.7583259801273489
Garissa,2019,6,2019-06-01,cool_dry,13.106998088769615,-0.7540903407667366,0.1963197247133115,-0.6212703592507828
Garissa,2019,7,2019-07-01,cool_dry,28.084215418202803,0.32538473881327135,0.1915242489154865,0.03806399265508749
Garissa,2019,8,2019-08-01,cool_dry,10.11328542648698,0.4857457127282535,0.1835504600945219,0.1820057759259188
Garissa,2019,9,2019-09-01,cool_dry,24.643553841859102,2.140485097823947,0.1756287847602987,0.13884863183904994
Garissa,2019,10,2019-10-01,short_rains,145.82542011514306,2.3410258750497115,0.2300233783321555,1.541793806336407
Garissa,2019,11,2019-11-01,short_rains,333.1995883733034,1.663459923523186,0.3364464484198196,0.22497041187931324
Garissa,2019,12,2019-12-01,short_rains,88.3719733050093,0.7809922965738791,0.4264438186188944,1.4372863838279306
Garissa,2020,1,2020-01-01,hot_dry,44.754320935346186,2.422745746408664,0.383675350713477,1.1005756478467323
Garissa,2020,2,2020-02-01,hot_dry,8.997439551050775,1.2652181702158285,0.3164876574620985,1.4959494286002402
Garissa,2020,3,2020-03-01,long_rains,59.47570784855634,0.47916474953849697,0.2516267291003122,1.1112152426083113
Garissa,2020,4,2020-04-01,long_rains,170.95787262916565,0.7033082082569235,0.3177749888778211,0.5498136759483802
Garissa,2020,5,2020-05-01,long_rains,46.06971260672435,-0.3515939397512604,0.3502237067545984,0.4851403861448238
Garissa,2020,6,2020-06-01,cool_dry,20.873671180335805,-0.019624697552122646,0.2946051015993541,0.7761476027319417
Garissa,2020,7,2020-07-01,cool_dry,59.07325300062075,2.348974657246878,0.2223527767653557,0.8799195918169868
Garissa,2020,8,2020-08-01,cool_dry,8.174836891359519,-0.3097557533379099,0.2219518128222953,1.3214639222541291
Garissa,2020,9,2020-09-01,cool_dry,11.048176730866544,-0.5682884614490283,0.2003985015020795,1.0608167605954626
Garissa,2020,10,2020-10-01,short_rains,31.27038312703371,-0.3444729065282661,0.1848573928711962,0.35907005966430106
Garissa,2020,11,2020-11-01,short_rains,71.8373545743525,-0.8256103635209379,0.3226186679246193,0.08940134160690852
Garissa,2020,12,2020-12-01,short_rains,35.18422996066511,-0.3036543327032863,0.3310588929652047,-0.0038991286686118633
Garissa,2021,1,2021-01-01,hot_dry,4.0033670065458855,-0.53939741196592,0.268620010863227,-0.4639543054440635
Garissa,2021,2,2021-02-01,hot_dry,2.226402789470739,-1.0125931467904312,0.2172916871879602,-0.014984736551424304
Garissa,2021,3,2021-03-01,long_rains,14.990513392724097,-0.5988263512548375,0.1989924914443809,0.07664263083902338
Garissa,2021,4,2021-04-01,long_rains,62.82925489731133,-0.9746111295571097,0.2627699668800033,-0.02306985367815748
Garissa,2021,5,2021-05-01,long_rains,25.391186487860978,-1.1000986148691134,0.2098140597400601,-0.8913782612536246
Garissa,2021,6,2021-06-01,cool_dry,18.744174593593925,-0.22100333958652071,0.2259384972436048,-0.20015171416788358
Garissa,2021,7,2021-07-01,cool_dry,14.671804010868073,-0.5504482209416777,0.1935620379388984,0.09371128491712269
Garissa,2021,8,2021-08-01,cool_dry,6.046469637658446,-1.1831961568176375,0.1798791407251702,0.07306912484396898
Garissa,2021,9,2021-09-01,cool_dry,10.438081704080105,-0.6898451688291293,0.1678873979438277,-0.14929805920172093
Garissa,2021,10,2021-10-01,short_rains,14.704627028666437,-0.7328217647517677,0.1597354762898641,-0.2987764812539751
Garissa,2021,11,2021-11-01,short_rains,69.34597533242777,-0.8493368903213002,0.1623487476997295,-1.4819024612747322
Garissa,2021,12,2021-12-01,short_rains,0.0,-1.0211590439575218,0.2844680066592703,-0.7078479958331251
Garissa,2022,1,2022-01-01,hot_dry,8.294300783833023,-0.2274940353324077,0.3418042742293911,0.5312100415120345
Garissa,2022,2,2022-02-01,hot_dry,3.659651838825084,-0.5304408531812659,0.2681513955429156,0.7597006742649703
Garissa,2022,3,2022-03-01,long_rains,13.186402344843373,-0.6425446192819515,0.1762688292007077,-0.3700110995727231
Garissa,2022,4,2022-04-01,long_rains,54.08571002050303,-1.1102917970583224,0.198373817255867,-0.6937630404293137
Garissa,2022,5,2022-05-01,long_rains,51.07205838523805,-0.1705230461947824,0.2166175307724504,-0.8246798189297097
Garissa,2022,6,2022-06-01,cool_dry,17.272770181443775,-0.36014863066001856,0.1895856008853194,-0.7170158902097059
Garissa,2022,7,2022-07-01,cool_dry,16.070616540382616,-0.4591055025698675,0.1411121168566593,-1.3385744198597294
Garissa,2022,8,2022-08-01,cool_dry,5.7282933974056505,-1.3137694792462755,0.1557003661499905,-0.6443717906682631
Garissa,2022,9,2022-09-01,cool_dry,12.388700561094083,-0.3011994739755068,0.1352943144717219,-1.3624643013691933
Garissa,2022,10,2022-10-01,short_rains,23.94067418226041,-0.5163023167230625,0.1238102896261493,-1.2395191870127322
Garissa,2022,11,2022-11-01,short_rains,125.04510259674862,-0.31888901086769733,0.3147602673022627,0.01235672359530767
Garissa,2022,12,2022-12-01,short_rains,27.447790832840838,-0.46142193281138283,0.3015313368491361,-0.4500355155481108
Garissa,2023,1,2023-01-01,hot_dry,4.953086855821311,-0.47036329416786915,0.2274721422572165,-1.0234856842741749
Garissa,2023,2,2023-02-01,hot_dry,1.1887782705016432,-1.3616553296339715,0.1705166211143145,-0.7274536525021705
Garissa,2023,3,2023-03-01,long_rains,61.29629342723638,0.5232822379761014,0.1841723120387406,-0.21466113639346115
Garissa,2023,4,2023-04-01,long_rains,228.41238490864635,1.5948764093550327,0.2820799281637604,0.1780455786114508
Garissa,2023,5,2023-05-01,long_rains,22.353006922639906,-1.2100721978674212,0.2928572722930982,-0.07725663179540136
Garissa,2023,6,2023-06-01,cool_dry,12.878505981294438,-0.7756979970576204,0.2269789472740296,-0.18535863296774868
Garissa,2023,7,2023-07-01,cool_dry,16.29177303146571,-0.44466394256460257,0.1741680990062002,-0.43589220960605796
Garissa,2023,8,2023-08-01,cool_dry,9.903413605410606,0.3996184112669054,0.1627464430317883,-0.43529817392525966
Garissa,2023,9,2023-09-01,cool_dry,12.401138137560338,-0.2987213832246452,0.1708813232127436,-0.037859413915845117
Garissa,2023,10,2023-10-01,short_rains,50.747182682855055,0.11211916354915785,0.1902728484831994,0.5008800497707109
Garissa,2023,11,2023-11-01,short_rains,285.16203194856644,1.2059766344455645,0.3831828212478471,0.6831789157241233
Garissa,2023,12,2023-12-01,short_rains,76.67736666183919,0.5425066064757742,0.4409644089672927,1.6566802167590073
Garissa,2024,1,2024-01-01,hot_dry,10.157469610567205,-0.09206229052834358,0.4262242137020183,1.6791578389095863
Garissa,2024,2,2024-02-01,hot_dry,8.049122670665383,0.9461995326998427,0.2845496783247641,1.0094762007953333
Garissa,2024,3,2024-03-01,long_rains,22.77057776041329,-0.4102953072847979,0.2625586235491952,1.326091321283549
Garissa,2024,4,2024-04-01,long_rains,151.19357518665493,0.39660959717010563,0.3970876288485742,1.3758637979217245
Garissa,2024,5,2024-05-01,long_rains,58.89973335992545,0.11281684370732198,0.3930114949995088,0.9046143300822861
Garissa,2024,6,2024-06-01,cool_dry,14.478126579429954,-0.6244277739314879,0.317408630812528,1.100367362870159
Garissa,2024,7,2024-07-01,cool_dry,16.940614663995802,-0.4022944632687098,0.2306366754693999,1.1061336537031496
Garissa,2024,8,2024-08-01,cool_dry,13.35413610714022,1.8157276137394427,0.2135447481679293,1.072006608210162
Garissa,2024,9,2024-09-01,cool_dry,8.604039708152413,-1.0552638272897525,0.2171341041313051,1.683742424240687
Garissa,2024,10,2024-10-01,short_rains,13.975729560479522,-0.7499092129703425,0.2067479505237131,0.9322997168784848
Garissa,2024,11,2024-11-01,short_rains,203.81799475476146,0.4313007255953977,0.4237420258678658,1.0808257877751188
Garissa,2024,12,2024-12-01,short_rains,22.389332234859467,-0.5645780308642253,0.3098514221215304,-0.32432606748663195
Homa Bay,2017,1,2017-01-01,hot_dry,32.244351882487535,-0.8197106338702422,0.207698424636741,-1.5790680209578138
Homa Bay,2017,2,2017-02-01,hot_dry,130.16287291049957,0.5300069855139188,0.4198011085289195,1.5358550849442054
Homa Bay,2017,3,2017-03-01,long_rains,121.6039668917656,-0.5390353858086254,0.1883520222750042,-1.398505511821872
Homa Bay,2017,4,2017-04-01,long_rains,182.00142423808575,-1.2578200515371083,0.288009406384774,-0.18741360556677314
Homa Bay,2017,5,2017-05-01,long_rains,188.8469171822071,0.056953165352018754,0.3899661719734126,0.6540749119949045
Homa Bay,2017,6,2017-06-01,cool_dry,82.48324863612652,-0.33407167766846835,0.3349175405451037,-0.5655875743494381
Homa Bay,2017,7,2017-07-01,cool_dry,82.58340632915497,1.2960926412274913,0.2650083535548521,-1.5795860432450712
Homa Bay,2017,8,2017-08-01,cool_dry,106.33852228149772,0.65152693701105,0.2580552288763837,0.46864100505394235
Homa Bay,2017,9,2017-09-01,cool_dry,120.19411585107446,0.045432984409395416,,
Homa Bay,2017,10,2017-10-01,short_rains,114.1797446012497,-0.7391715577983552,0.302195276160328,0.5382527488137104
Homa Bay,2017,11,2017-11-01,short_rains,110.2600482031703,-0.7850779674980836,0.3246332775268903,0.7896190297497524
Homa Bay,2017,12,2017-12-01,short_rains,58.02147326245904,-0.8599160194710388,0.2991091151500986,-0.3735703628438085
Homa Bay,2018,1,2018-01-01,hot_dry,32.49930104613304,-0.8146921492566416,0.2285002128242408,-1.154290794162666
Homa Bay,2018,2,2018-02-01,hot_dry,58.25030196085572,-0.6808181746394405,0.1730837888645273,-1.2409986390115368
Homa Bay,2018,3,2018-03-01,long_rains,171.46741551160812,0.12977409420186606,0.2834839255390435,0.48351645342962596
Homa Bay,2018,4,2018-04-01,long_rains,261.7204073667526,0.7754123350336662,,
Homa Bay,2018,5,2018-05-01,long_rains,231.2750866636634,1.2807127811967614,0.4117473855620667,1.4828620208733336
Homa Bay,2018,6,2018-06-01,cool_dry,104.55163164436817,0.6252767653368682,0.3572358767358371,0.08551261683027729
Homa Bay,2018,7,2018-07-01,cool_dry,36.807762790471315,-1.0566768589496587,0.3660920573817789,1.4081964063227081
Homa Bay,2018,8,2018-08-01,cool_dry,87.78969741612673,-0.19946033195921584,,
Homa Bay,2018,9,2018-09-01,cool_dry,58.69208076503128,-1.791927391475593,0.5625534225697613,2.2089428857311155
Homa Bay,2018,10,2018-10-01,short_rains,185.32425322383642,0.10385998921630749,0.2528728991082989,-0.6835946653412794
Homa Bay,2018,11,2018-11-01,short_rains,91.04791096784174,-0.9638004038173829,,
Homa Bay,2018,12,2018-12-01,short_rains,170.64575269818306,0.5670536089371003,0.338228799535022,0.2852702077177324
Homa Bay,2019,1,2019-01-01,hot_dry,24.820485204458237,-0.9658439263446438,0.301554885989833,0.3375021801718141
Homa Bay,2019,2,2019-02-01,hot_dry,73.41752240993083,-0.42544068101329136,0.2368022510212225,-0.5238343589956953
Homa Bay,2019,3,2019-03-01,long_rains,104.91440722346306,-0.7628894519094539,0.2273148585046918,-0.6276924502010615
Homa Bay,2019,4,2019-04-01,long_rains,175.33510720916092,-1.4278444441021978,0.232123547708423,-1.354237409374996
Homa Bay,2019,5,2019-05-01,long_rains,215.25155942887068,0.8185447034083003,0.3699545746728501,-0.10737732771922928
Homa Bay,2019,6,2019-06-01,cool_dry,115.35818360745907,1.0950551263602275,0.3216863273750621,-0.9515861250895485
Homa Bay,2019,7,2019-07-01,cool_dry,66.89785496890545,0.4898890800985171,0.3463041651943423,0.8233156119585681
Homa Bay,2019,8,2019-08-01,cool_dry,95.71918431296945,0.16433049833092347,0.2788645124687173,1.3743917930640888
Homa Bay,2019,9,2019-09-01,cool_dry,123.42531190812588,0.1419642877010057,0.284763331899571,-0.2068589123029967
Homa Bay,2019,10,2019-10-01,short_rains,319.46992123126984,1.6934279293864474,0.2906551066965121,0.25237183509781896
Homa Bay,2019,11,2019-11-01,short_rains,207.4936073347926,0.11944495814731,0.3332100098192335,0.9941139632866192
Homa Bay,2019,12,2019-12-01,short_rains,228.6373437345028,1.3018173697043476,0.4209869086073521,1.6790544536055063
Homa Bay,2020,1,2020-01-01,hot_dry,130.0475618392229,1.1054727921522833,0.3591501791586857,1.5136111131250103
Homa Bay,2020,2,2020-02-01,hot_dry,90.60902661085129,-0.13597938721623296,0.3454519440064675,0.69904008282757
Homa Bay,2020,3,2020-03-01,long_rains,280.86464762687683,1.5970995189516588,0.3280956232018712,1.3660825750762042
Homa Bay,2020,4,2020-04-01,long_rains,245.05305144190788,0.3503114803200504,0.3423947813488065,0.9480820563066702
Homa Bay,2020,5,2020-05-01,long_rains,157.6356332153082,-0.8432767843291008,0.3853857466489978,0.479787219226823
Homa Bay,2020,6,2020-06-01,cool_dry,105.1906228326261,0.6530547498552827,0.3640379743761355,0.28395245733506463
Homa Bay,2020,7,2020-07-01,cool_dry,76.34888297691941,0.9756515669499405,0.3405620469192549,0.6535929014114453
Homa Bay,2020,8,2020-08-01,cool_dry,92.27199268341064,0.006179445002902687,0.2180737120852096,-1.271605850574875
Homa Bay,2020,9,2020-09-01,cool_dry,151.39442239701748,0.9775355869131933,0.2811741507654483,-0.23807222958283472
Homa Bay,2020,10,2020-10-01,short_rains,262.0254329442978,1.0127356768763625,0.3296788313044539,1.2190940381378805
Homa Bay,2020,11,2020-11-01,short_rains,418.5332533121109,2.0826580680178375,0.3314009586653053,0.9509807765579621
Homa Bay,2020,12,2020-12-01,short_rains,92.06690771132708,-0.4285543167555859,0.3360162453072001,0.24800711337594028
Homa Bay,2021,1,2021-01-01,hot_dry,79.41807742416859,0.10886905790832517,0.3087227130526337,0.48387083244534035
Homa Bay,2021,2,2021-02-01,hot_dry,86.14525135979056,-0.21113803210794324,0.29228907534771,0.10068115929494253
Homa Bay,2021,3,2021-03-01,long_rains,105.46177162230015,-0.7555477515438516,0.2776622696571418,0.3683449508321769
Homa Bay,2021,4,2021-04-01,long_rains,273.6450035572052,1.079549119268286,0.2669852364341857,-0.6263708397344372
Homa Bay,2021,5,2021-05-01,long_rains,204.6904864832759,0.5139306998166993,0.3437141624652458,-1.1058393868143699
Homa Bay,2021,6,2021-06-01,cool_dry,59.769550021737814,-1.3214730379071615,0.359594439068019,0.15431973454143166
Homa Bay,2021,7,2021-07-01,cool_dry,40.77354990504682,-0.8528439415711452,0.3171952528206775,-0.037071317124995985
Homa Bay,2021,8,2021-08-01,cool_dry,72.88003964722157,-0.8834890528152282,0.2419685236063722,-0.23155349756545063
Homa Bay,2021,9,2021-09-01,cool_dry,135.40562987327576,0.4998737697022727,0.2708274183796365,-0.32805259800101005
Homa Bay,2021,10,2021-10-01,short_rains,109.21007437258959,-0.7980599929303668,0.3199543785160712,0.9781932907747957
Homa Bay,2021,11,2021-11-01,short_rains,102.35018971189857,-0.85866005590319,0.3085262404206509,0.4055791215137455
Homa Bay,2021,12,2021-12-01,short_rains,0.0,-1.595058393352116,0.2355260514429271,-1.444414942229739
Homa Bay,2022,1,2022-01-01,hot_dry,144.7750759124756,1.395372949957758,0.3063129415533839,0.4346627525709172
Homa Bay,2022,2,2022-02-01,hot_dry,220.58762311935425,2.052530255195549,0.3319054428222868,0.546571450665739
Homa Bay,2022,3,2022-03-01,long_rains,121.59412073343992,-0.5391674505617094,0.2545592777724144,-0.08870822163935568
Homa Bay,2022,4,2022-04-01,long_rains,199.5455111116171,-0.8103581770360048,0.2920349338267333,-0.1033658454820032
Homa Bay,2022,5,2022-05-01,long_rains,211.38671369850636,0.7070706006107007,0.3882616154089847,0.5892156009559709
Homa Bay,2022,6,2022-06-01,cool_dry,88.85707544442266,-0.05699107678162598,0.4004670014503132,1.3467084929904578
Homa Bay,2022,7,2022-07-01,cool_dry,42.79011351428926,-0.7491969147197735,0.2925306507437205,-0.766095506199822
Homa Bay,2022,8,2022-08-01,cool_dry,134.68051110580564,1.9518072427360242,0.2657028446714203,0.8015133022677287
Homa Bay,2022,9,2022-09-01,cool_dry,129.83477656450123,0.33344569760530707,0.2917729008062909,-0.14590018937863283
Homa Bay,2022,10,2022-10-01,short_rains,76.35312041640282,-1.1874006358015685,0.2073014579425461,-1.8125213488414345
Homa Bay,2022,11,2022-11-01,short_rains,171.38328391313553,-0.21647420061910097,0.2436962283304046,-1.1401621423735102
Homa Bay,2022,12,2022-12-01,short_rains,221.14514380693436,1.2068898656158231,0.2491948156871317,-1.2142102109003203
Homa Bay,2023,1,2023-01-01,hot_dry,28.917027404531837,-0.8852065408122846,0.2637842967665474,-0.43378180753493323
Homa Bay,2023,2,2023-02-01,hot_dry,19.900726325809956,-1.3265276861604942,0.1592419032428018,-1.396791883229427
Homa Bay,2023,3,2023-03-01,long_rains,274.5149966478348,1.5119327908755886,0.2010511918741291,-1.147274165596493
Homa Bay,2023,4,2023-04-01,long_rains,256.80246701836586,0.6499802836059131,0.376011261014704,1.6499502856482504
Homa Bay,2023,5,2023-05-01,long_rains,143.68673872947693,-1.2456060378902376,0.3606957450144514,-0.4596808682427615
Homa Bay,2023,6,2023-06-01,cool_dry,110.28563103079796,0.8745430292724997,0.3010825113496373,-1.5526680533542425
Homa Bay,2023,7,2023-07-01,cool_dry,38.33433197066188,-0.9782144905500189,0.3300014034861399,0.34144659185764775
Homa Bay,2023,8,2023-08-01,cool_dry,62.931157030165195,-1.339926186113118,0.2185354373785225,-1.2515086643163127
Homa Bay,2023,9,2023-09-01,cool_dry,152.10783971846104,0.9988487794938379,0.2543070397382149,-0.4717220871820846
Homa Bay,2023,10,2023-10-01,short_rains,215.1113818883896,0.4568245348345303,0.2869404154655692,0.1603489816549696
Homa Bay,2023,11,2023-11-01,short_rains,255.00463336706161,0.5614200606831395,0.2454681136450397,-1.0979151003415777
Homa Bay,2023,12,2023-12-01,short_rains,129.65143029903993,0.04764826140602896,0.3439484902202953,0.3815993150142446
Homa Bay,2024,1,2024-01-01,hot_dry,118.37659284472466,0.8757384502654456,0.3044927360726336,0.3974937443423333
Homa Bay,2024,2,2024-02-01,hot_dry,110.40691024065018,0.19736672042793452,0.3081747000536933,0.2794771035042037
Homa Bay,2024,3,2024-03-01,long_rains,113.9149816185236,-0.6421663642054732,0.3118270340886446,1.0442363699207813
Homa Bay,2024,4,2024-04-01,long_rains,256.4413287937641,0.640769454447395,0.2813408365555396,-0.3266446417967081
Homa Bay,2024,5,2024-05-01,long_rains,142.20551440119743,-1.2883291281651421,0.3324869184932582,-1.5330421702746715
Homa Bay,2024,6,2024-06-01,cool_dry,54.84861949086189,-1.535393878467622,0.395415811171714,1.1993484510959995
Homa Bay,2024,7,2024-07-01,cool_dry,74.39641499891877,0.8752989175146474,0.2899017708973772,-0.8437986449804833
Homa Bay,2024,8,2024-08-01,cool_dry,84.48729849047959,-0.35096855219333856,0.2498183875974036,0.11012191207088094
Homa Bay,2024,9,2024-09-01,cool_dry,78.3325093445892,-1.205173714349419,0.2144502303650491,-0.8183368692835589
Homa Bay,2024,10,2024-10-01,short_rains,130.80108033794568,-0.5422159437833568,0.2541424341895338,-0.652144880296459
Homa Bay,2024,11,2024-11-01,short_rains,201.15607306361198,0.06048954098947048,0.2536759542017289,-0.9022156483929853
Homa Bay,2024,12,2024-12-01,short_rains,106.95809123292565,-0.2398803760845592,0.3473130694017177,0.4382644262604422
Isiolo,2017,1,2017-01-01,hot_dry,3.2132006045430894,-0.9130679875113228,0.1646761872846821,-0.4807046250541958
Isiolo,2017,2,2017-02-01,hot_dry,11.994094439432956,0.37897145882584515,0.1239579387301337,-0.7946184705948331
Isiolo,2017,3,2017-03-01,long_rains,7.7748903799802065,-0.7461110442354256,0.1231856339808786,-0.3308245202650163
Isiolo,2017,4,2017-04-01,long_rains,37.35756801115349,-1.0959529121289084,0.0873814260749524,-1.1704070407395657
Isiolo,2017,5,2017-05-01,long_rains,16.940558645874262,0.35456900245419354,0.1120282176964928,-1.2166994521881638
Isiolo,2017,6,2017-06-01,cool_dry,0.1911571323871612,-0.7966645842817012,0.1460994265782021,-0.7635760129027539
Isiolo,2017,7,2017-07-01,cool_dry,1.1581641950178887,-1.0519551908288411,0.1200173439279047,-0.8625697181243938
Isiolo,2017,8,2017-08-01,cool_dry,1.2096393494866784,0.3237001842642782,0.1234004196648994,-0.3600356419096076
Isiolo,2017,9,2017-09-01,cool_dry,0.0217872632201759,-0.6810114049193546,0.1208404485807333,-0.5968089190395421
Isiolo,2017,10,2017-10-01,short_rains,40.34170508943498,-0.017193069185817464,0.1157148749738,-0.9065469226196711
Isiolo,2017,11,2017-11-01,short_rains,63.921476730145514,-0.4676761820422988,,
Isiolo,2017,12,2017-12-01,short_rains,11.833955504000187,-0.7642688349272218,0.166167465889674,-0.6433260433740122
Isiolo,2018,1,2018-01-01,hot_dry,1.367786291637457,-1.0907706202808691,0.1387298270143382,-0.8053451901520541
Isiolo,2018,2,2018-02-01,hot_dry,3.5241422830149527,-0.9648748908416735,0.1346323727281089,-0.5501185038039633
Isiolo,2018,3,2018-03-01,long_rains,156.3390845246613,2.093782090585585,0.0935493343894342,-1.1635368257033447
Isiolo,2018,4,2018-04-01,long_rains,223.3748936355114,1.1064336039354088,0.2811988891852849,0.7709800239353977
Isiolo,2018,5,2018-05-01,long_rains,11.012449096888304,-0.48393609934568615,0.420601752630071,1.198972334072502
Isiolo,2018,6,2018-06-01,cool_dry,3.985900408122688,1.7951355367450488,0.2878535197391598,1.4249009322342205
Isiolo,2018,7,2018-07-01,cool_dry,1.9651302378624673,0.7991406802186518,0.216029010465144,1.664853847222057
Isiolo,2018,8,2018-08-01,cool_dry,0.7706166480202223,-0.5496622614074773,,
Isiolo,2018,9,2018-09-01,cool_dry,0.4359756193589418,0.2256047286038276,0.1769115157267193,1.4661894808098093
Isiolo,2018,10,2018-10-01,short_rains,19.973327228799462,-0.5738035623552056,0.1715152095174868,1.5746125886597548
Isiolo,2018,11,2018-11-01,short_rains,38.48006526066456,-0.8499707232933952,0.1796588304429481,-0.3306664411050462
Isiolo,2018,12,2018-12-01,short_rains,100.03283967962489,1.703164232238233,0.1998006994384065,-0.37102948691839377
Isiolo,2019,1,2019-01-01,hot_dry,12.83274349058047,0.013237875044223411,0.1691871051130679,-0.42426407240408215
Isiolo,2019,2,2019-02-01,hot_dry,9.170474186073989,-0.06902537754925502,0.1423220905798841,-0.37398403524602125
Isiolo,2019,3,2019-03-01,long_rains,15.938674126751721,-0.5900554512300109,0.1295260596454816,-0.15267304570791235
Isiolo,2019,4,2019-04-01,long_rains,61.89269255846739,-0.8054647692013923,0.1330207418535296,-0.7132574326946638
Isiolo,2019,5,2019-05-01,long_rains,9.468755911570042,-0.70228473153729,0.1650405382768846,-0.8016918360041521
Isiolo,2019,6,2019-06-01,cool_dry,2.1834951260243534,0.5640972585689696,0.1395133686394551,-0.8652551647133342
Isiolo,2019,7,2019-07-01,cool_dry,1.183640967821702,-0.9935141332863039,0.1253093854141277,-0.7232613315140716
Isiolo,2019,8,2019-08-01,cool_dry,0.754919465165585,-0.5808891887674748,0.1200777883021756,-0.49104773975576466
Isiolo,2019,9,2019-09-01,cool_dry,0.5552608412690458,0.4867079321867914,0.1145426707727948,-0.8285203203324275
Isiolo,2019,10,2019-10-01,short_rains,123.1123765334487,2.2446966388528367,0.1311251234036753,-0.22133087910242216
Isiolo,2019,11,2019-11-01,short_rains,182.7977062612772,1.3186136112256523,0.3113152637386781,1.2020116538673973
Isiolo,2019,12,2019-12-01,short_rains,84.61272145621479,1.2717743120632794,0.4069167492875317,1.3057937385050906
Isiolo,2020,1,2020-01-01,hot_dry,35.301956973969936,2.176892055211773,0.3003877118270729,1.217316429100759
Isiolo,2020,2,2020-02-01,hot_dry,14.708691800944507,0.8096706750333589,0.2138053736437618,1.2633543321592862
Isiolo,2020,3,2020-03-01,long_rains,67.3022471088916,0.39178986574995084,0.1647011425555207,0.8356664159588486
Isiolo,2020,4,2020-04-01,long_rains,193.1141056176275,0.748155409835078,0.3235272399355947,1.194965104004766
Isiolo,2020,5,2020-05-01,long_rains,9.054852075874805,-0.7608296141878412,0.304530986282799,0.29031088475179534
Isiolo,2020,6,2020-06-01,cool_dry,2.830914624035358,1.0062831487263901,0.2028542664871355,0.11263613657364624
Isiolo,2020,7,2020-07-01,cool_dry,2.091636800672858,1.0893335305314709,0.1662921680428763,0.3555747550275081
Isiolo,2020,8,2020-08-01,cool_dry,1.9851209884509438,1.8663915724705897,0.1509466993319898,0.7261203269800556
Isiolo,2020,9,2020-09-01,cool_dry,0.19261561682316086,-0.3070855348551053,0.1439465440258339,0.2533236066336627
Isiolo,2020,10,2020-10-01,short_rains,42.17542086727917,0.03291722680446406,0.1436370067232728,0.33500948258721913
Isiolo,2020,11,2020-11-01,short_rains,38.95266514783725,-0.8428692164733536,0.2204030979114337,0.14365786406866513
Isiolo,2020,12,2020-12-01,short_rains,34.64380224887282,-0.1261454545542364,0.2247096210327561,-0.16936545228619604
Isiolo,2021,1,2021-01-01,hot_dry,9.358429332030937,-0.32131831037446756,0.1497636952360439,-0.6672895562447414
Isiolo,2021,2,2021-02-01,hot_dry,7.249820183962583,-0.37375718973026645,0.1488593295476863,-0.22424731751140384
Isiolo,2021,3,2021-03-01,long_rains,19.46202869899571,-0.5227044282001178,0.1270522668935989,-0.2221809699087992
Isiolo,2021,4,2021-04-01,long_rains,47.80878764297813,-0.9722137651634322,0.1302183986958302,-0.7413273117955009
Isiolo,2021,5,2021-05-01,long_rains,17.11949439207092,0.37987867914630713,0.1751265509215,-0.7227333595855236
Isiolo,2021,6,2021-06-01,cool_dry,0.22195392288267599,-0.7756304537664981,0.1487462821015507,-0.7227124148168803
Isiolo,2021,7,2021-07-01,cool_dry,1.1062449694145466,-1.1710524750262632,0.1232497900360291,-0.7774783874347293
Isiolo,2021,8,2021-08-01,cool_dry,0.4005794269032772,-1.2857895991163864,0.1161815254361244,-0.6446782560893579
Isiolo,2021,9,2021-09-01,cool_dry,0.021556325256824403,-0.6815169046040134,0.1138195333730688,-0.8551264003383928
Isiolo,2021,10,2021-10-01,short_rains,17.79690584912896,-0.6332790387908631,0.116378802473776,-0.8770254144631972
Isiolo,2021,11,2021-11-01,short_rains,47.7147916611284,-0.711205407655161,0.1141497345941822,-1.0932904444708587
Isiolo,2021,12,2021-12-01,short_rains,0.0,-1.0953330360093085,0.1661675234438156,-0.6433255774124343
Isiolo,2022,1,2022-01-01,hot_dry,14.826123419567011,0.20518873345776914,0.2144205185082433,0.14169588239924868
Isiolo,2022,2,2022-02-01,hot_dry,6.688953534932807,-0.4627445399572445,0.1477901628695128,-0.24873678621362366
Isiolo,2022,3,2022-03-01,long_rains,14.4685713511426,-0.6181573421598525,0.1177052663321413,-0.48481032963870446
Isiolo,2022,4,2022-04-01,long_rains,67.8416516953148,-0.7350309677066421,0.1075002022932587,-0.9688858192742131
Isiolo,2022,5,2022-05-01,long_rains,11.076881718821824,-0.4748223875009311,0.1628402953002194,-0.8189164657274769
Isiolo,2022,6,2022-06-01,cool_dry,0.28386305202729983,-0.7333466741401686,0.1266376342974332,-1.0640377686641616
Isiolo,2022,7,2022-07-01,cool_dry,1.5138865746557706,-0.2359651822954905,0.1149191048796682,-0.996776424215519
Isiolo,2022,8,2022-08-01,cool_dry,1.0567068662494417,0.019466514486878254,0.1017484652216187,-1.2137770487679966
Isiolo,2022,9,2022-09-01,cool_dry,1.3435398242436347,2.212170353063183,0.1099663355590472,-0.9968954325548351
Isiolo,2022,10,2022-10-01,short_rains,13.239705111831427,-0.757814520566334,0.1138677743072728,-0.9886781754969539
Isiolo,2022,11,2022-11-01,short_rains,71.2978617940098,-0.3568351720038346,0.1094995950468228,-1.1474250343605423
Isiolo,2022,12,2022-12-01,short_rains,42.8496498465538,0.10341957788223959,0.1104368688806344,-1.094524101175658
Isiolo,2023,1,2023-01-01,hot_dry,10.131887570023537,-0.24683879416644097,0.138459558068133,-0.8087267921382386
Isiolo,2023,2,2023-02-01,hot_dry,2.1138249775394793,-1.1886364573577304,0.1188393687349319,-0.9118603022536333
Isiolo,2023,3,2023-03-01,long_rains,81.72166903503239,0.6674257117348553,0.1157257133808186,-0.5404312446840174
Isiolo,2023,4,2023-04-01,long_rains,238.9429599829018,1.2907546035498536,0.2477593240001341,0.4360301269704829
Isiolo,2023,5,2023-05-01,long_rains,10.686291590565816,-0.5300696484614433,0.3875423849635541,0.9401666598891559
Isiolo,2023,6,2023-06-01,cool_dry,0.9265093607828018,-0.2944208602490925,0.2355312298651343,0.6171209059032691
Isiolo,2023,7,2023-07-01,cool_dry,2.1600172866601492,1.246191227820816,0.1625829084731431,0.257931724918304
Isiolo,2023,8,2023-08-01,cool_dry,0.726566390134394,-0.6372929029008036,0.1376633791772809,0.20235604203575094
Isiolo,2023,9,2023-09-01,cool_dry,0.0762712912401182,-0.5617514158585815,0.1409883272455752,0.14448322255122611
Isiolo,2023,10,2023-10-01,short_rains,55.801586563233286,0.4052820199130387,0.1308465894215673,-0.2337158808156421
Isiolo,2023,11,2023-11-01,short_rains,209.11747639346868,1.7141067803287315,0.3261864480116567,1.3751345147176173
Isiolo,2023,12,2023-12-01,short_rains,26.521837596781552,-0.35336379569576154,0.4625130344266568,1.7559043998298016
Isiolo,2024,1,2024-01-01,hot_dry,14.530033989343792,0.17667704861933498,0.3491410725173263,1.8273179244933062
Isiolo,2024,2,2024-02-01,hot_dry,21.394199768081307,1.8703963215769657,0.2389899141527487,1.8402110834641918
Isiolo,2024,3,2024-03-01,long_rains,11.444231451489031,-0.675969402244984,0.2082322302392635,2.0587905199489445
Isiolo,2024,4,2024-04-01,long_rains,169.05631894152611,0.4633187968800347,0.3232214712916378,1.191902349593296
Isiolo,2024,5,2024-05-01,long_rains,30.11117404513061,2.217494799432691,0.4118668749667716,1.1305912347918627
Isiolo,2024,6,2024-06-01,cool_dry,0.2368545372446527,-0.7654533716029468,0.277232211453447,1.2609233863859937
Isiolo,2024,7,2024-07-01,cool_dry,1.755304152844473,0.31782154286595815,0.1938771551475245,1.081725534120843
Isiolo,2024,8,2024-08-01,cool_dry,1.4712222209200256,0.8440756809703955,0.1777013533006245,1.781062317506923
Isiolo,2024,9,2024-09-01,cool_dry,0.01625646746174417,-0.6931177536167473,0.1754754995615719,1.4133547622705005
Isiolo,2024,10,2024-10-01,short_rains,15.325862885452807,-0.7008056946721193,0.1657367853133934,1.317675201250924
Isiolo,2024,11,2024-11-01,short_rains,108.07772930897771,0.19583630991365894,0.1952276455182682,-0.14942211271723008
Isiolo,2024,12,2024-12-01,short_rains,12.72836591862142,-0.7392470009972238,0.2283210058348108,-0.14012747716819826
Kajiado,2017,1,2017-01-01,hot_dry,19.984784591943026,-0.8276686229619297,0.231808054966725,-0.9685121492520874
Kajiado,2017,2,2017-02-01,hot_dry,26.303097444586456,-0.4891368299316469,0.2400310725272327,-0.6440077185652445
Kajiado,2017,3,2017-03-01,long_rains,38.4417159287259,-0.6886358670768103,0.2553801415425474,-0.37498758184034897
Kajiado,2017,4,2017-04-01,long_rains,72.12193869799376,-1.066882092222885,,
Kajiado,2017,5,2017-05-01,long_rains,38.09701083879918,-0.5631302217933114,,
Kajiado,2017,6,2017-06-01,cool_dry,5.385022351518273,-0.517113402706447,,
Kajiado,2017,7,2017-07-01,cool_dry,2.924003041815012,0.13816718745089884,0.1895234642090748,-0.4658967591272792
Kajiado,2017,8,2017-08-01,cool_dry,5.088208152912557,0.9549107819970822,0.1627456087751295,-0.6036479334658461
Kajiado,2017,9,2017-09-01,cool_dry,3.171150872018188,-0.6000964076364262,0.147884603430346,-0.8643558316812416
Kajiado,2017,10,2017-10-01,short_rains,24.514044309034944,-0.17493008266219395,0.1611227084144314,-0.43506967068746644
Kajiado,2017,11,2017-11-01,short_rains,94.01680059824139,-0.6847510818676876,,
Kajiado,2017,12,2017-12-01,short_rains,26.909820402041078,-0.7936920891267805,0.2505270191482872,-0.9694392658381796
Kajiado,2018,1,2018-01-01,hot_dry,64.75367976585403,0.2001938708489838,0.2433312580383758,-0.8660588635447819
Kajiado,2018,2,2018-02-01,hot_dry,19.909912265837193,-0.8208345934389079,0.19232200136725,-1.041342167524266
Kajiado,2018,3,2018-03-01,long_rains,262.00349119026214,1.8552222060990222,,
Kajiado,2018,4,2018-04-01,long_rains,280.7406300678849,1.3517337119873443,,
Kajiado,2018,5,2018-05-01,long_rains,84.24955897964537,0.6307869825459329,0.5694253711754832,1.533991659226462
Kajiado,2018,6,2018-06-01,cool_dry,10.485591730102897,0.6550037700212097,0.4001125124665738,0.5790005721465202
Kajiado,2018,7,2018-07-01,cool_dry,2.725028517656028,0.002673323360358821,,
Kajiado,2018,8,2018-08-01,cool_dry,5.650173383299261,1.2644968598996653,,
Kajiado,2018,9,2018-09-01,cool_dry,3.5083607640117402,-0.34402230189508504,0.209461093350676,0.9351622336847045
Kajiado,2018,10,2018-10-01,short_rains,23.54883132292889,-0.20667152495612143,,
Kajiado,2018,11,2018-11-01,short_rains,68.51574876904488,-1.114752090394309,0.2559766864336981,0.07971654217321497
Kajiado,2018,12,2018-12-01,short_rains,171.23499747924507,0.9570322059158424,0.3766240035327701,0.12770783032908065
Kajiado,2019,1,2019-01-01,hot_dry,20.489966448629275,-0.8160700011727516,0.3263351866338972,-0.1280674250230397
Kajiado,2019,2,2019-02-01,hot_dry,22.998194470070302,-0.6606051817165023,0.2481573332814725,-0.5763299528829925
Kajiado,2019,3,2019-03-01,long_rains,18.010844103991985,-0.9211140631931569,0.2063073492255508,-0.88944394237011
Kajiado,2019,4,2019-04-01,long_rains,103.47602999210358,-0.7033791853997957,0.1667356290549529,-1.1683039101556811
Kajiado,2019,5,2019-05-01,long_rains,31.697033554315567,-0.7286908093475839,0.3285444657960996,-0.6555571615412028
Kajiado,2019,6,2019-06-01,cool_dry,14.899909207597375,1.6694194042771031,0.267886544934299,-0.9311088912049664
Kajiado,2019,7,2019-07-01,cool_dry,3.564153748564422,0.5740847664695266,0.2230833122480244,-0.10693479914257054
Kajiado,2019,8,2019-08-01,cool_dry,5.355148191098124,1.1019677794561027,0.1555282693736002,-0.7158167835650875
Kajiado,2019,9,2019-09-01,cool_dry,5.369931003078818,1.0696371000447353,0.1631615764279405,-0.4178999046082928
Kajiado,2019,10,2019-10-01,short_rains,103.80655361153185,2.43263803400773,0.1753275269130183,-0.057761713547134864
Kajiado,2019,11,2019-11-01,short_rains,190.00626142323017,0.9338317608766575,0.2690142135727635,0.23924933634880513
Kajiado,2019,12,2019-12-01,short_rains,253.62244724668562,1.956426163612528,0.5511359105391073,1.6461044276245105
Kajiado,2020,1,2020-01-01,hot_dry,121.8646322870627,1.5114213615951666,0.5098977387453617,1.5039949867646754
Kajiado,2020,2,2020-02-01,hot_dry,52.9237694372423,0.8920240650123961,0.4748168345259587,1.3113535806385022
Kajiado,2020,3,2020-03-01,long_rains,192.1556395725347,1.060439551399313,0.4064811045002051,1.2090847279967043
Kajiado,2020,4,2020-04-01,long_rains,221.97644461505115,0.670452534713709,0.4160590202952763,1.1530084215945962
Kajiado,2020,5,2020-05-01,long_rains,36.39416862279177,-0.6071809340478556,0.4505942611966668,0.4538457825126539
Kajiado,2020,6,2020-06-01,cool_dry,9.789644451346248,0.4950742217302482,0.401344510208215,0.5930708148015863
Kajiado,2020,7,2020-07-01,cool_dry,2.6574989827349773,-0.04331164715465707,0.3200399440679031,0.9301301646554219
Kajiado,2020,8,2020-08-01,cool_dry,2.5031538538169116,-0.4691930207800485,0.270441354314362,1.0701139981341175
Kajiado,2020,9,2020-09-01,cool_dry,5.184290558099747,0.9286634451605265,0.1993073394897041,0.6384278220977664
Kajiado,2020,10,2020-10-01,short_rains,16.2243682728149,-0.44753962825125526,0.2204294151486712,1.1402332706942075
Kajiado,2020,11,2020-11-01,short_rains,109.55433289962819,-0.42275582754010216,0.2405737617166758,-0.10876027496950075
Kajiado,2020,12,2020-12-01,short_rains,63.81490006763488,-0.3460181566258951,0.3589012444995,-0.02649469643504971
Kajiado,2021,1,2021-01-01,hot_dry,43.52341002202593,-0.28723826073254677,0.3246965006380801,-0.14263705149495784
Kajiado,2021,2,2021-02-01,hot_dry,51.9320241548121,0.8405693232907852,0.463998134625722,1.2212524309242487
Kajiado,2021,3,2021-03-01,long_rains,37.69776922464371,-0.6971010656868056,0.3226539505653538,0.330279783531481
Kajiado,2021,4,2021-04-01,long_rains,108.34811000525951,-0.6468948424014845,0.2974930288039744,0.04910598867098811
Kajiado,2021,5,2021-05-01,long_rains,98.86877727974206,1.008970570355881,0.3572244807106366,-0.39486280414985864
Kajiado,2021,6,2021-06-01,cool_dry,2.566264003980905,-1.164867568896183,0.398656889451465,0.5623763784937
Kajiado,2021,7,2021-07-01,cool_dry,3.290165750309825,0.387509662169817,0.214280240860983,-0.20109397874643023
Kajiado,2021,8,2021-08-01,cool_dry,3.509183181915432,0.08502752010051903,0.181568264751518,-0.31111413960855056
Kajiado,2021,9,2021-09-01,cool_dry,1.7038982256781305,-1.7143146385634433,0.1579064236220213,-0.5714770640525156
Kajiado,2021,10,2021-10-01,short_rains,15.65650137141347,-0.46621417443010704,0.1654749978037719,-0.3194642922351503
Kajiado,2021,11,2021-11-01,short_rains,93.67647864669561,-0.6904896209431969,0.1783874460219295,-0.8696988023794918
Kajiado,2021,12,2021-12-01,short_rains,0.0,-1.120119378579441,0.3138013801149579,-0.4189004743255368
Kajiado,2022,1,2022-01-01,hot_dry,35.82102353661321,-0.4640796625682885,0.3175950480573379,-0.20577636663742976
Kajiado,2022,2,2022-02-01,hot_dry,57.182426544837654,1.1129760629036933,0.3294056144771453,0.1003283901288983
Kajiado,2022,3,2022-03-01,long_rains,34.113997511565685,-0.7378799805709245,0.2629975380122531,-0.2951303355030593
Kajiado,2022,4,2022-04-01,long_rains,104.45626121386886,-0.6920148981963147,0.1998248695959967,-0.8602282749974121
Kajiado,2022,5,2022-05-01,long_rains,28.560993411578238,-0.8098168236358158,0.288602366675495,-1.0186211241693923
Kajiado,2022,6,2022-06-01,cool_dry,3.296883066650479,-0.9969704016362347,0.2300000919188501,-1.363797661037457
Kajiado,2022,7,2022-07-01,cool_dry,0.8589138234965501,-1.2680777530225398,0.194295724676317,-0.4148518327947574
Kajiado,2022,8,2022-08-01,cool_dry,1.5313257351517675,-1.0045721499228866,0.1617628656273251,-0.6189213136824911
Kajiado,2022,9,2022-09-01,cool_dry,2.985384596977383,-0.7411656167178837,0.1449843415116436,-0.9491134026917121
Kajiado,2022,10,2022-10-01,short_rains,16.65769791789353,-0.4332893973472959,0.1434134642008899,-0.9054620771356934
Kajiado,2022,11,2022-11-01,short_rains,101.48877950012684,-0.5587579077421475,0.1415425748908848,-1.3205485056918989
Kajiado,2022,12,2022-12-01,short_rains,61.563335611950606,-0.37333056790609914,0.1880629223886074,-1.5129280947671195
Kajiado,2023,1,2023-01-01,hot_dry,19.446092407219112,-0.8400366184247581,0.2567775500725004,-0.7465073125645493
Kajiado,2023,2,2023-02-01,hot_dry,5.634134752675891,-1.5615050637989163,0.1786979826039296,-1.1548067950325003
Kajiado,2023,3,2023-03-01,long_rains,87.93458934873343,-0.12546783234964434,0.1675596051688144,-1.2956572928841592
Kajiado,2023,4,2023-04-01,long_rains,133.8231407692656,-0.35155068309352644,0.2526528502908177,-0.36837613694370686
Kajiado,2023,5,2023-05-01,long_rains,32.09181559365243,-0.7184782189768419,0.3003484828766439,-0.9118517858678817
Kajiado,2023,6,2023-06-01,cool_dry,4.392954072449355,-0.7450919243392078,0.2839562380488558,-0.7475821899197355
Kajiado,2023,7,2023-07-01,cool_dry,0.5831218250095839,-1.4558813108810003,0.1024573302409693,-1.3971712410978043
Kajiado,2023,8,2023-08-01,cool_dry,1.0703313495032487,-1.2585334914276407,0.1633598488335123,-0.5941016731058181
Kajiado,2023,9,2023-09-01,cool_dry,4.6865618117153645,0.5506927905079148,0.1579100172542326,-0.5713720433523614
Kajiado,2023,10,2023-10-01,short_rains,27.616048299707472,-0.07291935333841101,0.139152861661031,-1.0186320722793127
Kajiado,2023,11,2023-11-01,short_rains,229.9321426935494,1.6070655289401115,0.4002912027248759,1.845611084785127
Kajiado,2023,12,2023-12-01,short_rains,64.984479771927,-0.3318306694198503,0.39161703612286,0.25815950012319544
Kajiado,2024,1,2024-01-01,hot_dry,122.38976031076163,1.5234779334161241,0.5154729225571429,1.5535641817521708
Kajiado,2024,2,2024-02-01,hot_dry,48.9627077691257,0.686512217679099,0.4114422337291969,0.7835522323133541
Kajiado,2024,3,2024-03-01,long_rains,121.33054304216057,0.25453705137900673,0.4166656374789194,1.315854641069492
Kajiado,2024,4,2024-04-01,long_rains,288.22774973511696,1.4385354546129532,0.4205470420009026,1.194793911831215
Kajiado,2024,5,2024-05-01,long_rains,128.96545215323567,1.7875394548995949,0.5099148425899779,0.9930554339892177
Kajiado,2024,6,2024-06-01,cool_dry,10.266019945964217,0.604545901549511,0.4639476682644542,1.30804097672035
Kajiado,2024,7,2024-07-01,cool_dry,5.165935967117548,1.6648357716075963,0.38788554100835,1.655818446253422
Kajiado,2024,8,2024-08-01,cool_dry,2.1311959046870466,-0.6741042793227938,0.315698908230788,1.7734878452936746
Kajiado,2024,9,2024-09-01,cool_dry,5.081500517509993,0.8506056290996602,0.2390758867769208,1.8006281906036494
Kajiado,2024,10,2024-10-01,short_rains,10.643347889184952,-0.6310738730223453,0.2375939285997919,1.5961565551905463
Kajiado,2024,11,2024-11-01,short_rains,189.81515092775226,0.9306092386706739,0.2604480948031848,0.13443061973374476
Kajiado,2024,12,2024-12-01,short_rains,96.58794602425769,0.05153249212969557,0.4649010843387626,0.8957907732891002
Kakamega,2017,1,2017-01-01,hot_dry,50.44618372619152,-0.3273044830243426,0.4452204775520941,-1.4722106116116307
Kakamega,2017,2,2017-02-01,hot_dry,155.2401057947427,0.8917673687657827,,
Kakamega,2017,3,2017-03-01,long_rains,106.87702192366123,-0.7986171341914946,0.4661279701469432,-0.28509007404948516
Kakamega,2017,4,2017-04-01,long_rains,196.80900385975838,-1.0492475902996203,0.5332904971149413,0.4751271891804861
Kakamega,2017,5,2017-05-01,long_rains,307.60360112786293,0.7675225656497142,0.7009948988739708,1.0127431267571592
Kakamega,2017,6,2017-06-01,cool_dry,144.18980856239796,-0.6466853832891697,0.6884252834214142,0.9172951264412993
Kakamega,2017,7,2017-07-01,cool_dry,235.58791893720627,1.3014092455948056,0.6028711081851656,-0.2082937211439105
Kakamega,2017,8,2017-08-01,cool_dry,233.88188540935516,-0.07183855220780608,0.6247050086560706,0.7426418392872132
Kakamega,2017,9,2017-09-01,cool_dry,187.9859683215618,-0.2166569403006757,0.6103384275878884,0.7213585423416696
Kakamega,2017,10,2017-10-01,short_rains,172.52045668661594,-0.3469459706514811,0.6317308897961916,0.9927631548858076
Kakamega,2017,11,2017-11-01,short_rains,141.61201636493206,-0.4277321046070535,0.6264351396130435,0.7439301250149202
Kakamega,2017,12,2017-12-01,short_rains,31.58024027198553,-0.785715502691994,0.5588622524525693,-1.0607556652212025
Kakamega,2018,1,2018-01-01,hot_dry,21.262589402496815,-0.9079402668032462,0.4691036279516095,-1.093770109967638
Kakamega,2018,2,2018-02-01,hot_dry,60.76660084910691,-0.7625200902760971,0.4079540542447394,-1.3125440223162863
Kakamega,2018,3,2018-03-01,long_rains,248.944600969553,0.7207461215500158,0.5359787795922903,0.9809544608505022
Kakamega,2018,4,2018-04-01,long_rains,382.5594810247421,1.421827741802889,,
Kakamega,2018,5,2018-05-01,long_rains,353.6362196803093,1.8744401667521708,0.7318804337070538,1.6178070519055157
Kakamega,2018,6,2018-06-01,cool_dry,209.1262190118432,0.4022016340298154,0.7091593697196011,1.4236329157196075
Kakamega,2018,7,2018-07-01,cool_dry,173.65913908183575,-0.10127379849237621,,
Kakamega,2018,8,2018-08-01,cool_dry,144.2548408806324,-1.5043537470089647,,
Kakamega,2018,9,2018-09-01,cool_dry,93.32377349957824,-2.1131654922702428,0.6149136014876151,1.0481187746202731
Kakamega,2018,10,2018-10-01,short_rains,176.54510685801506,-0.28380779206368445,0.621053498933288,0.4045502671903363
Kakamega,2018,11,2018-11-01,short_rains,65.72017875313759,-1.3538356993389766,0.5613465301515059,-0.20626059243231315
Kakamega,2018,12,2018-12-01,short_rains,115.2244902253151,0.17970763769268716,0.584483099002891,-0.5338819024018385
Kakamega,2019,1,2019-01-01,hot_dry,25.406574392691255,-0.8254916846971015,0.5446051079546604,0.10258872415829277
Kakamega,2019,2,2019-02-01,hot_dry,73.99744398146868,-0.5308401300691422,0.4518049696826407,-0.6329241366498956
Kakamega,2019,3,2019-03-01,long_rains,82.0484478622675,-1.0641500824875492,0.4186545099371497,-1.1455455981680336
Kakamega,2019,4,2019-04-01,long_rains,196.73103810474277,-1.0502847841572527,0.4216339918920807,-1.9680010789819018
Kakamega,2019,5,2019-05-01,long_rains,241.62716534733772,-0.8189715404864247,0.5858169273762874,-1.2436541123272513
Kakamega,2019,6,2019-06-01,cool_dry,191.1853596419096,0.11241144787039878,0.5826914881931473,-1.6647822970797643
Kakamega,2019,7,2019-07-01,cool_dry,191.27546632289886,0.29773492697967063,0.6909789580150996,1.6725719947873159
Kakamega,2019,8,2019-08-01,cool_dry,226.49716626107693,-0.18986902442601564,0.613671921743946,0.35149480521945553
Kakamega,2019,9,2019-09-01,cool_dry,199.53791722655296,0.014780434793265943,0.5864823209314193,-0.982451438038876
Kakamega,2019,10,2019-10-01,short_rains,305.0749836564064,1.7325518838241738,0.6316912284048334,0.9905782258295989
Kakamega,2019,11,2019-11-01,short_rains,209.12815450131893,0.3961633260236518,0.6150684814467664,0.5779948996760751
Kakamega,2019,12,2019-12-01,short_rains,267.73435324057937,1.9399786781286597,0.6653068980631633,1.128199756477117
Kakamega,2020,1,2020-01-01,hot_dry,110.93580854311585,0.8761950011892969,0.577501650621426,0.6238509488192562
Kakamega,2020,2,2020-02-01,hot_dry,80.31072434037924,-0.4202908228409296,0.5886060284135249,1.487276068187022
Kakamega,2020,3,2020-03-01,long_rains,352.8066048026085,1.831514062775039,0.5208824454631815,0.7073337043704139
Kakamega,2020,4,2020-04-01,long_rains,311.9718726053834,0.4827868274570149,0.5547694207128359,0.9451021835346224
Kakamega,2020,5,2020-05-01,long_rains,253.4314628392458,-0.5351209781388646,0.6318812712129461,-0.3412293092010543
Kakamega,2020,6,2020-06-01,cool_dry,264.9853948056698,1.3044683882708352,0.6525213349997538,0.04050096205241285
Kakamega,2020,7,2020-07-01,cool_dry,237.95775897800922,1.3550859763522407,0.5748976852560346,-0.8054510941385224
Kakamega,2020,8,2020-08-01,cool_dry,315.92383582890034,1.2394435636434882,0.5425985779988381,-2.1682104983458435
Kakamega,2020,9,2020-09-01,cool_dry,268.0929253101349,1.388244882299001,0.5756492168244203,-1.756154840769146
Kakamega,2020,10,2020-10-01,short_rains,251.27410101890564,0.8885307660914173,0.6105253206380475,-0.175442564085681
Kakamega,2020,11,2020-11-01,short_rains,308.12815137952566,1.6042544181954352,0.6282676099953628,0.7706812933327141
Kakamega,2020,12,2020-12-01,short_rains,52.37780513986945,-0.5456697087694033,0.6390005549858359,0.5872292645011357
Kakamega,2021,1,2021-01-01,hot_dry,67.22293178737164,0.006485116423847034,0.586778321456503,0.7708444528455914
Kakamega,2021,2,2021-02-01,hot_dry,90.97957968711853,-0.2334727979079187,0.5104530397914268,0.276028260440477
Kakamega,2021,3,2021-03-01,long_rains,103.30924225598574,-0.8367732945769457,0.4887107831036834,0.12422296260071526
Kakamega,2021,4,2021-04-01,long_rains,368.6617510318756,1.2369434912655903,0.519763622004513,0.1791489934074081
Kakamega,2021,5,2021-05-01,long_rains,306.28310967981815,0.7357695333019953,0.6028464264915917,-0.9100372384831428
Kakamega,2021,6,2021-06-01,cool_dry,146.5351670831442,-0.6088019202775459,0.6580430171186524,0.1753434758228484
Kakamega,2021,7,2021-07-01,cool_dry,113.11980536580086,-1.4724859732217233,0.6146355628773026,0.042845757798963796
Kakamega,2021,8,2021-08-01,cool_dry,251.84298104047775,0.21523487012973708,0.6047135103747695,0.033899551513842864
Kakamega,2021,9,2021-09-01,cool_dry,220.9733350276947,0.44422804322189713,0.5911858962549308,-0.646520739242415
Kakamega,2021,10,2021-10-01,short_rains,152.3459352850914,-0.6634411890992422,0.5781905905652419,-1.9567489893340595
Kakamega,2021,11,2021-11-01,short_rains,94.56944015622139,-1.0017898729166022,0.6053953100602484,0.43678190195214933
Kakamega,2021,12,2021-12-01,short_rains,0.0,-1.150215091779043,0.5795511442594535,-0.6353039045447406
Kakamega,2022,1,2022-01-01,hot_dry,92.28065294027328,0.505032670229285,0.4901065867511198,-0.760967689385131
Kakamega,2022,2,2022-02-01,hot_dry,181.0185976177454,1.3431641467338153,0.5063154186680384,0.21190167227859016
Kakamega,2022,3,2022-03-01,long_rains,146.94927647709846,-0.37005833455469894,0.4780023943901794,-0.06986637030707255
Kakamega,2022,4,2022-04-01,long_rains,201.3546768426895,-0.9887756036465305,0.4966396619402686,-0.32682063542928996
Kakamega,2022,5,2022-05-01,long_rains,253.72080333530903,-0.5281633881108455,0.6431442107681125,-0.1205823800548585
Kakamega,2022,6,2022-06-01,cool_dry,114.32593332231045,-1.129062385796078,0.642766963941201,-0.19770614322137106
Kakamega,2022,7,2022-07-01,cool_dry,161.13707722723484,-0.3848977271646343,0.5787074165554211,-0.7241235733585086
Kakamega,2022,8,2022-08-01,cool_dry,332.3419188410044,1.5018549095493396,0.6034759585554949,-0.009974364052115867
Kakamega,2022,9,2022-09-01,cool_dry,194.6484583541751,-0.08317736751003169,0.6101680123243567,0.709187435337681
Kakamega,2022,10,2022-10-01,short_rains,120.96263729780912,-1.1557782093640945,0.5980677155552375,-0.8617266903873696
Kakamega,2022,11,2022-11-01,short_rains,187.69619739055634,0.13463042410676634,0.5324322132036825,-0.6283638727518004
Kakamega,2022,12,2022-12-01,short_rains,176.3472034484148,0.8851868760336636,0.5500275537223789,-1.2424347113920018
Kakamega,2023,1,2023-01-01,hot_dry,11.516299977898598,-1.101852104262998,0.5680169691325515,0.47356141161247356
Kakamega,2023,2,2023-02-01,hot_dry,23.129388777539134,-1.42157013779072,0.4350079960363848,-0.8932506816036895
Kakamega,2023,3,2023-03-01,long_rains,246.75923037528992,0.6973743445168565,0.3944974511298417,-1.5833918096164412
Kakamega,2023,4,2023-04-01,long_rains,283.21445393562317,0.10022119976997781,0.5018728537250944,-0.21231446530777176
Kakamega,2023,5,2023-05-01,long_rains,243.3501888513565,-0.7775390714310605,0.6822144955934408,0.6448251163941099
Kakamega,2023,6,2023-06-01,cool_dry,276.2852042913437,1.486988847681331,0.6070076288476249,-1.0709687706141586
Kakamega,2023,7,2023-07-01,cool_dry,132.80698359012604,-1.0265726007045262,0.5664986841822913,-0.9847471863501179
Kakamega,2023,8,2023-08-01,cool_dry,184.0586480498314,-0.8681667692877503,0.6132481256392767,0.3364703074781458
Kakamega,2023,9,2023-09-01,cool_dry,228.53933256864548,0.5958089258284937,0.6066341360363653,0.45679697717894513
Kakamega,2023,10,2023-10-01,short_rains,238.91143498383462,0.6945868994938761,0.6154977722090959,0.09848766241693965
Kakamega,2023,11,2023-11-01,short_rains,144.65527354180813,-0.3905954177130648,0.4274056156563623,-2.1615860279047907
Kakamega,2023,12,2023-12-01,short_rains,90.0724943690002,-0.1105970615555536,0.6770208964980777,1.369089471847821
Kakamega,2024,1,2024-01-01,hot_dry,156.1048028767109,1.7748757509452595,0.6237136252176968,1.3561028735287797
Kakamega,2024,2,2024-02-01,hot_dry,169.06002847105265,1.1337624633852095,0.5483591357546604,0.8635128396637803
Kakamega,2024,3,2024-03-01,long_rains,164.71728420257568,-0.18003568303122292,0.5520024254672055,1.2713827243193991
Kakamega,2024,4,2024-04-01,long_rains,264.14441630244255,-0.15347128219206857,0.5530626982736644,0.9077578135964419
Kakamega,2024,5,2024-05-01,long_rains,245.8288071155548,-0.7179372875366851,0.6156161174127388,-0.6598722549904693
Kakamega,2024,6,2024-06-01,cool_dry,127.1748069524765,-0.9215206284895873,0.6662877640961042,0.37668473087911786
Kakamega,2024,7,2024-07-01,cool_dry,179.49905560910702,0.03099995065654282,0.6598099664361489,1.007197822404775
Kakamega,2024,8,2024-08-01,cool_dry,218.2111337184906,-0.3223052503920281,0.6238880355780076,0.7136783588992941
Kakamega,2024,9,2024-09-01,cool_dry,197.2996308207512,-0.030062486061707513,0.6065342808142394,0.4496652885718684
Kakamega,2024,10,2024-10-01,short_rains,139.45347560287337,-0.865696388230965,0.6229229755589699,0.5075389334844643
Kakamega,2024,11,2024-11-01,short_rains,261.7991963028908,1.0389049262498435,0.6074530927250001,0.46682227311304164
Kakamega,2024,12,2024-12-01,short_rains,63.900393545627594,-0.41267582705901645,0.6293055030427336,0.38785769073370524
Kericho,2017,1,2017-01-01,hot_dry,28.2215778529644,-0.6867056733803917,0.535828479142977,-0.740964229854561
Kericho,2017,2,2017-02-01,hot_dry,79.54091566801071,0.0016231747079150636,0.4923558051118528,-0.6845956715328586
Kericho,2017,3,2017-03-01,long_rains,77.79565285891294,-0.9122996326407602,0.542789430182292,-0.15400210333282005
Kericho,2017,4,2017-04-01,long_rains,183.85807482525706,-0.9590369305202657,0.5735777939294107,0.323988719417637
Kericho,2017,5,2017-05-01,long_rains,212.780349470675,-0.16930742751450925,0.7425201663426159,1.2561611149503755
Kericho,2017,6,2017-06-01,cool_dry,107.68855085223913,-0.7443266497802856,0.7180241002151313,1.5327157057872247
Kericho,2017,7,2017-07-01,cool_dry,269.24791111797094,1.7831238269260627,,
Kericho,2017,8,2017-08-01,cool_dry,187.87927329540253,0.012721527344428172,0.7107861204699396,1.9799691874386987
Kericho,2017,9,2017-09-01,cool_dry,156.75385864824057,0.1322914258320762,0.6828704023518177,1.7406993950128735
Kericho,2017,10,2017-10-01,short_rains,149.76568514108658,-0.15351638219698502,0.6990637656615308,1.2449994394427453
Kericho,2017,11,2017-11-01,short_rains,135.5823998823762,-0.5672078978396549,0.6808800147837049,0.9379917426948482
Kericho,2017,12,2017-12-01,short_rains,46.347979474812746,-0.7437869272855762,0.6334139170844101,-0.5138444672912084
Kericho,2018,1,2018-01-01,hot_dry,21.69868440181017,-0.7872491008780245,0.5538726168838651,-0.40935724709386456
Kericho,2018,2,2018-02-01,hot_dry,43.61310279369354,-0.6642706767676019,0.5129068454100815,-0.41599414749456015
Kericho,2018,3,2018-03-01,long_rains,252.3351118415594,1.186783847863727,0.6456745110171321,1.2366640599716554
Kericho,2018,4,2018-04-01,long_rains,380.1630666255951,1.6463869645991294,,
Kericho,2018,5,2018-05-01,long_rains,285.45690935850143,1.8229262848418495,0.7725362151822911,1.768899251461491
Kericho,2018,6,2018-06-01,cool_dry,270.2891435623169,1.7725701080548684,,
Kericho,2018,7,2018-07-01,cool_dry,139.82152484357357,-0.36462862029779197,,
Kericho,2018,8,2018-08-01,cool_dry,145.38740855455399,-0.7458892802233525,,
Kericho,2018,9,2018-09-01,cool_dry,64.0681386590004,-1.804771535369482,0.6111410259230732,-1.6512960473707814
Kericho,2018,10,2018-10-01,short_rains,155.08523085713387,-0.0467613758784671,0.6334678163301447,-0.13329702459251383
Kericho,2018,11,2018-11-01,short_rains,85.39854659885168,-1.3291273157110157,0.6294332803542363,0.1718084643129197
Kericho,2018,12,2018-12-01,short_rains,105.89595754630864,0.07497666213232847,0.6391326638752568,-0.3866869531557945
Kericho,2019,1,2019-01-01,hot_dry,19.121371537446976,-0.8269756227133556,0.5847973740787598,0.1589639203270966
Kericho,2019,2,2019-02-01,hot_dry,36.61693415045738,-0.7939391789865896,0.5052204326563126,-0.5164553480026285
Kericho,2019,3,2019-03-01,long_rains,49.998524248600006,-1.246599359541872,0.4668364162341154,-1.1806357575190927
Kericho,2019,4,2019-04-01,long_rains,164.09985913336277,-1.2212744152447665,0.4620284860582029,-1.019520788839371
Kericho,2019,5,2019-05-01,long_rains,183.36826959252357,-0.9755610142859756,0.6272355095953046,-0.7131467171586661
Kericho,2019,6,2019-06-01,cool_dry,212.18674306571484,0.8732022706135615,0.543931997608105,-1.5487178107801582
Kericho,2019,7,2019-07-01,cool_dry,162.674368172884,0.014600465821404209,0.6780539697708821,1.2770712819793777
Kericho,2019,8,2019-08-01,cool_dry,165.85793900489807,-0.38042719163330346,0.6262805989726097,0.18196279666192017
Kericho,2019,9,2019-09-01,cool_dry,132.04231749102473,-0.38416149804236344,0.6310355893161746,-0.7105062103832913
Kericho,2019,10,2019-10-01,short_rains,215.58111895620823,1.1672969781608062,0.6729159631350207,0.6955840543171709
Kericho,2019,11,2019-11-01,short_rains,187.07183954119682,0.21453366492413453,0.7071045941877635,1.3285478089799752
Kericho,2019,12,2019-12-01,short_rains,222.69258680939674,1.68088891145408,0.7302947330895152,1.6403204540054044
Kericho,2020,1,2020-01-01,hot_dry,126.98368337005377,0.8356065749997996,0.6662774562812105,1.6563679305515484
Kericho,2020,2,2020-02-01,hot_dry,72.04935505986214,-0.13722702929346425,0.6631922271565434,1.5482316041943414
Kericho,2020,3,2020-03-01,long_rains,265.9870811998844,1.35096805883497,0.6245930302101376,0.9517121330960506
Kericho,2020,4,2020-04-01,long_rains,318.80001878738403,0.8319565741705436,0.6622972834550535,1.392533921715346
Kericho,2020,5,2020-05-01,long_rains,180.74624080955982,-1.0474369278439604,0.6744194982680518,0.09285644982870934
Kericho,2020,6,2020-06-01,cool_dry,185.99464678764343,0.46777446063794437,0.6689234144322532,0.6636326365837305
Kericho,2020,7,2020-07-01,cool_dry,220.85963478684425,0.9801497047344141,0.6168566494448783,0.21317138757203785
Kericho,2020,8,2020-08-01,cool_dry,216.49612441658974,0.523620558758818,0.6043554906401772,-0.28453316953872987
Kericho,2020,9,2020-09-01,cool_dry,160.20885814726353,0.20449835869405592,0.6443543065211789,-0.08068018502184675
Kericho,2020,10,2020-10-01,short_rains,232.67480754852295,1.510340713676494,0.6885156335123623,1.0233629909796194
Kericho,2020,11,2020-11-01,short_rains,263.56157609820366,1.375843762444716,0.6562284274705904,0.5708618520547613
Kericho,2020,12,2020-12-01,short_rains,71.97216250002384,-0.39146349416357323,0.710925332201733,1.2096378311753788
Kericho,2021,1,2021-01-01,hot_dry,78.97319182381034,0.09557618633060147,0.6293415398233111,0.9775764034645722
Kericho,2021,2,2021-02-01,hot_dry,103.67370356619358,0.44890548316845075,0.5865473775455589,0.5464855555054565
Kericho,2021,3,2021-03-01,long_rains,101.32181355729699,-0.6293643263809775,0.5532923072412324,-0.01203792714033608
Kericho,2021,4,2021-04-01,long_rains,300.4514596760273,0.5884285114793879,0.5616711847487139,0.1805844890315945
Kericho,2021,5,2021-05-01,long_rains,258.36201390624046,1.0801921180612475,0.6586255409907237,-0.17693802797775113
Kericho,2021,6,2021-06-01,cool_dry,104.3237230181694,-0.7964108650041746,0.6577271010739661,0.46545767788330944
Kericho,2021,7,2021-07-01,cool_dry,120.33996225893497,-0.6879133454711716,0.6102592191525559,0.09847673502890852
Kericho,2021,8,2021-08-01,cool_dry,201.70803704857826,0.25960760077146144,0.5956501783141436,-0.46975428785832923
Kericho,2021,9,2021-09-01,cool_dry,195.44056993722916,0.9408150639642239,0.6489099687632844,0.13475157155576822
Kericho,2021,10,2021-10-01,short_rains,106.442831389606,-1.0229386548590411,0.6328826292989839,-0.14559292432518764
Kericho,2021,11,2021-11-01,short_rains,88.6322698816657,-1.2800311144432743,0.6139325715156081,-0.059039694407551406
Kericho,2021,12,2021-12-01,short_rains,0.0,-1.381055215244959,0.6118233555760456,-0.993915054536931
Kericho,2022,1,2022-01-01,hot_dry,101.56626319885254,0.44382422238328867,0.5246183697348967,-0.946978538247213
Kericho,2022,2,2022-02-01,hot_dry,184.3850874900818,1.944827722771757,0.4765750216258365,-0.8908500719598644
Kericho,2022,3,2022-03-01,long_rains,117.23723070509732,-0.4379589592793923,0.5680300958951816,0.18716825354858913
Kericho,2022,4,2022-04-01,long_rains,188.66242969036102,-0.8952719653434942,0.4785212232338151,-0.8208808363781502
Kericho,2022,5,2022-05-01,long_rains,214.24073794484138,-0.12927477935585183,0.6215739746211294,-0.8098578102127947
Kericho,2022,6,2022-06-01,cool_dry,110.55103736370802,-0.7000181826339886,0.6052770895169974,-0.4629085210178172
Kericho,2022,7,2022-07-01,cool_dry,110.15124320983887,-0.8569889636791819,0.592372957241019,-0.21247139239980606
Kericho,2022,8,2022-08-01,cool_dry,293.5191128253937,1.8987183991206187,0.5752125951612194,-0.9046004904481875
Kericho,2022,9,2022-09-01,cool_dry,168.53957484685816,0.3786041730624548,0.6619561933414448,0.751691750220141
Kericho,2022,10,2022-10-01,short_rains,96.5705908946693,-1.221059162261694,0.5699548872338406,-1.4678252460184127
Kericho,2022,11,2022-11-01,short_rains,237.05875224247575,0.9734630203757755,0.5201012390778829,-1.4564461323349573
Kericho,2022,12,2022-12-01,short_rains,188.0484869554639,1.2045448193926882,0.6035860216431479,-1.1770738731240853
Kericho,2023,1,2023-01-01,hot_dry,12.308595977723598,-0.9319872729382237,0.6030756968812471,0.49487464997776354
Kericho,2023,2,2023-02-01,hot_dry,9.528788261115551,-1.295996731409403,0.4747104309037581,-0.915220220740172
Kericho,2023,3,2023-03-01,long_rains,226.08797174692154,0.8711249217717243,0.4320496418807884,-1.6508379445722214
Kericho,2023,4,2023-04-01,long_rains,266.8607614636421,0.14260180593484761,0.4570766975881896,-1.0791605572906593
Kericho,2023,5,2023-05-01,long_rains,195.53435412049294,-0.6420603122520927,0.6155281141874522,-0.9131340018570595
Kericho,2023,6,2023-06-01,cool_dry,168.88538819551468,0.20294001716040116,0.6295130100910142,-0.03393226739523481
Kericho,2023,7,2023-07-01,cool_dry,90.09570597857237,-1.1897984502820118,0.5030361519808917,-1.7655690962963626
Kericho,2023,8,2023-08-01,cool_dry,101.28576861321926,-1.5332395387964324,0.6356350093501559,0.38099463911150744
Kericho,2023,9,2023-09-01,cool_dry,215.20664623379707,1.3539114318492727,0.649532601822203,0.16419513573099884
Kericho,2023,10,2023-10-01,short_rains,182.4374596476555,0.5021553010755555,0.5774544951959696,-1.3102441264338345
Kericho,2023,11,2023-11-01,short_rains,172.3362697660923,-0.009190023283291649,0.5263717039628513,-1.3630616756571405
Kericho,2023,12,2023-12-01,short_rains,88.16643504053354,-0.1687979874126998,0.6555862414808866,-0.02083826226521023
Kericho,2024,1,2024-01-01,hot_dry,193.30707176029682,1.8579106861963055,0.5113682686327697,-1.1904828891253423
Kericho,2024,2,2024-02-01,hot_dry,106.21882077679038,0.4960772358089359,0.646372504673792,1.3283983000302872
Kericho,2024,3,2024-03-01,long_rains,138.46587347984314,-0.18265455062741912,0.6001978012337547,0.6219692859481646
Kericho,2024,4,2024-04-01,long_rains,246.0360510200262,-0.13379054507538224,0.6315702647905308,1.0224550523436058
Kericho,2024,5,2024-05-01,long_rains,221.16451458632946,0.060522058349292945,0.639429915229388,-0.5048402590343063
Kericho,2024,6,2024-06-01,cool_dry,86.27862632274628,-1.0757311590483265,0.5966138841041759,-0.6162474210610565
Kericho,2024,7,2024-07-01,cool_dry,181.16584888100624,0.32145538224827624,0.6269890777507624,0.3893210841158504
Kericho,2024,8,2024-08-01,cool_dry,185.1999824717641,-0.03511207534223782,0.5761789915629726,-0.8840386753668986
Kericho,2024,9,2024-09-01,cool_dry,111.13124591461383,-0.8211874199902381,0.638683296058549,-0.34885540974388846
Kericho,2024,10,2024-10-01,short_rains,120.76488019526005,-0.7355174177166685,0.6442383657564335,0.09301283663039213
Kericho,2024,11,2024-11-01,short_rains,213.89091416075826,0.6217159035326106,0.6091233402909935,-0.13066236564285835
Kericho,2024,12,2024-12-01,short_rains,80.42014213651419,-0.27530676887228844,0.6674250607397112,0.2424003251924635
Kiambu,2017,1,2017-01-01,hot_dry,26.1718208193779,-0.8010960403783469,0.532226849954708,-0.5308326104029011
Kiambu,2017,2,2017-02-01,hot_dry,39.784053802490234,-0.13197652700901977,0.5135854960651611,0.03249995351883843
Kiambu,2017,3,2017-03-01,long_rains,41.71894347667694,-0.8220058527701024,0.6115469541732536,1.8135257519779147
Kiambu,2017,4,2017-04-01,long_rains,103.71809151768684,-0.9147201050772712,,
Kiambu,2017,5,2017-05-01,long_rains,152.05504847317934,-0.36624785763362494,,
Kiambu,2017,6,2017-06-01,cool_dry,27.252295792102814,-0.6615355995989074,0.5994248981819985,1.423174926285485
Kiambu,2017,7,2017-07-01,cool_dry,27.099437050521374,-0.37930989931529036,,
Kiambu,2017,8,2017-08-01,cool_dry,45.43839600495994,0.8140063047949286,0.4683578730044272,0.4466524238846551
Kiambu,2017,9,2017-09-01,cool_dry,25.20376731082797,-0.4347530273515891,0.3929925923675585,-0.03199419287388497
Kiambu,2017,10,2017-10-01,short_rains,95.19769909977913,0.046893232969426143,0.4386397793637534,0.12891114366093342
Kiambu,2017,11,2017-11-01,short_rains,148.92992678284645,-0.6848328253022682,0.6678985846235843,1.6459585177600005
Kiambu,2017,12,2017-12-01,short_rains,20.384702615439892,-0.7669901420291586,0.6155391738627123,0.9401444375802531
Kiambu,2018,1,2018-01-01,hot_dry,47.5718815214932,-0.36594993337034076,0.5410398002497271,-0.30355736778059333
Kiambu,2018,2,2018-02-01,hot_dry,30.67505012638867,-0.5392585309709225,0.4748425047677752,-0.6529532427823679
Kiambu,2018,3,2018-03-01,long_rains,263.42533776909113,1.71883147556087,0.4498936818200561,-0.2341355064810291
Kiambu,2018,4,2018-04-01,long_rains,471.8947207927704,0.7491420269873236,,
Kiambu,2018,5,2018-05-01,long_rains,430.75406235456467,1.668496652220998,0.8106852319360384,1.8522525419861393
Kiambu,2018,6,2018-06-01,cool_dry,78.90415193140507,1.1601362868638139,0.490866320485728,0.32617307409010604
Kiambu,2018,7,2018-07-01,cool_dry,37.00135286897421,0.19716648651378912,,
Kiambu,2018,8,2018-08-01,cool_dry,58.61526022851467,1.5591788403558238,,
Kiambu,2018,9,2018-09-01,cool_dry,25.675220131874084,-0.3874822740682972,0.6543564716347786,1.8800767299225583
Kiambu,2018,10,2018-10-01,short_rains,58.07521580904722,-0.4564800855366232,0.5418107053800627,1.6608477682229357
Kiambu,2018,11,2018-11-01,short_rains,115.17235778272152,-1.1573525504637396,0.4784470217980351,-0.44195980109276894
Kiambu,2018,12,2018-12-01,short_rains,160.91365057229996,0.8398725513805552,0.5700724599471356,0.41423510136770914
Kiambu,2019,1,2019-01-01,hot_dry,21.879195034503937,-0.8883817460186798,0.5816444827887249,0.7435878862744872
Kiambu,2019,2,2019-02-01,hot_dry,26.469150364398956,-0.7273128280638377,0.4810807357568898,-0.5425844966540231
Kiambu,2019,3,2019-03-01,long_rains,24.294655054807663,-1.0216946465154861,0.42688962453882,-0.5255277944097173
Kiambu,2019,4,2019-04-01,long_rains,172.71310949325562,-0.6029181367212263,0.3537823826559518,-0.7921697586687251
Kiambu,2019,5,2019-05-01,long_rains,92.98014173656702,-0.7975459109652886,0.3759639844741063,-1.2206503840282552
Kiambu,2019,6,2019-06-01,cool_dry,77.61994752287865,1.1148446121333873,0.3821662852217304,-0.7722582295322966
Kiambu,2019,7,2019-07-01,cool_dry,46.72096487134695,0.7630293863323279,0.4413231108135704,0.3222104212370393
Kiambu,2019,8,2019-08-01,cool_dry,48.13352486491203,0.9664201091842748,0.3587359583516206,-0.9250308347226663
Kiambu,2019,9,2019-09-01,cool_dry,43.344872303307056,1.3841854965137605,0.3645591118781339,-0.24000622357283175
Kiambu,2019,10,2019-10-01,short_rains,268.7193316221237,2.3998112560254667,0.3999832371335937,-0.44508169625937505
Kiambu,2019,11,2019-11-01,short_rains,271.2877633571625,1.0278642978002301,0.5586772193990349,0.4422456221718327
Kiambu,2019,12,2019-12-01,short_rains,266.4431194961071,2.046537577586123,0.6206811301199844,0.9996209769914169
Kiambu,2020,1,2020-01-01,hot_dry,137.5777054578066,1.464217019850658,0.5665890381308748,0.35532632540609915
Kiambu,2020,2,2020-02-01,hot_dry,73.12493270635605,1.3587616982311244,0.5645463464836579,0.9341153589339366
Kiambu,2020,3,2020-03-01,long_rains,207.78131000697613,1.0811303245052362,0.464184496690967,-0.053113820145866165
Kiambu,2020,4,2020-04-01,long_rains,450.4461254477501,0.6522116334128518,0.5822336448673352,0.9159327498008896
Kiambu,2020,5,2020-05-01,long_rains,150.8228178396821,-0.37524420994024016,0.5825374390378205,0.23955009310928305
Kiambu,2020,6,2020-06-01,cool_dry,77.08319872617722,1.0959144077588014,0.4079557140801786,-0.5116519114951126
Kiambu,2020,7,2020-07-01,cool_dry,22.383125985157676,-0.6538872646711772,0.5196259274137521,0.949943609239394
Kiambu,2020,8,2020-08-01,cool_dry,25.237321011722088,-0.3283964716454519,0.4937245012061527,0.7640613958208365
Kiambu,2020,9,2020-09-01,cool_dry,37.06697481498122,0.754724965023121,0.3804448367409512,-0.12379034598906558
Kiambu,2020,10,2020-10-01,short_rains,76.6657772064209,-0.2043958564133311,0.4542475607479261,0.3606637589935847
Kiambu,2020,11,2020-11-01,short_rains,150.57603761553764,-0.6617914789824048,0.5359053168889548,0.19127977265964477
Kiambu,2020,12,2020-12-01,short_rains,58.878229692578316,-0.3268401693915036,0.5111785749549321,-0.2669850989911409
Kiambu,2021,1,2021-01-01,hot_dry,59.65103456377983,-0.12033397482376566,0.5936681500491026,1.053663604658681
Kiambu,2021,2,2021-02-01,hot_dry,72.25975845009089,1.3200780048879759,0.5719151634598117,1.0644867881943318
Kiambu,2021,3,2021-03-01,long_rains,56.659672413021326,-0.6507795698516696,0.4823356979369322,0.17680736267217834
Kiambu,2021,4,2021-04-01,long_rains,142.8185060992837,-0.738017691079838,0.4214030945849821,-0.28657785888047127
Kiambu,2021,5,2021-05-01,long_rains,235.10389733314514,0.2400807651848299,0.4538096085273421,-0.670385018976016
Kiambu,2021,6,2021-06-01,cool_dry,14.366568345576525,-1.1159929837179035,0.4856693437596169,0.2736567901138101
Kiambu,2021,7,2021-07-01,cool_dry,48.54252241551876,0.8690780469043518,0.3825897031661673,-0.14863993671369438
Kiambu,2021,8,2021-08-01,cool_dry,27.851211555302143,-0.18057682267643968,0.3790300029939847,-0.6710943716210546
Kiambu,2021,9,2021-09-01,cool_dry,13.427093647420406,-1.6155546057693977,0.3848892221449664,-0.09127636538645136
Kiambu,2021,10,2021-10-01,short_rains,64.44465532898903,-0.37011178191138716,0.4139441979123741,-0.23778194664089794
Kiambu,2021,11,2021-11-01,short_rains,133.88235902786255,-0.8954603316818686,0.4727878029197723,-0.5043292352114136
Kiambu,2021,12,2021-12-01,short_rains,0.0,-1.0000767667084889,0.4591684565293917,-0.8685813988315152
Kiambu,2022,1,2022-01-01,hot_dry,50.22772341221571,-0.31194638283543735,0.5769099137613389,0.6214891238408234
Kiambu,2022,2,2022-02-01,hot_dry,49.16636642999947,0.28752567373709176,0.5488354125062195,0.656152570024579
Kiambu,2022,3,2022-03-01,long_rains,44.846146669238806,-0.7861669468589938,0.4315565419106744,-0.4664119734945943
Kiambu,2022,4,2022-04-01,long_rains,166.9391546547413,-0.6290117669089186,0.307034643351371,-1.1416969619702058
Kiambu,2022,5,2022-05-01,long_rains,78.58504709601402,-0.9026425863384169,0.542178281346609,-0.04573564915630662
Kiambu,2022,6,2022-06-01,cool_dry,16.70135914417915,-1.0336489388666297,0.3050546541572225,-1.5514836385114528
Kiambu,2022,7,2022-07-01,cool_dry,16.28283178806305,-1.009038289554834,0.3801090479876755,-0.16852670006577555
Kiambu,2022,8,2022-08-01,cool_dry,19.689714789390564,-0.6421223873757249,0.3325594243352175,-1.2525740416843947
Kiambu,2022,9,2022-09-01,cool_dry,20.833677775692195,-0.8729250246745048,0.2107699724496599,-1.365088015928801
Kiambu,2022,10,2022-10-01,short_rains,39.95481409877539,-0.7021890449865283,0.3430483791155873,-1.2904806626138472
Kiambu,2022,11,2022-11-01,short_rains,202.32911778986454,0.06261942928359154,0.3587377733607174,-1.7612581432158454
Kiambu,2022,12,2022-12-01,short_rains,33.99475111067295,-0.6113675496704614,0.3766905416616514,-1.82259592340941
Kiambu,2023,1,2023-01-01,hot_dry,34.066844418644905,-0.6405596366840437,0.5591536564453233,0.16357689757507332
Kiambu,2023,2,2023-02-01,hot_dry,7.435488793998957,-1.578346388129637,0.4035630855203441,-1.9140511631420156
Kiambu,2023,3,2023-03-01,long_rains,133.7396314330399,0.2325852864906172,0.3456441825615111,-1.5546634347932997
Kiambu,2023,4,2023-04-01,long_rains,209.69570019841194,-0.43578658265949755,0.4392608396058868,-0.15305765518120637
Kiambu,2023,5,2023-05-01,long_rains,92.14633563905954,-0.8036334186157775,0.4629400234160512,-0.6058450895590702
Kiambu,2023,6,2023-06-01,cool_dry,27.05571556091309,-0.6684686453277361,0.4221943559808261,-0.3677681496660034
Kiambu,2023,7,2023-07-01,cool_dry,11.117873951792717,-1.3097352739569827,0.1768544534747483,-1.7979655903831586
Kiambu,2023,8,2023-08-01,cool_dry,9.72451537847519,-1.2056701925604767,0.4415977910944343,0.11180736602232998
Kiambu,2023,9,2023-09-01,cool_dry,37.792292177677155,0.8274497352938958,0.276325070464329,-0.8855037784039014
Kiambu,2023,10,2023-10-01,short_rains,82.2413501739502,-0.12879222167646678,0.3540188834187881,-1.1275847966861563
Kiambu,2023,11,2023-11-01,short_rains,304.33066330850124,1.4903804820517326,0.5793186636254126,0.6697319985577426
Kiambu,2023,12,2023-12-01,short_rains,70.6076348721981,-0.19272158476505663,0.512426998408073,-0.25254469868482854
Kiambu,2024,1,2024-01-01,hot_dry,147.4053304642439,1.6640506942599562,0.4712537754048098,-2.1032538595716765
Kiambu,2024,2,2024-02-01,hot_dry,42.97123718261719,0.010528897317224914,0.5356195986654613,0.42233423190672065
Kiambu,2024,3,2024-03-01,long_rains,135.0933960005641,0.2480999294395283,0.5349694939216197,0.8435194146744144
Kiambu,2024,4,2024-04-01,long_rains,730.7812016010284,1.9191006220465763,0.6546751963432147,1.4575694848997198
Kiambu,2024,5,2024-05-01,long_rains,385.31287384033203,1.3367365660875201,0.612424713994925,0.4508135066242288
Kiambu,2024,6,2024-06-01,cool_dry,49.09307059459388,0.10875086075517422,0.575376018664886,1.1801571387154632
Kiambu,2024,7,2024-07-01,cool_dry,59.769483495503664,1.5226968077478156,0.5062831677161648,0.8429781966861959
Kiambu,2024,8,2024-08-01,cool_dry,13.664826139807701,-0.9828393800769339,0.5546311920504485,1.5261780623002925
Kiambu,2024,9,2024-09-01,cool_dry,32.97416500840336,0.3443547350330117,0.5145901398977736,0.8575821922323753
Kiambu,2024,10,2024-10-01,short_rains,48.61671006679535,-0.5847354984705563,0.4939715374010341,0.9505064313228235
Kiambu,2024,11,2024-11-01,short_rains,256.33565486967564,0.8185729772947269,0.4966208439189718,-0.24166873162919117
Kiambu,2024,12,2024-12-01,short_rains,88.47546005249023,0.01158608359799078,0.6083256793515253,0.8567066039775147
Kilifi,2017,1,2017-01-01,hot_dry,18.298109371215105,-0.11662565100080938,,
Kilifi,2017,2,2017-02-01,hot_dry,13.58607119321823,1.2546234744846043,,
Kilifi,2017,3,2017-03-01,long_rains,38.47220628708601,-0.4309635789393326,0.3229668549116724,0.07514143016327646
Kilifi,2017,4,2017-04-01,long_rains,106.79306124523282,-0.5699208259692765,,
Kilifi,2017,5,2017-05-01,long_rains,268.7343185823411,1.2424647572744922,0.4675785452621682,0.796702656876544
Kilifi,2017,6,2017-06-01,cool_dry,69.37908880785108,-0.5253412324209572,,
Kilifi,2017,7,2017-07-01,cool_dry,44.48552853241563,-1.3692891953520252,,
Kilifi,2017,8,2017-08-01,cool_dry,64.68459244631231,1.354035873577049,,
Kilifi,2017,9,2017-09-01,cool_dry,57.07162485085428,0.6772497714023571,0.2413556078086015,-0.5763383542232587
Kilifi,2017,10,2017-10-01,short_rains,55.20626243297011,-0.45365116551552215,0.2834146716025207,0.4835893527769761
Kilifi,2017,11,2017-11-01,short_rains,195.14135114848614,0.05875136211456474,,
Kilifi,2017,12,2017-12-01,short_rains,54.01607661508024,-0.651422127660534,0.4851287612054061,0.7577612164966675
Kilifi,2018,1,2018-01-01,hot_dry,7.465439526364207,-0.867443410944531,0.391591615490146,-0.2578039368800212
Kilifi,2018,2,2018-02-01,hot_dry,8.317255849018693,-0.10791867245832439,0.3703285047480482,0.3976062210016097
Kilifi,2018,3,2018-03-01,long_rains,123.7274792008102,1.7172471026884482,0.3889635716922416,0.8579569530217743
Kilifi,2018,4,2018-04-01,long_rains,218.53658110648394,0.5682391731520944,0.5502759206740152,1.3472065907735848
Kilifi,2018,5,2018-05-01,long_rains,249.32850563991815,0.9895303242301302,,
Kilifi,2018,6,2018-06-01,cool_dry,111.90659433603287,1.7126902474645416,0.5304928461980595,1.5314804790160907
Kilifi,2018,7,2018-07-01,cool_dry,121.72454015538096,1.2684772617126086,,
Kilifi,2018,8,2018-08-01,cool_dry,56.09221802651882,0.36994220333096456,,
Kilifi,2018,9,2018-09-01,cool_dry,70.46624138718471,1.4337013390887405,,
Kilifi,2018,10,2018-10-01,short_rains,195.45644481480122,0.8832216647699674,,
Kilifi,2018,11,2018-11-01,short_rains,81.87422402575612,-0.8381616324432394,,
Kilifi,2018,12,2018-12-01,short_rains,134.19051644206047,0.553075034535971,0.4623490899123563,0.49515258137880663
Kilifi,2019,1,2019-01-01,hot_dry,27.656391973607242,0.53200159242877,0.3350821769750525,-0.9248216276217914
Kilifi,2019,2,2019-02-01,hot_dry,4.573492744471878,-1.0760746401429189,0.3043970947521472,-0.5959906418587796
Kilifi,2019,3,2019-03-01,long_rains,17.72786857932806,-0.9536668244288665,0.2902528397645694,-0.31289361341816513
Kilifi,2019,4,2019-04-01,long_rains,62.7851919666864,-1.0181615518887455,0.2677197537677519,-0.6695180102882236
Kilifi,2019,5,2019-05-01,long_rains,272.6643084809184,1.2936880566959603,0.3508179820940805,-0.3907909423245941
Kilifi,2019,6,2019-06-01,cool_dry,66.99900533352047,-0.6505943286030806,0.4100632684714529,0.2561964535664517
Kilifi,2019,7,2019-07-01,cool_dry,87.03223864734173,0.0837108164481776,0.3531775497821248,0.6779208543143719
Kilifi,2019,8,2019-08-01,cool_dry,50.18488026224077,-0.3066313976098812,0.3385931327414852,0.7608659246114745
Kilifi,2019,9,2019-09-01,cool_dry,65.49806988053024,1.1531273402325417,0.2870047016880849,1.0717293232832779
Kilifi,2019,10,2019-10-01,short_rains,321.4515552204102,2.0842143265228263,0.2924129532216857,0.6690900747488653
Kilifi,2019,11,2019-11-01,short_rains,232.2839005216956,0.35286701623316513,0.5052442632342163,1.6892745495627193
Kilifi,2019,12,2019-12-01,short_rains,154.69118901900947,0.861065985209818,0.5230608847636083,1.1950503707866502
Kilifi,2020,1,2020-01-01,hot_dry,52.46934698522091,2.251799903115727,0.5429048226100271,1.5282443524668397
Kilifi,2020,2,2020-02-01,hot_dry,9.971477690152824,0.31987141538754477,0.4614826705994626,1.7713140369311011
Kilifi,2020,3,2020-03-01,long_rains,93.83751184865832,0.9640978258762462,0.4065836458744308,1.0669562526323417
Kilifi,2020,4,2020-04-01,long_rains,302.10899216495454,1.4194632567945833,0.4738497787518432,0.801720423310754
Kilifi,2020,5,2020-05-01,long_rains,133.88823989778757,-0.5151125501812244,0.5455657733115375,1.5898585959648628
Kilifi,2020,6,2020-06-01,cool_dry,105.31594102084637,1.3658537845870131,0.4838621805545635,1.0376869765076484
Kilifi,2020,7,2020-07-01,cool_dry,101.51229002326727,0.578214733748856,0.3774345776293942,1.3518950122510656
Kilifi,2020,8,2020-08-01,cool_dry,35.36911220289767,-2.0034968802693394,0.3613893401761742,1.359637567451164
Kilifi,2020,9,2020-09-01,cool_dry,47.43766646459699,0.13317873326973323,0.2949419049393235,1.358285901223268
Kilifi,2020,10,2020-10-01,short_rains,35.14528531115502,-0.644873556871269,0.3086172333625032,1.0031433742982214
Kilifi,2020,11,2020-11-01,short_rains,191.28398514166474,0.028206562540590452,0.3580790460070323,0.2814262806980129
Kilifi,2020,12,2020-12-01,short_rains,67.41210757568479,-0.45016744709693124,0.4133690656309799,-0.06949899585867392
Kilifi,2021,1,2021-01-01,hot_dry,14.616500644013286,-0.37179979155313536,0.3986372390139646,-0.17463985568961715
Kilifi,2021,2,2021-02-01,hot_dry,12.726508159656078,1.0323361509267726,0.3516991306907174,0.11685858309173668
Kilifi,2021,3,2021-03-01,long_rains,15.897302631288767,-0.9997923154232078,0.2756504640191802,-0.4860986903026655
Kilifi,2021,4,2021-04-01,long_rains,72.58520592004061,-0.918343827457041,0.2917492208793627,-0.4980093930635718
Kilifi,2021,5,2021-05-01,long_rains,101.76052311435342,-0.9338636663410173,0.3276960676479282,-0.6259484703553136
Kilifi,2021,6,2021-06-01,cool_dry,63.30394794885069,-0.8450485916539497,0.3061120516574888,-0.8445906514904833
Kilifi,2021,7,2021-07-01,cool_dry,80.96195367909968,-0.12359367564208261,0.3091802112903929,-0.5445318446777141
Kilifi,2021,8,2021-08-01,cool_dry,55.22180312499404,0.2702526701205398,0.2570461323596369,-1.3810706903794272
Kilifi,2021,9,2021-09-01,cool_dry,31.854954108595848,-0.7468440100862586,0.2218544487663177,-1.2803880332015949
Kilifi,2021,10,2021-10-01,short_rains,33.004970505833626,-0.6652751610823922,0.2014351134676602,-1.2064296824756973
Kilifi,2021,11,2021-11-01,short_rains,60.88669305294752,-1.0043527395311749,0.1997389735605194,-1.233325649723208
Kilifi,2021,12,2021-12-01,short_rains,0.0,-1.4629302733521048,0.3040949169920516,-1.3292333729956527
Kilifi,2022,1,2022-01-01,hot_dry,10.633222723379731,-0.6478827746438598,0.4503333996701297,0.43556358301347164
Kilifi,2022,2,2022-02-01,hot_dry,10.36787827196531,0.42238259949780654,0.3368759123047649,-0.10652968187472682
Kilifi,2022,3,2022-03-01,long_rains,24.70231545343995,-0.777928940291488,0.1939549962715563,-1.455123869428768
Kilifi,2022,4,2022-04-01,long_rains,101.36165261082351,-0.6252422625433426,0.2135986331413273,-1.055803670231202
Kilifi,2022,5,2022-05-01,long_rains,149.40894159302115,-0.31281647037347843,0.249945180732118,-1.4167007418377695
Kilifi,2022,6,2022-06-01,cool_dry,82.39075268805027,0.1594041578365913,0.2714974495473062,-1.2111405468876386
Kilifi,2022,7,2022-07-01,cool_dry,108.59406796842813,0.8200624209164548,0.2896304684550059,-1.0877155169857826
Kilifi,2022,8,2022-08-01,cool_dry,52.43283908441663,-0.04917031179161712,0.3194769181989771,0.2587540176512051
Kilifi,2022,9,2022-09-01,cool_dry,29.591752767562866,-0.8746567173609188,0.2399414276247402,-0.6273944531098034
Kilifi,2022,10,2022-10-01,short_rains,30.62564744055271,-0.6879550058171803,0.183826113294699,-1.5694414644508583
Kilifi,2022,11,2022-11-01,short_rains,136.89355865493417,-0.40248751026511015,0.2780388683873461,-0.48427384617057956
Kilifi,2022,12,2022-12-01,short_rains,38.88368150498718,-0.8787629984751955,0.2748666354822076,-1.666182884487621
Kilifi,2023,1,2023-01-01,hot_dry,12.981548535637558,-0.48511913915694166,0.2961298434342311,-1.3846013785825484
Kilifi,2023,2,2023-02-01,hot_dry,2.1623214092105623,-1.6996156741651165,0.2428618156522471,-1.5233371110560932
Kilifi,2023,3,2023-03-01,long_rains,49.598839566111565,-0.15060141899708118,0.2305534177999609,-1.021014206370668
Kilifi,2023,4,2023-04-01,long_rains,301.4024366810918,1.4122666588183341,0.2364849411721456,-0.8924542698674095
Kilifi,2023,5,2023-05-01,long_rains,111.81684496253729,-0.8027900507842325,0.354433858137425,-0.3540162853644784
Kilifi,2023,6,2023-06-01,cool_dry,69.78592070937157,-0.503931497913459,0.3621600283007604,-0.2510729241909439
Kilifi,2023,7,2023-07-01,cool_dry,93.13473985344172,0.29211551567222793,0.3489645751529315,0.5608646326701842
Kilifi,2023,8,2023-08-01,cool_dry,59.907232377678156,0.806879805377886,0.2821126254496213,-0.7226670813264435
Kilifi,2023,9,2023-09-01,cool_dry,35.477996185421944,-0.5422352516813198,0.2424023436127421,-0.5385480872302861
Kilifi,2023,10,2023-10-01,short_rains,109.3745617903769,0.06268418923314538,0.2596054495809979,-0.007240792522624835
Kilifi,2023,11,2023-11-01,short_rains,465.6015575528145,2.2004078144052843,0.2763545224740562,-0.5003870522859478
Kilifi,2023,12,2023-12-01,short_rains,192.9353634044528,1.4356256530693619,0.4388198069987434,0.22390227263834966
Kilifi,2024,1,2024-01-01,hot_dry,15.725554303266108,-0.29493072824521976,0.4793494456481311,0.7780588632936689
Kilifi,2024,2,2024-02-01,hot_dry,8.171527897939086,-0.14560465353036897,0.3399686649545352,-0.059921406234845924
Kilifi,2024,3,2024-03-01,long_rains,80.64211237430573,0.6316081495152817,0.4241295461633563,1.2750757437028764
Kilifi,2024,4,2024-04-01,long_rains,136.40586032532156,-0.2683006209066062,0.4969866680035284,0.966858329366068
Kilifi,2024,5,2024-05-01,long_rains,99.67084729485214,-0.9611004005206303,0.4286606907867815,0.40089518704075094
Kilifi,2024,6,2024-06-01,cool_dry,65.81254241988063,-0.7130325392966992,0.3369002985190115,-0.5185597865211268
Kilifi,2024,7,2024-07-01,cool_dry,39.202806000132114,-1.549697877504217,0.2942834751625613,-0.9584331375721205
Kilifi,2024,8,2024-08-01,cool_dry,49.004584051668644,-0.4418119627356014,0.2991362499215756,-0.27551973800796875
Kilifi,2024,9,2024-09-01,cool_dry,23.237278265878558,-1.2335212048648756,0.2737349990828041,0.592653703258395
Kilifi,2024,10,2024-10-01,short_rains,42.12261043395847,-0.5783652912395755,0.2903852705248953,0.6272891376251141
Kilifi,2024,11,2024-11-01,short_rains,137.80996688455343,-0.3952308730540805,0.354510264165447,0.2472857179190009
Kilifi,2024,12,2024-12-01,short_rains,136.8823830448091,0.5935161737696144,0.4534922208218105,0.3930488120414748
Kirinyaga,2017,1,2017-01-01,hot_dry,14.890020310878754,-1.161533048732225,0.5931044975985384,0.14047196846151652
Kirinyaga,2017,2,2017-02-01,hot_dry,41.57981197535992,0.36797289179183296,0.5076734235918352,-0.17020422615657238
Kirinyaga,2017,3,2017-03-01,long_rains,32.42574205249548,-0.7827722794774712,0.3411847754698726,-1.2206425120593487
Kirinyaga,2017,4,2017-04-01,long_rains,147.5856688171625,-1.1511472877987898,,
Kirinyaga,2017,5,2017-05-01,long_rains,134.20430024713278,-0.6872045428835237,,
Kirinyaga,2017,6,2017-06-01,cool_dry,21.171727564185858,-0.8688179664160905,,
Kirinyaga,2017,7,2017-07-01,cool_dry,39.95606617629528,-0.9226566056179903,0.545502064065938,0.9499636083890057
Kirinyaga,2017,8,2017-08-01,cool_dry,59.49230908602476,1.3350814697224904,,
Kirinyaga,2017,9,2017-09-01,cool_dry,42.97938629984856,-0.17510091967679486,,
Kirinyaga,2017,10,2017-10-01,short_rains,139.45105262100697,-0.01735257656282332,0.525815540832189,0.8882729211777048
Kirinyaga,2017,11,2017-11-01,short_rains,231.03894966840744,-0.2899144131711671,,
Kirinyaga,2017,12,2017-12-01,short_rains,19.90219933539629,-0.814070031786797,0.6346809145355332,1.0882200899039531
Kirinyaga,2018,1,2018-01-01,hot_dry,17.065105378627777,-1.0872285192380027,0.5886465619862579,0.08219726464878492
Kirinyaga,2018,2,2018-02-01,hot_dry,14.447237022221088,-1.0103292853477897,0.5123353072835433,-0.09422675110886714
Kirinyaga,2018,3,2018-03-01,long_rains,215.61104783415794,1.983659974185286,,
Kirinyaga,2018,4,2018-04-01,long_rains,563.2311854362488,1.0118759742959045,,
Kirinyaga,2018,5,2018-05-01,long_rains,373.4928461909294,1.6760562262654024,0.7103585220331394,1.6612935570385554
Kirinyaga,2018,6,2018-06-01,cool_dry,102.12376892566681,1.9176156291911797,,
Kirinyaga,2018,7,2018-07-01,cool_dry,68.8502414226532,1.483862266831408,,
Kirinyaga,2018,8,2018-08-01,cool_dry,34.04934744536877,-1.0994156534123307,,
Kirinyaga,2018,9,2018-09-01,cool_dry,60.813667729496956,0.889890124647822,,
Kirinyaga,2018,10,2018-10-01,short_rains,77.76025027036667,-0.5102025521796849,,
Kirinyaga,2018,11,2018-11-01,short_rains,174.70715457201004,-0.8847066955932252,,
Kirinyaga,2018,12,2018-12-01,short_rains,164.82521632313728,1.0811620172335001,0.4770533600441324,-0.8895116878737214
Kirinyaga,2019,1,2019-01-01,hot_dry,47.42900248616934,-0.04994720935261469,0.5633013871170667,-0.24911809901758544
Kirinyaga,2019,2,2019-02-01,hot_dry,24.506962314248085,-0.4993073386518191,0.5594952255559948,0.6743663221525141
Kirinyaga,2019,3,2019-03-01,long_rains,27.68629002571106,-0.8543466500070109,0.4086576407421863,-0.13442762142117495
Kirinyaga,2019,4,2019-04-01,long_rains,217.04442837834358,-0.7896832356681288,0.3830341267727937,-0.33265562161705753
Kirinyaga,2019,5,2019-05-01,long_rains,196.06566488742828,-0.07624953204583548,0.4466000898206828,-1.1925531351228846
Kirinyaga,2019,6,2019-06-01,cool_dry,49.24589404463768,0.09751715415845721,0.5250302493453483,0.4425770001209783
Kirinyaga,2019,7,2019-07-01,cool_dry,33.76207488775253,-1.4385376371606424,0.3270180099359843,-1.0270402234428742
Kirinyaga,2019,8,2019-08-01,cool_dry,43.08218342810869,-0.23511323751001026,0.4192199078178282,0.02647607272797022
Kirinyaga,2019,9,2019-09-01,cool_dry,68.1737984418869,1.3294073165613056,0.4045620110295908,0.3825189019643765
Kirinyaga,2019,10,2019-10-01,short_rains,439.1371775865555,2.3768503476020837,0.4496841452797523,0.1971795541814408
Kirinyaga,2019,11,2019-11-01,short_rains,364.1148316860199,1.1151980542219817,0.5326734227540886,0.48052378951787966
Kirinyaga,2019,12,2019-12-01,short_rains,228.08214724063873,1.9084050962790655,0.6196114527609573,0.8991455748437668
Kirinyaga,2020,1,2020-01-01,hot_dry,98.91688181459904,1.708964524666844,0.5987215041188688,0.213898195252392
Kirinyaga,2020,2,2020-02-01,hot_dry,58.11788734793663,1.208087231514119,0.5054120211519454,-0.2070596388634898
Kirinyaga,2020,3,2020-03-01,long_rains,145.82445412874222,0.9297551160629463,0.4697204841570699,0.8485952502808509
Kirinyaga,2020,4,2020-04-01,long_rains,567.0531837940216,1.0317656904723131,0.464376698431667,0.45902013825507537
Kirinyaga,2020,5,2020-05-01,long_rains,254.60530352592468,0.5018994591181926,0.6002090151832876,0.46948405495046447
Kirinyaga,2020,6,2020-06-01,cool_dry,67.7677900493145,0.7350555338432583,0.486583780357632,0.13470246017303897
Kirinyaga,2020,7,2020-07-01,cool_dry,47.019612580537796,-0.3343526452765595,0.5120269144599837,0.6470559234064067
Kirinyaga,2020,8,2020-08-01,cool_dry,57.672886326909065,1.160990908435185,0.4560913809551685,0.763958687477925
Kirinyaga,2020,9,2020-09-01,cool_dry,65.32749412953854,1.1594375527650356,0.4538713507943909,0.6958706155555936
Kirinyaga,2020,10,2020-10-01,short_rains,112.96047353744507,-0.22898673851135104,0.5107749866667244,0.7517401918841603
Kirinyaga,2020,11,2020-11-01,short_rains,195.06747817993164,-0.6697275114773282,0.5381201448869088,0.5117425876092492
Kirinyaga,2020,12,2020-12-01,short_rains,63.38828206807375,-0.24538039645930432,0.6240520878386416,0.9548616273765087
Kirinyaga,2021,1,2021-01-01,hot_dry,62.71521829068661,0.4722553885794594,0.6061441297642028,0.3109277059081868
Kirinyaga,2021,2,2021-02-01,hot_dry,43.50891035050154,0.4659687692552291,0.6456651213962159,2.0787280660348513
Kirinyaga,2021,3,2021-03-01,long_rains,61.28582149744034,-0.3469324380716042,0.4707323282239481,0.8648844665163142
Kirinyaga,2021,4,2021-04-01,long_rains,212.38301277160645,-0.813941287273444,0.3639417209722438,-0.5184746160462632
Kirinyaga,2021,5,2021-05-01,long_rains,231.87338829040527,0.277394590856175,0.5466314094878693,-0.11022166859826096
Kirinyaga,2021,6,2021-06-01,cool_dry,19.240709334611893,-0.9352851484428952,0.5581594910582084,0.7078718456483974
Kirinyaga,2021,7,2021-07-01,cool_dry,54.30565099418163,0.2724820817342179,0.469494764866354,0.26219386536056677
Kirinyaga,2021,8,2021-08-01,cool_dry,33.9188032746315,-1.1119067074252433,0.3798656704561967,-0.7606654055319335
Kirinyaga,2021,9,2021-09-01,cool_dry,28.489115118980408,-1.0404012177759883,0.2780818460214747,-0.42123910067035486
Kirinyaga,2021,10,2021-10-01,short_rains,96.14907678961754,-0.36329357456381145,0.4111778651283159,-0.1523665773094575
Kirinyaga,2021,11,2021-11-01,short_rains,123.16688758134842,-1.4289065207107887,0.5093979813202923,0.3471167074435572
Kirinyaga,2021,12,2021-12-01,short_rains,0.0,-1.0743412213496266,0.5764995863713713,0.35822677144609744
Kirinyaga,2022,1,2022-01-01,hot_dry,36.47572574019432,-0.4241293905911425,0.6873626007151329,1.3726259336147781
Kirinyaga,2022,2,2022-02-01,hot_dry,23.31389095634222,-0.5599139288086573,0.5024560093407081,-0.255235511210643
Kirinyaga,2022,3,2022-03-01,long_rains,46.761193588376045,-0.5662808129242122,0.408806505419075,-0.13203111686969451
Kirinyaga,2022,4,2022-04-01,long_rains,234.91639947891235,-0.6966773263431364,0.2868846446332304,-1.2684413090105213
Kirinyaga,2022,5,2022-05-01,long_rains,59.54154860973358,-1.42458857087966,0.611003039964616,0.586274603252214
Kirinyaga,2022,6,2022-06-01,cool_dry,22.060200247215107,-0.8382360306040307,0.2315504520981796,-1.9075726999816551
Kirinyaga,2022,7,2022-07-01,cool_dry,47.94551359117031,-0.2572368170132842,,
Kirinyaga,2022,8,2022-08-01,cool_dry,54.42439514398575,0.8501606461783521,0.3520618964271652,-1.3167809665910202
Kirinyaga,2022,9,2022-09-01,cool_dry,36.00044584274292,-0.5918549736604984,0.0944224372336484,-1.5883605980443216
Kirinyaga,2022,10,2022-10-01,short_rains,50.019347332417965,-0.7318255950904866,0.3221181964849288,-0.9608181473839547
Kirinyaga,2022,11,2022-11-01,short_rains,274.9349051117897,0.17357118111155534,0.0971215934699272,-2.0159143039209497
Kirinyaga,2022,12,2022-12-01,short_rains,49.42087373137474,-0.42803930373077287,0.4619887193699167,-1.0785257132345212
Kirinyaga,2023,1,2023-01-01,hot_dry,36.15957275032997,-0.4349297034195384,0.6065639790646389,0.3164160295980788
Kirinyaga,2023,2,2023-02-01,hot_dry,8.181280374526978,-1.3286323474159987,0.4490660228348226,-1.1253636902476465
Kirinyaga,2023,3,2023-03-01,long_rains,99.97997698187828,0.23741988922683557,0.3341431946278826,-1.3340017110993292
Kirinyaga,2023,4,2023-04-01,long_rains,380.7090542316437,0.062029049796366455,0.4158797728317016,-0.012981664033981079
Kirinyaga,2023,5,2023-05-01,long_rains,108.03373059630394,-0.9456702388412815,0.4593440383022921,-1.0546645568725361
Kirinyaga,2023,6,2023-06-01,cool_dry,58.39328870922327,0.412377747875469,0.4492360628358575,-0.1643734147478983
Kirinyaga,2023,7,2023-07-01,cool_dry,50.11986421793699,-0.07614094651267998,0.2783906465226909,-1.4670562428397893
Kirinyaga,2023,8,2023-08-01,cool_dry,37.204041332006454,-0.797560338773243,0.4899871956072874,1.4419238429685268
Kirinyaga,2023,9,2023-09-01,cool_dry,40.229235261678696,-0.3393287994343642,0.2939536216838581,-0.32037690853259776
Kirinyaga,2023,10,2023-10-01,short_rains,151.39268274605274,0.07804952377788175,0.2444836817373229,-1.6655562886293749
Kirinyaga,2023,11,2023-11-01,short_rains,394.8274178504944,1.439483995981721,0.5456714788349769,0.5550243200157408
Kirinyaga,2023,12,2023-12-01,short_rains,55.362019427120686,-0.3503439178320017,0.4350720601153515,-1.4162454255724504
Kirinyaga,2024,1,2024-01-01,hot_dry,77.4771614074707,0.9765479580872201,0.4150240035934213,-2.1874189984661503
Kirinyaga,2024,2,2024-02-01,hot_dry,61.0326566696167,1.3561540076630838,0.4628324203139951,-0.9010045706001548
Kirinyaga,2024,3,2024-03-01,long_rains,44.495110630989075,-0.6005027989947693,0.4858106345652634,1.107623244652378
Kirinyaga,2024,4,2024-04-01,long_rains,627.3937203586102,1.3457784225189149,0.589164661368108,1.6735330724527453
Kirinyaga,2024,5,2024-05-01,long_rains,272.4728240966797,0.6783626084105308,0.5235821586571783,-0.3596128546475546
Kirinyaga,2024,6,2024-06-01,cool_dry,31.29906628280878,-0.5202269196053477,0.5680151590690982,0.7867948087871393
Kirinyaga,2024,7,2024-07-01,cool_dry,66.31345762312412,1.2725803030155307,0.510681659326663,0.6348830691266857
Kirinyaga,2024,8,2024-08-01,cool_dry,44.47087383270264,-0.10223708721520038,0.4101511462816681,-0.15491223105146495
Kirinyaga,2024,9,2024-09-01,cool_dry,25.27979050576687,-1.2320490834265174,0.5413194522385618,1.251587089727302
Kirinyaga,2024,10,2024-10-01,short_rains,66.11475329101086,-0.603238834471808,0.5316844040569222,0.9415483460794835
Kirinyaga,2024,11,2024-11-01,short_rains,310.11249619722366,0.5450019096372511,0.4700359939813715,0.12150689933452216
Kirinyaga,2024,12,2024-12-01,short_rains,76.23385953903198,-0.07739224235406301,0.5546297415838878,0.08382876311037048
Kisii,2017,1,2017-01-01,hot_dry,31.109483271837234,-0.931642606802761,0.5982606383436893,-0.2245309547004766
Kisii,2017,2,2017-02-01,hot_dry,100.54402416571975,-0.18979328925129493,0.4582488753962301,-0.7853521630823584
Kisii,2017,3,2017-03-01,long_rains,169.01502859592438,-0.370895378073508,0.5913758501749591,-0.3196117942309608
Kisii,2017,4,2017-04-01,long_rains,229.4625249132514,-1.561894202456062,0.6839626114332544,1.5261062272594905
Kisii,2017,5,2017-05-01,long_rains,192.62379184365273,-1.0907658777668736,0.7423397348293853,1.151795724224243
Kisii,2017,6,2017-06-01,cool_dry,138.83038347959518,0.02693220951006232,0.6711312451804236,0.20758187754383106
Kisii,2017,7,2017-07-01,cool_dry,120.36674672365189,1.5146032920792927,0.6405714380679645,0.11538970449192869
Kisii,2017,8,2017-08-01,cool_dry,156.32255030423403,0.34259356286699644,0.5941317793176135,0.6261635321713037
Kisii,2017,9,2017-09-01,cool_dry,172.04522675275803,-0.006094509906043163,0.599447326374643,0.2040891064901654
Kisii,2017,10,2017-10-01,short_rains,156.59836633503437,-0.7434904298489223,0.6640714704644385,1.0967064214320001
Kisii,2017,11,2017-11-01,short_rains,145.35231859982014,-0.9244970798437542,0.6802969904886156,0.8993928657519161
Kisii,2017,12,2017-12-01,short_rains,105.06391793489456,-0.6652716786463485,0.6783632861406863,0.1241832829138743
Kisii,2018,1,2018-01-01,hot_dry,50.67071956396103,-0.6841579285074838,0.574130713695596,-0.550617530481705
Kisii,2018,2,2018-02-01,hot_dry,58.88699781894684,-0.6382212843513335,0.5316816011794874,0.02415018682674033
Kisii,2018,3,2018-03-01,long_rains,256.4763965010643,0.7873510112935618,0.6465676517964816,1.0136781312203407
Kisii,2018,4,2018-04-01,long_rains,334.28447011113167,0.9745547147486205,,
Kisii,2018,5,2018-05-01,long_rains,292.4030644893646,1.8153423918223526,0.74363736523167,1.1731039426779473
Kisii,2018,6,2018-06-01,cool_dry,130.50738403201103,-0.18148604603499516,0.6963635299691858,0.576127751062907
Kisii,2018,7,2018-07-01,cool_dry,55.79315668344498,-0.9138621310334416,0.7255075233388135,2.16389949468813
Kisii,2018,8,2018-08-01,cool_dry,135.99064660072327,-0.17244025745451308,,
Kisii,2018,9,2018-09-01,cool_dry,73.86582739651203,-1.8102254514981513,0.625184516508003,0.785848000257855
Kisii,2018,10,2018-10-01,short_rains,230.3889574855566,0.2202429829863066,0.5936787810871388,-1.1423949330009788
Kisii,2018,11,2018-11-01,short_rains,134.9707453250885,-1.0208866357988937,0.6492751930233943,0.6112175487274646
Kisii,2018,12,2018-12-01,short_rains,192.06351550668478,0.226838302231271,0.6907120703326101,0.34086636824536565
Kisii,2019,1,2019-01-01,hot_dry,34.621216252446175,-0.8872128941820482,0.6596127597433318,0.6045683266229952
Kisii,2019,2,2019-02-01,hot_dry,63.74897773563862,-0.5858832252659507,0.5706097836581184,0.45328385792528636
Kisii,2019,3,2019-03-01,long_rains,112.85654316842556,-1.114599307438888,0.5393780466626497,-1.575743058870153
Kisii,2019,4,2019-04-01,long_rains,255.91914589703083,-0.9217050939585884,0.581126034523257,-0.8297091185079758
Kisii,2019,5,2019-05-01,long_rains,236.35934795439243,0.1830483916536053,0.6901589357425495,0.2949416738925772
Kisii,2019,6,2019-06-01,cool_dry,178.4280627965927,1.018507338026588,0.496149705499174,-2.348220140839395
Kisii,2019,7,2019-07-01,cool_dry,76.24502938985825,-0.14471385114838944,0.6194749940294749,-0.3934196197589074
Kisii,2019,8,2019-08-01,cool_dry,130.70093463361263,-0.30643560794158875,0.5872875700319445,0.437052651544371
Kisii,2019,9,2019-09-01,cool_dry,163.23828426003456,-0.1679296561396396,0.5914355221524524,0.02299170085910108
Kisii,2019,10,2019-10-01,short_rains,303.08916157484055,1.1697355227311577,0.652059729971676,0.7146283300227647
Kisii,2019,11,2019-11-01,short_rains,283.9882800281048,0.36269306059588413,0.6291316821849425,0.4240954895249252
Kisii,2019,12,2019-12-01,short_rains,299.7473329603672,1.3310481033187098,0.7341491102192113,1.1030524809844158
Kisii,2020,1,2020-01-01,hot_dry,193.1923303976655,1.1189957413608183,0.6794504921559807,0.8726511461114577
Kisii,2020,2,2020-02-01,hot_dry,120.18155258893967,0.021600040321465477,0.666447639541115,1.5097742539991277
Kisii,2020,3,2020-03-01,long_rains,320.27325826883316,1.63220956502224,0.6442036696553254,0.9565704905898664
Kisii,2020,4,2020-04-01,long_rains,299.61712300777435,0.1356850023360738,0.6738561272515576,1.2945834438063315
Kisii,2020,5,2020-05-01,long_rains,215.39742705225945,-0.42747531797960897,0.716552775354761,0.728351448585608
Kisii,2020,6,2020-06-01,cool_dry,145.19259148836136,0.18624980924710507,0.6652671499128586,0.12193017652362355
Kisii,2020,7,2020-07-01,cool_dry,81.81297805905342,0.064683997296893,0.6533967678910957,0.42471422329214625
Kisii,2020,8,2020-08-01,cool_dry,125.5249202400446,-0.43755084958510265,0.6102564330626616,1.071700385627176
Kisii,2020,9,2020-09-01,cool_dry,182.01181069761515,0.17705004582348774,0.6066560095352288,0.367032905688678
Kisii,2020,10,2020-10-01,short_rains,319.2025534212589,1.3801825983593115,0.6508187532963218,0.6751544502891462
Kisii,2020,11,2020-11-01,short_rains,461.11021253466606,2.0072130165237554,0.6080323389323014,0.22809427658250087
Kisii,2020,12,2020-12-01,short_rains,115.32318115234375,-0.5600712941826766,0.7098309638202188,0.6763439962153015
Kisii,2021,1,2021-01-01,hot_dry,98.77247367799282,-0.07558457636496455,0.6654267154529865,0.6831368649319134
Kisii,2021,2,2021-02-01,hot_dry,124.39121064543724,0.06691600950797393,0.6296074168855906,1.1036576827738651
Kisii,2021,3,2021-03-01,long_rains,129.5699108839035,-0.8932650398155842,0.6170768898202693,0.30125826664695693
Kisii,2021,4,2021-04-01,long_rains,354.3918446302414,1.4611067266440863,0.6001825098436085,-0.39315688831060075
Kisii,2021,5,2021-05-01,long_rains,210.9890612065792,-0.5558706058967194,0.6004672431851553,-1.1778738328422387
Kisii,2021,6,2021-06-01,cool_dry,90.21853947639465,-1.1903688115679016,0.676447806384093,0.2852362282824781
Kisii,2021,7,2021-07-01,cool_dry,73.7822881937027,-0.23733192979656678,0.6332867941293965,-0.06030316360604963
Kisii,2021,8,2021-08-01,cool_dry,161.27038647979498,0.46792875060861955,0.5651154090817943,-0.17558157801735283
Kisii,2021,9,2021-09-01,cool_dry,211.236232817173,0.7140739484115504,0.6171545626926765,0.604340344433575
Kisii,2021,10,2021-10-01,short_rains,156.23837487399578,-0.748192056356163,0.6473528315638158,0.5649079159648681
Kisii,2021,11,2021-11-01,short_rains,162.6729048639536,-0.7636810286826,0.63968133021747,0.5220958768228665
Kisii,2021,12,2021-12-01,short_rains,0.0,-1.742616545011779,0.7111011540891304,0.698631918827619
Kisii,2022,1,2022-01-01,hot_dry,171.00840961933136,0.83832940641324,0.6324715707010538,0.23778817598017957
Kisii,2022,2,2022-02-01,hot_dry,330.51982325315475,2.28584156878741,0.3896771744879046,-1.5412678999759146
Kisii,2022,3,2022-03-01,long_rains,153.02976502478123,-0.582587400023572,0.6111311584189582,0.15762490908473026
Kisii,2022,4,2022-04-01,long_rains,277.71321764588356,-0.3943389056618218,0.6029756005079229,-0.3291718156173474
Kisii,2022,5,2022-05-01,long_rains,268.4706071317196,1.1183007077684175,0.6408539973849685,-0.5146882450119129
Kisii,2022,6,2022-06-01,cool_dry,145.27104642242193,0.1882144183521259,0.6672907161516325,0.15148663537529175
Kisii,2022,7,2022-07-01,cool_dry,62.54514896869659,-0.6599351031006931,0.6134421255123327,-0.5389218545384263
Kisii,2022,8,2022-08-01,cool_dry,224.52139864861965,2.070159949002846,0.5020160827239849,-1.9190655476670626
Kisii,2022,9,2022-09-01,cool_dry,184.86335495178355,0.22944962510383418,0.4888357313381009,-2.296155824401897
Kisii,2022,10,2022-10-01,short_rains,121.95226836204529,-1.1959817532050732,0.6004707921836568,-0.9263497530246374
Kisii,2022,11,2022-11-01,short_rains,222.06362614035606,-0.21225735712585567,0.3610055894410193,-2.0666474103870627
Kisii,2022,12,2022-12-01,short_rains,278.2335930764675,1.1104422314283888,0.5526551715809611,-2.0816065090739326
Kisii,2023,1,2023-01-01,hot_dry,37.069804251194,-0.8562338699476862,0.6551902298882016,0.5448032159655279
Kisii,2023,2,2023-02-01,hot_dry,26.098863314837217,-0.991177765122489,0.5018979536415823,-0.30417662405538537
Kisii,2023,3,2023-03-01,long_rains,272.2427811771631,0.9961444313126715,0.5500023053901861,-1.3190886879193666
Kisii,2023,4,2023-04-01,long_rains,318.9519134759903,0.6035422650009292,0.5745658205377193,-0.9799927359038932
Kisii,2023,5,2023-05-01,long_rains,201.44324865937233,-0.8338959316764288,0.656685135121792,-0.2547272109046773
Kisii,2023,6,2023-06-01,cool_dry,196.30089161545038,1.4660651959287627,0.6576094084131261,0.010080256715364925
Kisii,2023,7,2023-07-01,cool_dry,51.03178586065769,-1.0929264265535936,0.5868535895925528,-1.180190827142535
Kisii,2023,8,2023-08-01,cool_dry,114.24015419185162,-0.7234087925494752,0.5897876028153656,0.5061305218337718
Kisii,2023,9,2023-09-01,cool_dry,259.433402299881,1.5997384088896385,0.6198610235605507,0.665516707212944
Kisii,2023,10,2023-10-01,short_rains,267.97024953365326,0.711069066360397,0.5837838393596566,-1.4571403649489951
Kisii,2023,11,2023-11-01,short_rains,305.30623656511307,0.5606234041089014,0.4799859367298479,-0.9613858813580912
Kisii,2023,12,2023-12-01,short_rains,206.9931891411543,0.3799299398054013,0.6485332956371032,-0.3992410702263147
Kisii,2024,1,2024-01-01,hot_dry,221.52910733222961,1.4775067280308856,0.4544616570766442,-2.167799244429886
Kisii,2024,2,2024-02-01,hot_dry,121.02856663614511,0.030717945374218545,0.4877563965291718,-0.4600692944113603
Kisii,2024,3,2024-03-01,long_rains,162.71261759474874,-0.4543578822769209,0.6371143797596432,0.7853117434785782
Kisii,2024,4,2024-04-01,long_rains,281.73791585862637,-0.2969505066532376,0.6047440700504114,-0.28865911272600997
Kisii,2024,5,2024-05-01,long_rains,222.90948809683323,-0.20868375792474464,0.5868851561537743,-1.40090350062155
Kisii,2024,6,2024-06-01,cool_dry,77.29005602002144,-1.514114113461747,0.725094593195809,0.9957772153358992
Kisii,2024,7,2024-07-01,cool_dry,119.16696271300316,1.4694821522564987,0.6137636205178485,-0.5311679574262838
Kisii,2024,8,2024-08-01,cool_dry,93.81334257498384,-1.2408467549477824,0.551694929824131,-0.546399965492204
Kisii,2024,9,2024-09-01,cool_dry,132.32094266917557,-0.7360624106846768,0.5747722064315187,-0.3536629405404263
Kisii,2024,10,2024-10-01,short_rains,152.76421387660776,-0.7935659310270141,0.6445102153762845,0.4744879332658251
Kisii,2024,11,2024-11-01,short_rains,243.93298944830894,-0.009207379777437715,0.6204166033865334,0.34313723433548105
Kisii,2024,12,2024-12-01,short_rains,162.11112466454506,-0.08029905894296654,0.6449435254577985,-0.46223046788632266
Kisumu,2017,1,2017-01-01,hot_dry,54.384669326245785,-0.4805549380170216,0.2581397708192897,-1.4368623077490694
Kisumu,2017,2,2017-02-01,hot_dry,156.63015075027943,0.66913590331661,0.3680862669224116,0.33125576328737966
Kisumu,2017,3,2017-03-01,long_rains,99.41423250362277,-0.9738035268605841,0.3234640577895471,-0.25146479541287564
Kisumu,2017,4,2017-04-01,long_rains,211.92288319021463,-0.8014039114707657,0.3970815877337562,0.6393743612562418
Kisumu,2017,5,2017-05-01,long_rains,243.4347553551197,0.7493024262510133,0.4383632231352189,-0.21005561846085946
Kisumu,2017,6,2017-06-01,cool_dry,94.42046754062176,-0.6260418878280215,0.4241097446953421,0.08882138322517244
Kisumu,2017,7,2017-07-01,cool_dry,146.24905025959015,1.1485686917011724,0.2279831076997752,-1.8809781415524631
Kisumu,2017,8,2017-08-01,cool_dry,132.23757746070623,-0.0724733336518373,0.3595026310207704,0.34363516813253014
Kisumu,2017,9,2017-09-01,cool_dry,128.16331282258034,-0.1543328452139702,0.5534913396722924,1.8499436135175906
Kisumu,2017,10,2017-10-01,short_rains,133.87581349164248,-0.5722423343839078,0.3848108880389232,0.32460127081056006
Kisumu,2017,11,2017-11-01,short_rains,139.43991308286786,-0.579489690918016,0.3873736067544099,-0.16405678669746462
Kisumu,2017,12,2017-12-01,short_rains,55.94406133890152,-0.8632634812222363,0.349059731965621,-0.988521950585757
Kisumu,2018,1,2018-01-01,hot_dry,29.156704153865576,-0.9267371512882971,0.2733158044346763,-1.2337029731444467
Kisumu,2018,2,2018-02-01,hot_dry,59.7489447593689,-0.8223807456362308,0.224876718907044,-1.5570141067503618
Kisumu,2018,3,2018-03-01,long_rains,253.5736504495144,0.9006352078207474,0.4506365954251224,1.59134689169324
Kisumu,2018,4,2018-04-01,long_rains,318.8544489592314,0.9448221913561311,,
Kisumu,2018,5,2018-05-01,long_rains,257.9492963850498,1.141311590875315,0.5072166419313959,1.8948918713164264
Kisumu,2018,6,2018-06-01,cool_dry,136.03755486756563,0.6297349267802527,0.4064774866407857,-0.46409028382134576
Kisumu,2018,7,2018-07-01,cool_dry,80.02619607746601,-0.6929439305620595,0.2940984350984473,-0.867133683129626
Kisumu,2018,8,2018-08-01,cool_dry,111.85985368490219,-0.6456420353439818,,
Kisumu,2018,9,2018-09-01,cool_dry,60.616610020399094,-1.724125215755361,0.4916908701410303,1.0911661706754077
Kisumu,2018,10,2018-10-01,short_rains,206.33705127239227,0.4785377177966922,0.3201316896776575,-1.5169549350948424
Kisumu,2018,11,2018-11-01,short_rains,87.59172327630222,-1.083169175993023,0.5698997405755277,2.1676289943466505
Kisumu,2018,12,2018-12-01,short_rains,153.10435187071562,0.30060187966034435,0.4395144106192484,0.16751758123893837
Kisumu,2019,1,2019-01-01,hot_dry,23.03500624001026,-1.0350056028070294,0.4126709410829255,0.6318237878460188
Kisumu,2019,2,2019-02-01,hot_dry,74.22810857743025,-0.5994694629300655,0.318412303197258,-0.3237134781314255
Kisumu,2019,3,2019-03-01,long_rains,79.70437532663345,-1.2134575177737628,0.3184635969118943,-0.32392468272488084
Kisumu,2019,4,2019-04-01,long_rains,165.85991502553225,-1.553626670058287,0.2899983454847926,-1.1617418452668917
Kisumu,2019,5,2019-05-01,long_rains,192.73955664038658,-0.619875039136688,0.4310277748623615,-0.4343107636418231
Kisumu,2019,6,2019-06-01,cool_dry,148.79512245953083,1.0146887671806994,0.4307514233632181,0.2970908863642598
Kisumu,2019,7,2019-07-01,cool_dry,116.305235221982,0.31589673831750653,0.4438187801375103,1.4287506163718213
Kisumu,2019,8,2019-08-01,cool_dry,112.33908894658089,-0.6321624801314597,0.3654562177520435,0.5269533058700427
Kisumu,2019,9,2019-09-01,cool_dry,116.36889994889498,-0.42843622222630534,0.3748640322252654,-0.3432172571757431
Kisumu,2019,10,2019-10-01,short_rains,290.1916985809803,1.6945366901177552,0.4074572840856144,0.9693929849600542
Kisumu,2019,11,2019-11-01,short_rains,190.73509473353624,-0.08118240618874496,0.4301260038884102,0.382085041960314
Kisumu,2019,12,2019-12-01,short_rains,236.01780714839697,1.2938070051347519,0.5844419386404459,2.019737434715991
Kisumu,2020,1,2020-01-01,hot_dry,141.51248971000314,1.0603891480675574,0.4658787044334456,1.344108306452531
Kisumu,2020,2,2020-02-01,hot_dry,95.5645662099123,-0.2709879843705438,0.4627956172905905,1.5800329236753825
Kisumu,2020,3,2020-03-01,long_rains,303.3005007505417,1.505268616534455,0.4190935237146352,1.1342675389018133
Kisumu,2020,4,2020-04-01,long_rains,289.4914309978485,0.4653148723227604,0.451266602926106,1.5507542089708173
Kisumu,2020,5,2020-05-01,long_rains,162.97866427898407,-1.4236581232183578,0.4763916888901808,0.9525289696472483
Kisumu,2020,6,2020-06-01,cool_dry,142.88138529658318,0.836244419103774,0.4670932827330175,1.4366975088146066
Kisumu,2020,7,2020-07-01,cool_dry,156.51360245049,1.434003420464708,0.3950700072542827,0.6812133177277185
Kisumu,2020,8,2020-08-01,cool_dry,160.8600072786212,0.7325960214195208,0.3835308643533576,1.083493540315913
Kisumu,2020,9,2020-09-01,cool_dry,176.22943311929703,0.9627287698331224,0.3916316331661784,-0.13734701927879275
Kisumu,2020,10,2020-10-01,short_rains,224.39889240264893,0.7404573723125967,0.4164176231848294,1.224513154863986
Kisumu,2020,11,2020-11-01,short_rains,406.4414818920195,2.0142983119754363,0.4314602318880863,0.39912917909502454
Kisumu,2020,12,2020-12-01,short_rains,98.9024701192975,-0.34867255457442287,0.4635718466213659,0.4749792567072335
Kisumu,2021,1,2021-01-01,hot_dry,95.55092778801918,0.2475121964929186,0.4207624521056179,0.7401436583060765
Kisumu,2021,2,2021-02-01,hot_dry,108.715944185853,-0.068518382478639,0.3558352485903169,0.16972163993903952
Kisumu,2021,3,2021-03-01,long_rains,122.8712519928813,-0.6885874400544334,0.3118537902399722,-0.4197050234414811
Kisumu,2021,4,2021-04-01,long_rains,330.6501017808914,1.1374489120904,0.383520518357395,0.4112802046116234
Kisumu,2021,5,2021-05-01,long_rains,257.69534946605563,1.1344529847803275,0.4296148256449296,-0.47750664208063204
Kisumu,2021,6,2021-06-01,cool_dry,84.35311532020569,-0.9298196943711688,0.4035524031046434,-0.5558149403692817
Kisumu,2021,7,2021-07-01,cool_dry,68.81727683544159,-1.0046394399303196,0.3637890987281019,0.20153671305076643
Kisumu,2021,8,2021-08-01,cool_dry,140.80863186344504,0.1686065915743404,0.3208011971879598,-0.8480287981846762
Kisumu,2021,9,2021-09-01,cool_dry,172.33717987313867,0.8722724011791508,0.3599336337527364,-0.526530582455086
Kisumu,2021,10,2021-10-01,short_rains,118.40400590747595,-0.7966032103298842,0.3961571374388607,0.6476534502685934
Kisumu,2021,11,2021-11-01,short_rains,94.02088458836079,-1.0207130580224058,0.3508425061583681,-0.6307244689766577
Kisumu,2021,12,2021-12-01,short_rains,0.0,-1.5334071662919906,0.33423349410158,-1.1780059809773704
Kisumu,2022,1,2022-01-01,hot_dry,128.99016523361206,0.8389191082922451,0.3204692245530773,-0.6024670587831338
Kisumu,2022,2,2022-02-01,hot_dry,226.15668784081936,1.7395188176695415,0.3864647834641139,0.5735831745711769
Kisumu,2022,3,2022-03-01,long_rains,157.6276581324637,-0.2659810575548846,0.3211098215274505,-0.2855791897519492
Kisumu,2022,4,2022-04-01,long_rains,195.314201021567,-1.0726289153119757,0.3243929083961168,-0.5832329826771893
Kisumu,2022,5,2022-05-01,long_rains,232.24612997472286,0.44711969242434507,0.4070710146097723,-1.1667031885722727
Kisumu,2022,6,2022-06-01,cool_dry,93.37564451619983,-0.6575689507176076,0.4601704193406305,1.2196106259447828
Kisumu,2022,7,2022-07-01,cool_dry,80.56368514895439,-0.6779975359721753,0.3543702045482348,0.057102826924065604
Kisumu,2022,8,2022-08-01,cool_dry,204.2746732532978,1.9537298440621662,0.3845634293649513,1.115287466156277
Kisumu,2022,9,2022-09-01,cool_dry,140.9968139223297,0.1439190498151759,0.4023480911325104,-0.005771860810039633
Kisumu,2022,10,2022-10-01,short_rains,84.73843048512936,-1.2847968457466548,0.3745213662467371,0.03163640432657773
Kisumu,2022,11,2022-11-01,short_rains,194.56269827485085,-0.043999133485240094,0.3345477361274244,-0.8388825162170106
Kisumu,2022,12,2022-12-01,short_rains,245.1486018896103,1.4031831263717227,0.391104452887497,-0.4511770590478957
Kisumu,2023,1,2023-01-01,hot_dry,21.75536496192217,-1.057637359817528,0.3663928420703292,0.012305668656190398
Kisumu,2023,2,2023-02-01,hot_dry,23.971864193677902,-1.3731801578531029,0.2546889705921719,-1.163928747602604
Kisumu,2023,3,2023-03-01,long_rains,257.951272636652,0.9538631241083607,0.227125526326764,-1.6474719444327095
Kisumu,2023,4,2023-04-01,long_rains,285.4934920966625,0.40002727257098647,0.2924041004007686,-1.1212775851540635
Kisumu,2023,5,2023-05-01,long_rains,201.45202606916428,-0.38456840039784274,0.452836667388536,0.23241827291754322
Kisumu,2023,6,2023-06-01,cool_dry,152.33022466301918,1.1213588796163958,0.369076767896709,-1.6369005776329
Kisumu,2023,7,2023-07-01,cool_dry,65.04237645864487,-1.1096111566814506,0.3492850660968014,-0.020875149471801458
Kisumu,2023,8,2023-08-01,cool_dry,87.58026990294456,-1.3285592083824216,0.31206521276714,-1.1170203267562524
Kisumu,2023,9,2023-09-01,cool_dry,185.50687858462334,1.1783375635330093,0.3437446193780409,-0.7252970161494602
Kisumu,2023,10,2023-10-01,short_rains,205.31180976331234,0.4636704127463922,0.357969270654107,-0.4396374384488434
Kisumu,2023,11,2023-11-01,short_rains,221.02763375639915,0.21309460740755282,0.3458151259631348,-0.6949468938520814
Kisumu,2023,12,2023-12-01,short_rains,125.13899622112513,-0.034390004031716964,0.4419469050122689,0.19860563241693968
Kisumu,2024,1,2024-01-01,hot_dry,158.0637265443802,1.353114599077155,0.4061591142973297,0.5446509184158332
Kisumu,2024,2,2024-02-01,hot_dry,160.31608444452286,0.7258820122824307,0.372546293384995,0.3900628310114085
Kisumu,2024,3,2024-03-01,long_rains,161.578910946846,-0.21793740621989838,0.3547943471915238,0.20253120516884487
Kisumu,2024,4,2024-04-01,long_rains,290.3935187160969,0.48004624850075034,0.3748143048149243,0.2648436382594599
Kisumu,2024,5,2024-05-01,long_rains,177.0327432602644,-1.0440851315781126,0.419351771003964,-0.7912629011256392
Kisumu,2024,6,2024-06-01,cool_dry,69.14901815354824,-1.3885964597643239,0.4089864405983681,-0.38541460252530446
Kisumu,2024,7,2024-07-01,cool_dry,126.04445824027061,0.5867232126626178,0.3767563939747827,0.4003835000795214
Kisumu,2024,8,2024-08-01,cool_dry,128.55352801829576,-0.17609539954632705,0.3124776672088582,-1.1043203555338326
Kisumu,2024,9,2024-09-01,cool_dry,98.21376233361661,-0.8503635011648217,0.3048413352359064,-1.2029460483238739
Kisumu,2024,10,2024-10-01,short_rains,123.4410407571122,-0.7235598025129896,0.3298165918807884,-1.2412048916860858
Kisumu,2024,11,2024-11-01,short_rains,258.9159201979637,0.581160545224441,0.3516638215710302,-0.6202325496587727
Kisumu,2024,12,2024-12-01,short_rains,109.82289299368857,-0.21785880504645264,0.4073827762634077,-0.24313491446807942
Kitui,2017,1,2017-01-01,hot_dry,10.828817749395967,-0.5531902869839415,0.3014192384922532,-0.8892553507615547
Kitui,2017,2,2017-02-01,hot_dry,18.614845994859934,0.1928678943178966,0.2274013323058689,-0.8482800268978942
Kitui,2017,3,2017-03-01,long_rains,13.182096519507468,-0.8114276496174377,0.2154242920404204,-0.5873670430447512
Kitui,2017,4,2017-04-01,long_rains,103.23706744611263,-0.956990741869039,,
Kitui,2017,5,2017-05-01,long_rains,41.74239408923313,0.28995608037166026,0.3239740902429908,-0.7152185539089797
Kitui,2017,6,2017-06-01,cool_dry,1.4217698648571964,-1.0781475604532784,0.2717656726561153,-0.702313692511705
Kitui,2017,7,2017-07-01,cool_dry,9.866155145457013,-0.7765976034554903,0.2087708329514294,-0.7554851181294019
Kitui,2017,8,2017-08-01,cool_dry,12.066189378499985,1.3831463356908584,0.2038835542272042,0.14199041589921324
Kitui,2017,9,2017-09-01,cool_dry,6.714699619333259,0.09961400261818089,0.1847620187107857,-0.6140097758573171
Kitui,2017,10,2017-10-01,short_rains,46.61901644337922,-0.12726908491074437,0.1893919742884076,-0.754225227633516
Kitui,2017,11,2017-11-01,short_rains,161.79513396602124,-0.5493296392970325,,
Kitui,2017,12,2017-12-01,short_rains,30.42266407608986,-0.8274656463097557,0.4063265944152065,-1.2428003631127509
Kitui,2018,1,2018-01-01,hot_dry,9.248314638622105,-0.6356241420859938,0.2696393913709131,-1.161885959948043
Kitui,2018,2,2018-02-01,hot_dry,6.821278724819422,-1.0339842408028141,0.2418773653949657,-0.697396871193161
Kitui,2018,3,2018-03-01,long_rains,205.50771732162684,1.8092323018117944,0.17116240673951,-1.0978427342926238
Kitui,2018,4,2018-04-01,long_rains,305.38996660523117,1.5923727175069287,0.5301250991772403,0.8317323248417287
Kitui,2018,5,2018-05-01,long_rains,35.896203679498285,-0.01432641871036367,0.6151854656269898,1.7676546171714675
Kitui,2018,6,2018-06-01,cool_dry,5.7469893828965715,1.243597684750585,0.4417263982346199,1.477732458598973
Kitui,2018,7,2018-07-01,cool_dry,14.871287633664906,0.9338923809784979,0.3541340243819689,2.049200168518697
Kitui,2018,8,2018-08-01,cool_dry,9.116304138442501,-0.16727331569256135,,
Kitui,2018,9,2018-09-01,cool_dry,8.654472464229912,1.2651740043070634,0.271547252351565,2.016447204615448
Kitui,2018,10,2018-10-01,short_rains,34.907483853399754,-0.3332289845212048,0.2387348963846167,1.836995761249926
Kitui,2018,11,2018-11-01,short_rains,113.42395673692226,-0.972033965571366,0.2988809216613788,-0.4311171884724484
Kitui,2018,12,2018-12-01,short_rains,208.92248391825706,1.151908965246627,0.474554129303206,0.07005018980551028
Kitui,2019,1,2019-01-01,hot_dry,18.798360442742705,-0.137525095859263,0.3276612520107529,-0.66413230015303
Kitui,2019,2,2019-02-01,hot_dry,14.650008688447997,-0.2195831481359464,0.2634941905411717,-0.4720855048607918
Kitui,2019,3,2019-03-01,long_rains,12.21105634351261,-0.8246591997866,0.2355938928792044,-0.35474950178154263
Kitui,2019,4,2019-04-01,long_rains,95.45987207628787,-1.055069462356016,0.2145024758823094,-1.2671804793249395
Kitui,2019,5,2019-05-01,long_rains,23.214263231609948,-0.6743960131367084,0.281415208176988,-1.0780763108682265
Kitui,2019,6,2019-06-01,cool_dry,4.166965076699852,0.39545254323377677,0.2448073054352248,-1.04810231220658
Kitui,2019,7,2019-07-01,cool_dry,13.147940488299355,0.34494332942079603,0.2087761806728245,-0.7553819374316866
Kitui,2019,8,2019-08-01,cool_dry,12.450515866745263,1.5851431224916384,0.1669682797841478,-1.144176721897225
Kitui,2019,9,2019-09-01,cool_dry,8.523404015693814,1.1864183183003172,0.1723760705642419,-0.9894273716283633
Kitui,2019,10,2019-10-01,short_rains,187.47427819296718,2.34982222202649,0.1886079609055816,-0.7953973318956651
Kitui,2019,11,2019-11-01,short_rains,344.571705467999,1.0479117747283009,0.4523423757183006,1.2151133653337987
Kitui,2019,12,2019-12-01,short_rains,269.35311602801085,1.822020896250906,0.541240632296266,1.3532478382379625
Kitui,2020,1,2020-01-01,hot_dry,67.37628947012126,2.396140251145341,0.5458651746790193,1.2077794222914746
Kitui,2020,2,2020-02-01,hot_dry,31.710896224714816,1.5552137238923562,0.5119551766500037,2.117614133353385
Kitui,2020,3,2020-03-01,long_rains,157.19750943244435,1.1509496115889328,0.4415713076051012,2.020803695937516
Kitui,2020,4,2020-04-01,long_rains,200.45626149512827,0.26904688553820727,0.5215351853850757,0.7746087895994068
Kitui,2020,5,2020-05-01,long_rains,21.54512227093801,-0.7612714563292032,0.4900624299277887,0.7008534731157557
Kitui,2020,6,2020-06-01,cool_dry,6.005695182197087,1.382469008374157,0.3623593298480071,0.4597097867596857
Kitui,2020,7,2020-07-01,cool_dry,17.286327173002064,1.759225367424051,0.2891207094884911,0.7948118606980938
Kitui,2020,8,2020-08-01,cool_dry,9.685604783706367,0.13194337788469743,0.2436797240296326,1.5285309897477157
Kitui,2020,9,2020-09-01,cool_dry,7.574181718286127,0.6160548628676922,0.2289751347234434,0.726088012268005
Kitui,2020,10,2020-10-01,short_rains,24.921364521374926,-0.5088456358279418,0.2193252316088883,0.8177060917813428
Kitui,2020,11,2020-11-01,short_rains,180.38963019428775,-0.3868367158076357,0.314509094434053,-0.26346873449001507
Kitui,2020,12,2020-12-01,short_rains,95.15117409080267,-0.10969478536276214,0.4950419125028183,0.4642810167851826
Kitui,2021,1,2021-01-01,hot_dry,12.657732486026362,-0.457800096755477,0.4270644125497179,0.18862020395207812
Kitui,2021,2,2021-02-01,hot_dry,16.983119564130902,0.023123913583733873,0.3681170526961169,0.6183947049895956
Kitui,2021,3,2021-03-01,long_rains,22.57536338083446,-0.6834334792416947,0.2462264226523157,-0.23212372683447013
Kitui,2021,4,2021-04-01,long_rains,123.37017471343279,-0.703090806698668,0.2858422785550245,-0.792765737715731
Kitui,2021,5,2021-05-01,long_rains,54.51976680383086,0.9549927330996031,0.3360866694317904,-0.6119464964187752
Kitui,2021,6,2021-06-01,cool_dry,1.004780151881277,-1.3019844962117726,0.2914988993720454,-0.44920024642214224
Kitui,2021,7,2021-07-01,cool_dry,12.12811208004132,-0.003580167664736274,0.2109761870537527,-0.712934289809216
Kitui,2021,8,2021-08-01,cool_dry,8.070869214832783,-0.7167397246893558,0.1951642837994167,-0.1617981718594771
Kitui,2021,9,2021-09-01,cool_dry,5.084026790806092,-0.8802156871171664,0.1805474773438649,-0.7417523570894639
Kitui,2021,10,2021-10-01,short_rains,25.063257701694965,-0.5063502916063727,0.1923265786453577,-0.6001158218514423
Kitui,2021,11,2021-11-01,short_rains,113.60980073735118,-0.9704099186183351,0.1903034950332107,-1.595862291843142
Kitui,2021,12,2021-12-01,short_rains,0.0,-1.1648208825299737,0.4371337568642874,-0.6500015712245154
Kitui,2022,1,2022-01-01,hot_dry,13.71786761796102,-0.4025069276001771,0.5688862237941742,1.4052707009755139
Kitui,2022,2,2022-02-01,hot_dry,15.575964900199324,-0.12325848831048053,0.33441105310763,0.2670783220556677
Kitui,2022,3,2022-03-01,long_rains,18.021039430052042,-0.7454914324871986,0.252664542538117,-0.15787240028798236
Kitui,2022,4,2022-04-01,long_rains,119.15028418600559,-0.756308122690371,0.2411764367569904,-1.0897967498785468
Kitui,2022,5,2022-05-01,long_rains,13.764156434684992,-1.1662551404022476,0.3171562021931268,-0.7733479841213664
Kitui,2022,6,2022-06-01,cool_dry,2.779499115422367,-0.34932872972654805,0.2299932860979123,-1.2381182451749888
Kitui,2022,7,2022-07-01,cool_dry,9.65121295209974,-0.8500534949500886,0.224813419282232,-0.44595417429838297
Kitui,2022,8,2022-08-01,cool_dry,8.722865289542824,-0.3740594355959394,0.1610682376534344,-1.3497404191641544
Kitui,2022,9,2022-09-01,cool_dry,6.6890543033368886,0.0842043866754266,0.1850938774310125,-0.603951151244234
Kitui,2022,10,2022-10-01,short_rains,18.871030962094665,-0.6152472602870125,0.1883801755679673,-0.8073593747320263
Kitui,2022,11,2022-11-01,short_rains,174.4848441919312,-0.4384372500906575,0.2897547416286409,-0.5290166675420069
Kitui,2022,12,2022-12-01,short_rains,70.90007290337235,-0.37861390267687867,0.4121743317529191,-1.130276801918001
Kitui,2023,1,2023-01-01,hot_dry,14.426661424338818,-0.36553856889598496,0.3199003316665016,-0.7307111113481362
Kitui,2023,2,2023-02-01,hot_dry,2.4552186420187345,-1.4881733773040833,0.2354448633965646,-0.764442600822418
Kitui,2023,3,2023-03-01,long_rains,66.84436673671007,-0.0802168942616084,0.2204416566020453,-0.5295013957632208
Kitui,2023,4,2023-04-01,long_rains,244.2199146002531,0.8209531828957947,0.4882768301862358,0.5534383714474159
Kitui,2023,5,2023-05-01,long_rains,27.149947306606922,-0.46955154143710826,0.3916996786642932,-0.13778902779532423
Kitui,2023,6,2023-06-01,cool_dry,3.9525577940512444,0.2803603295437446,0.3634352534440872,0.4735104050292293
Kitui,2023,7,2023-07-01,cool_dry,11.67791760340333,-0.15743286689917796,0.2231592030296608,-0.4778711674440485
Kitui,2023,8,2023-08-01,cool_dry,7.113796256482601,-1.2197642838430098,0.2133015908909246,0.47012475709514123
Kitui,2023,9,2023-09-01,cool_dry,4.687496495898813,-1.118480622322219,0.2005349995106177,-0.13593135505687728
Kitui,2023,10,2023-10-01,short_rains,72.66938270814717,0.330854630280722,0.1953870730799718,-0.43939535621160397
Kitui,2023,11,2023-11-01,short_rains,426.73542934656143,1.7659212079447573,0.4397674213398447,1.0802177706207754
Kitui,2023,12,2023-12-01,short_rains,94.68900038534775,-0.11481980397351084,0.4626029973504145,-0.159916351092938
Kitui,2024,1,2024-01-01,hot_dry,24.426973092369735,0.15604486703549625,0.4801835093691645,0.6443143949916946
Kitui,2024,2,2024-02-01,hot_dry,27.27532679680735,1.0937937227593375,0.2875951444493624,-0.22088215662438454
Kitui,2024,3,2024-03-01,long_rains,86.31159806950018,0.18504674199381219,0.3477411289925413,0.9386531060670775
Kitui,2024,4,2024-04-01,long_rains,241.6930198557675,0.7890863476731634,0.5539190045287159,0.989963481030665
Kitui,2024,5,2024-05-01,long_rains,71.53980753198266,1.8408517565443678,0.5073057462029797,0.8478702828254463
Kitui,2024,6,2024-06-01,cool_dry,2.3639007892925283,-0.5724187795106648,0.4065693932828385,1.026781845927527
Kitui,2024,7,2024-07-01,cool_dry,8.479752127546817,-1.2503969448538523,0.2636625971787111,0.30361465789594116
Kitui,2024,8,2024-08-01,cool_dry,8.250370897352695,-0.6223960762463278,0.2145915745614776,0.5150691501787843
Kitui,2024,9,2024-09-01,cool_dry,4.464007818605751,-1.2527692653292954,0.2163208384021874,0.342536793992806
Kitui,2024,10,2024-10-01,short_rains,20.321705089416355,-0.589735595153936,0.2178796352350206,0.741791259292985
Kitui,2024,11,2024-11-01,short_rains,282.24055234342813,0.5032145067119685,0.3879293220295719,0.5241337463930349
Kitui,2024,12,2024-12-01,short_rains,70.90900630829856,-0.3785148406446518,0.5382351715061992,1.2954160425195542
Kwale,2017,1,2017-01-01,hot_dry,14.972773285582662,-0.7314490941360051,0.3025324960450518,-0.8946026400381677
Kwale,2017,2,2017-02-01,hot_dry,16.004089407622814,0.017528161931550483,,
Kwale,2017,3,2017-03-01,long_rains,47.160996697843075,-0.43887782983817,0.1854544831400777,-0.9889823802448666
Kwale,2017,4,2017-04-01,long_rains,123.73097869940102,-0.5767770162409496,,
Kwale,2017,5,2017-05-01,long_rains,305.4565109796822,1.132130981537434,0.3220577285493019,-0.6506776130211961
Kwale,2017,6,2017-06-01,cool_dry,63.552354183048,-0.46528991229855393,,
Kwale,2017,7,2017-07-01,cool_dry,39.64110642019659,-1.0498345636724455,0.235743021079882,-0.9591364030913709
Kwale,2017,8,2017-08-01,cool_dry,70.49604745209217,1.1999366555565232,,
Kwale,2017,9,2017-09-01,cool_dry,100.6096468484029,1.1200429101066807,0.1753368218713516,-1.133093484187018
Kwale,2017,10,2017-10-01,short_rains,84.61771736852825,-0.42887726598063897,0.3431242449421731,1.5156639708076618
Kwale,2017,11,2017-11-01,short_rains,216.87671323120594,0.20605277510343284,,
Kwale,2017,12,2017-12-01,short_rains,64.5751587189734,-0.6320052195495608,0.514629814916423,0.8017287512508121
Kwale,2018,1,2018-01-01,hot_dry,13.513329988345504,-0.7927923127973971,0.3858520142889076,0.11851668098054663
Kwale,2018,2,2018-02-01,hot_dry,10.307656336575747,-1.1271634593277238,0.3330187105331019,-0.3617958485056589
Kwale,2018,3,2018-03-01,long_rains,170.69844894111156,1.8121887974178417,,
Kwale,2018,4,2018-04-01,long_rains,217.21891848556697,0.15452777394475747,0.5999658125330651,1.3443315913696914
Kwale,2018,5,2018-05-01,long_rains,266.10997546091676,0.7325230075692502,,
Kwale,2018,6,2018-06-01,cool_dry,87.46780272573233,1.1094349519726514,0.5373028945662174,1.3551901666300885
Kwale,2018,7,2018-07-01,cool_dry,84.3102561160922,0.28783931283201003,,
Kwale,2018,8,2018-08-01,cool_dry,51.29726645722985,-0.5643896183329606,,
Kwale,2018,9,2018-09-01,cool_dry,107.41405333578587,1.3575554662893206,,
Kwale,2018,10,2018-10-01,short_rains,249.32018655585125,0.8264872049421825,0.1581102908813566,-1.8435208193418688
Kwale,2018,11,2018-11-01,short_rains,86.9417650476098,-0.6701224229357546,0.5386528972575502,1.4724959939978577
Kwale,2018,12,2018-12-01,short_rains,140.78747354447842,0.6758746744412615,0.4676538423674868,0.37201112102473255
Kwale,2019,1,2019-01-01,hot_dry,24.076428331434727,-0.3488049015505357,0.4065350956260203,0.3700115259159434
Kwale,2019,2,2019-02-01,hot_dry,15.61518920212984,-0.06062088347661213,0.3511378263583406,-0.18553031585974245
Kwale,2019,3,2019-03-01,long_rains,19.810061540454626,-0.9372593023312225,0.3030569487527915,-0.015152247482823811
Kwale,2019,4,2019-04-01,long_rains,69.14555450156331,-1.003768800224027,0.2594065835733313,-0.7355572469924582
Kwale,2019,5,2019-05-01,long_rains,343.5088441297412,1.5185948862846579,0.3171395238292609,-0.7003566517412311
Kwale,2019,6,2019-06-01,cool_dry,57.85594104230404,-0.8403731307412511,0.4487943024196699,0.3193661117831384
Kwale,2019,7,2019-07-01,cool_dry,68.6600196659565,-0.18082670393767894,0.3385292536125541,0.7194155098080058
Kwale,2019,8,2019-08-01,cool_dry,75.55101352185011,1.6644770580373085,0.3336577589050886,1.2775395845182516
Kwale,2019,9,2019-09-01,cool_dry,92.04201650619507,0.8209837949907672,0.2979571287554257,1.1656235326771174
Kwale,2019,10,2019-10-01,short_rains,415.6583920349367,2.094319280234324,0.2954739478957659,0.6505067782221651
Kwale,2019,11,2019-11-01,short_rains,161.7714965492487,-0.16553181252486815,0.4963715280139136,1.138806550195969
Kwale,2019,12,2019-12-01,short_rains,183.44415546953678,1.407906194043853,0.5362176905380044,0.9992061051056474
Kwale,2020,1,2020-01-01,hot_dry,86.02335568889976,2.254944019345596,0.5426182208036954,2.024707163720806
Kwale,2020,2,2020-02-01,hot_dry,20.07198017090559,0.834966094555566,0.5115829239850063,1.3753041567692585
Kwale,2020,3,2020-03-01,long_rains,121.25414198543876,0.9112277748726957,0.4575381605407583,1.264059529250991
Kwale,2020,4,2020-04-01,long_rains,450.0520372465253,1.9758533422825328,0.5046623234487854,0.7622869825395511
Kwale,2020,5,2020-05-01,long_rains,156.94788090139627,-0.3761398738234134,0.5485635702924283,1.637269538999159
Kwale,2020,6,2020-06-01,cool_dry,97.67407022416592,1.781471822721741,0.4543894444586377,0.38484656485205954
Kwale,2020,7,2020-07-01,cool_dry,85.447083889856,0.32188305052125193,0.3282296728889445,0.5512180722749095
Kwale,2020,8,2020-08-01,cool_dry,49.1868255417794,-0.7583345546087085,0.2790945133941835,-0.30038803102167916
Kwale,2020,9,2020-09-01,cool_dry,72.03877303004265,0.12275662429274446,0.2472071993283237,0.21423359292575112
Kwale,2020,10,2020-10-01,short_rains,58.08050678670406,-0.6311442476852663,0.2565504970594001,-0.056202424839748785
Kwale,2020,11,2020-11-01,short_rains,199.2635976858437,0.08728430505918106,0.3764005693515502,0.19198190415051308
Kwale,2020,12,2020-12-01,short_rains,87.89514126256108,-0.23181088918697842,0.4556622443500596,0.2623167218868637
Kwale,2021,1,2021-01-01,hot_dry,43.56630673445761,0.47039230523638537,0.3418458645411225,-0.41657379353034757
Kwale,2021,2,2021-02-01,hot_dry,21.463920772075653,1.1146749445635402,0.4031085562093927,0.32004890045237705
Kwale,2021,3,2021-03-01,long_rains,25.940408416092392,-0.8255537505761409,0.3169807705229062,0.10014667190887926
Kwale,2021,4,2021-04-01,long_rains,104.71182907558976,-0.7255533745280753,0.2992967011217163,-0.4919373324675468
Kwale,2021,5,2021-05-01,long_rains,164.40582764148712,-0.30039610254909227,0.4042904936809514,0.17995977512654518
Kwale,2021,6,2021-06-01,cool_dry,55.00958703830838,-1.0277927567879874,0.3121964624020757,-1.279250758046698
Kwale,2021,7,2021-07-01,cool_dry,70.29987671412528,-0.1317191218710644,0.286498934762758,-0.13026629175358784
Kwale,2021,8,2021-08-01,cool_dry,51.74007427692413,-0.5236965414767059,0.2498264081306136,-1.1467994040527496
Kwale,2021,9,2021-09-01,cool_dry,52.89932116679847,-0.5453192974504456,0.2225310340495074,-0.2483612453908232
Kwale,2021,10,2021-10-01,short_rains,57.128576561808586,-0.6383998728682271,0.2276599202060328,-0.5807508938302354
Kwale,2021,11,2021-11-01,short_rains,51.95860377699137,-0.906020298625142,0.2071283806423375,-1.1439337369922236
Kwale,2021,12,2021-12-01,short_rains,0.0,-1.7401798227378034,0.2735437159280236,-1.4036315961017212
Kwale,2022,1,2022-01-01,hot_dry,21.23815454542637,-0.4681030269423268,0.3400999566753596,-0.4378030688406783
Kwale,2022,2,2022-02-01,hot_dry,19.006655484437943,0.6208903339329581,0.2833691308545124,-0.8447945605897317
Kwale,2022,3,2022-03-01,long_rains,28.39956578798592,-0.7807436384156664,0.224308948680483,-0.6672404070772517
Kwale,2022,4,2022-04-01,long_rains,147.17072242498398,-0.3934207789931078,0.193558714708124,-1.1377082851570184
Kwale,2022,5,2022-05-01,long_rains,130.78448013216257,-0.6418584036930833,0.258106771724717,-1.2966495155989621
Kwale,2022,6,2022-06-01,cool_dry,75.70495123416185,0.33490401706481016,0.3196328442392065,-1.1922221091763918
Kwale,2022,7,2022-07-01,cool_dry,129.01032709516585,1.6264391660567936,0.2039147539449783,-1.4789083352573147
Kwale,2022,8,2022-08-01,cool_dry,47.22109013795853,-0.9389813686644564,0.2530148816807756,-1.054591170852733
Kwale,2022,9,2022-09-01,cool_dry,49.64358564093709,-0.6589630176537896,0.1653183743774106,-1.3209055711250677
Kwale,2022,10,2022-10-01,short_rains,45.13676354661584,-0.7298016355467282,0.2364325657211703,-0.4214713544386466
Kwale,2022,11,2022-11-01,short_rains,127.55834885127842,-0.39623734540010686,0.2372175033479937,-0.9064669094095688
Kwale,2022,12,2022-12-01,short_rains,64.69763918966055,-0.6299033316147168,0.2407173916274137,-1.7039138366193856
Kwale,2023,1,2023-01-01,hot_dry,22.079133024439216,-0.4327550782928173,0.3132522898622326,-0.7642558682081025
Kwale,2023,2,2023-02-01,hot_dry,6.958717241883278,-1.80012888769138,0.2270359366109664,-1.392812498371951
Kwale,2023,3,2023-03-01,long_rains,51.191972106695175,-0.3654264670863446,0.1774802681166899,-1.0550144216178097
Kwale,2023,4,2023-04-01,long_rains,319.060439132154,0.9511780377006668,0.2591747380935697,-0.7369731910767039
Kwale,2023,5,2023-05-01,long_rains,114.34996202588081,-0.8087692739134749,0.3863479295518932,-0.0012789875609830177
Kwale,2023,6,2023-06-01,cool_dry,67.34097120165825,-0.21582649915125623,0.4921492331607722,0.8267527854238289
Kwale,2023,7,2023-07-01,cool_dry,98.43352446705103,0.7107783491144868,0.3818870434655602,1.4274704633127848
Kwale,2023,8,2023-08-01,cool_dry,50.40326884388924,-0.6465460572461101,0.3028787305694376,0.3874334638952938
Kwale,2023,9,2023-09-01,cool_dry,39.91475209593773,-0.9985547407868586,0.2411009101528776,0.09976127431737
Kwale,2023,10,2023-10-01,short_rains,158.27123745530844,0.13251087064883263,0.2917390349346161,0.5826942563217755
Kwale,2023,11,2023-11-01,short_rains,527.3554510474205,2.2996678755512288,0.3303955174255019,-0.1710952729584209
Kwale,2023,12,2023-12-01,short_rains,140.94559445604682,0.6785881881500803,0.4813816417597353,0.4975876041281064
Kwale,2024,1,2024-01-01,hot_dry,33.53050264343619,0.04856808913710098,,
Kwale,2024,2,2024-02-01,hot_dry,17.906690748408437,0.3998536955121008,0.482212087819964,1.089580166105442
Kwale,2024,3,2024-03-01,long_rains,105.51560938172042,0.624444415957007,0.4693878576551566,1.36218325526288
Kwale,2024,4,2024-04-01,long_rains,148.62571340426803,-0.3820391839417976,0.542857836543834,0.9955574817844854
Kwale,2024,5,2024-05-01,long_rains,70.30596400052309,-1.2560852214122782,0.4688158239897506,0.8317334537966666
Kwale,2024,6,2024-06-01,cool_dry,60.344260174781084,-0.6765284927801541,0.3860716498282098,-0.41468276146602306
Kwale,2024,7,2024-07-01,cool_dry,21.784954665228724,-1.5845594890433536,0.2865279158767246,-0.12979301529342452
Kwale,2024,8,2024-08-01,cool_dry,63.6144677400589,0.5675344267351095,0.3184175928267255,0.8368055575136121
Kwale,2024,9,2024-09-01,cool_dry,33.61357454583049,-1.2185017397884195,0.3010039900151796,1.22274190078267
Kwale,2024,10,2024-10-01,short_rains,58.8742489926517,-0.6250943337444784,0.268077180309656,0.15308048709889968
Kwale,2024,11,2024-11-01,short_rains,118.83016714453697,-0.45509307622797096,0.278357092097898,-0.5817885289841273
Kwale,2024,12,2024-12-01,short_rains,128.87998494505882,0.4715302064538646,0.446083606571765,0.1746951293249453
Laikipia,2017,1,2017-01-01,hot_dry,11.964555113576353,-1.112592174728169,0.2693809087603619,-1.0115268438248477
Laikipia,2017,2,2017-02-01,hot_dry,36.279163831844926,0.3919395091038079,0.2435937488905676,-0.602408177241139
Laikipia,2017,3,2017-03-01,long_rains,21.850987073034048,-0.8076870573048787,0.2177392880170627,-0.6697686551028147
Laikipia,2017,4,2017-04-01,long_rains,56.353427693247795,-1.0921664922538625,0.291747911248357,-0.007468900792732145
Laikipia,2017,5,2017-05-01,long_rains,75.37817532010376,-0.5215471239505944,0.4405733939028139,-0.06067447782652974
Laikipia,2017,6,2017-06-01,cool_dry,21.66733143851161,-0.7447607037974223,0.2853656987252064,-1.0969167676180303
Laikipia,2017,7,2017-07-01,cool_dry,85.81053583323956,1.5228035819062273,0.4024105886396832,-0.02768653214489111
Laikipia,2017,8,2017-08-01,cool_dry,98.37337348982692,0.8183830965715112,0.3885283653544162,0.11124411339547893
Laikipia,2017,9,2017-09-01,cool_dry,41.966397592797875,0.29510487882578923,0.4021657897538537,0.3457056239689684
Laikipia,2017,10,2017-10-01,short_rains,122.34589995630085,1.0827078799689909,0.3453031771890327,0.264854645799133
Laikipia,2017,11,2017-11-01,short_rains,107.55234251916409,0.023131909784588303,0.5696020766585115,1.5626921938347271
Laikipia,2017,12,2017-12-01,short_rains,21.129692688584328,-0.6224527254252101,0.4126981549256803,0.3470273458534857
Laikipia,2018,1,2018-01-01,hot_dry,10.901083283126354,-1.1732813836379523,0.3045941187377259,-0.5182753767518324
Laikipia,2018,2,2018-02-01,hot_dry,8.861996065825224,-0.9783259982680204,0.255101793426762,-0.45272148838924164
Laikipia,2018,3,2018-03-01,long_rains,172.30017495155334,1.8196190690804057,0.5227706285952783,2.10375203150144
Laikipia,2018,4,2018-04-01,long_rains,237.00034241378307,1.089080837080345,,
Laikipia,2018,5,2018-05-01,long_rains,159.50879271887243,1.3165613319692395,0.5927206185364199,1.123071990139083
Laikipia,2018,6,2018-06-01,cool_dry,191.91807034052908,2.0521047669302903,0.505323429885814,1.0035670280363245
Laikipia,2018,7,2018-07-01,cool_dry,54.90860085003078,-0.11819387423239508,0.5531128993089652,1.373070999512304
Laikipia,2018,8,2018-08-01,cool_dry,51.226736010983586,-0.8875405609203995,,
Laikipia,2018,9,2018-09-01,cool_dry,29.160641729831696,-0.8656628788102138,0.3685022037784499,-0.08803140622284365
Laikipia,2018,10,2018-10-01,short_rains,53.08832336589694,-0.7525318716766052,0.3097839696432455,-0.3899644318522818
Laikipia,2018,11,2018-11-01,short_rains,66.7267253138125,-0.8841006102217316,0.3526943294556841,-0.38866014438329544
Laikipia,2018,12,2018-12-01,short_rains,108.9366598688066,1.2749704505483543,0.3569721754642961,-0.4279491997378365
Laikipia,2019,1,2019-01-01,hot_dry,28.01903996244073,-0.1964099524690262,0.3428319928921957,0.01734428236387575
Laikipia,2019,2,2019-02-01,hot_dry,15.458064530044794,-0.648665211350959,0.2551725866300613,-0.4518006716369456
Laikipia,2019,3,2019-03-01,long_rains,23.60065968334675,-0.7771323854381559,0.2245921721711247,-0.6074582842138279
Laikipia,2019,4,2019-04-01,long_rains,84.2914366722107,-0.754824957434112,0.2255034265953413,-0.740197074068502
Laikipia,2019,5,2019-05-01,long_rains,62.91220359131694,-0.7939070418308122,0.2795534846812363,-1.31345282637805
Laikipia,2019,6,2019-06-01,cool_dry,101.38054496049881,0.5647615684595085,0.3912861505566497,-0.08543064468706615
Laikipia,2019,7,2019-07-01,cool_dry,57.24457655288279,0.0058543508403941045,0.4590776608528397,0.4990262159677405
Laikipia,2019,8,2019-08-01,cool_dry,77.64457550924271,0.06834558048529119,0.4712968270941824,0.8767197150893534
Laikipia,2019,9,2019-09-01,cool_dry,45.970155546441674,0.658022397455724,0.4300862384384201,0.7054454479709312
Laikipia,2019,10,2019-10-01,short_rains,148.10084933042526,1.7651820469839836,0.3538213679976189,0.42189288606242775
Laikipia,2019,11,2019-11-01,short_rains,179.7204506099224,1.6268616032743086,0.4836020967590599,0.7890164536751324
Laikipia,2019,12,2019-12-01,short_rains,133.169010207057,1.7986079774627735,0.4697430210245886,1.14034553784123
Laikipia,2020,1,2020-01-01,hot_dry,54.99489049240947,1.343022481429683,0.4808922165399842,1.9512323857908513
Laikipia,2020,2,2020-02-01,hot_dry,43.447817385196686,0.750217168644951,0.4528635598750426,2.1195925053602656
Laikipia,2020,3,2020-03-01,long_rains,129.94636319484562,1.0799910878777566,0.366087941901726,0.6791027743020123
Laikipia,2020,4,2020-04-01,long_rains,249.8030548710376,1.2436690424688632,0.3984043255499305,1.172254362640913
Laikipia,2020,5,2020-05-01,long_rains,114.7772079706192,0.339253584627517,0.5543052492230942,0.8241900496386736
Laikipia,2020,6,2020-06-01,cool_dry,97.14448846876621,0.49517197248954664,0.5025893956761919,0.9774584001478018
Laikipia,2020,7,2020-07-01,cool_dry,73.02454660832882,0.8438242298463887,0.5023850635924775,0.9015626488508773
Laikipia,2020,8,2020-08-01,cool_dry,121.91178787872195,1.6700819687102324,0.4457657016485709,0.6405977285064905
Laikipia,2020,9,2020-09-01,cool_dry,45.519887797534466,0.6172082283564726,0.4424958038945684,0.8653359620371796
Laikipia,2020,10,2020-10-01,short_rains,74.95083635300398,-0.17320243394449963,0.3780986397907508,0.869459761054741
Laikipia,2020,11,2020-11-01,short_rains,71.60114934295416,-0.7757804843239688,0.4053633157039618,0.08516225611881946
Laikipia,2020,12,2020-12-01,short_rains,31.020602508448064,-0.4087197822846672,0.3946156436951413,0.09555537130039242
Laikipia,2021,1,2021-01-01,hot_dry,38.99114826321602,0.42973599120373884,0.3345068065591619,-0.09927133930381245
Laikipia,2021,2,2021-02-01,hot_dry,37.42085718875751,0.4489994884686999,0.3152662039947853,0.3298451219787484
Laikipia,2021,3,2021-03-01,long_rains,41.70744778588414,-0.4609321055844094,0.2799618449101924,-0.1040053194751636
Laikipia,2021,4,2021-04-01,long_rains,56.149005591869354,-1.0946348165171271,0.2281631949409353,-0.7107774595690922
Laikipia,2021,5,2021-05-01,long_rains,141.6637424044311,0.9266778520487705,0.3936656125129563,-0.42562967614884206
Laikipia,2021,6,2021-06-01,cool_dry,21.30827996507287,-0.7506591725779465,0.3639691056865792,-0.34629444698210504
Laikipia,2021,7,2021-07-01,cool_dry,44.84434203244746,-0.6526401193153952,0.3393601181819051,-0.613732100895844
Laikipia,2021,8,2021-08-01,cool_dry,55.566499803215265,-0.7305133344417984,0.3192431570488942,-0.5295330063111399
Laikipia,2021,9,2021-09-01,cool_dry,42.8661111779511,0.37665871539182944,0.3207950188843237,-0.7027125845711272
Laikipia,2021,10,2021-10-01,short_rains,66.62039095256478,-0.39394888942930706,0.3407996578888564,0.18182941640668981
Laikipia,2021,11,2021-11-01,short_rains,53.04346192628145,-1.1881719843919851,0.3050994165885315,-0.8168350053934723
Laikipia,2021,12,2021-12-01,short_rains,0.0,-1.0790448376004436,0.3121407499740411,-1.0514160924902238
Laikipia,2022,1,2022-01-01,hot_dry,29.080575444735587,-0.13583124525223075,0.3213266450957238,-0.2838933599113959
Laikipia,2022,2,2022-02-01,hot_dry,20.48887215182185,-0.3972336186651484,0.2404697876869858,-0.6430419623464393
Laikipia,2022,3,2022-03-01,long_rains,35.646920904517174,-0.5667675682350626,0.2191693555311624,-0.6567656573581314
Laikipia,2022,4,2022-04-01,long_rains,92.9796254336834,-0.6499181641903328,0.1921230751220249,-1.1094160979081396
Laikipia,2022,5,2022-05-01,long_rains,41.51245715096593,-1.2614544829735093,0.2821617738058728,-1.2931596330834836
Laikipia,2022,6,2022-06-01,cool_dry,25.70034182816744,-0.6785067328915678,0.2691811516118252,-1.2514709120542586
Laikipia,2022,7,2022-07-01,cool_dry,33.05260852351785,-1.2788211239072562,0.2364543226959816,-1.570227508550293
Laikipia,2022,8,2022-08-01,cool_dry,77.53567365184426,0.06440514560349939,0.240359958653564,-1.2590761497496934
Laikipia,2022,9,2022-09-01,cool_dry,51.23500775825232,1.1352508220473554,0.3113674654366753,-0.8241814927660315
Laikipia,2022,10,2022-10-01,short_rains,36.765834625810385,-1.1850575483798966,0.2933625600664392,-0.6927035134874465
Laikipia,2022,11,2022-11-01,short_rains,102.84905235096812,-0.08138525575269201,0.2087304480193537,-1.6837925694922848
Laikipia,2022,12,2022-12-01,short_rains,46.132224870845675,-0.08217231779790857,0.2642456804265478,-1.7174888274610547
Laikipia,2023,1,2023-01-01,hot_dry,21.41962401382625,-0.5730192069130721,0.271720739748933,-0.9787514998968871
Laikipia,2023,2,2023-02-01,hot_dry,2.9153842385858297,-1.2755279974728586,0.219638250407287,-0.9140005799713359
Laikipia,2023,3,2023-03-01,long_rains,93.55150228738785,0.4444247390031244,0.191425129308489,-0.9090321464885547
Laikipia,2023,4,2023-04-01,long_rains,181.19655753672123,0.41526995623503343,0.2807386179877497,-0.12924234928667852
Laikipia,2023,5,2023-05-01,long_rains,55.70921105518937,-0.951279968571955,0.4396530824666339,-0.06783474916654203
Laikipia,2023,6,2023-06-01,cool_dry,57.99359925091266,-0.14799569249615244,0.3421351614684046,-0.5547974433692138
Laikipia,2023,7,2023-07-01,cool_dry,36.024655448272824,-1.120995361679175,0.2971342566168418,-1.006215755295662
Laikipia,2023,8,2023-08-01,cool_dry,36.35571461543441,-1.4256240503552455,0.2542758793276766,-1.1303761893150939
Laikipia,2023,9,2023-09-01,cool_dry,35.91727605648339,-0.25321302731841017,0.2484124591698977,-1.6353225718480406
Laikipia,2023,10,2023-10-01,short_rains,93.82703185454011,0.32699329986136394,0.2264062166081598,-1.9270860939474115
Laikipia,2023,11,2023-11-01,short_rains,162.53158223628998,1.2448881895662283,0.4536792254834714,0.5198233723638558
Laikipia,2023,12,2023-12-01,short_rains,34.783592221327126,-0.32740523377609443,0.4544725897170955,0.9279809240874022
Laikipia,2024,1,2024-01-01,hot_dry,56.315319672226906,1.4183754903670287,0.4074968517077756,0.9231417515340494
Laikipia,2024,2,2024-02-01,hot_dry,62.62370055820793,1.7085966595395274,0.337153432066034,0.6145352522460874
Laikipia,2024,3,2024-03-01,long_rains,26.212833903729916,-0.7315157793987803,0.3094562997754621,0.16417525683504372
Laikipia,2024,4,2024-04-01,long_rains,216.66382348909974,0.8435245946111926,0.4302815656862294,1.5248475189842319
Laikipia,2024,5,2024-05-01,long_rains,142.53420018032193,0.9456958486813438,0.6043419805419883,1.2134893228256944
Laikipia,2024,6,2024-06-01,cool_dry,18.90646438440308,-0.7901160061162564,0.5420078830114207,1.3538847865265444
Laikipia,2024,7,2024-07-01,cool_dry,72.1647914275527,0.7981683165412112,0.4531793301753197,0.44420203255576773
Laikipia,2024,8,2024-08-01,cool_dry,87.4313005246222,0.4224621543469092,0.5160293433054796,1.2904237883846077
Laikipia,2024,9,2024-09-01,cool_dry,17.050589356571436,-1.9633691359485466,0.4788516281896783,1.3337610214309643
Laikipia,2024,10,2024-10-01,short_rains,56.1975026242435,-0.6701424833840297,0.3999182088359934,1.2717173299641502
Laikipia,2024,11,2024-11-01,short_rains,108.06645695865154,0.03455663206525237,0.3884041244605936,-0.06740655672348078
Laikipia,2024,12,2024-12-01,short_rains,24.30749391205609,-0.5537835311268039,0.4370685891430196,0.6859449406066072
Lamu,2017,1,2017-01-01,hot_dry,9.510580296628177,-0.19620013977263406,0.4646204290528832,-0.34153042733653177
Lamu,2017,2,2017-02-01,hot_dry,1.511933512985706,-0.8157180239089483,,
Lamu,2017,3,2017-03-01,long_rains,15.378934623673558,-0.7319949415562965,0.3545572617244164,-0.2469553565612833
Lamu,2017,4,2017-04-01,long_rains,129.48655584454536,-0.18009921640160206,0.2780671998559852,-0.9092322365823277
Lamu,2017,5,2017-05-01,long_rains,285.94099482893944,0.4589374830740532,,
Lamu,2017,6,2017-06-01,cool_dry,97.74638050794601,0.07695470842925596,0.5858525339727961,0.8795263728830589
Lamu,2017,7,2017-07-01,cool_dry,35.51757731847465,-1.6542649222756132,0.5562687640203399,0.8805509047963576
Lamu,2017,8,2017-08-01,cool_dry,30.094983018934727,0.264703892116695,0.6123679555989497,1.5846942033593863
Lamu,2017,9,2017-09-01,cool_dry,15.183630526065826,-0.7704799670308337,0.5246595743723942,1.3853683240563515
Lamu,2017,10,2017-10-01,short_rains,42.46367361955345,-0.212711373288142,,
Lamu,2017,11,2017-11-01,short_rains,71.43546000123024,-0.5106860151708872,0.6250248869858757,1.4955357421124826
Lamu,2017,12,2017-12-01,short_rains,12.02167409658432,-0.7219633978919241,0.5200877810235898,0.6006109581639634
Lamu,2018,1,2018-01-01,hot_dry,4.273643419146538,-0.6512859234252643,0.4468553415359725,-0.5490377184385765
Lamu,2018,2,2018-02-01,hot_dry,3.371571190655231,0.3708093159366356,0.3584566964203158,-0.5868972282332937
Lamu,2018,3,2018-03-01,long_rains,69.75905688293278,1.5888023916420275,0.4459833749014795,0.9246347292030241
Lamu,2018,4,2018-04-01,long_rains,178.9181536361575,0.3014310987594736,,
Lamu,2018,5,2018-05-01,long_rains,431.19697418808937,1.700146600546459,,
Lamu,2018,6,2018-06-01,cool_dry,199.02728962432593,2.3039445615576217,0.6220582043020912,1.545834653978521
Lamu,2018,7,2018-07-01,cool_dry,73.91793950647116,0.2917169011459477,,
Lamu,2018,8,2018-08-01,cool_dry,24.586585806682706,-0.25908760053873453,0.5683052797247592,1.0412340284693447
Lamu,2018,9,2018-09-01,cool_dry,18.583800990134478,-0.31977063468762634,,
Lamu,2018,10,2018-10-01,short_rains,73.84110896289349,0.47484465910841683,0.5243753562820831,1.3373801516126984
Lamu,2018,11,2018-11-01,short_rains,33.700359055772424,-1.0308794923785483,0.5602579644054149,0.8989257413873936
Lamu,2018,12,2018-12-01,short_rains,58.232140339910984,-0.0032088508200034402,0.5179035318041612,0.5541891885050674
Lamu,2019,1,2019-01-01,hot_dry,15.684007555246353,0.3402659371608301,0.415611018807086,-0.9139908753322689
Lamu,2019,2,2019-02-01,hot_dry,4.2134428806602955,0.9079589923643734,0.3725622332629171,-0.39009403755056965
Lamu,2019,3,2019-03-01,long_rains,11.091014135628939,-0.9149918532987301,0.3328265639323408,-0.5254257979397683
Lamu,2019,4,2019-04-01,long_rains,52.62618878670037,-0.9288226731829291,0.3401293785285388,-0.447763442646633
Lamu,2019,5,2019-05-01,long_rains,298.30084400996566,0.564552119812291,0.4070109833852973,-0.7229069820831816
Lamu,2019,6,2019-06-01,cool_dry,63.754745464771986,-0.6704618283378742,0.5008042833295129,-0.6856525944139503
Lamu,2019,7,2019-07-01,cool_dry,90.50910875946283,1.132493184389566,0.5394808990620332,0.5047819813237406
Lamu,2019,8,2019-08-01,cool_dry,25.442352823913097,-0.17771302531322455,0.4699608107923349,-0.17172685566046803
Lamu,2019,9,2019-09-01,cool_dry,33.943676333874464,1.7162564510744376,0.4533470467123998,0.37918567285055416
Lamu,2019,10,2019-10-01,short_rains,153.44051553262398,2.219061532264077,0.5020342839183295,1.055056870466385
Lamu,2019,11,2019-11-01,short_rains,176.70755606889725,0.9405319843657046,0.5207266931827442,0.5347776421238909
Lamu,2019,12,2019-12-01,short_rains,90.1795642375946,0.4936992754209924,0.5409597746359718,1.0442026834934615
Lamu,2020,1,2020-01-01,hot_dry,38.80099075692124,2.349113983669633,0.6119901449414231,1.3798396759854652
Lamu,2020,2,2020-02-01,hot_dry,2.815739698708057,0.016165360578099575,0.4547125374802475,0.7560829683963738
Lamu,2020,3,2020-03-01,long_rains,59.71592586487532,1.1601885762381736,0.446101035671642,0.9261425062156903
Lamu,2020,4,2020-04-01,long_rains,229.50570368766785,0.7942219452585507,0.4734298930986035,0.5434042702080761
Lamu,2020,5,2020-05-01,long_rains,218.60436841100454,-0.11645249411320442,0.5717782002229008,1.2192726405964196
Lamu,2020,6,2020-06-01,cool_dry,93.02784936875105,-0.02679752938471092,0.5337288520286264,-0.07972781588650629
Lamu,2020,7,2020-07-01,cool_dry,95.03033417277038,1.3616114002755177,0.511799164610179,-0.1148284087205999
Lamu,2020,8,2020-08-01,cool_dry,28.5721423169598,0.1198975222002846,0.5226140640739295,0.47768777178175864
Lamu,2020,9,2020-09-01,cool_dry,21.97084107180126,0.1291982008339375,0.4525218067328352,0.3675419662289318
Lamu,2020,10,2020-10-01,short_rains,27.978089157491922,-0.5301258104688478,0.4188780903445145,0.004215217248044231
Lamu,2020,11,2020-11-01,short_rains,72.3464499488473,-0.49812765394543024,0.443521526682303,-0.1764090656370996
Lamu,2020,12,2020-12-01,short_rains,26.276969887316227,-0.500237466465655,0.4564764244665757,-0.7513189019973645
Lamu,2021,1,2021-01-01,hot_dry,5.371676042675972,-0.5558677336235679,0.4324583209542367,-0.7172038891941427
Lamu,2021,2,2021-02-01,hot_dry,2.5616880767047405,-0.14593029862407939,0.3881002723697024,-0.17330429694794566
Lamu,2021,3,2021-03-01,long_rains,15.784631779417396,-0.7146808782916424,0.3343867067516166,-0.5054331744329597
Lamu,2021,4,2021-04-01,long_rains,50.98780493251979,-0.9447827377753033,0.3982170910410227,-0.015847141785705288
Lamu,2021,5,2021-05-01,long_rains,68.14905907213688,-1.4020897707845983,0.3893880052580172,-0.9306363451607058
Lamu,2021,6,2021-06-01,cool_dry,95.50513492524624,0.027673642386435937,0.4661537226852545,-1.3233415335188476
Lamu,2021,7,2021-07-01,cool_dry,58.42544078826904,-0.493383009042584,0.4722466378349213,-1.0001470864602862
Lamu,2021,8,2021-08-01,cool_dry,16.91887211613357,-0.9882077137894654,0.4129649050996619,-0.8747028838117639
Lamu,2021,9,2021-09-01,cool_dry,18.28128402121365,-0.35987074805713176,0.3292126714945806,-1.3722857566569033
Lamu,2021,10,2021-10-01,short_rains,15.103322014212608,-0.8122433168297235,0.3078032951819245,-1.399432741649141
Lamu,2021,11,2021-11-01,short_rains,35.2184201143682,-1.0099524127922,0.2780813232564038,-1.7003857493102237
Lamu,2021,12,2021-12-01,short_rains,0.0,-0.9089477246640979,0.4014964922120634,-1.919805413645673
Lamu,2022,1,2022-01-01,hot_dry,6.2021246985532335,-0.48370238464481236,0.5630687205446623,0.8084069575278725
Lamu,2022,2,2022-02-01,hot_dry,5.502800323069096,1.7306234686878572,0.4451632360172475,0.6228492589898894
Lamu,2022,3,2022-03-01,long_rains,8.848838210105896,-1.0106818902520647,0.3054264001564403,-0.8765482411086307
Lamu,2022,4,2022-04-01,long_rains,68.39811355993152,-0.7751828912206419,0.2770057636328596,-0.9171246390761196
Lamu,2022,5,2022-05-01,long_rains,245.37353837490082,0.11228946868203352,0.3933707323314905,-0.8836902868776549
Lamu,2022,6,2022-06-01,cool_dry,86.91599318420049,-0.16118654529622653,0.5108836999950144,-0.5001568217420898
Lamu,2022,7,2022-07-01,cool_dry,71.43632701039314,0.16595837870020977,0.4694361505066144,-1.0630552525918444
Lamu,2022,8,2022-08-01,cool_dry,17.27376647107303,-0.954460938321774,0.3864654654853645,-1.2015416379626367
Lamu,2022,9,2022-09-01,cool_dry,11.27006343821995,-1.2892425490493542,0.3372948211272616,-1.2582508316346768
Lamu,2022,10,2022-10-01,short_rains,19.660496100783348,-0.7123845329738261,0.336898611463904,-1.0317563371787297
Lamu,2022,11,2022-11-01,short_rains,91.79962107166648,-0.2299579001736956,0.3877091014827655,-0.6905334012097555
Lamu,2022,12,2022-12-01,short_rains,19.237850058823824,-0.6097234724598851,0.4642969951570015,-0.5851085959742127
Lamu,2023,1,2023-01-01,hot_dry,5.5575099010020494,-0.5397189143759731,0.4101663172319522,-0.9775883821635512
Lamu,2023,2,2023-02-01,hot_dry,0.6458935635164379,-1.3682880700974753,0.2849662017292148,-1.6122508891006402
Lamu,2023,3,2023-03-01,long_rains,42.70889640972018,0.4343743087200659,0.2769772875804196,-1.2411125552264977
Lamu,2023,4,2023-04-01,long_rains,349.10042859613895,1.9592355832872652,0.3732303234732039,-0.201638452057128
Lamu,2023,5,2023-05-01,long_rains,84.9119239449501,-1.258851462751511,0.4828890140729728,0.1714988823789776
Lamu,2023,6,2023-06-01,cool_dry,61.78006527945399,-0.7138815880363542,0.4979335924110977,-0.7384831348792624
Lamu,2023,7,2023-07-01,cool_dry,69.56162795610726,0.07095588194859624,0.4845667435943274,-0.7243816517383374
Lamu,2023,8,2023-08-01,cool_dry,50.550131199881434,2.2097765122166035,0.4058363111825367,-0.9626255262763848
Lamu,2023,9,2023-09-01,cool_dry,30.090275678783655,1.2054692258867212,0.4210989064287512,-0.07581880324601716
Lamu,2023,10,2023-10-01,short_rains,59.07894102483988,0.15136960431193996,0.4352066333154793,0.2105583932981139
Lamu,2023,11,2023-11-01,short_rains,237.3022367283702,1.7758539218397642,0.4083096868493692,-0.5007680895224814
Lamu,2023,12,2023-12-01,short_rains,199.04364475607872,2.186964010588296,0.5066951654621412,0.3159781840310066
Lamu,2024,1,2024-01-01,hot_dry,8.746422950178385,-0.2626048249882117,0.6061056115036072,1.311104658951734
Lamu,2024,2,2024-02-01,hot_dry,1.7001613080501556,-0.6956207449364633,0.4996897821142772,1.383614224446185
Lamu,2024,3,2024-03-01,long_rains,36.959002094343305,0.18898428679846677,0.4943705756734066,1.544697889850426
Lamu,2024,4,2024-04-01,long_rains,124.77448724210262,-0.22600110872481322,0.66235877979446,1.9482016419398398
Lamu,2024,5,2024-05-01,long_rains,225.38268323778175,-0.05853194446552283,0.5656012269660264,1.146462091146146
Lamu,2024,6,2024-06-01,cool_dry,56.215100418776274,-0.8362454213181477,0.5870737470150194,0.9020008735790652
Lamu,2024,7,2024-07-01,cool_dry,50.89320044219494,-0.8750878151416401,0.5847063373684299,1.517079513390982
Lamu,2024,8,2024-08-01,cool_dry,25.051189030054957,-0.2149086485703845,0.4925578842728615,0.10698090010076096
Lamu,2024,9,2024-09-01,cool_dry,18.645742527745995,-0.3115599789701503,0.4671727696781191,0.5742594284017599
Lamu,2024,10,2024-10-01,short_rains,25.80192980915308,-0.5778107621238948,0.404615424055764,-0.17602155379737286
Lamu,2024,11,2024-11-01,short_rains,149.3369753062725,0.5632175682552923,0.477746270656102,0.1388571800557945
Lamu,2024,12,2024-12-01,short_rains,62.51571751385927,0.06341762629227717,0.5267052551969171,0.7412518974237503
Machakos,2017,1,2017-01-01,hot_dry,12.008859634399414,-0.7714497829475946,0.3165088059149886,-1.2949932252006906
Machakos,2017,2,2017-02-01,hot_dry,36.368153132498264,0.20658179216425238,0.2413320638962915,-1.1101616031547046
Machakos,2017,3,2017-03-01,long_rains,28.968843042850494,-0.8845615479024966,0.2514150385473835,-0.6325941482370449
Machakos,2017,4,2017-04-01,long_rains,115.9500098824501,-0.8715662600715686,,
Machakos,2017,5,2017-05-01,long_rains,58.67551524750888,-0.44194067311638885,,
Machakos,2017,6,2017-06-01,cool_dry,5.434242337942123,-0.5619379043447679,,
Machakos,2017,7,2017-07-01,cool_dry,8.54104414395988,-0.21957245068190165,0.2812464235605709,-0.10472856964703199
Machakos,2017,8,2017-08-01,cool_dry,7.023539086803794,0.6305863843393681,0.2525261514108283,-0.03287995074162646
Machakos,2017,9,2017-09-01,cool_dry,3.2764010475948444,-0.49053505638275796,,
Machakos,2017,10,2017-10-01,short_rains,55.47455155849457,-0.10276076150618182,0.2128339249991689,-0.34736058648630724
Machakos,2017,11,2017-11-01,short_rains,181.99639275670052,-0.5044792359863874,,
Machakos,2017,12,2017-12-01,short_rains,20.646468222141266,-0.7957239568054817,0.4210534778591192,-0.6360525426758564
Machakos,2018,1,2018-01-01,hot_dry,25.77759083546698,-0.4451393221152727,0.346485562616595,-0.9362409757237918
Machakos,2018,2,2018-02-01,hot_dry,19.94931312650442,-0.7206123636668864,0.253987569812469,-0.9684293407554603
Machakos,2018,3,2018-03-01,long_rains,230.29516152478755,1.7186094659848994,,
Machakos,2018,4,2018-04-01,long_rains,367.9706914424896,0.8866134664918565,,
Machakos,2018,5,2018-05-01,long_rains,123.77706994116308,0.8188116954183472,0.6836656800679453,1.7340123489663324
Machakos,2018,6,2018-06-01,cool_dry,17.545718014240265,1.5317726285436273,0.5158496408766883,1.0425273981320862
Machakos,2018,7,2018-07-01,cool_dry,10.858959451317787,0.3655627654578135,,
Machakos,2018,8,2018-08-01,cool_dry,9.829451277852058,1.6650845303986728,,
Machakos,2018,9,2018-09-01,cool_dry,4.908630013465881,0.407450266580746,,
Machakos,2018,10,2018-10-01,short_rains,32.617899522185326,-0.3972879168276429,0.2810238335513304,1.262955631609035
Machakos,2018,11,2018-11-01,short_rains,139.13028517365456,-0.9855731574742198,0.2891088591953407,-0.6968609176505514
Machakos,2018,12,2018-12-01,short_rains,184.9185322523117,1.1365425311638295,0.4300903131125878,-0.4880428542022417
Machakos,2019,1,2019-01-01,hot_dry,19.520167749375105,-0.5934364005481158,0.4360304375626429,0.13540348654389417
Machakos,2019,2,2019-02-01,hot_dry,21.301958337426186,-0.6442266546873364,0.3581804371583819,0.1984533514586319
Machakos,2019,3,2019-03-01,long_rains,19.582711577415466,-1.0059252401787704,0.2546271311570225,-0.575107588624986
Machakos,2019,4,2019-04-01,long_rains,142.73729688860476,-0.6846892758005892,0.2238551684220765,-0.9865235848400059
Machakos,2019,5,2019-05-01,long_rains,40.363186202943325,-0.7965760166955785,0.2893077755676108,-1.188594223645584
Machakos,2019,6,2019-06-01,cool_dry,12.57300871796906,0.6721404822338312,0.3371977874810202,-1.1424929130401367
Machakos,2019,7,2019-07-01,cool_dry,13.681176405400038,1.0780040363610297,0.279961590957369,-0.1251387938412171
Machakos,2019,8,2019-08-01,cool_dry,6.971393097192049,0.6113609325415966,0.1646550683626473,-1.5581791489053325
Machakos,2019,9,2019-09-01,cool_dry,6.757642671465874,1.4247010712015715,0.1929751165999623,0.008642972864325379
Machakos,2019,10,2019-10-01,short_rains,253.15413454920053,2.444506666413531,0.2452284865228307,0.41764246025830337
Machakos,2019,11,2019-11-01,short_rains,333.7685294151306,1.198886348493932,0.4093016180925927,0.4566472987530011
Machakos,2019,12,2019-12-01,short_rains,247.76181536912918,1.8757428978085928,0.5790661911981292,1.9519566242723494
Machakos,2020,1,2020-01-01,hot_dry,128.69360927678645,1.9939070151398877,0.4950300599682573,0.8414921227160489
Machakos,2020,2,2020-02-01,hot_dry,62.4406214337796,1.6789294262367964,0.4560684473579467,1.2947263285515245
Machakos,2020,3,2020-03-01,long_rains,187.53852463513613,1.165761539088371,0.3710203390338076,1.507972165354942
Machakos,2020,4,2020-04-01,long_rains,295.1043669935316,0.3782738587964841,0.4402225966242178,0.5686465508719694
Machakos,2020,5,2020-05-01,long_rains,54.1067124158144,-0.5304198041990833,0.4787058462917084,0.21504455225169206
Machakos,2020,6,2020-06-01,cool_dry,14.593870091601275,1.0214867432977273,0.4286620177636069,-0.023830010223414952
Machakos,2020,7,2020-07-01,cool_dry,8.897235732525587,-0.12965534219181066,0.368045028273924,1.2741117380530471
Machakos,2020,8,2020-08-01,cool_dry,4.1756075620651245,-0.4194036658999928,0.2800857633307276,0.4455101237277643
Machakos,2020,9,2020-09-01,cool_dry,5.207317717373371,0.5717759707967969,0.191245461966191,-0.02606015111918506
Machakos,2020,10,2020-10-01,short_rains,33.92164123058319,-0.38048811010011446,0.2463372087517353,0.4438251231255245
Machakos,2020,11,2020-11-01,short_rains,161.66242164373398,-0.7326909970660541,0.3678917730957838,0.059230708252317535
Machakos,2020,12,2020-12-01,short_rains,70.12775458395481,-0.21369540567590448,0.4729563204974658,0.21403748932379776
Machakos,2021,1,2021-01-01,hot_dry,28.74742156569846,-0.37475616044089227,0.4451842036377155,0.24495283517111316
Machakos,2021,2,2021-02-01,hot_dry,47.451374746859074,0.8324663433789087,0.4375596009928189,1.0874410025357355
Machakos,2021,3,2021-03-01,long_rains,51.43554434925318,-0.5940646766564217,0.2978274469762913,0.1980449422677237
Machakos,2021,4,2021-04-01,long_rains,143.51561488769948,-0.6792594717132538,0.2489017835958831,-0.8064976528287249
Machakos,2021,5,2021-05-01,long_rains,136.65306203439832,1.0681672999837053,0.3717977804177263,-0.5772565844135242
Machakos,2021,6,2021-06-01,cool_dry,1.4481950141489506,-1.2510058172457166,0.4855165378324199,0.6715351862247367
Machakos,2021,7,2021-07-01,cool_dry,12.14949293807149,0.691345415199195,0.2963125004912196,0.13460378159862
Machakos,2021,8,2021-08-01,cool_dry,6.008269278332591,0.25627148668711347,0.2644470005161354,0.1740466165772893
Machakos,2021,9,2021-09-01,cool_dry,0.6865181056782602,-1.9153822553132946,0.1807310657361735,-0.23701694495407222
Machakos,2021,10,2021-10-01,short_rains,33.29141066968441,-0.3886091601123077,0.2114668669883657,-0.3796438925152279
Machakos,2021,11,2021-11-01,short_rains,151.24641159176826,-0.8495917236470419,0.2277076312804802,-1.2861378553536436
Machakos,2021,12,2021-12-01,short_rains,0.0,-1.0385800923029929,0.4407279846891692,-0.3138138888650559
Machakos,2022,1,2022-01-01,hot_dry,24.407597739249468,-0.47760731586397587,0.5607935842297332,1.6285289758746426
Machakos,2022,2,2022-02-01,hot_dry,33.60486934054643,0.050535409967621396,0.4016521090910377,0.6853037748318307
Machakos,2022,3,2022-03-01,long_rains,44.13413064926863,-0.6884727433588652,0.3016835299827285,0.2670569455186237
Machakos,2022,4,2022-04-01,long_rains,157.07597689330578,-0.5846578960983649,0.242717851812857,-0.8509454983762422
Machakos,2022,5,2022-05-01,long_rains,27.694968529045582,-1.041907875706267,0.4383351976889506,-0.08414438652847663
Machakos,2022,6,2022-06-01,cool_dry,3.25235388521105,-0.939120913018975,0.3203240401825736,-1.3488690567627366
Machakos,2022,7,2022-07-01,cool_dry,4.785497307777405,-1.1676237892000874,0.2596052268800125,-0.4485100669252774
Machakos,2022,8,2022-08-01,cool_dry,3.3607298135757446,-0.719836987643504,0.2293023376655255,-0.436007615215621
Machakos,2022,9,2022-09-01,cool_dry,3.7666980378562585,-0.22079379436994026,0.1378609632846072,-1.097146158910899
Machakos,2022,10,2022-10-01,short_rains,23.412382766604424,-0.5159087305399161,0.1682451667925865,-1.4003316493506435
Machakos,2022,11,2022-11-01,short_rains,208.69614689052105,-0.20482316401588116,0.3187231618911353,-0.41264794345746136
Machakos,2022,12,2022-12-01,short_rains,39.481253653764725,-0.5741779202807658,0.3888460364933689,-1.1635617015096626
Machakos,2023,1,2023-01-01,hot_dry,24.816687438637018,-0.4679121416043057,0.3454688816377125,-0.9484082889460036
Machakos,2023,2,2023-02-01,hot_dry,4.826441183686256,-1.574621445894675,0.2325187325830393,-1.2088643649861834
Machakos,2023,3,2023-03-01,long_rains,99.98573329299688,0.03369450321677079,0.2017731576232508,-1.5210308447495415
Machakos,2023,4,2023-04-01,long_rains,181.84846695140004,-0.4118368024999046,0.4642751868810986,0.7415277944345234
Machakos,2023,5,2023-05-01,long_rains,46.870728965848684,-0.6705513773412478,0.3389672312581552,-0.8205654610995241
Machakos,2023,6,2023-06-01,cool_dry,5.137129316106439,-0.6132998258728808,0.4050871411871958,-0.3121650214407438
Machakos,2023,7,2023-07-01,cool_dry,2.8668619245290756,-1.6519646648595996,0.1773523349418239,-1.7551393981664252
Machakos,2023,8,2023-08-01,cool_dry,1.0243816496804357,-1.5812138517554943,0.235072003055353,-0.3358556006108691
Machakos,2023,9,2023-09-01,cool_dry,3.4667699672281738,-0.3858018973998072,0.1669807928699019,-0.5128971205501065
Machakos,2023,10,2023-10-01,short_rains,53.04863855987787,-0.1340206876495604,0.1774308737129467,-1.1834096275648003
Machakos,2023,11,2023-11-01,short_rains,378.52394254505634,1.7011842809285525,0.5560338492663225,1.8648588734187737
Machakos,2023,12,2023-12-01,short_rains,61.90880834311247,-0.31037157810583293,0.4310111870044,-0.4729603331616709
Machakos,2024,1,2024-01-01,hot_dry,92.51069106906652,1.1363941083802693,0.4522291973376109,0.3292650695647899
Machakos,2024,2,2024-02-01,hot_dry,35.7371376529336,0.17094749250131905,0.3423827372783889,0.021530851518624855
Machakos,2024,3,2024-03-01,long_rains,117.09805740602314,0.2549586998065127,0.3289844076878487,0.7556585284702755
Machakos,2024,4,2024-04-01,long_rains,522.8528055548668,1.9671223808953406,0.5466756680726949,1.3337923907384814
Machakos,2024,5,2024-05-01,long_rains,163.82704029977322,1.5944167516565133,0.5470442232641752,0.7215037544690852
Machakos,2024,6,2024-06-01,cool_dry,9.49453388854954,0.13996460640715452,0.5216357010954815,1.1132944171102133
Machakos,2024,7,2024-07-01,cool_dry,13.506481604650617,1.0339040299153612,0.3523508269456992,1.0248013089282872
Machakos,2024,8,2024-08-01,cool_dry,4.112016275525093,-0.4428488286677599,0.3548540214504271,1.7433655751684012
Machakos,2024,9,2024-09-01,cool_dry,5.274225156001606,0.6085856948866849,0.2854726284248588,1.864477402669933
Machakos,2024,10,2024-10-01,short_rains,22.673387922346592,-0.5254312996778077,0.2777787544872601,1.186322540924116
Machakos,2024,11,2024-11-01,short_rains,260.545173432678,0.37708764876709994,0.3632736456889134,0.01490983603756692
Machakos,2024,12,2024-12-01,short_rains,81.51630271784961,-0.07973647580144473,0.5153533818774844,0.908437206818335
Makueni,2017,1,2017-01-01,hot_dry,11.566188329830766,-0.6349342086334093,0.2974103602970808,-1.5765053446251065
Makueni,2017,2,2017-02-01,hot_dry,34.17057230323553,0.18296037704252605,0.2610959843107839,-1.252804099068356
Makueni,2017,3,2017-03-01,long_rains,18.527339096181095,-0.8349220752187007,0.2180243528351248,-1.1064791669480638
Makueni,2017,4,2017-04-01,long_rains,105.10421229153872,-0.8287387495293789,,
Makueni,2017,5,2017-05-01,long_rains,45.673228298313916,-0.00478432307115038,0.3249931571521587,-0.5275892597688718
Makueni,2017,6,2017-06-01,cool_dry,4.723720423877239,-0.8093184085056889,0.2251313390060599,-1.2605623463398556
Makueni,2017,7,2017-07-01,cool_dry,8.849081343971193,-0.24748443607606885,0.2348753148277119,-0.636871210806498
Makueni,2017,8,2017-08-01,cool_dry,11.834822855889797,1.2212571980767082,0.2386918592534723,0.12551915502145783
Makueni,2017,9,2017-09-01,cool_dry,5.68483106046915,0.036895562707876924,0.2021820777643987,-0.5506812937878435
Makueni,2017,10,2017-10-01,short_rains,32.6557976976037,-0.21546328712989526,0.208077152073226,-0.5964481070380119
Makueni,2017,11,2017-11-01,short_rains,163.83908615261316,-0.5809284221382759,,
Makueni,2017,12,2017-12-01,short_rains,41.87558974325657,-0.7977356728175053,0.484164265043956,-0.6191949309939839
Makueni,2018,1,2018-01-01,hot_dry,25.53218881227076,-0.2638051075239136,0.3965695841509976,-0.651569588686592
Makueni,2018,2,2018-02-01,hot_dry,13.351318620145321,-0.9535868795044115,0.2897030539970967,-0.963075057578364
Makueni,2018,3,2018-03-01,long_rains,234.51633352041245,1.790865506501257,0.2670578556770883,-0.5799217682898465
Makueni,2018,4,2018-04-01,long_rains,298.57437512278557,1.4457992554010908,0.5672555790533894,1.3529565744637124
Makueni,2018,5,2018-05-01,long_rains,47.657303892076015,0.0755704912986833,0.643371673280854,1.6739561544106152
Makueni,2018,6,2018-06-01,cool_dry,9.77862087637186,1.308820912364671,0.519358819389146,1.141530750844903
Makueni,2018,7,2018-07-01,cool_dry,10.649762742221355,0.4342828499642213,0.4326059024106333,2.1354534624456156
Makueni,2018,8,2018-08-01,cool_dry,10.223420822061598,0.6795398760297808,,
Makueni,2018,9,2018-09-01,cool_dry,7.915643761865795,1.2938070588249848,0.2866095834272972,1.5713375200918147
Makueni,2018,10,2018-10-01,short_rains,36.38913341704756,-0.1381831959809333,0.3099861808381607,1.8412661657992582
Makueni,2018,11,2018-11-01,short_rains,127.97996550053358,-0.9569721163456624,0.3407932747990583,0.0519833577573684
Makueni,2018,12,2018-12-01,short_rains,236.61989223957062,1.1366259309538593,0.4824335210078738,-0.6538996818736469
Makueni,2019,1,2019-01-01,hot_dry,13.783456705510616,-0.5760130579275053,0.4244231705106993,-0.3917573699749612
Makueni,2019,2,2019-02-01,hot_dry,16.450828969478607,-0.7843810070078953,0.3835061482743527,-0.013048337199243625
Makueni,2019,3,2019-03-01,long_rains,13.995722137391567,-0.8900131393130579,0.2894432573540277,-0.33953105190723293
Makueni,2019,4,2019-04-01,long_rains,105.87942835688591,-0.8196248976730446,0.2331095488201453,-1.3508077750460268
Makueni,2019,5,2019-05-01,long_rains,33.62756601721048,-0.4926321447987699,0.1888501560285823,-1.4690001421384826
Makueni,2019,6,2019-06-01,cool_dry,7.398580141365528,0.3115197956627157,0.3110020521217803,-0.5595080228040645
Makueni,2019,7,2019-07-01,cool_dry,12.532559501705691,1.1471403483126095,0.2726502108063083,-0.10724007264444152
Makueni,2019,8,2019-08-01,cool_dry,12.753343388438225,1.530043256857556,0.209489981057016,-0.6676113347305264
Makueni,2019,9,2019-09-01,cool_dry,7.567864079028368,1.097856820061932,0.1910686555455363,-0.8300084022917456
Makueni,2019,10,2019-10-01,short_rains,159.97001771256328,2.4199424911591074,0.234492840770824,0.03542820603620048
Makueni,2019,11,2019-11-01,short_rains,287.133728004992,0.7120249954312761,0.4203605750488828,0.785319220610864
Makueni,2019,12,2019-12-01,short_rains,304.17310759425163,1.807620380179743,0.580210659266879,1.3067202331811825
Makueni,2020,1,2020-01-01,hot_dry,118.8115969337523,2.214979203824114,0.4997282053518139,0.31067167918092575
Makueni,2020,2,2020-02-01,hot_dry,57.077512624673545,1.4334768736718346,0.4995863817062094,1.1625986317819117
Makueni,2020,3,2020-03-01,long_rains,171.95824533328414,1.0303441126414086,0.4756788340838714,1.6604019558679162
Makueni,2020,4,2020-04-01,long_rains,202.59843918681145,0.3174551704500859,0.4562861137940057,0.4550399245395834
Makueni,2020,5,2020-05-01,long_rains,22.32580726640299,-0.9503519662254284,0.457488441948362,0.38859814568274964
Makueni,2020,6,2020-06-01,cool_dry,9.001085728406906,0.9830127612960273,0.4001262652509886,0.1681080954149236
Makueni,2020,7,2020-07-01,cool_dry,11.520524204242975,0.7639673123726455,0.3342235543070213,0.7560623707879284
Makueni,2020,8,2020-08-01,cool_dry,6.79120877943933,-0.47429304548481327,0.2900952972927744,1.5216496954191945
Makueni,2020,9,2020-09-01,cool_dry,7.165152596309781,0.8709562416626526,0.206667570939971,-0.43794195803039665
Makueni,2020,10,2020-10-01,short_rains,19.642288453876972,-0.48484307402805144,0.2624868834656556,0.7050595258382362
Makueni,2020,11,2020-11-01,short_rains,206.64803313836455,-0.13200401247859442,0.3409445416969635,0.05337751642240002
Makueni,2020,12,2020-12-01,short_rains,116.080825291574,-0.06066785309943173,0.5883353723580702,1.4696363767126086
Makueni,2021,1,2021-01-01,hot_dry,18.84481265489012,-0.44151381555312474,0.5372999761146628,0.6611330164306081
Makueni,2021,2,2021-02-01,hot_dry,37.17042150674388,0.34672563175341725,0.5311257284876848,1.482025431255518
Makueni,2021,3,2021-03-01,long_rains,40.01795739494264,-0.5736596956108949,0.2993306403658946,-0.23335314544507266
Makueni,2021,4,2021-04-01,long_rains,100.0488869547844,-0.8881718395597271,0.3460174703913536,-0.437205979722041
Makueni,2021,5,2021-05-01,long_rains,81.76012633554637,1.4567305517056544,0.3762873882486621,-0.17289642239562839
Makueni,2021,6,2021-06-01,cool_dry,2.575741243548691,-1.7093794888419933,0.4499929702072612,0.5752232554225859
Makueni,2021,7,2021-07-01,cool_dry,12.126807946711779,0.9935162054055718,0.2638895642246932,-0.23007062187177402
Makueni,2021,8,2021-08-01,cool_dry,7.343674544245005,-0.28856641218639356,0.253450278947065,0.5263616131947465
Makueni,2021,9,2021-09-01,cool_dry,3.586572837084532,-1.1453304848411776,0.1973364243949428,-0.672472972160777
Makueni,2021,10,2021-10-01,short_rains,21.882782712578773,-0.4384648178135275,0.2239516381158465,-0.21672256486537136
Makueni,2021,11,2021-11-01,short_rains,153.64791929721832,-0.6878000900123821,0.2116019428750085,-1.1387147879915742
Makueni,2021,12,2021-12-01,short_rains,0.0,-1.2136786908997448,0.4924127414204009,-0.4537970952577985
Makueni,2022,1,2022-01-01,hot_dry,17.190260220319033,-0.4854814896594638,0.6038409700236747,1.2818129906184137
Makueni,2022,2,2022-02-01,hot_dry,35.14244219660759,0.2360158841152765,0.4110260540134722,0.26567003553590196
Makueni,2022,3,2022-03-01,long_rains,27.155141189694405,-0.7300335106181003,0.3142401041809547,-0.07324448449237861
Makueni,2022,4,2022-04-01,long_rains,123.46081046760082,-0.6129288304096581,0.2749549309908343,-1.0122131419577807
Makueni,2022,5,2022-05-01,long_rains,18.83083657361567,-1.0918978438774105,0.3862946491449899,-0.10369753422095451
Makueni,2022,6,2022-06-01,cool_dry,5.045372016727924,-0.6745377352084744,0.1945940881535164,-1.509870532592165
Makueni,2022,7,2022-07-01,cool_dry,5.333866234868765,-1.578402091531095,0.2584381428176021,-0.3065034603916893
Makueni,2022,8,2022-08-01,cool_dry,5.395591393113136,-0.9434683954293961,0.1718307444832589,-1.6904458437469496
Makueni,2022,9,2022-09-01,cool_dry,5.359473977005109,-0.14642106369157723,0.196989237732317,-0.6811992352930991
Makueni,2022,10,2022-10-01,short_rains,18.542233900167048,-0.507614215593696,0.1793422458744592,-1.2838012475624574
Makueni,2022,11,2022-11-01,short_rains,143.6638567224145,-0.7924999182723707,0.1958544211368358,-1.2838525821030757
Makueni,2022,12,2022-12-01,short_rains,73.34779215045273,-0.485127708721851,0.477557818683911,-0.751666902784923
Makueni,2023,1,2023-01-01,hot_dry,14.567392999306321,-0.5551809254634316,0.3874194922280493,-0.7369196636541744
Makueni,2023,2,2023-02-01,hot_dry,3.7714960873126984,-1.4765605260929453,0.2947786216498488,-0.9116703045863771
Makueni,2023,3,2023-03-01,long_rains,60.91386440396309,-0.3196272469700518,0.2528970281574064,-0.7319910284780059
Makueni,2023,4,2023-04-01,long_rains,165.31845895946026,-0.12082808010017287,0.4040728213450837,0.032552670702155985
Makueni,2023,5,2023-05-01,long_rains,33.37221893668175,-0.502973669748865,0.2893034166528886,-0.7743791044004213
Makueni,2023,6,2023-06-01,cool_dry,7.5833508633077145,0.38894370047931903,0.4390691682950826,0.4860405960255327
Makueni,2023,7,2023-07-01,cool_dry,6.613793238997459,-1.0938008951270712,0.2270248338635381,-0.746940585200826
Makueni,2023,8,2023-08-01,cool_dry,5.336779296398163,-0.9632397069131677,0.2444257137917513,0.28125211259073224
Makueni,2023,9,2023-09-01,cool_dry,3.975488958880305,-0.9262026556853078,0.2257817707816713,0.04247839026573831
Makueni,2023,10,2023-10-01,short_rains,42.66650472022593,-0.008241539794232611,0.1941726444434679,-0.9290507931456321
Makueni,2023,11,2023-11-01,short_rains,407.7597875408828,1.9769938017125288,0.5043585692479144,1.5594907880827118
Makueni,2023,12,2023-12-01,short_rains,93.35231092385948,-0.28642627036817264,0.4643371743750267,-1.0167662806496418
Makueni,2024,1,2024-01-01,hot_dry,63.37984858453274,0.7419494009367344,0.5846854318364071,1.103134280710888
Makueni,2024,2,2024-02-01,hot_dry,49.41826504468918,1.0153496460221976,0.4075340767368572,0.23030369985900603
Makueni,2024,3,2024-03-01,long_rains,130.5585359632969,0.5270460485881399,0.4518135037469075,1.4041186896926874
Makueni,2024,4,2024-04-01,long_rains,303.78328538686037,1.5070379714208049,0.5186520216939183,0.9596777270203964
Makueni,2024,5,2024-05-01,long_rains,83.08379344455898,1.5103389047172866,0.5437388254475904,0.9850081628309961
Makueni,2024,6,2024-06-01,cool_dry,7.134679828363005,0.20093846275342347,0.497005679828686,0.9590382040281404
Makueni,2024,7,2024-07-01,cool_dry,8.395495832897723,-0.41921929332081287,0.218683655985074,-0.8638898823183151
Makueni,2024,8,2024-08-01,cool_dry,5.937553755939007,-0.7612727709502742,0.2305091472739491,-0.09672539774865216
Makueni,2024,9,2024-09-01,cool_dry,3.6997524114121907,-1.081561479039385,0.2860983452409291,1.5584879512063088
Makueni,2024,10,2024-10-01,short_rains,12.76841357909143,-0.6271323608187714,0.2515844867594781,0.4442688149377747
Makueni,2024,11,2024-11-01,short_rains,263.2139695547521,0.4611857621034805,0.3321580603705067,-0.027603512778694547
Makueni,2024,12,2024-12-01,short_rains,112.05958750285208,-0.1006101152268969,0.5508991627427435,0.7189682816662019
Mandera,2017,1,2017-01-01,hot_dry,0.0061080027371644,-0.7558293175472112,0.2094368025140214,-0.3905408591473759
Mandera,2017,2,2017-02-01,hot_dry,8.677393162623048,1.4606134717569876,0.1408374416636567,-1.0280389988016
Mandera,2017,3,2017-03-01,long_rains,5.695383439073339,-0.7703167724561619,0.162845272903152,-0.6128012696523585
Mandera,2017,4,2017-04-01,long_rains,98.82432973012328,-0.861378973930093,,
Mandera,2017,5,2017-05-01,long_rains,41.16830193810165,0.2298338569327647,0.2476628275404517,-0.6333283870737808
Mandera,2017,6,2017-06-01,cool_dry,0.1785439234226941,-0.6027918537353769,0.2267720098696579,-0.2246898621761991
Mandera,2017,7,2017-07-01,cool_dry,1.701024359790608,-0.8062571767217462,0.165279826166101,0.006005920683827693
Mandera,2017,8,2017-08-01,cool_dry,2.896226577926427,-0.3026046029527383,0.1206980557369949,-1.458251558616863
Mandera,2017,9,2017-09-01,cool_dry,1.057579558342695,-0.15034201034785327,0.1599481241790166,-0.2964510781274441
Mandera,2017,10,2017-10-01,short_rains,46.65801870264113,-0.4220091520553626,0.1846401652208987,-0.1677239973705509
Mandera,2017,11,2017-11-01,short_rains,100.31175318267196,-0.04504095653192419,0.2854488476228529,-0.22574944382918086
Mandera,2017,12,2017-12-01,short_rains,2.511812368873507,-0.5862526022121441,0.2534720504256365,-0.5074097644143148
Mandera,2018,1,2018-01-01,hot_dry,1.4093849131313618e-05,-0.7637202938808278,0.1888122898116886,-0.6396528214998183
Mandera,2018,2,2018-02-01,hot_dry,9.361589415697381,1.6611359556585004,0.1624728855811708,-0.5207751753615002
Mandera,2018,3,2018-03-01,long_rains,79.07899029925466,0.8930217275620086,0.17830844235871,0.16823645092969416
Mandera,2018,4,2018-04-01,long_rains,193.46160903945565,0.7325507509114292,0.2532338916897931,0.2682996922498954
Mandera,2018,5,2018-05-01,long_rains,50.485398242250085,1.0482817278368894,,
Mandera,2018,6,2018-06-01,cool_dry,0.2526230588555334,-0.5174147615551844,,
Mandera,2018,7,2018-07-01,cool_dry,4.3217251766473055,0.075876832199978,,
Mandera,2018,8,2018-08-01,cool_dry,4.353896567597985,0.12637341367457003,,
Mandera,2018,9,2018-09-01,cool_dry,1.3765223547816274,0.3218121495532007,0.1806764121424574,0.6391705466960502
Mandera,2018,10,2018-10-01,short_rains,64.74202715419233,-0.14744858257368823,0.1573634038577366,-0.540600833693791
Mandera,2018,11,2018-11-01,short_rains,51.26035100221634,-0.5249109754451196,0.4146084934392572,1.099363181424028
Mandera,2018,12,2018-12-01,short_rains,85.9823643566233,2.183129814549123,0.2947507959332363,-0.15085332902039292
Mandera,2019,1,2019-01-01,hot_dry,0.0,-0.7637385439452755,0.2236903187217612,-0.21838060284562114
Mandera,2019,2,2019-02-01,hot_dry,1.7853451478295026,-0.559290292528531,0.1683118413727728,-0.38387523233106985
Mandera,2019,3,2019-03-01,long_rains,14.031620337511413,-0.5813647112027114,0.1715258942049614,-0.1743469996990346
Mandera,2019,4,2019-04-01,long_rains,72.66907486785203,-1.3018992265201186,0.1789401939591046,-1.172287182578969
Mandera,2019,5,2019-05-01,long_rains,55.31189888995141,1.4722592257693392,0.1968055788485105,-1.6964033988640577
Mandera,2019,6,2019-06-01,cool_dry,0.8929372397251424,0.22055501259197213,0.1651284307780067,-1.112472213982003
Mandera,2019,7,2019-07-01,cool_dry,5.2785893238615245,0.3979595364698799,0.1145832060975295,-0.9495029531907543
Mandera,2019,8,2019-08-01,cool_dry,2.3035000562667847,-0.47703821924832246,0.1433879529326637,-0.6133774270941929
Mandera,2019,9,2019-09-01,cool_dry,1.850283995270729,1.0231558759392778,0.1480738873396347,-0.8324235995820009
Mandera,2019,10,2019-10-01,short_rains,174.13732191501185,1.5134461526070986,0.3719551090553866,2.392895378337191
Mandera,2019,11,2019-11-01,short_rains,154.9492955696769,0.48947828926181625,0.4134342955702346,1.0873165053050875
Mandera,2019,12,2019-12-01,short_rains,44.418044462800026,0.8041105803707271,0.4870188177160928,1.5099142074958207
Mandera,2020,1,2020-01-01,hot_dry,0.9690754941548216,0.49111313342067764,0.3686137052121953,1.5320679881317574
Mandera,2020,2,2020-02-01,hot_dry,1.2316777831874783,-0.7215577044214774,0.2548609805029638,1.6453527048451921
Mandera,2020,3,2020-03-01,long_rains,49.12976735783741,0.21418216521941075,0.1966221998156997,1.0932560868206125
Mandera,2020,4,2020-04-01,long_rains,200.65127912722528,0.8536428717789603,0.2340928392532148,-0.10285357852283669
Mandera,2020,5,2020-05-01,long_rains,21.667219812096846,-1.4832126358086115,0.3498862473212358,1.5034597008339197
Mandera,2020,6,2020-06-01,cool_dry,2.6946598733193237,2.297061959827732,0.28216398875686,0.5730578029057258
Mandera,2020,7,2020-07-01,cool_dry,10.244147473480552,2.0693779940377097,0.2344706550658885,1.3100859740495565
Mandera,2020,8,2020-08-01,cool_dry,2.814695030916482,-0.3265985395616431,0.1714562252089739,0.43176424799969537
Mandera,2020,9,2020-09-01,cool_dry,1.5915525558812074,0.6401369560297946,0.181194439594836,0.6625529740124063
Mandera,2020,10,2020-10-01,short_rains,43.513582253828645,-0.46974957776893467,0.1654011259889916,-0.43072413830299283
Mandera,2020,11,2020-11-01,short_rains,38.64682791638188,-0.6483091107215286,0.2834713405182406,-0.24603766631760823
Mandera,2020,12,2020-12-01,short_rains,8.94355054711923,-0.37286066702211507,0.2785830148369658,-0.2905069528170293
Mandera,2021,1,2021-01-01,hot_dry,0.8958184449002146,0.39625289632821276,0.2044123828705686,-0.4512280159848373
Mandera,2021,2,2021-02-01,hot_dry,3.5049323777202517,-0.05531807538522389,0.1772470922705553,-0.17437966796520046
Mandera,2021,3,2021-03-01,long_rains,10.730677894549444,-0.6561850271648848,0.1791071910868439,0.2085808892243468
Mandera,2021,4,2021-04-01,long_rains,143.51414720341563,-0.10869008654574953,0.2409452691414183,0.030017995502389958
Mandera,2021,5,2021-05-01,long_rains,36.49453700007871,-0.1807267767410593,0.2806246847469749,0.05567716552125355
Mandera,2021,6,2021-06-01,cool_dry,0.07601863215677421,-0.7209534817304464,0.2350496493129291,-0.10547643685866945
Mandera,2021,7,2021-07-01,cool_dry,1.35452857427299,-0.9228884664848204,0.1247897343930938,-0.7571345399775516
Mandera,2021,8,2021-08-01,cool_dry,1.8938712901435788,-0.5975879574538939,0.1609538137478929,0.040699639572631154
Mandera,2021,9,2021-09-01,cool_dry,0.3367604340892281,-1.2174228532214222,0.1625537236123068,-0.17884101888309742
Mandera,2021,10,2021-10-01,short_rains,21.38216207548976,-0.8057600006728083,0.1668010585206126,-0.41158688052862213
Mandera,2021,11,2021-11-01,short_rains,57.84729992039502,-0.4604708338500217,0.2028534293310185,-1.0731366511474496
Mandera,2021,12,2021-12-01,short_rains,0.0,-0.6695894059460243,0.2499863352530016,-0.5375185809849244
Mandera,2022,1,2022-01-01,hot_dry,0.19361064059194139,-0.5130329605638845,0.1948505194410523,-0.5667204204382739
Mandera,2022,2,2022-02-01,hot_dry,1.2548844842240205,-0.7147563439724869,0.1626027751730015,-0.5177297887621624
Mandera,2022,3,2022-03-01,long_rains,16.12964206491597,-0.5338102169174191,0.1531112249153307,-1.1044636467798128
Mandera,2022,4,2022-04-01,long_rains,109.81385107059032,-0.676287804211488,0.1761405602001131,-1.2265732898898587
Mandera,2022,5,2022-05-01,long_rains,31.16566285910085,-0.6488346026800765,0.2964393757271431,0.38625349893714134
Mandera,2022,6,2022-06-01,cool_dry,0.601754377862562,-0.11503672850052954,0.1688798018210416,-1.0584454839290627
Mandera,2022,7,2022-07-01,cool_dry,5.364873260259628,0.42700291075771585,0.1323809034941744,-0.6140593324123501
Mandera,2022,8,2022-08-01,cool_dry,2.5884431819431484,-0.39318224514558736,0.1430081585866421,-0.6275193341943046
Mandera,2022,9,2022-09-01,cool_dry,2.048066314077005,1.3159473909755475,0.1349528291504756,-1.4246744311025237
Mandera,2022,10,2022-10-01,short_rains,44.715239650569856,-0.4515054069560841,0.1527377695083895,-0.6038338502241928
Mandera,2022,11,2022-11-01,short_rains,35.68586056493223,-0.6772762634588594,0.1445273860761106,-1.6715323482679425
Mandera,2022,12,2022-12-01,short_rains,10.16557693015784,-0.33231632776217856,0.1617809191119878,-1.2994169472007073
Mandera,2023,1,2023-01-01,hot_dry,2.2371848734328523,2.1331824987784054,0.166652085520538,-0.9073135442898963
Mandera,2023,2,2023-02-01,hot_dry,0.8248410415835675,-0.8407923737173806,0.1625039189015613,-0.5200475692714497
Mandera,2023,3,2023-03-01,long_rains,129.52696750685573,2.036493223823029,0.1510873560554548,-1.2066883508172048
Mandera,2023,4,2023-04-01,long_rains,132.5178759265691,-0.2938949421639765,0.2677248723591154,0.549286063816665
Mandera,2023,5,2023-05-01,long_rains,28.292433876544237,-0.9012295620781499,0.3035380897949997,0.534638748542244
Mandera,2023,6,2023-06-01,cool_dry,0.0933859273791312,-0.7009374656625471,0.2513523280426653,0.1293125010435401
Mandera,2023,7,2023-07-01,cool_dry,1.590764363994822,-0.8433709485378246,0.1395300596563386,-0.47931500144071065
Mandera,2023,8,2023-08-01,cool_dry,2.4045374821871515,-0.44730389331477316,0.177216427609266,0.6462493978606018
Mandera,2023,9,2023-09-01,cool_dry,0.2298760730773209,-1.3756515269635508,0.1586750175008683,-0.3539158403347056
Mandera,2023,10,2023-10-01,short_rains,182.6292772963643,1.6423753173862217,0.1647284753763175,-0.4399193586983122
Mandera,2023,11,2023-11-01,short_rains,338.3983982075006,2.2841614265258747,0.3678117386962973,0.6192521518620511
Mandera,2023,12,2023-12-01,short_rains,7.675944711081684,-0.414917239431287,0.4884517128443573,1.5222912304151157
Mandera,2024,1,2024-01-01,hot_dry,0.41664447332732374,-0.22422741259009718,0.3776960269150554,1.6417682760740637
Mandera,2024,2,2024-02-01,hot_dry,2.9087876724079247,-0.23003463739038885,0.2486399105681531,1.4994937276477918
Mandera,2024,3,2024-03-01,long_rains,13.120327699929478,-0.6020203888632711,0.2072136772716282,1.62822683997376
Mandera,2024,4,2024-04-01,long_rains,248.28754810988903,1.6559574106810362,0.3247026771967485,1.6541102994227146
Mandera,2024,5,2024-05-01,long_rains,43.829790553078055,0.4636287667689037,0.2707709153329865,-0.15029732789671824
Mandera,2024,6,2024-06-01,cool_dry,0.8226232697488735,0.13951731876437953,0.3672679735863491,1.7987136929966705
Mandera,2024,7,2024-07-01,cool_dry,2.914790442213416,-0.3977006817208922,0.2436937971808263,1.4839199322879832
Mandera,2024,8,2024-08-01,cool_dry,12.140661138808355,2.417942044002388,0.2023048700950021,1.5804350344724265
Mandera,2024,9,2024-09-01,cool_dry,0.782450184691697,-0.5576359819649943,0.2060525119278718,1.7845824473213177
Mandera,2024,10,2024-10-01,short_rains,17.852524163667113,-0.8593487499664423,0.2116492510872425,0.20149368048127086
Mandera,2024,11,2024-11-01,short_rains,62.22624753927812,-0.41763157578023724,0.3474668875084648,0.41052427097101674
Mandera,2024,12,2024-12-01,short_rains,1.7567462855949993,-0.6113041525461012,0.2836777411165014,-0.24649986347356784
Marsabit,2017,1,2017-01-01,hot_dry,5.66558920405805,-0.4648451770061366,0.0926360174171881,-0.7438199589761604
Marsabit,2017,2,2017-02-01,hot_dry,17.043388138816226,0.7150634044782125,0.1072325701021313,-0.3010767795180142
Marsabit,2017,3,2017-03-01,long_rains,13.973335489630697,-0.846851804024322,0.0725507335559372,-0.8397883117512104
Marsabit,2017,4,2017-04-01,long_rains,65.64877922600135,-0.9816186129444285,0.0404810267469582,-0.7612209045779788
Marsabit,2017,5,2017-05-01,long_rains,37.60056386212818,0.5329416293739476,0.0907003482296047,-1.1135669888225685
Marsabit,2017,6,2017-06-01,cool_dry,1.8654602918541052,-0.776763168598331,0.122841660190989,-0.46425351064170406
Marsabit,2017,7,2017-07-01,cool_dry,9.77813997445628,1.253310713759123,0.0735221655083842,-0.9383858481722156
Marsabit,2017,8,2017-08-01,cool_dry,4.176750944345257,0.17825365370806598,0.0782586010812223,-0.34649972780706256
Marsabit,2017,9,2017-09-01,cool_dry,2.5158363035880025,-0.03592183476590801,0.105043548773864,0.7430742688630774
Marsabit,2017,10,2017-10-01,short_rains,70.10903214290738,0.32474848387276367,0.0848331486652975,-0.44306410921276584
Marsabit,2017,11,2017-11-01,short_rains,64.09249921888113,0.02772836773893968,0.218407930408065,0.6158796564107272
Marsabit,2017,12,2017-12-01,short_rains,7.5521093090064815,-0.7628622520063074,0.1486605520134321,-0.31113182024998154
Marsabit,2018,1,2018-01-01,hot_dry,1.7189389350824051,-1.0446931188362352,0.1071615618303178,-0.4867780309938624
Marsabit,2018,2,2018-02-01,hot_dry,15.331921338569373,0.46497856052524106,0.1088332547126085,-0.24753124367710877
Marsabit,2018,3,2018-03-01,long_rains,105.93853357201442,1.5001334465708867,0.059480239969436,-1.3200702804866595
Marsabit,2018,4,2018-04-01,long_rains,196.2226323131472,1.0615892140308547,0.4994646830896339,2.3016008958388148
Marsabit,2018,5,2018-05-01,long_rains,37.33344216202386,0.5050083095087764,0.2736568516357582,0.8259754233267901
Marsabit,2018,6,2018-06-01,cool_dry,5.449766226462088,1.171113650243219,0.2263232518182495,1.5718100761648148
Marsabit,2018,7,2018-07-01,cool_dry,6.01296688709408,-0.28937021052115686,0.1646407719872514,1.768415770669342
Marsabit,2018,8,2018-08-01,cool_dry,4.1873631877824655,0.18620918842034279,0.0624377767963758,-1.1532513577476406
Marsabit,2018,9,2018-09-01,cool_dry,2.821176149591337,0.4089086236191488,0.0635605366821208,-1.2602593209019226
Marsabit,2018,10,2018-10-01,short_rains,35.476954091805965,-0.6265525343962893,0.1592298620301171,2.1497098459299546
Marsabit,2018,11,2018-11-01,short_rains,26.727076733484864,-0.8276871512278621,0.0401755090905785,-0.9563110001422345
Marsabit,2018,12,2018-12-01,short_rains,59.76084962207824,1.4685970513318072,0.1382025167830328,-0.40688110098060054
Marsabit,2019,1,2019-01-01,hot_dry,4.803934200841467,-0.5914408584401598,0.1150822876534079,-0.3466140151965652
Marsabit,2019,2,2019-02-01,hot_dry,8.102732836618088,-0.5913729142193107,0.0989892888885263,-0.5768281091557497
Marsabit,2019,3,2019-03-01,long_rains,23.896059669088572,-0.5936202797030248,0.0911455555785752,-0.1565120704819999
Marsabit,2019,4,2019-04-01,long_rains,74.68344429670833,-0.8402449921916689,0.0965141230773963,-0.3873091397163785
Marsabit,2019,5,2019-05-01,long_rains,22.339328225934878,-1.0629488445075994,0.1111342994531892,-0.896944380125509
Marsabit,2019,6,2019-06-01,cool_dry,5.767909538815729,1.3440073692808776,0.0961088678678817,-0.990237544775955
Marsabit,2019,7,2019-07-01,cool_dry,7.691652926616371,0.3984273676881686,0.0833572696757866,-0.6462207579612009
Marsabit,2019,8,2019-08-01,cool_dry,3.158079284228733,-0.5853999319282607,0.0798674227991046,-0.2644610476588662
Marsabit,2019,9,2019-09-01,cool_dry,2.160010516876354,-0.5543020916500276,0.0658487749321558,-1.1497537352047693
Marsabit,2019,10,2019-10-01,short_rains,116.6684519033879,1.6036790569329833,0.1003005441112975,0.09598470426944229
Marsabit,2019,11,2019-11-01,short_rains,104.21900184743572,0.9463539522279983,0.262734926932853,1.0068887065834071
Marsabit,2019,12,2019-12-01,short_rains,58.43392129638232,1.4118826671217812,0.3106348465729243,1.17183528200644
Marsabit,2020,1,2020-01-01,hot_dry,20.048240420757793,1.6482761126155288,0.2301906064649192,1.6903261057786922
Marsabit,2020,2,2020-02-01,hot_dry,11.512905978248455,-0.09306782419113348,0.180257715241312,2.1417345655424027
Marsabit,2020,3,2020-03-01,long_rains,73.80452705919743,0.6800619314684963,0.1156413103088551,0.7435969598051126
Marsabit,2020,4,2020-04-01,long_rains,165.06601401418447,0.5740532727575646,0.1752151429583763,0.13786685745798716
Marsabit,2020,5,2020-05-01,long_rains,24.283767536704545,-0.8596158872640312,0.2440780449634309,0.5124071763736421
Marsabit,2020,6,2020-06-01,cool_dry,5.304682795889675,1.0922686363504752,0.1444539347712839,-0.03901879392508863
Marsabit,2020,7,2020-07-01,cool_dry,9.982447447255254,1.3370203424167786,0.1170958874935805,0.3560305807690672
Marsabit,2020,8,2020-08-01,cool_dry,4.884598268195986,0.7088958302852119,0.0949386530998747,0.5040665202758838
Marsabit,2020,9,2020-09-01,cool_dry,3.501268010004423,1.3996917722036784,0.1052817663977666,0.7545784809145706
Marsabit,2020,10,2020-10-01,short_rains,52.21074790880084,-0.1668955922364083,0.0853025738735256,-0.42670433471825386
Marsabit,2020,11,2020-11-01,short_rains,25.76081326935673,-0.8498080509165749,0.1381332045971831,-0.09222481158842431
Marsabit,2020,12,2020-12-01,short_rains,33.060032419045456,0.32737459323085777,0.1309980958725255,-0.4728416858385049
Marsabit,2021,1,2021-01-01,hot_dry,4.378915570036042,-0.6538852509036293,0.1138591649819189,-0.3682582166596242
Marsabit,2021,2,2021-02-01,hot_dry,11.592601177631877,-0.08142251415723184,0.1045707777333235,-0.3901181170508065
Marsabit,2021,3,2021-03-01,long_rains,20.982046438846737,-0.6679869555110873,0.111953629597412,0.6080912468465138
Marsabit,2021,4,2021-04-01,long_rains,51.43449201481417,-1.2040424918307244,0.1009588339058859,-0.3576493532862428
Marsabit,2021,5,2021-05-01,long_rains,44.19554760667961,1.222589046151437,0.1392359944898048,-0.5990351592884327
Marsabit,2021,6,2021-06-01,cool_dry,1.8043553633615368,-0.8099703992028421,0.1326324907882477,-0.271612932252899
Marsabit,2021,7,2021-07-01,cool_dry,4.819665331393479,-0.7782942265437459,0.0809549794245621,-0.717584043597597
Marsabit,2021,8,2021-08-01,cool_dry,2.5588914206018663,-1.0345848640741948,0.0777516843377625,-0.37234894411003816
Marsabit,2021,9,2021-09-01,cool_dry,2.398871432989835,-0.20632061397588888,0.0855846654302604,-0.19665099832211083
Marsabit,2021,10,2021-10-01,short_rains,18.599523303564638,-1.0901550092731562,0.0813759111762068,-0.5635510892558407
Marsabit,2021,11,2021-11-01,short_rains,32.99042207095772,-0.6842988942259067,0.0885693209131692,-0.529428515911546
Marsabit,2021,12,2021-12-01,short_rains,0.0,-1.0856477564324605,0.0810250913819326,-0.9303730605668705
Marsabit,2022,1,2022-01-01,hot_dry,17.778332951129414,1.3147778077985675,0.1117116830655103,-0.4062597453046945
Marsabit,2022,2,2022-02-01,hot_dry,6.723100019153207,-0.7929691460704565,0.1051869683207789,-0.36950552730673136
Marsabit,2022,3,2022-03-01,long_rains,20.37875253695529,-0.6833832349628519,0.0901798564753165,-0.19199717771606456
Marsabit,2022,4,2022-04-01,long_rains,88.92367229168303,-0.6174151942701344,0.0515317180325033,-0.6874790671262027
Marsabit,2022,5,2022-05-01,long_rains,23.08213298872579,-0.9852726279055506,0.1242193476908964,-0.7582283162001217
Marsabit,2022,6,2022-06-01,cool_dry,2.1932835038751355,-0.5986089465470309,0.0871792030184584,-1.1659341605352678
Marsabit,2022,7,2022-07-01,cool_dry,4.347874694038182,-0.9715980666633378,0.0724143217687977,-0.9712958469487192
Marsabit,2022,8,2022-08-01,cool_dry,3.587838344508781,-0.26322836262690574,0.0687297380709,-0.8324052423775748
Marsabit,2022,9,2022-09-01,cool_dry,3.0097814714536066,0.6836758800909372,0.0745343027695623,-0.7303046936782327
Marsabit,2022,10,2022-10-01,short_rains,30.800456584896892,-0.7550102271079688,0.0700531786834979,-0.9581556971796387
Marsabit,2022,11,2022-11-01,short_rains,27.316845221444964,-0.8141854407254362,0.0175211041236895,-1.1561458200668597
Marsabit,2022,12,2022-12-01,short_rains,24.077979806810617,-0.056528269478617686,0.0734924188443385,-0.9993389763975428
Marsabit,2023,1,2023-01-01,hot_dry,4.899483027635141,-0.5774026775057816,0.0875400811759097,-0.833996907879299
Marsabit,2023,2,2023-02-01,hot_dry,2.4037249798420808,-1.4241296409890134,0.0856029538003868,-1.024623059234426
Marsabit,2023,3,2023-03-01,long_rains,99.45729790907353,1.3347299589067012,0.0783785481130564,-0.6256422865537357
Marsabit,2023,4,2023-04-01,long_rains,185.02510540327057,0.8863713271101346,0.075875838152284,-0.5250294879648002
Marsabit,2023,5,2023-05-01,long_rains,26.236450503580272,-0.6554208784433013,0.2241701471752843,0.3013613191453382
Marsabit,2023,6,2023-06-01,cool_dry,1.9666327948216342,-0.7217813738436426,0.1454952570294444,-0.018530141802219572
Marsabit,2023,7,2023-07-01,cool_dry,3.5195373143069437,-1.3109875834079538,0.1107916835625624,0.16875566442204476
Marsabit,2023,8,2023-08-01,cool_dry,2.451538572320714,-1.1150625986847726,0.0930720902737844,0.4088848423036947
Marsabit,2023,9,2023-09-01,cool_dry,1.1732537494390263,-1.9918460968595864,0.096408530730831,0.32606449012336
Marsabit,2023,10,2023-10-01,short_rains,106.61901393160224,1.3276332313984873,0.0821266943790777,-0.5373858052490499
Marsabit,2023,11,2023-11-01,short_rains,143.9657309167087,1.8562852901464553,0.3370377796569689,1.6623151993874112
Marsabit,2023,12,2023-12-01,short_rains,16.129035885911435,-0.39627492411227383,0.3797223890022655,1.8043711598572727
Marsabit,2024,1,2024-01-01,hot_dry,11.342485389439389,0.36921316227784523,0.2191752960232107,1.495400769231514
Marsabit,2024,2,2024-02-01,hot_dry,24.488183852750808,1.8029200746236922,0.1391898923839237,0.7679482704004335
Marsabit,2024,3,2024-03-01,long_rains,18.823138787411153,-0.723083062744798,0.1439093878519925,1.782321920338042
Marsabit,2024,4,2024-04-01,long_rains,200.03900558501482,1.1213074773384024,0.1963978554819736,0.279220199374801
Marsabit,2024,5,2024-05-01,long_rains,44.96181947158766,1.3027192530863214,0.3587474995838101,1.7280309255908632
Marsabit,2024,6,2024-06-01,cool_dry,2.006223858334123,-0.7002657676827262,0.2164616488329109,1.3777770077683202
Marsabit,2024,7,2024-07-01,cool_dry,7.60150510794483,0.36149166327212223,0.1381100412703605,0.9802844808192809
Marsabit,2024,8,2024-08-01,cool_dry,6.506703386898152,1.9249170849005135,0.125373179176118,2.0560149571216026
Marsabit,2024,9,2024-09-01,cool_dry,2.7437520838020273,0.2961143613376471,0.1209916025057424,1.5132515082060287
Marsabit,2024,10,2024-10-01,short_rains,35.80842583496542,-0.6174474091904116,0.1171490605731236,0.6831664854161531
Marsabit,2024,11,2024-11-01,short_rains,77.97797736246139,0.34561192698238663,0.0861268693840265,-0.5509734146724815
Marsabit,2024,12,2024-12-01,short_rains,4.190500985598191,-0.906541109654787,0.1984108120810092,0.14436020216978557
Meru,2017,1,2017-01-01,hot_dry,9.3884759824723,-1.1115942868058752,0.4800317939052686,-0.49661858406840853
Meru,2017,2,2017-02-01,hot_dry,34.745727960020304,-0.11721281228887846,0.4927640448905577,0.942495657834881
Meru,2017,3,2017-03-01,long_rains,23.391850754618645,-0.7599301275152716,0.348475177818466,-0.39660377724377793
Meru,2017,4,2017-04-01,long_rains,108.41846054419875,-1.174485865903037,,
Meru,2017,5,2017-05-01,long_rains,88.83450258523226,-0.3796114575452508,,
Meru,2017,6,2017-06-01,cool_dry,5.893188640475272,-0.875957946687803,0.4419821778763105,0.12440940989149468
Meru,2017,7,2017-07-01,cool_dry,14.002403143793343,-1.1865602539865099,0.3572138834468177,0.2890569831120744
Meru,2017,8,2017-08-01,cool_dry,21.09780666977167,0.03711457666500293,0.3087976172908902,0.11136057557324079
Meru,2017,9,2017-09-01,cool_dry,11.620281083509326,-0.6610128444423998,0.2983336290638234,0.09257125933302625
Meru,2017,10,2017-10-01,short_rains,181.43478712812066,0.215310706911673,0.2905987377931947,-0.30878061546642444
Meru,2017,11,2017-11-01,short_rains,269.75221758149564,-0.2626428423246407,,
Meru,2017,12,2017-12-01,short_rains,28.51434090733528,-0.8264339402312022,0.5236843792404345,0.38289539800154443
Meru,2018,1,2018-01-01,hot_dry,10.697453536093235,-1.0694492207199817,0.4354892937871253,-1.2759103070161006
Meru,2018,2,2018-02-01,hot_dry,9.701944395899773,-0.972165352987074,0.3819190208770884,-1.0482102686058563
Meru,2018,3,2018-03-01,long_rains,292.00790274888277,2.1222940648444273,,
Meru,2018,4,2018-04-01,long_rains,510.5834548547864,0.9682512303855413,,
Meru,2018,5,2018-05-01,long_rains,176.51049848180264,1.1955302988738183,0.6646873965849412,1.3535166164909556
Meru,2018,6,2018-06-01,cool_dry,40.39664926752448,1.7319544085981369,0.4964907555334614,0.7030878229912748
Meru,2018,7,2018-07-01,cool_dry,23.911813469603658,1.200472646310253,0.3546175368597098,0.2526825934241205
Meru,2018,8,2018-08-01,cool_dry,13.380259677767754,-0.9978459336971037,,
Meru,2018,9,2018-09-01,cool_dry,22.722413383424282,1.0166734267771553,0.3486006703626929,1.0437830396849481
Meru,2018,10,2018-10-01,short_rains,70.76352654397488,-0.6358361095363431,0.3336660173259578,0.6983665832619472
Meru,2018,11,2018-11-01,short_rains,168.67600505053997,-1.0269016827783346,0.3805745912195466,-0.4695233930823542
Meru,2018,12,2018-12-01,short_rains,208.55764396488667,1.1668399466773354,0.5028614546174521,-0.005136835755172307
Meru,2019,1,2019-01-01,hot_dry,46.85312688164413,0.09465266805044703,0.4898491052818144,-0.3248601628515878
Meru,2019,2,2019-02-01,hot_dry,34.1118928976357,-0.13885087251176265,0.4008363641684027,-0.7084668499210703
Meru,2019,3,2019-03-01,long_rains,25.672180068213493,-0.7354624150855974,0.3417278004323444,-0.5221195173027602
Meru,2019,4,2019-04-01,long_rains,160.70138982124627,-0.8959221578493137,0.3509932562113612,-0.8365560700052384
Meru,2019,5,2019-05-01,long_rains,97.51925751566887,-0.2235856263549808,0.4164706346931361,-1.1651986257974614
Meru,2019,6,2019-06-01,cool_dry,27.725413218140602,0.774210679436471,0.354831787525052,-0.8008036805454112
Meru,2019,7,2019-07-01,cool_dry,13.565521825104952,-1.2917986129752368,0.3496871387697656,0.18360852514260337
Meru,2019,8,2019-08-01,cool_dry,17.603177431970835,-0.4315321660406821,0.3010638887965371,-0.005963012556762215
Meru,2019,9,2019-09-01,cool_dry,21.56107340566814,0.8411788385065014,0.2978701979122558,0.0838016727537764
Meru,2019,10,2019-10-01,short_rains,425.6413982063532,2.093446715101073,0.2966755140067303,-0.16667254160711054
Meru,2019,11,2019-11-01,short_rains,481.3463651165366,1.3372657196665596,0.6185935098278091,1.1835300097187231
Meru,2019,12,2019-12-01,short_rains,266.0798072218895,1.8036724419244532,0.5482512544596655,0.8406956177276134
Meru,2020,1,2020-01-01,hot_dry,106.17430379986763,2.0046127850865845,0.5608918619040689,0.9180658530717859
Meru,2020,2,2020-02-01,hot_dry,70.16074803471565,1.0917962543410131,0.5203567524205488,1.4380430844818777
Meru,2020,3,2020-03-01,long_rains,146.91032814979553,0.5654111583413733,0.4170805067362322,0.879602982558194
Meru,2020,4,2020-04-01,long_rains,534.0291710495949,1.0931701232538542,0.5298601626331362,1.0737809764265451
Meru,2020,5,2020-05-01,long_rains,108.99440245330334,-0.017429086387626025,0.6082491199425182,0.7808238356153282
Meru,2020,6,2020-06-01,cool_dry,25.532594483345747,0.6084684910459305,0.464343636371074,0.36180495152050574
Meru,2020,7,2020-07-01,cool_dry,21.878853246569633,0.7107620805122785,0.3932026932592817,0.7932543036949236
Meru,2020,8,2020-08-01,cool_dry,32.518627965822816,1.568702145819063,0.3534642761579461,0.7889706949210047
Meru,2020,9,2020-09-01,cool_dry,25.156107153743505,1.3844383314386135,0.3086208489735949,0.28723807306223514
Meru,2020,10,2020-10-01,short_rains,118.6616512387991,-0.2674628197351243,0.3511179804194039,1.1064883855342227
Meru,2020,11,2020-11-01,short_rains,209.41659699752927,-0.7188533618020485,0.5043812846223455,0.39032034125491283
Meru,2020,12,2020-12-01,short_rains,77.7002221941948,-0.28189309306433324,0.5425693802667326,0.7348147016254158
Meru,2021,1,2021-01-01,hot_dry,43.53773722052574,-0.012092719585731207,0.4706088563339481,-0.6614772524347093
Meru,2021,2,2021-02-01,hot_dry,30.089537415653467,-0.27616730595350764,0.4743178233609202,0.6112132854748378
Meru,2021,3,2021-03-01,long_rains,58.52680038660765,-0.38293552471759296,0.3660051619534512,-0.0705083469732594
Meru,2021,4,2021-04-01,long_rains,183.62547771818936,-0.7737825031546912,0.3726945775817562,-0.6047812884107572
Meru,2021,5,2021-05-01,long_rains,186.07108016312122,1.367290782092797,0.5111985790398189,-0.20397136830612925
Meru,2021,6,2021-06-01,cool_dry,5.534112695604563,-0.9030983719117057,0.49230300311043,0.6586294637609705
Meru,2021,7,2021-07-01,cool_dry,16.16925548762083,-0.6645970225993373,0.3384413317152389,0.026056613472539056
Meru,2021,8,2021-08-01,cool_dry,11.776813031174242,-1.212875911670186,0.2993505671786248,-0.031954749916167605
Meru,2021,9,2021-09-01,cool_dry,10.442838395014405,-0.838940775786805,0.2588944134654244,-0.65374373187534
Meru,2021,10,2021-10-01,short_rains,80.4833909124136,-0.5610829028787487,0.2883753942673409,-0.3607744778177956
Meru,2021,11,2021-11-01,short_rains,157.3833994101733,-1.1122874869779558,0.3730489202626689,-0.5217895577064469
Meru,2021,12,2021-12-01,short_rains,0.0,-1.1421185014882862,0.4553968958256275,-0.88963212667799
Meru,2022,1,2022-01-01,hot_dry,41.27171663939953,-0.08505163846052768,0.5893510262294875,1.4159721480032035
Meru,2022,2,2022-02-01,hot_dry,24.52790128812194,-0.46603218501611876,0.4333006055022578,-0.12542978356746812
Meru,2022,3,2022-03-01,long_rains,38.6825390746817,-0.5958625244560967,0.3487366059313488,-0.3917406517384219
Meru,2022,4,2022-04-01,long_rains,167.87849926948547,-0.857682482898916,0.3461542121206054,-0.8882381020860608
Meru,2022,5,2022-05-01,long_rains,31.863208977505565,-1.403128357023679,0.3989744753819297,-1.3427363666122845
Meru,2022,6,2022-06-01,cool_dry,6.876690022647381,-0.8016208987687117,0.2488846464134376,-1.9255683712799976
Meru,2022,7,2022-07-01,cool_dry,18.05192456394434,-0.21108940935111406,0.2056194910650311,-1.834755581198143
Meru,2022,8,2022-08-01,cool_dry,30.800043165683746,1.3382315826083238,0.1671059138379787,-2.0381561897859264
Meru,2022,9,2022-09-01,cool_dry,16.30249249190092,0.04653428133508074,0.2020277584338767,-1.7298411264604796
Meru,2022,10,2022-10-01,short_rains,45.08916739746928,-0.8332916091533932,0.2652021698234131,-0.9026904831334047
Meru,2022,11,2022-11-01,short_rains,282.93768078833824,-0.16294473760766642,0.2173887354505442,-1.6028573975609
Meru,2022,12,2022-12-01,short_rains,104.46262603998184,0.01439563209672489,0.4032663159599892,-1.8610780555543969
Meru,2023,1,2023-01-01,hot_dry,30.113636560738087,-0.44430762494099646,0.4687325654407324,-0.6943038328701789
Meru,2023,2,2023-02-01,hot_dry,8.850265383720398,-1.001240238315714,0.3621756391649418,-1.402788810422727
Meru,2023,3,2023-03-01,long_rains,132.3910867460072,0.40962110589282164,0.3025258478969172,-1.2513601989284755
Meru,2023,4,2023-04-01,long_rains,492.6215421706438,0.8725500699834873,0.4154665746492033,-0.14796715670579583
Meru,2023,5,2023-05-01,long_rains,48.51189272850752,-1.104026685038626,0.529441573078558,-0.01885531570700039
Meru,2023,6,2023-06-01,cool_dry,21.565690580755472,0.3086337060189788,0.3989600665320989,-0.3323254415930101
Meru,2023,7,2023-07-01,cool_dry,23.8920087069273,1.1957019668715478,0.2627725540561645,-1.0340505461221492
Meru,2023,8,2023-08-01,cool_dry,18.53572229668498,-0.30647337338025593,0.3066353016944669,0.07855742963566517
Meru,2023,9,2023-09-01,cool_dry,13.697655802592635,-0.3470926935889151,0.2636311138179937,-0.5641103446908362
Meru,2023,10,2023-10-01,short_rains,248.53458612784743,0.7313595889924539,0.2402952558537326,-1.4851495775010695
Meru,2023,11,2023-11-01,short_rains,493.33482789993286,1.4279130484122289,0.6163029199836332,1.1676217476424278
Meru,2023,12,2023-12-01,short_rains,84.04829179309309,-0.21161310403459851,0.4859554543764489,-0.32017774168861085
Meru,2024,1,2024-01-01,hot_dry,63.270135467872024,0.6232300373760811,0.5723843425295361,1.1191321381659909
Meru,2024,2,2024-02-01,hot_dry,93.24555135145783,1.8798725127320421,0.4566073056673058,0.29314368472552854
Meru,2024,3,2024-03-01,long_rains,36.14074417203665,-0.6231357373040637,0.4640173624740754,1.7527295096285027
Meru,2024,4,2024-04-01,long_rains,472.98032861948013,0.7679015861830752,0.5607566061284782,1.4037616407813063
Meru,2024,5,2024-05-01,long_rains,141.4115194901824,0.5649601313835472,0.5900764348003191,0.5964212243165941
Meru,2024,6,2024-06-01,cool_dry,6.33465566119412,-0.8425900677312969,0.5443114557270496,1.2107658452541736
Meru,2024,7,2024-07-01,cool_dry,19.954065140336752,0.24710860521811825,0.431096984644873,1.324147108474031
Meru,2024,8,2024-08-01,cool_dry,20.855939980596304,0.004679079695837969,0.3737811428805376,1.0971852521289467
Meru,2024,9,2024-09-01,cool_dry,6.4535437351005385,-1.4417785642392311,0.369554776535982,1.4403011581926672
Meru,2024,10,2024-10-01,short_rains,56.90177933871745,-0.7424435697015905,0.3644905903377626,1.4192127267296395
Meru,2024,11,2024-11-01,short_rains,373.054970189929,0.5184513434118577,0.426970458918244,-0.1473017502663621
Meru,2024,12,2024-12-01,short_rains,55.93574395775795,-0.5228493818800932,0.5631117611264235,1.1176190423215973
Migori,2017,1,2017-01-01,hot_dry,21.721531994640827,-1.0181132628567189,0.2638874137436189,-1.6801140626520403
Migori,2017,2,2017-02-01,hot_dry,82.95800450444221,-0.06152909979022285,,
Migori,2017,3,2017-03-01,long_rains,155.4961106032133,-0.07460210212384889,0.3353839968171271,-1.1099212292451943
Migori,2017,4,2017-04-01,long_rains,144.86209796369076,-1.5303995659334952,0.4355534783327857,0.5399796149913352
Migori,2017,5,2017-05-01,long_rains,187.92742501944304,-0.2727571035607377,0.5147775312220796,0.6530954624285326
Migori,2017,6,2017-06-01,cool_dry,85.90591478347778,0.29532500685974755,0.4677694750154987,-0.10647550546956105
Migori,2017,7,2017-07-01,cool_dry,58.10070329159498,1.4241813563932113,0.3491320871839283,-1.503704267709074
Migori,2017,8,2017-08-01,cool_dry,84.40601957589388,0.6212013325199433,0.3214983640411709,-0.5516359004103679
Migori,2017,9,2017-09-01,cool_dry,85.83839219994843,-0.4239825430754123,0.4124319595472304,1.7161888759868553
Migori,2017,10,2017-10-01,short_rains,106.64286230504513,-0.754297187032532,0.3496609735424832,-0.5503595217260118
Migori,2017,11,2017-11-01,short_rains,120.89442948997021,-0.8037213355841396,0.4336703604883477,0.570472675281133
Migori,2017,12,2017-12-01,short_rains,82.18982893228531,-0.706925203771029,0.4305789422015892,-1.1207917665567257
Migori,2018,1,2018-01-01,hot_dry,42.91529468819499,-0.6551722891040505,0.2766016058937602,-1.5339443893964717
Migori,2018,2,2018-02-01,hot_dry,69.51237211748958,-0.3172612416972529,0.3037667004166013,-1.4198734931896835
Migori,2018,3,2018-03-01,long_rains,173.11821664124727,0.19627959491747068,0.4295730457916198,0.6626757276504324
Migori,2018,4,2018-04-01,long_rains,242.97283244132996,0.765058401797983,,
Migori,2018,5,2018-05-01,long_rains,259.5073916912079,1.3939374239553342,0.5405375605650837,1.6252810482439217
Migori,2018,6,2018-06-01,cool_dry,70.80807407572865,-0.34865796732360066,0.5093290353016736,1.1674258806498548
Migori,2018,7,2018-07-01,cool_dry,21.060815274715424,-1.1419468003954591,0.4746702760798973,1.6667710097503095
Migori,2018,8,2018-08-01,cool_dry,71.33437762223184,0.10071803060114544,,
Migori,2018,9,2018-09-01,cool_dry,47.134503073990345,-1.7049545827518289,0.3373227173156408,-0.5659290107887477
Migori,2018,10,2018-10-01,short_rains,149.92513871192932,-0.12566705581584514,0.3244384375061446,-1.381950153753838
Migori,2018,11,2018-11-01,short_rains,88.30907440185547,-1.1387957842680996,0.4662017475166813,1.1438173496435695
Migori,2018,12,2018-12-01,short_rains,174.00362349301577,0.4757221916586963,0.465478122118365,0.2236998527517346
Migori,2019,1,2019-01-01,hot_dry,32.75822849571705,-0.8291109873744351,0.4626745614224188,0.6052574403493292
Migori,2019,2,2019-02-01,hot_dry,62.72885976731777,-0.4462817364599688,0.3902268946342475,-0.09833038312500822
Migori,2019,3,2019-03-01,long_rains,116.47047100961208,-0.6744924590665098,0.3460442887957296,-0.9092991683301616
Migori,2019,4,2019-04-01,long_rains,155.88018580526114,-1.2726137317966368,0.3679514016943396,-1.1684248932630454
Migori,2019,5,2019-05-01,long_rains,235.4223455786705,0.8331322655118515,0.4953581510204656,-0.07979351320475993
Migori,2019,6,2019-06-01,cool_dry,98.10506954789162,0.8156674929000184,0.454709520614498,-0.5067948038338805
Migori,2019,7,2019-07-01,cool_dry,40.59518566727638,0.21139686702183397,0.4417876800554297,0.8363188686838837
Migori,2019,8,2019-08-01,cool_dry,89.04659559950233,0.8059786038172394,0.3473971617110282,0.7440736422162767
Migori,2019,9,2019-09-01,cool_dry,110.13747298717499,0.38023749220263475,0.3637223922665535,0.2361982457315009
Migori,2019,10,2019-10-01,short_rains,247.16783571243286,1.2866821653902785,0.3760309712317541,0.3190630856358921
Migori,2019,11,2019-11-01,short_rains,223.84590896964073,0.2549263340381845,0.4100500264675198,0.15417955179062712
Migori,2019,12,2019-12-01,short_rains,255.0380985364318,1.5195218876479586,0.494923756101449,1.35809350354496
Migori,2020,1,2020-01-01,hot_dry,156.90483858063817,1.2968867509138196,0.4677090787925562,0.6631371506999618
Migori,2020,2,2020-02-01,hot_dry,93.23527616262436,0.1339417132194882,0.4738419169279689,1.1797243056258413
Migori,2020,3,2020-03-01,long_rains,267.72855457663536,1.650601163649213,0.4868997780056541,1.7415399074861007
Migori,2020,4,2020-04-01,long_rains,207.01013854146004,-0.07634649332446786,0.4853751623281318,1.7990472912950577
Migori,2020,5,2020-05-01,long_rains,196.5857381671667,-0.07115372468512549,0.5028393552244333,0.20254773706303753
Migori,2020,6,2020-06-01,cool_dry,83.15334613993764,0.1779170028925977,0.4632220798613224,-0.24586420328658184
Migori,2020,7,2020-07-01,cool_dry,32.53989279642701,-0.3466748484662261,0.4261742337727199,0.44200024842488983
Migori,2020,8,2020-08-01,cool_dry,56.42492123693228,-0.492942897134181,0.353462994914865,1.0475455665265065
Migori,2020,9,2020-09-01,cool_dry,112.15769393299706,0.44710019267040496,0.3739305669531876,0.5463632447587394
Migori,2020,10,2020-10-01,short_rains,269.22148209810257,1.606988484099174,0.4120304623229186,1.5059714720904098
Migori,2020,11,2020-11-01,short_rains,398.9372726678848,2.0553867556559555,0.4212036233160485,0.35075448871292597
Migori,2020,12,2020-12-01,short_rains,110.99562749266624,-0.33587962392437454,0.4690512472462053,0.36135457130322973
Migori,2021,1,2021-01-01,hot_dry,75.7558255046606,-0.09278162702932455,0.4459421786140633,0.4128923337816081
Migori,2021,2,2021-02-01,hot_dry,80.02683303877711,-0.11727915569229379,0.4361572906600994,0.6037152109169044
Migori,2021,3,2021-03-01,long_rains,99.22166574001312,-0.9396358893284642,0.3977116929250684,0.0630589171110101
Migori,2021,4,2021-04-01,long_rains,265.5360321998596,1.2929606434740781,0.3846932785624697,-0.7453328916500804
Migori,2021,5,2021-05-01,long_rains,186.52420502901077,-0.3054301989489916,0.4607051833127831,-1.3875993104168773
Migori,2021,6,2021-06-01,cool_dry,48.75446245074272,-1.2893322452323284,0.4636507452668185,-0.23272456825477067
Migori,2021,7,2021-07-01,cool_dry,36.29467041790485,-0.08654337688717162,0.3993832348118984,-0.2346082052314936
Migori,2021,8,2021-08-01,cool_dry,51.35073983669281,-0.6949853566120203,0.3515142952720847,0.9500526730319862
Migori,2021,9,2021-09-01,cool_dry,101.39877873659134,0.09101531709126957,0.3476655612455391,-0.2516722238573763
Migori,2021,10,2021-10-01,short_rains,106.76666682958603,-0.7524990548415231,0.3737556334975102,0.24404487407419123
Migori,2021,11,2021-11-01,short_rains,148.30319752544165,-0.5218776111945312,0.4438221486805884,0.7493913820121821
Migori,2021,12,2021-12-01,short_rains,0.0,-1.7656069365392753,0.4667203643215814,0.271557259010526
Migori,2022,1,2022-01-01,hot_dry,164.65590624511242,1.4296229755495091,0.4447982890208327,0.3997415204142712
Migori,2022,2,2022-02-01,hot_dry,204.98801064491272,2.2594472551421916,0.4033742275789859,0.10262645517572332
Migori,2022,3,2022-03-01,long_rains,122.93361128494143,-0.5751430168251193,0.4015804006679814,0.13586631507150143
Migori,2022,4,2022-04-01,long_rains,217.65013364702463,0.17259325492763264,0.4115213568572516,-0.0673476553128136
Migori,2022,5,2022-05-01,long_rains,241.26609589532018,0.969200318149996,0.5074148227188245,0.3752262494662855
Migori,2022,6,2022-06-01,cool_dry,84.2549603395164,0.22490523136709883,0.4848089427414409,0.4158255344198248
Migori,2022,7,2022-07-01,cool_dry,28.99689906835556,-0.5921339049511316,0.3894802020080736,-0.4847099547669612
Migori,2022,8,2022-08-01,cool_dry,112.66610088199377,1.7464540347309188,0.3371206565588202,0.22994298795563178
Migori,2022,9,2022-09-01,cool_dry,117.30279254121706,0.6173861150245894,0.3430659571762556,-0.39142651250047156
Migori,2022,10,2022-10-01,short_rains,80.6859768088907,-1.131294001664693,0.3298944513159018,-1.2020645956215497
Migori,2022,11,2022-11-01,short_rains,161.62576866149902,-0.3848819219839664,0.298595585875182,-1.810132941003036
Migori,2022,12,2022-12-01,short_rains,192.2143982052803,0.7102939723508831,0.4120452077772432,-1.8348042639118238
Migori,2023,1,2023-01-01,hot_dry,33.95796990394592,-0.8085655409971187,0.4461142549767048,0.41487062272087305
Migori,2023,2,2023-02-01,hot_dry,21.579691752791405,-1.228927325094278,0.3169537890103612,-1.2183089902344149
Migori,2023,3,2023-03-01,long_rains,246.29392084479332,1.3211144412217801,0.3364009916383842,-1.0907818288056894
Migori,2023,4,2023-04-01,long_rains,246.24782758951187,0.8416821652138963,0.3876684970559045,-0.6701447178546157
Migori,2023,5,2023-05-01,long_rains,142.35345858335495,-1.3339182634218416,0.4963878573485267,-0.04093231330338021
Migori,2023,6,2023-06-01,cool_dry,115.10701617598534,1.540868160227676,0.4118479342805619,-1.8206064482809892
Migori,2023,7,2023-07-01,cool_dry,23.69339368492365,-0.9595614330231093,0.4144755039945262,0.14654805283700234
Migori,2023,8,2023-08-01,cool_dry,43.333591639995575,-1.01421011660633,0.3140116133695754,-0.9261959248605748
Migori,2023,9,2023-09-01,cool_dry,144.6369645446539,1.5220577347204236,0.3702628638764464,0.43492381938143665
Migori,2023,10,2023-10-01,short_rains,181.76440046168864,0.3367651670976929,0.3951176464760877,0.948353506982806
Migori,2023,11,2023-11-01,short_rains,256.1553039550781,0.587163091403043,0.3346238622271078,-1.1751578520268526
Migori,2023,12,2023-12-01,short_rains,167.1042492389679,0.3868518097004876,0.4704595308822986,0.41560872715594455
Migori,2024,1,2024-01-01,hot_dry,120.72051465511322,0.6772339808983191,0.4724950458962249,0.7181593840824718
Migori,2024,2,2024-02-01,hot_dry,74.51511874049902,-0.22211040962766326,0.4522993817870274,0.8504468948306325
Migori,2024,3,2024-03-01,long_rains,101.53202574327588,-0.9041217324445219,0.4212936638730096,0.5068613590620039
Migori,2024,4,2024-04-01,long_rains,202.02701437473297,-0.19293467435898995,0.4265410910173944,0.31222325179416216
Migori,2024,5,2024-05-01,long_rains,147.54610666632652,-1.2130107170004854,0.4617590748100914,-1.347825360276764
Migori,2024,6,2024-06-01,cool_dry,45.76856428384781,-1.4166926816912095,0.5146071894139967,1.3292141140560938
Migori,2024,7,2024-07-01,cool_dry,59.069246314466,1.491282140308052,0.3742790620299431,-0.8686157519885566
Migori,2024,8,2024-08-01,cool_dry,41.87686637416482,-1.0722136313167157,0.3026666139797357,-1.4937830444594642
Migori,2024,9,2024-09-01,cool_dry,70.58379654888995,-0.928859725882081,0.2991869187768491,-1.7246464387119385
Migori,2024,10,2024-10-01,short_rains,126.44590728790172,-0.466678517232552,0.3699005231357307,0.11694133231810212
Migori,2024,11,2024-11-01,short_rains,194.36749337613583,-0.04819952806644643,0.4022480833258515,0.016675345589456665
Migori,2024,12,2024-12-01,short_rains,115.0249570608139,-0.28397809712334676,0.4681149088822592,0.32528211670215895
Mombasa,2017,1,2017-01-01,hot_dry,18.90819501876831,-0.2704759317634354,,
Mombasa,2017,2,2017-02-01,hot_dry,14.10810089111328,1.2489816826673998,,
Mombasa,2017,3,2017-03-01,long_rains,53.85645389556885,-0.25145232072456813,,
Mombasa,2017,4,2017-04-01,long_rains,171.1089849472046,-0.43259741732332724,,
Mombasa,2017,5,2017-05-01,long_rains,524.1803283691406,1.185370213193452,,
Mombasa,2017,6,2017-06-01,cool_dry,90.58452987670898,-0.4230807991202257,,
Mombasa,2017,7,2017-07-01,cool_dry,66.24299883842468,-0.9913357645280932,,
Mombasa,2017,8,2017-08-01,cool_dry,89.36975872516632,0.9171962422225579,,
Mombasa,2017,9,2017-09-01,cool_dry,112.52608489990234,1.139322969346714,,
Mombasa,2017,10,2017-10-01,short_rains,89.33226013183594,-0.4586508167210369,,
Mombasa,2017,11,2017-11-01,short_rains,245.81536674499512,0.32557217558862517,,
Mombasa,2017,12,2017-12-01,short_rains,82.3058557510376,-0.23974935268198172,,
Mombasa,2018,1,2018-01-01,hot_dry,9.00742793083191,-0.8515061735847261,,
Mombasa,2018,2,2018-02-01,hot_dry,6.460545778274536,-0.600228343522253,0.2666903142725647,0.552542319856164
Mombasa,2018,3,2018-03-01,long_rains,116.36164927482605,1.1592201941211386,,
Mombasa,2018,4,2018-04-01,long_rains,261.02922666072845,0.03754120411397793,0.4413978654115523,0.9690468291048302
Mombasa,2018,5,2018-05-01,long_rains,465.3276700973511,0.8310849482560918,,
Mombasa,2018,6,2018-06-01,cool_dry,132.7752321958542,0.6239318694874743,0.4867515649975233,1.383407717555767
Mombasa,2018,7,2018-07-01,cool_dry,170.26626014709473,0.593562229049947,,
Mombasa,2018,8,2018-08-01,cool_dry,77.20396554470062,0.004693720076700554,,
Mombasa,2018,9,2018-09-01,cool_dry,135.94588008522987,1.7159723020720634,,
Mombasa,2018,10,2018-10-01,short_rains,294.3633728027344,0.9685332687476687,,
Mombasa,2018,11,2018-11-01,short_rains,83.7828893661499,-0.6089868216746889,,
Mombasa,2018,12,2018-12-01,short_rains,132.77470815181732,0.5966661849285544,0.3073826303884054,0.15709942761253987
Mombasa,2019,1,2019-01-01,hot_dry,20.081766605377197,-0.201604441634878,0.3007800033465058,0.1984693307317207
Mombasa,2019,2,2019-02-01,hot_dry,7.345552027225494,-0.38623022194570605,0.2663194817427097,0.5452676834654246
Mombasa,2019,3,2019-03-01,long_rains,16.131190538406372,-1.1028694199010272,0.2180544113626044,-0.4077850885193294
Mombasa,2019,4,2019-04-01,long_rains,45.6039980109781,-1.0887871741267756,0.2258809297952209,-0.6617025877920523
Mombasa,2019,5,2019-05-01,long_rains,551.2173881530762,1.3481297583008713,,
Mombasa,2019,6,2019-06-01,cool_dry,73.4704629778862,-0.8477868094379555,0.3394558980917171,-0.5965715869191391
Mombasa,2019,7,2019-07-01,cool_dry,104.66911351680756,-0.40587563485522427,0.3759858010020748,0.8542641315022032
Mombasa,2019,8,2019-08-01,cool_dry,73.03533858060837,-0.30797661404727644,0.3410614765745253,0.1828951807841243
Mombasa,2019,9,2019-09-01,cool_dry,85.68774199485779,0.4785011130845404,0.3345663722446725,0.8985365608601452
Mombasa,2019,10,2019-10-01,short_rains,449.2551746368408,2.046706779428644,,
Mombasa,2019,11,2019-11-01,short_rains,189.65514016151428,0.0016553541527347488,0.3256734459722482,0.817632220355263
Mombasa,2019,12,2019-12-01,short_rains,161.85433542728424,1.0786001090046227,0.4019935493778529,1.7935598394590924
Mombasa,2020,1,2020-01-01,hot_dry,62.71019649505615,2.300061005827389,0.3914787924002869,1.2822075343460364
Mombasa,2020,2,2020-02-01,hot_dry,10.920809507369995,0.47828162281282577,0.283746419800388,0.8871326159273226
Mombasa,2020,3,2020-03-01,long_rains,125.91151711344719,1.37475005525685,0.3095114107611582,1.3200146964100141
Mombasa,2020,4,2020-04-01,long_rains,620.936079621315,1.9192767118520617,0.4199477778888265,0.8067407086134737
Mombasa,2020,5,2020-05-01,long_rains,323.9694210886955,-0.019873125206476046,0.4424227305163707,0.8346996303372459
Mombasa,2020,6,2020-06-01,cool_dry,196.12625000812113,2.1960630399263406,0.466864471705441,1.1160812308257453
Mombasa,2020,7,2020-07-01,cool_dry,134.32105749845505,0.04590126514747378,0.3541495829663263,0.2456788996928274
Mombasa,2020,8,2020-08-01,cool_dry,55.73895978927612,-1.6053017482952538,0.3441464965205662,0.28347784851584235
Mombasa,2020,9,2020-09-01,cool_dry,56.128557205200195,-0.2493141410616697,0.292221208385666,-0.045295675903171566
Mombasa,2020,10,2020-10-01,short_rains,66.87447834014893,-0.614975329379129,0.2616381249602465,-0.20537853355402344
Mombasa,2020,11,2020-11-01,short_rains,150.19002962112427,-0.22596860574808494,0.3171441896359688,0.6586601589209906
Mombasa,2020,12,2020-12-01,short_rains,52.40869063138962,-0.7352322544527974,0.3125718083432036,0.24685528648968721
Mombasa,2021,1,2021-01-01,hot_dry,30.20528221130371,0.39249788077609005,,
Mombasa,2021,2,2021-02-01,hot_dry,12.840235531330109,0.9424066661325661,0.2677317481679206,0.5729721697311696
Mombasa,2021,3,2021-03-01,long_rains,20.95982360839844,-0.9938925594211487,0.2234770296730885,-0.3053413301167712
Mombasa,2021,4,2021-04-01,long_rains,87.04385614395142,-0.8721231905349317,0.1962447687015078,-0.8859501731821463
Mombasa,2021,5,2021-05-01,long_rains,213.00314712524414,-0.68787550478799,0.2049284104635136,-1.4908482595448316
Mombasa,2021,6,2021-06-01,cool_dry,78.38824200630188,-0.7257462492876213,0.2755654540126315,-1.4554003609603823
Mombasa,2021,7,2021-07-01,cool_dry,123.63573241233826,-0.11690030516153273,0.3058682702746051,-1.0999430311950291
Mombasa,2021,8,2021-08-01,cool_dry,77.4447608590126,0.022754715226889054,0.2832907289752799,-1.7006375068553432
Mombasa,2021,9,2021-09-01,cool_dry,42.00605392456055,-0.5970427197596784,0.2122886949979842,-1.8269131270011523
Mombasa,2021,10,2021-10-01,short_rains,66.04669970273972,-0.6207373451152367,0.1996688166677769,-1.5218225912538799
Mombasa,2021,11,2021-11-01,short_rains,45.2171368598938,-0.8314235304999372,0.1985325800280272,-1.552075612872793
Mombasa,2021,12,2021-12-01,short_rains,0.0,-1.6037965483625352,0.2246700410519944,-1.2735586767174152
Mombasa,2022,1,2022-01-01,hot_dry,11.534642726182938,-0.7031956224289161,0.2499897831542114,-0.40841089960667987
Mombasa,2022,2,2022-02-01,hot_dry,9.812880992889404,0.2103799879701561,0.1521890305161263,-1.6936338878425015
Mombasa,2022,3,2022-03-01,long_rains,18.471865832805634,-1.0500429902906145,0.1870163916505861,-0.9941533723655843
Mombasa,2022,4,2022-04-01,long_rains,155.87034916877747,-0.5122710378667363,0.1708102186980646,-1.078405478230603
Mombasa,2022,5,2022-05-01,long_rains,235.18548583984375,-0.5543407422265635,0.3212897467743821,-0.3514363356665131
Mombasa,2022,6,2022-06-01,cool_dry,106.33050805330276,-0.032325544424383144,0.3405047197771965,-0.5824731054433627
Mombasa,2022,7,2022-07-01,cool_dry,245.06849026679993,1.7332487082124928,,
Mombasa,2022,8,2022-08-01,cool_dry,73.37720334529877,-0.2823348449176086,0.3553480584161391,0.6486887703008289
Mombasa,2022,9,2022-09-01,cool_dry,38.50732898712158,-0.6831893911800887,0.2820137248436685,-0.2728104885803966
Mombasa,2022,10,2022-10-01,short_rains,52.461376786231995,-0.7153022938677444,0.2778046319459769,0.13805441158527415
Mombasa,2022,11,2022-11-01,short_rains,102.52054047584534,-0.5009131767152057,,
Mombasa,2022,12,2022-12-01,short_rains,50.61983948945999,-0.7648787159514776,0.2438141456887632,-0.9424280874266123
Mombasa,2023,1,2023-01-01,hot_dry,17.52886199951172,-0.35142260898678473,0.1944313001365295,-1.0722659654710782
Mombasa,2023,2,2023-02-01,hot_dry,0.9159640073776245,-1.9409308360820012,0.1797322552619275,-1.1533173596984494
Mombasa,2023,3,2023-03-01,long_rains,79.41354215145111,0.3253426439708538,0.1978275420210896,-0.7899098108247917
Mombasa,2023,4,2023-04-01,long_rains,437.22771763801575,0.958776668663854,0.2490077377786078,-0.48670924666208276
Mombasa,2023,5,2023-05-01,long_rains,188.96631002426147,-0.8325741038087895,0.3602129571821808,0.029700315564331694
Mombasa,2023,6,2023-06-01,cool_dry,98.04319357872009,-0.23798515108342252,0.3817837711373931,-0.027591423460060212
Mombasa,2023,7,2023-07-01,cool_dry,170.57333266735077,0.5982407847413768,,
Mombasa,2023,8,2023-08-01,cool_dry,70.20878779888153,-0.5199837293285468,0.3187541775068668,-0.5444024345826018
Mombasa,2023,9,2023-09-01,cool_dry,33.17874050140381,-0.8143915204191263,0.3209135015760723,0.5942274429573114
Mombasa,2023,10,2023-10-01,short_rains,157.61087557673454,0.016624140681212502,0.3286840190661748,1.2189098976216477
Mombasa,2023,11,2023-11-01,short_rains,589.0277183055878,2.3051271161262963,0.310281900431229,0.5307577700110196
Mombasa,2023,12,2023-12-01,short_rains,122.46380424499512,0.4257845455762392,0.2811446848589659,-0.2967314790706842
Mombasa,2024,1,2024-01-01,hot_dry,18.160510003566742,-0.31435410820473875,,
Mombasa,2024,2,2024-02-01,hot_dry,9.138613849878311,0.0473394419670119,0.2532578153919137,0.2890364585608701
Mombasa,2024,3,2024-03-01,long_rains,88.87797784805298,0.5389443969885163,0.3019505239078698,1.177174905416463
Mombasa,2024,4,2024-04-01,long_rains,251.9715787768364,-0.009815764778122899,0.4900232504685394,1.3369799481485813
Mombasa,2024,5,2024-05-01,long_rains,116.31566352769732,-1.2699214437205961,0.4570453615404768,0.9778846493097662
Mombasa,2024,6,2024-06-01,cool_dry,85.34643594920635,-0.5530703560602068,0.395928688539263,0.1625475284014313
Mombasa,2024,7,2024-07-01,cool_dry,35.689990162849426,-1.4568412826064399,,
Mombasa,2024,8,2024-08-01,cool_dry,100.75232356786728,1.7709522590625382,0.3701099189284036,1.1299781418371548
Mombasa,2024,9,2024-09-01,cool_dry,26.052393317222595,-0.9898586120827547,0.3235169288557492,0.6522552876672675
Mombasa,2024,10,2024-10-01,short_rains,65.83680212497711,-0.6221984037743782,0.2887342137161857,0.37023681560098076
Mombasa,2024,11,2024-11-01,short_rains,108.73627662658691,-0.4650625112297394,0.2573948494324525,-0.45497453641448116
Mombasa,2024,12,2024-12-01,short_rains,171.75036239624023,1.2426060319393755,0.3165233278471081,0.3152036896533914
Murang'a,2017,1,2017-01-01,hot_dry,21.019328713417053,-0.9491117450147418,0.6296718996886179,0.028588423453534545
Murang'a,2017,2,2017-02-01,hot_dry,51.327191948890686,0.31450979396465367,0.5647068675480955,-0.020449158934512962
Murang'a,2017,3,2017-03-01,long_rains,40.10127694159746,-0.8317924361919361,0.4773601332120599,-0.16166731507776283
Murang'a,2017,4,2017-04-01,long_rains,150.50200528651476,-0.9775735705078406,,
Murang'a,2017,5,2017-05-01,long_rains,174.5850182697177,-0.40175065682013655,,
Murang'a,2017,6,2017-06-01,cool_dry,26.77164988964796,-0.7220235620501045,,
Murang'a,2017,7,2017-07-01,cool_dry,38.35331206768751,-0.32532611877723105,0.3646292717587611,-0.2987867309575452
Murang'a,2017,8,2017-08-01,cool_dry,44.01934886723757,0.65489040072874,0.4065442422098593,-0.2692812392988932
Murang'a,2017,9,2017-09-01,cool_dry,34.353950813412666,0.4211760978034736,,
Murang'a,2017,10,2017-10-01,short_rains,126.04806758463383,-0.13616631299464882,0.4599701824341576,0.4326938604704764
Murang'a,2017,11,2017-11-01,short_rains,199.63523556292057,-0.4765602025699847,,
Murang'a,2017,12,2017-12-01,short_rains,21.531154103577137,-0.7819385591685087,0.6431807791525073,0.5073747935467633
Murang'a,2018,1,2018-01-01,hot_dry,40.4305537045002,-0.5011169302699616,0.6014088253148956,-0.4739996881978259
Murang'a,2018,2,2018-02-01,hot_dry,29.532996222376823,-0.6382907605408368,0.5238996048527674,-0.7626534404473098
Murang'a,2018,3,2018-03-01,long_rains,259.78751311451197,1.779549033426447,,
Murang'a,2018,4,2018-04-01,long_rains,629.1545369625092,0.7976795713636752,,
Murang'a,2018,5,2018-05-01,long_rains,499.7231188416481,1.8519940402407928,0.7670509670630276,1.484162251526126
Murang'a,2018,6,2018-06-01,cool_dry,106.62205345183611,1.6198665117383853,0.5653333298317255,0.5466919248503094
Murang'a,2018,7,2018-07-01,cool_dry,52.84463328868151,0.5208783454763931,,
Murang'a,2018,8,2018-08-01,cool_dry,54.82192549109459,1.5167957389895144,,
Murang'a,2018,9,2018-09-01,cool_dry,32.51129800453782,0.17475514278761278,,
Murang'a,2018,10,2018-10-01,short_rains,84.68068317323923,-0.43374136958052195,0.3852749203022201,-0.9231207467166264
Murang'a,2018,11,2018-11-01,short_rains,158.32968003302813,-0.8753277712604619,0.4430951688356703,-0.815066603253876
Murang'a,2018,12,2018-12-01,short_rains,166.2571316510439,1.0534182948107604,0.5694371345802786,-0.7888838864337091
Murang'a,2019,1,2019-01-01,hot_dry,28.638697385787964,-0.7732630977284936,0.6548473165365599,0.47627026607031125
Murang'a,2019,2,2019-02-01,hot_dry,26.208638578653336,-0.78362531869849,0.5701521569506346,0.07859000325617878
Murang'a,2019,3,2019-03-01,long_rains,30.162733130156994,-0.9499287930914468,0.485424802044224,-0.0058400441053758165
Murang'a,2019,4,2019-04-01,long_rains,244.55031126737595,-0.6287619804059117,0.4002395581616577,-0.7941914346629925
Murang'a,2019,5,2019-05-01,long_rains,129.0363038778305,-0.717478568553902,0.5217059470683889,-0.6661928713577382
Murang'a,2019,6,2019-06-01,cool_dry,67.28380353748798,0.46613587438632215,0.4917317928130909,-0.04982995056007236
Murang'a,2019,7,2019-07-01,cool_dry,46.86411352828145,0.17165259562027244,0.4101006630895133,0.007688435203938599
Murang'a,2019,8,2019-08-01,cool_dry,47.80713391304016,0.9571064612889227,0.4016765398887406,-0.322461723170191
Murang'a,2019,9,2019-09-01,cool_dry,39.392616454511874,1.0950050433895024,0.430636781511053,0.568909492769135
Murang'a,2019,10,2019-10-01,short_rains,482.57866498827934,2.428525997301898,0.4459411793107722,0.1780494986184185
Murang'a,2019,11,2019-11-01,short_rains,341.1534008383751,0.8896689636638452,0.6441520351701642,0.7982789419786598
Murang'a,2019,12,2019-12-01,short_rains,234.38841423392296,1.9174319195788057,0.7168025778073714,1.8014916777301855
Murang'a,2020,1,2020-01-01,hot_dry,135.21932627260685,1.686528549396621,0.5599676287201144,-1.2109277543288275
Murang'a,2020,2,2020-02-01,hot_dry,77.62642824649811,1.464262106088147,0.5541684969355262,-0.21212150528165186
Murang'a,2020,3,2020-03-01,long_rains,207.88969600200653,1.1626559391231415,0.4814022001201836,-0.0835656262807426
Murang'a,2020,4,2020-04-01,long_rains,617.2491179704666,0.7535240909843779,0.5403268725064051,0.494971184872063
Murang'a,2020,5,2020-05-01,long_rains,216.29921436309814,-0.11260229779287034,0.6302291117086071,0.28497109781824775
Murang'a,2020,6,2020-06-01,cool_dry,93.28246140480042,1.228636701872604,0.4873745084839003,-0.08514463996780794
Murang'a,2020,7,2020-07-01,cool_dry,32.269081983715296,-0.6806079167643398,0.584970404399135,1.1863027563416548
Murang'a,2020,8,2020-08-01,cool_dry,33.29271909594536,-0.20095536490144977,0.5018035055088311,0.7714425727312566
Murang'a,2020,9,2020-09-01,cool_dry,40.080424692481756,1.1869867569559385,0.4236363177041254,0.5026109255669783
Murang'a,2020,10,2020-10-01,short_rains,116.03469514846802,-0.20819721153235526,0.4989377622344648,1.1400053069001665
Murang'a,2020,11,2020-11-01,short_rains,171.65461552143097,-0.7466876389706906,0.6589151565411311,0.9167430189923302
Murang'a,2020,12,2020-12-01,short_rains,60.608084201812744,-0.2863805902147804,0.6364029339104402,0.38823448284529805
Murang'a,2021,1,2021-01-01,hot_dry,75.21776127815247,0.30174268418536226,0.6784695967228059,0.8963334564620478
Murang'a,2021,2,2021-02-01,hot_dry,71.02570213377476,1.1756909847096901,0.682361793154731,2.119463782011461
Murang'a,2021,3,2021-03-01,long_rains,62.2337841540575,-0.5687102562731443,0.5284055766866825,0.8246437558123235
Murang'a,2021,4,2021-04-01,long_rains,194.48121767491102,-0.814461020583244,0.4520170564825094,-0.3177056394966016
Murang'a,2021,5,2021-05-01,long_rains,246.97173961997032,0.10000902343200059,0.5076857122222439,-0.7890748594498609
Murang'a,2021,6,2021-06-01,cool_dry,16.500091947615147,-1.0232726292267764,0.5298989550895042,0.25950526365500776
Murang'a,2021,7,2021-07-01,cool_dry,58.99605464190245,0.8800837023391942,0.399127971090603,-0.06626702349632178
Murang'a,2021,8,2021-08-01,cool_dry,36.181513987481594,0.02953295514034204,0.2911976257835788,-1.5294628341867245
Murang'a,2021,9,2021-09-01,cool_dry,16.711394906044006,-1.938191578340116,0.3201754835152331,-0.4772248763802538
Murang'a,2021,10,2021-10-01,short_rains,93.66124695539474,-0.3691399495566864,0.4299688051260338,-0.11186953524045362
Murang'a,2021,11,2021-11-01,short_rains,123.89747025072575,-1.2077394384898879,0.5856782598186805,0.3290663918372708
Murang'a,2021,12,2021-12-01,short_rains,0.0,-1.0549880277417882,0.5902616794458374,-0.4228320429804881
Murang'a,2022,1,2022-01-01,hot_dry,39.5920859053731,-0.5204680648074244,0.6753146208464884,0.8402300988790423
Murang'a,2022,2,2022-02-01,hot_dry,43.94685401767492,-0.008144465065674886,0.5714535907666928,0.10226053851348503
Murang'a,2022,3,2022-03-01,long_rains,49.20672243088484,-0.7235588580682223,0.5004089509552363,0.2836869136953628
Murang'a,2022,4,2022-04-01,long_rains,246.42483492940664,-0.6218096427490305,0.3461426539179189,-1.292021713655776
Murang'a,2022,5,2022-05-01,long_rains,85.6905770227313,-1.0179361337180293,0.6617733753712352,0.5614444860533702
Murang'a,2022,6,2022-06-01,cool_dry,19.51598751443089,-0.9348210300309394,0.2384470805755062,-2.102638596641602
Murang'a,2022,7,2022-07-01,cool_dry,27.504887513816357,-0.9588077142514306,0.4924405666561653,0.562655742972323
Murang'a,2022,8,2022-08-01,cool_dry,28.99031087011099,-0.5442316726143855,0.3906617244543731,-0.4428004735517216
Murang'a,2022,9,2022-09-01,cool_dry,26.96123712323606,-0.5674635194473313,0.2726647518916886,-0.9271798394000033
Murang'a,2022,10,2022-10-01,short_rains,53.107510559260845,-0.6608620532032508,0.357664924537063,-1.4242775067886733
Murang'a,2022,11,2022-11-01,short_rains,279.2664705887437,0.29220694208413145,0.3156788504083432,-1.8374964932267055
Murang'a,2022,12,2022-12-01,short_rains,36.11453431844711,-0.5969979750030382,0.5565756776082147,-1.0149613380424898
Murang'a,2023,1,2023-01-01,hot_dry,37.88864850997925,-0.5597819731635099,0.6859224996006836,1.0288646996730182
Murang'a,2023,2,2023-02-01,hot_dry,9.04490041360259,-1.533991124634256,0.4908326277158311,-1.364077069151759
Murang'a,2023,3,2023-03-01,long_rains,126.18623353540897,0.19147247552871047,0.3830429318145959,-1.9840846276031554
Murang'a,2023,4,2023-04-01,long_rains,327.08363234996796,-0.32265780699240604,0.5342163156163793,0.4387383877482809
Murang'a,2023,5,2023-05-01,long_rains,117.51279623806477,-0.797355532185599,0.4350836053473583,-1.4254045165750948
Murang'a,2023,6,2023-06-01,cool_dry,42.376471027731895,-0.26435805134216933,0.5493278040754617,0.4169711794990492
Murang'a,2023,7,2023-07-01,cool_dry,21.99896678328514,-1.2803197855767332,0.1176384092749521,-1.9634942185619564
Murang'a,2023,8,2023-08-01,cool_dry,17.812666356563568,-1.436062558046973,0.4457690928441913,0.15925699063003654
Murang'a,2023,9,2023-09-01,cool_dry,30.81877114251256,-0.051589225354606735,0.2529003228389501,-1.1143607696790128
Murang'a,2023,10,2023-10-01,short_rains,130.81058628112078,-0.10190727557269341,0.3960926393751349,-0.7267653003752272
Murang'a,2023,11,2023-11-01,short_rains,426.83200469613075,1.7168179539352932,0.620812518539223,0.6109950860681421
Murang'a,2023,12,2023-12-01,short_rains,65.51988044381142,-0.22409115848407954,0.5532607418623245,-1.0732309592296947
Murang'a,2024,1,2024-01-01,hot_dry,119.14170764386654,1.315470577402148,0.5389114356122805,-1.585359502011303
Murang'a,2024,2,2024-02-01,hot_dry,44.35248130559921,0.00958878417676651,0.5690743525737059,0.05898685003410988
Murang'a,2024,3,2024-03-01,long_rains,105.05674761906266,-0.059687104453549196,0.544044734843147,1.126826943559345
Murang'a,2024,4,2024-04-01,long_rains,903.1961514353752,1.8140603588903796,0.6463014597652859,1.4702092151950246
Murang'a,2024,5,2024-05-01,long_rains,390.53215885162354,1.0951201253977436,0.6604783873389685,0.5500944119849468
Murang'a,2024,6,2024-06-01,cool_dry,38.7688580788672,-0.37016381534732173,0.6230467740248663,1.014444819165117
Murang'a,2024,7,2024-07-01,cool_dry,72.56533959507942,1.6724468919338749,0.4938122812263135,0.5719010384979072
Murang'a,2024,8,2024-08-01,cool_dry,23.565314203500748,-0.9770759605847109,0.5806914309416553,1.633306706846234
Murang'a,2024,9,2024-09-01,cool_dry,28.806610654573888,-0.3206787177944741,0.5233802095832399,1.447245067123155
Murang'a,2024,10,2024-10-01,short_rains,72.89632177352905,-0.5185118248617413,0.5152054369387347,1.435284423131914
Murang'a,2024,11,2024-11-01,short_rains,291.2214289829135,0.4076211916077553,0.5443555624585283,-0.0025203423958192854
Murang'a,2024,12,2024-12-01,short_rains,81.10444909334183,-0.026453903777370905,0.6486098952093498,0.6028072725641308
Nairobi,2017,1,2017-01-01,hot_dry,18.55112886428833,-0.7734507773240583,0.3010980526480847,-1.3848857409924737
Nairobi,2017,2,2017-02-01,hot_dry,30.81830535829067,-0.26509380101970825,0.2967972226703444,-0.36550283349785223
Nairobi,2017,3,2017-03-01,long_rains,37.685401260852814,-0.8176276017225125,,
Nairobi,2017,4,2017-04-01,long_rains,76.9958513379097,-0.9158608068064745,,
Nairobi,2017,5,2017-05-01,long_rains,92.63848203420639,-0.4372122292220173,,
Nairobi,2017,6,2017-06-01,cool_dry,16.889769792556763,-0.5933561481414055,,
Nairobi,2017,7,2017-07-01,cool_dry,18.969486013054848,-0.0883107083160765,,
Nairobi,2017,8,2017-08-01,cool_dry,28.75709056854248,0.9721735098698646,0.2753582077771356,-0.1983624803074914
Nairobi,2017,9,2017-09-01,cool_dry,17.122481167316437,-0.47298781703116377,0.3496374835713796,1.3504760591448437
Nairobi,2017,10,2017-10-01,short_rains,59.568699806928635,-0.011551143766068167,0.2389813130959062,-0.2513547090832307
Nairobi,2017,11,2017-11-01,short_rains,121.06260842084885,-0.8348181043801587,,
Nairobi,2017,12,2017-12-01,short_rains,19.768809139728546,-0.7317647055137189,0.4566852883080596,0.942471752878689
Nairobi,2018,1,2018-01-01,hot_dry,40.36381693184376,-0.35850946121324834,0.3293146620361811,-0.7801600976979786
Nairobi,2018,2,2018-02-01,hot_dry,29.43668270111084,-0.34067885848358825,0.2654436793922036,-0.8603587521521202
Nairobi,2018,3,2018-03-01,long_rains,234.99814426898956,1.728109230451751,,
Nairobi,2018,4,2018-04-01,long_rains,322.6219412088394,0.6518716794407006,,
Nairobi,2018,5,2018-05-01,long_rains,257.06135535240173,1.3798812198290338,,
Nairobi,2018,6,2018-06-01,cool_dry,41.015415012836456,0.8205517447812919,,
Nairobi,2018,7,2018-07-01,cool_dry,22.965849488973618,0.2364728477217514,,
Nairobi,2018,8,2018-08-01,cool_dry,33.56403389573097,1.379735491912296,,
Nairobi,2018,9,2018-09-01,cool_dry,18.192493945360184,-0.35352182800216525,,
Nairobi,2018,10,2018-10-01,short_rains,36.65550696849823,-0.41555797290455243,,
Nairobi,2018,11,2018-11-01,short_rains,101.87765300273895,-1.1759107060184688,0.337975349868881,0.16622029099823168
Nairobi,2018,12,2018-12-01,short_rains,164.38430939614773,0.8146847762966497,0.4057076959608979,0.2753348411878682
Nairobi,2019,1,2019-01-01,hot_dry,14.760628640651703,-0.8455572112785953,0.4048496851372254,0.8386724419520022
Nairobi,2019,2,2019-02-01,hot_dry,21.5928735435009,-0.7697936843245546,0.288114057765846,-0.5025500408110306
Nairobi,2019,3,2019-03-01,long_rains,19.064790800213814,-1.0578714560450044,0.2224386534446336,-0.8035925697988375
Nairobi,2019,4,2019-04-01,long_rains,132.4970898628235,-0.5616187362341558,0.1952983042995051,-0.5210798246895354
Nairobi,2019,5,2019-05-01,long_rains,59.1807576417923,-0.8069649928533741,0.2453547633551545,-0.581737689563081
Nairobi,2019,6,2019-06-01,cool_dry,50.65765641629696,1.3856450760203218,0.3362902923167077,-0.11884088486409299
Nairobi,2019,7,2019-07-01,cool_dry,24.923229940235615,0.3955487143966778,0.3621552256130947,0.25830087905428495
Nairobi,2019,8,2019-08-01,cool_dry,28.962748497724533,0.9896104438079236,0.2037954246124223,-1.2617118378966088
Nairobi,2019,9,2019-09-01,cool_dry,31.85150730609894,1.1714950444918992,0.1936165571419034,-0.6825690588712009
Nairobi,2019,10,2019-10-01,short_rains,198.0312421321869,2.4298289412239877,0.2587616237289564,0.07351093655453403
Nairobi,2019,11,2019-11-01,short_rains,232.1953980922699,1.1410307589727227,0.3364467445257577,0.15457920187886817
Nairobi,2019,12,2019-12-01,short_rains,282.3887533545494,2.0765682596523054,0.4611718860696013,1.00118725584419
Nairobi,2020,1,2020-01-01,hot_dry,140.88435369729996,1.5536860321823514,0.4253173590535242,1.2773263959241368
Nairobi,2020,2,2020-02-01,hot_dry,60.211615204811096,1.3429393346975398,0.3853773732056741,1.0325660028959773
Nairobi,2020,3,2020-03-01,long_rains,180.07686442136765,1.0195127006651492,0.3142145440946017,0.6712627866455367
Nairobi,2020,4,2020-04-01,long_rains,307.83530378341675,0.5574945232258428,0.4055473819417242,0.8414573961385524
Nairobi,2020,5,2020-05-01,long_rains,83.3440591096878,-0.5399280781061865,0.4414445601129524,0.8689163345668587
Nairobi,2020,6,2020-06-01,cool_dry,46.27579436637461,1.1288416089414086,0.3657440648563761,0.22160283889306906
Nairobi,2020,7,2020-07-01,cool_dry,11.386104877572507,-0.7046103784570409,0.3968401526035228,0.9324244115094462
Nairobi,2020,8,2020-08-01,cool_dry,12.052207052707672,-0.44416842971435544,0.3457239367693355,0.8471998834134342
Nairobi,2020,9,2020-09-01,cool_dry,28.35780741274357,0.7814265128868103,0.2374576392589679,-0.11129378185297978
Nairobi,2020,10,2020-10-01,short_rains,42.294936537742615,-0.3161232029671689,0.2898012797213857,0.5832965547594446
Nairobi,2020,11,2020-11-01,short_rains,130.28933322429657,-0.6707745869874677,0.344182806408515,0.21349315649457157
Nairobi,2020,12,2020-12-01,short_rains,46.77098362147808,-0.44301627494428414,0.3305067497172673,-0.7088098530445663
Nairobi,2021,1,2021-01-01,hot_dry,44.574376970529556,-0.27841225730124686,0.3644346884907797,-0.02748353411212145
Nairobi,2021,2,2021-02-01,hot_dry,58.68009063601494,1.2591535253535528,0.3681945601143276,0.7613680498623558
Nairobi,2021,3,2021-03-01,long_rains,45.87617343664169,-0.7119499344114154,0.2961510470783026,0.380979084227281
Nairobi,2021,4,2021-04-01,long_rains,117.95055103302002,-0.6544634397341885,0.2691695305548026,-0.042350992916318546
Nairobi,2021,5,2021-05-01,long_rains,194.32381463050842,0.686547184516865,0.2847192445090997,-0.2905229301113662
Nairobi,2021,6,2021-06-01,cool_dry,8.512197062373161,-1.084332289860662,0.3960963184110304,0.5724317254355733
Nairobi,2021,7,2021-07-01,cool_dry,32.5391488969326,1.0144927259103664,0.2872648828901729,-1.197240382343961
Nairobi,2021,8,2021-08-01,cool_dry,18.093679174780846,0.06806443531640058,0.251639346296043,-0.5508003677582053
Nairobi,2021,9,2021-09-01,cool_dry,6.5100454688072205,-1.6578569632173972,0.2360350834006148,-0.12983052759033561
Nairobi,2021,10,2021-10-01,short_rains,36.618678629398346,-0.4162073324506924,0.2545475487857012,0.004300285488260842
Nairobi,2021,11,2021-11-01,short_rains,134.28396439552307,-0.5997533565970676,0.2679817126003287,-0.3668160305723682
Nairobi,2021,12,2021-12-01,short_rains,0.0,-0.943162962242318,0.3618155677370321,-0.2990755521354187
Nairobi,2022,1,2022-01-01,hot_dry,46.50305439531803,-0.24172315476989495,0.418218707362439,1.1251912952331937
Nairobi,2022,2,2022-02-01,hot_dry,43.6468331515789,0.43672228848472594,0.3819800427326247,0.9789456169224054
Nairobi,2022,3,2022-03-01,long_rains,45.679328203201294,-0.7144896394166137,0.2629508453642213,-0.15255423248876315
Nairobi,2022,4,2022-04-01,long_rains,122.78704416751862,-0.6235940503690393,0.1601456836836902,-0.7488894043358371
Nairobi,2022,5,2022-05-01,long_rains,51.9453626871109,-0.8869258189119568,0.3997326630041552,0.5603356108604155
Nairobi,2022,6,2022-06-01,cool_dry,9.34030830860138,-1.0357999908663988,0.1995124537909294,-1.6997981837112175
Nairobi,2022,7,2022-07-01,cool_dry,7.049875736236572,-1.0570147402735455,0.302576817662737,-0.899643228385629
Nairobi,2022,8,2022-08-01,cool_dry,7.182323604822159,-0.8570668591819472,0.2733152422113897,-0.22871884748388385
Nairobi,2022,9,2022-09-01,cool_dry,13.176135380803316,-0.913593865959054,0.1419948682104537,-1.355230252901896
Nairobi,2022,10,2022-10-01,short_rains,25.44409954547882,-0.61323819997255,0.1892823781396307,-1.0675944988215593
Nairobi,2022,11,2022-11-01,short_rains,156.4551578760147,-0.20556791801384436,0.065299579458567,-1.910341169628223
Nairobi,2022,12,2022-12-01,short_rains,35.483557760715485,-0.5637186466983414,0.2329078896395846,-1.986073040630063
Nairobi,2023,1,2023-01-01,hot_dry,24.51404258608818,-0.6600186657055415,0.3225337181344043,-0.9254862283731888
Nairobi,2023,2,2023-02-01,hot_dry,5.964477144181728,-1.624783455787953,0.2129244361905844,-1.6892749008313543
Nairobi,2023,3,2023-03-01,long_rains,115.68865543603897,0.18877347585529736,0.1844666710557679,-1.4138092751275315
Nairobi,2023,4,2023-04-01,long_rains,146.63079890608788,-0.4714089591297185,0.1124176000308435,-1.058195353189815
Nairobi,2023,5,2023-05-01,long_rains,57.95730805397034,-0.8204857529910057,0.1113211618992254,-1.5733057697770247
Nairobi,2023,6,2023-06-01,cool_dry,14.691644668579102,-0.7221794991459706,0.3240226913290698,-0.2606369062794707
Nairobi,2023,7,2023-07-01,cool_dry,3.655265405774116,-1.3328939542474127,,
Nairobi,2023,8,2023-08-01,cool_dry,3.9128713607788086,-1.1342709670894862,0.2629855037122668,-0.38220813774561346
Nairobi,2023,9,2023-09-01,cool_dry,26.54679423570633,0.5792284786401043,0.2171100267015659,-0.3764352299894699
Nairobi,2023,10,2023-10-01,short_rains,51.24374681711197,-0.1583372282658995,0.1857111460866179,-1.126247298979601
Nairobi,2023,11,2023-11-01,short_rains,238.87271934747696,1.259747994914976,0.5025087306687206,1.419223728162446
Nairobi,2023,12,2023-12-01,short_rains,61.78779412806034,-0.28243363487339157,0.3902994015775683,0.07368855983127433
Nairobi,2024,1,2024-01-01,hot_dry,143.52850230038166,1.603985495410234,0.3599697289881942,-0.12317453193356646
Nairobi,2024,2,2024-02-01,hot_dry,34.96085700392723,-0.038465348920014644,0.3608093672773423,0.6448068576116155
Nairobi,2024,3,2024-03-01,long_rains,129.38957045972347,0.36554322462334843,0.3544413056978511,1.317714206542314
Nairobi,2024,4,2024-04-01,long_rains,536.5956554412842,2.017579789607033,0.5116490195126555,1.5290581789929545
Nairobi,2024,5,2024-05-01,long_rains,261.15201210975647,1.4250884677386415,0.4613688596669477,1.0163144440241996
Nairobi,2024,6,2024-06-01,cool_dry,28.731313062191475,0.10062949827141454,0.4577656424832398,1.2852414105261383
Nairobi,2024,7,2024-07-01,cool_dry,38.960020303726196,1.53631549326528,0.395488712671945,0.9061583201658611
Nairobi,2024,8,2024-08-01,cool_dry,5.802253469824791,-0.9740776249206958,0.4081375366976619,1.7746017877783697
Nairobi,2024,9,2024-09-01,cool_dry,29.11360309208976,0.8658104381909669,0.3461385431364995,1.304882792061038
Nairobi,2024,10,2024-10-01,short_rains,31.93366050720215,-0.49881386089705626,0.3629147115433009,1.78408873008215
Nairobi,2024,11,2024-11-01,short_rains,229.1027431488037,1.0860459181093087,0.3586464282669602,0.32364082266647426
Nairobi,2024,12,2024-12-01,short_rains,95.01134014129639,0.07284318832309866,0.4382549230981766,0.7012760360680288
Nakuru,2017,1,2017-01-01,hot_dry,20.965696938335896,-0.8046556088839758,0.3771243339016932,-0.7772302518704671
Nakuru,2017,2,2017-02-01,hot_dry,35.374447951093316,-0.24539821070690085,0.3172227376318419,-0.763883324926781
Nakuru,2017,3,2017-03-01,long_rains,35.47815989609808,-0.8416022279612662,0.3039808222280847,-0.679448561909689
Nakuru,2017,4,2017-04-01,long_rains,86.84138668701053,-1.1096999689311522,0.3263095805661323,-0.3619171880495731
Nakuru,2017,5,2017-05-01,long_rains,108.88219030573964,-0.7477662182248392,0.5581263908822099,0.3950932215718136
Nakuru,2017,6,2017-06-01,cool_dry,54.19491641409695,-0.7410153455677363,0.5153632912863374,0.02399110967251634
Nakuru,2017,7,2017-07-01,cool_dry,183.0071882456541,1.8486438307242656,,
Nakuru,2017,8,2017-08-01,cool_dry,130.5952953118831,0.8747804327100233,0.5527565828396868,0.9314699261690981
Nakuru,2017,9,2017-09-01,cool_dry,105.42156099900603,0.5954783717365867,0.568369745640616,1.4359109126514518
Nakuru,2017,10,2017-10-01,short_rains,106.7361510405317,0.6059457536167274,0.5321913899689354,1.2221578754284543
Nakuru,2017,11,2017-11-01,short_rains,110.07155573368073,-0.40742662556659726,0.5581532998109635,1.2357087101997395
Nakuru,2017,12,2017-12-01,short_rains,23.10940306633711,-0.6759494570126491,0.4850595871394242,0.021985029159712323
Nakuru,2018,1,2018-01-01,hot_dry,32.0779612287879,-0.5123078643809255,0.3918525772026167,-0.5196621660418522
Nakuru,2018,2,2018-02-01,hot_dry,24.406132743693888,-0.6815848186887083,0.3410169838815823,-0.5102039271330646
Nakuru,2018,3,2018-03-01,long_rains,197.12182504683733,1.5634579044873391,0.4916599643018617,1.3422179799251757
Nakuru,2018,4,2018-04-01,long_rains,356.292916059494,1.6044899222722622,,
Nakuru,2018,5,2018-05-01,long_rains,274.74216932058334,1.4069817064117351,0.657245717902423,1.5483198709257917
Nakuru,2018,6,2018-06-01,cool_dry,212.7489364258945,2.015514453094692,,
Nakuru,2018,7,2018-07-01,cool_dry,88.66965164244175,-0.30750827068364456,,
Nakuru,2018,8,2018-08-01,cool_dry,94.82383495569229,-0.43250838133765174,,
Nakuru,2018,9,2018-09-01,cool_dry,49.87349073588848,-1.7880040686082113,0.5251386683785321,0.5245958161633678
Nakuru,2018,10,2018-10-01,short_rains,62.93326299637556,-0.8936857754698784,0.4538908979959411,-0.3037752054105939
Nakuru,2018,11,2018-11-01,short_rains,60.9887667670846,-1.3621658306371422,0.4799826539111781,0.04567571668768894
Nakuru,2018,12,2018-12-01,short_rains,97.36706998944283,0.6537409264190427,0.4857306705536272,0.0319465483148555
Nakuru,2019,1,2019-01-01,hot_dry,19.452062057331204,-0.8444771728691917,0.4233477764711357,0.031127091212920985
Nakuru,2019,2,2019-02-01,hot_dry,17.248117670416832,-0.9662438803273686,0.345817695723228,-0.45902173475816915
Nakuru,2019,3,2019-03-01,long_rains,25.1851967535913,-0.9947489366536281,0.2872599096861019,-0.8595650578695074
Nakuru,2019,4,2019-04-01,long_rains,128.4041200876236,-0.6910378403121613,0.2598205016258611,-1.015316417992439
Nakuru,2019,5,2019-05-01,long_rains,95.67473100870848,-0.9193491743968825,0.370785593651422,-1.7845664509934263
Nakuru,2019,6,2019-06-01,cool_dry,137.79866689816117,0.7124717969980205,0.4048752762157718,-2.0166779226192815
Nakuru,2019,7,2019-07-01,cool_dry,106.26398399099708,0.09462282190325845,0.5498699005218618,0.965330742222044
Nakuru,2019,8,2019-08-01,cool_dry,118.8939004112035,0.44714615359215854,0.5241967100777715,0.41825747489442155
Nakuru,2019,9,2019-09-01,cool_dry,87.23120965063572,-0.1850416862451655,0.498149794300583,-0.04433213895891655
Nakuru,2019,10,2019-10-01,short_rains,142.125471457839,1.8175311777842726,0.4711936892417707,0.03342448373018343
Nakuru,2019,11,2019-11-01,short_rains,158.37631529569626,0.5321786559659778,0.5518864935583413,1.1403058115959743
Nakuru,2019,12,2019-12-01,short_rains,180.21022123098373,2.137166761129432,0.5745393647499139,1.3502171085108157
Nakuru,2020,1,2020-01-01,hot_dry,82.52119913324714,0.8147814165562166,0.5484543892708763,2.2189963519896234
Nakuru,2020,2,2020-02-01,hot_dry,56.07115094177425,0.5776657242009732,0.5776143749297191,2.012249738795125
Nakuru,2020,3,2020-03-01,long_rains,180.37546661868691,1.3142925630452216,0.4758147068154436,1.171533978745879
Nakuru,2020,4,2020-04-01,long_rains,289.4176657907665,0.9308543757463392,0.5197252283613112,1.538810530585222
Nakuru,2020,5,2020-05-01,long_rains,143.34081947803497,-0.3001015064851875,0.5660033860237209,0.48673993656786874
Nakuru,2020,6,2020-06-01,cool_dry,123.57386013865471,0.4651674163845444,0.5740379705927992,1.1076887484062479
Nakuru,2020,7,2020-07-01,cool_dry,112.09616346657276,0.22792146934347998,0.5574157800564822,1.0819717205957304
Nakuru,2020,8,2020-08-01,cool_dry,130.896033115685,0.8857710705804573,0.5248226351061145,0.42950516219289087
Nakuru,2020,9,2020-09-01,cool_dry,94.05904271453619,0.10793015123409092,0.5261432780178831,0.5457730800300025
Nakuru,2020,10,2020-10-01,short_rains,111.2165070772171,0.7593347988178993,0.5238508869313812,1.0596167575484774
Nakuru,2020,11,2020-11-01,short_rains,160.10893114097416,0.5658808214223671,0.5167623423887826,0.605592323179033
Nakuru,2020,12,2020-12-01,short_rains,32.9671896873042,-0.4994316021574091,0.5210049570002548,0.5555557937309755
Nakuru,2021,1,2021-01-01,hot_dry,62.59499466791749,0.29055154047676846,0.4464941239286937,0.43591130659816185
Nakuru,2021,2,2021-02-01,hot_dry,55.692571729421616,0.5626104327212827,0.4101109884340924,0.2264332111931087
Nakuru,2021,3,2021-03-01,long_rains,50.68387189414352,-0.6153598220006558,0.3897575850117222,0.2445327045776511
Nakuru,2021,4,2021-04-01,long_rains,117.37301141396165,-0.8021543877689414,0.3719539976487557,0.08663808521220263
Nakuru,2021,5,2021-05-01,long_rains,201.9775147214532,0.4616693446494023,0.4949160191495649,-0.3403424133250237
Nakuru,2021,6,2021-06-01,cool_dry,55.63338617607951,-0.7160069303721788,0.5112381121944001,-0.052199282744232925
Nakuru,2021,7,2021-07-01,cool_dry,96.2399028018117,-0.13448474756458356,0.4526685991065217,-0.5371654007741264
Nakuru,2021,8,2021-08-01,cool_dry,103.59603087976575,-0.1119233816762901,0.5298015693786672,0.5189751358182532
Nakuru,2021,9,2021-09-01,cool_dry,104.74231650680304,0.5663330330740893,0.4794018466333889,-0.43954060516725785
Nakuru,2021,10,2021-10-01,short_rains,70.3587656468153,-0.6394669695616865,0.449350149259357,-0.3922660760850919
Nakuru,2021,11,2021-11-01,short_rains,49.99148211814463,-1.5760807084328812,0.436179420446335,-0.6211640214987084
Nakuru,2021,12,2021-12-01,short_rains,0.0,-1.089756573468041,0.398008976277239,-1.2701886547935382
Nakuru,2022,1,2022-01-01,hot_dry,49.669904716312885,-0.049489048559378954,0.3712906257083829,-0.8792503653309386
Nakuru,2022,2,2022-02-01,hot_dry,84.15804515779018,1.6946218733607825,0.3568172767038881,-0.34175106983061326
Nakuru,2022,3,2022-03-01,long_rains,44.45317868888378,-0.7080649200415491,0.3234903374089705,-0.469293434105921
Nakuru,2022,4,2022-04-01,long_rains,138.8181112166494,-0.5861375284998268,0.2504177137186002,-1.107719177601118
Nakuru,2022,5,2022-05-01,long_rains,118.89032218791544,-0.6177468999378312,0.4621131837699623,-0.7219945599988491
Nakuru,2022,6,2022-06-01,cool_dry,55.635994378477335,-0.715961585652253,0.5034913168950449,-0.19527946439833582
Nakuru,2022,7,2022-07-01,cool_dry,55.957342291250825,-1.0551715772435721,0.4138659947387622,-1.1369594627038786
Nakuru,2022,8,2022-08-01,cool_dry,128.80343981087208,0.8092960317508074,0.4085082638003268,-1.660629626359752
Nakuru,2022,9,2022-09-01,cool_dry,106.97856199392118,0.662286894758199,0.4837036884946453,-0.3488573819132846
Nakuru,2022,10,2022-10-01,short_rains,55.56443084217608,-1.1459644156327158,0.4178303638047119,-1.0065289257078125
Nakuru,2022,11,2022-11-01,short_rains,172.18612909317017,0.8008017502270952,0.3605628007649817,-1.772315726117157
Nakuru,2022,12,2022-12-01,short_rains,55.85112317092717,-0.08966184303243004,0.3719448403773925,-1.6570830162596812
Nakuru,2023,1,2023-01-01,hot_dry,18.70742300711572,-0.8640675588705793,0.39371054887685,-0.4871698858779273
Nakuru,2023,2,2023-02-01,hot_dry,7.381964230909943,-1.3585998548988638,0.2943365966558809,-1.0078810712587212
Nakuru,2023,3,2023-03-01,long_rains,123.33023014105856,0.4655291805117651,0.2379331202932122,-1.3909097700727364
Nakuru,2023,4,2023-04-01,long_rains,172.88085375539958,-0.24302293686751986,0.3398976398322382,-0.22838507116061257
Nakuru,2023,5,2023-05-01,long_rains,104.9940596818924,-0.7982783516654264,0.5087309462214553,-0.1796094610629806
Nakuru,2023,6,2023-06-01,cool_dry,81.50609100982547,-0.26619883442537434,0.5388720612749904,0.45818860043633935
Nakuru,2023,7,2023-07-01,cool_dry,42.88390465825796,-1.3539743766378798,0.4242732549995262,-0.9760884849158441
Nakuru,2023,8,2023-08-01,cool_dry,50.44169647246599,-2.054479433257406,0.4343063257389821,-1.1970460972577364
Nakuru,2023,9,2023-09-01,cool_dry,118.80950401723385,1.169934458962178,0.4059746400685543,-1.9873928927661864
Nakuru,2023,10,2023-10-01,short_rains,88.37789404019713,-0.02256579541684231,0.3915941315153174,-1.517825007739743
Nakuru,2023,11,2023-11-01,short_rains,184.59096353128552,1.0420957357530223,0.4433526389193682,-0.5119623313460743
Nakuru,2023,12,2023-12-01,short_rains,45.127465261146426,-0.28168436930721974,0.5067178138266417,0.34347835688170836
Nakuru,2024,1,2024-01-01,hot_dry,126.4187972098589,1.969664296531066,0.4202685762564288,-0.022722080679519106
Nakuru,2024,2,2024-02-01,hot_dry,52.029270842671394,0.41692873433880323,0.4680420647299158,0.8440581779191149
Nakuru,2024,3,2024-03-01,long_rains,79.70884251594543,-0.1835037413872267,0.4265568831678609,0.6409321607091474
Nakuru,2024,4,2024-04-01,long_rains,286.02781638503075,0.8967083643610002,0.4738400482482885,1.087889239006319
Nakuru,2024,5,2024-05-01,long_rains,283.02531534433365,1.5145910996490293,0.5754251702665779,0.5963598563148049
Nakuru,2024,6,2024-06-01,cool_dry,53.449716268107295,-0.7539709704597147,0.5505723500911287,0.6742882112467448
Nakuru,2024,7,2024-07-01,cool_dry,131.87368205189705,0.679950850158676,0.526423795925213,0.6029108855760714
Nakuru,2024,8,2024-08-01,cool_dry,95.21857184171677,-0.4180824923620986,0.5320549670639023,0.5594680245428265
Nakuru,2024,9,2024-09-01,cool_dry,65.23379109799862,-1.1289171549117674,0.5151409604100822,0.31384320996082693
Nakuru,2024,10,2024-10-01,short_rains,74.98368190973997,-0.48112877413777666,0.5159270705158523,0.9051960982361296
Nakuru,2024,11,2024-11-01,short_rains,151.8235177025199,0.4047162012681585,0.4689788837835904,-0.12184048270049685
Nakuru,2024,12,2024-12-01,short_rains,52.23443536832929,-0.15442384257072586,0.5256218619359991,0.6240888344551528
Nandi,2017,1,2017-01-01,hot_dry,50.0669082403183,-0.3631791559794606,0.5491276093600952,-0.8458084162521747
Nandi,2017,2,2017-02-01,hot_dry,98.43106370419264,0.3156743207621234,0.4780557147901377,-1.2484142176316457
Nandi,2017,3,2017-03-01,long_rains,74.80120695754886,-0.9475064771954252,0.5725038626515758,0.18180465776170862
Nandi,2017,4,2017-04-01,long_rains,181.30465638637543,-0.9147746191023975,0.6201611442624374,0.7288895655784122
Nandi,2017,5,2017-05-01,long_rains,227.2846304178238,0.09155859474462617,0.7645320058454957,1.476317095201582
Nandi,2017,6,2017-06-01,cool_dry,125.12002590298653,-0.7124642909780609,0.7136566549676239,1.2525124772235516
Nandi,2017,7,2017-07-01,cool_dry,281.4518127143383,1.460501862432878,0.6853710695561873,1.067378694075715
Nandi,2017,8,2017-08-01,cool_dry,220.47902505099773,-0.255209051432345,0.7394078567940091,1.8207359500821034
Nandi,2017,9,2017-09-01,cool_dry,188.57851719856262,0.02118860954630527,0.6604054159036263,0.3705656162446171
Nandi,2017,10,2017-10-01,short_rains,187.30425614118576,-0.05690610892549139,0.6775183179457043,0.9351341127759222
Nandi,2017,11,2017-11-01,short_rains,140.13868029415607,-0.3996331529339941,0.6774688128954488,0.955910318868247
Nandi,2017,12,2017-12-01,short_rains,40.67613159492612,-0.7652641430678666,0.6609706902504716,0.5505831439866169
Nandi,2018,1,2018-01-01,hot_dry,23.82351814210415,-0.8758235235183175,0.6054291775118379,0.14547612919631672
Nandi,2018,2,2018-02-01,hot_dry,51.44250578433275,-0.6576760406627656,0.5462335343820585,-0.1381439245256619
Nandi,2018,3,2018-03-01,long_rains,239.86429128050804,1.1271809462927171,0.6550782326895208,1.1763815239222346
Nandi,2018,4,2018-04-01,long_rains,396.569296836853,1.6912654722123568,,
Nandi,2018,5,2018-05-01,long_rains,278.4021983742714,1.3846989685728728,0.7759727292556416,1.6472843833312343
Nandi,2018,6,2018-06-01,cool_dry,230.8081417568028,0.92873577623598,0.6677141266468491,0.5779504633295707
Nandi,2018,7,2018-07-01,cool_dry,184.93068905174732,-0.22695851525055818,0.6931705283497723,1.2183347220367355
Nandi,2018,8,2018-08-01,cool_dry,156.09665969014168,-1.1801942414869766,,
Nandi,2018,9,2018-09-01,cool_dry,82.25855292007327,-2.011424854761584,0.6701550801307592,0.9712913280674572
Nandi,2018,10,2018-10-01,short_rains,190.0974776148796,-0.008532501845950363,0.6666559680087293,0.69786414355829
Nandi,2018,11,2018-11-01,short_rains,58.582007832825184,-1.5296700630663331,0.6354385056336175,0.4608796918310103
Nandi,2018,12,2018-12-01,short_rains,96.51461333688349,0.07629653437295784,0.6512790648600854,0.3784089677754548
Nandi,2019,1,2019-01-01,hot_dry,22.01250951178372,-0.9112001791418303,0.6070745358199224,0.17444545129643307
Nandi,2019,2,2019-02-01,hot_dry,42.31960767507553,-0.8466534548458658,0.5435297246810967,-0.18217524742741875
Nandi,2019,3,2019-03-01,long_rains,49.66714662313461,-1.2634179306308577,0.4986480914234251,-0.7077600033093764
Nandi,2019,4,2019-04-01,long_rains,157.08621666952968,-1.2079682653933648,0.4658421508653917,-0.9918457202532218
Nandi,2019,5,2019-05-01,long_rains,174.306286836043,-1.2486545210772142,0.6186774678811281,-0.7032963718154785
Nandi,2019,6,2019-06-01,cool_dry,197.7420726120472,0.41526238838659807,0.5749632608847199,-0.7838860111907134
Nandi,2019,7,2019-07-01,cool_dry,204.3553236797452,0.1126386635007709,0.6679661166755801,0.7305114032495647
Nandi,2019,8,2019-08-01,cool_dry,225.10159327834845,-0.18879634468646714,0.6106529051357588,-0.571982597298913
Nandi,2019,9,2019-09-01,cool_dry,177.88247993588448,-0.1832970625699063,0.6335797885998343,-1.2822958240825089
Nandi,2019,10,2019-10-01,short_rains,274.90716782957315,1.4602198579724188,0.6601872865130988,0.5565665543393641
Nandi,2019,11,2019-11-01,short_rains,190.20833483338356,0.2941244023871754,0.6706273261729963,0.8753316678252127
Nandi,2019,12,2019-12-01,short_rains,193.3868976533413,1.536291553423428,0.5944703900802207,-0.6308115074168066
Nandi,2020,1,2020-01-01,hot_dry,110.96820594370365,0.8264806831878952,0.6695317712839446,1.2741109543967444
Nandi,2020,2,2020-02-01,hot_dry,67.46080771833658,-0.32586292131853795,0.6555169196454308,1.641527190130474
Nandi,2020,3,2020-03-01,long_rains,248.76611630618572,1.2390684982709073,0.5856236067448574,0.33982698308042275
Nandi,2020,4,2020-04-01,long_rains,316.61026883125305,0.7232642611955826,0.6568138072308155,1.1375854046389464
Nandi,2020,5,2020-05-01,long_rains,201.1758954823017,-0.568923908716204,0.6543007416666469,-0.17095114371485373
Nandi,2020,6,2020-06-01,cool_dry,248.75878812372684,1.2074861521503353,0.684249767670615,0.8207389148518508
Nandi,2020,7,2020-07-01,cool_dry,273.53128035366535,1.3220287073179713,0.5990171171879571,-0.6039744078811657
Nandi,2020,8,2020-08-01,cool_dry,315.1417090892792,1.1048152393102877,0.5892353120289122,-0.9699965890483928
Nandi,2020,9,2020-09-01,cool_dry,232.72357024252415,0.865148911909728,0.6445781252196691,-0.6046331435123917
Nandi,2020,10,2020-10-01,short_rains,255.76623009890318,1.128733003228699,0.6877997335534756,1.159714537722988
Nandi,2020,11,2020-11-01,short_rains,265.6780108809471,1.339820811469013,0.6579641855441989,0.726185900065695
Nandi,2020,12,2020-12-01,short_rains,59.443166729062796,-0.482419797943554,0.68729097989465,1.0181697462938888
Nandi,2021,1,2021-01-01,hot_dry,79.59506031870842,0.21363050123961885,0.6420670126742195,0.7905473229022074
Nandi,2021,2,2021-02-01,hot_dry,95.27240300178528,0.2502438484852256,0.6061728287604976,0.8379626499650494
Nandi,2021,3,2021-03-01,long_rains,92.9915104098618,-0.7188715043500927,0.5996771145770622,0.5090961373215482
Nandi,2021,4,2021-04-01,long_rains,322.9726130217314,0.8002881700011928,0.5814229180627484,0.2969386354629717
Nandi,2021,5,2021-05-01,long_rains,287.28229466080666,1.6093421096821052,0.62726830992126,-0.5749169928463966
Nandi,2021,6,2021-06-01,cool_dry,124.40702756494284,-0.7235362351684497,0.6543175114676796,0.3812514995388267
Nandi,2021,7,2021-07-01,cool_dry,134.71017682552338,-1.1049541426633007,0.6246364626483033,-0.108120178503615
Nandi,2021,8,2021-08-01,cool_dry,259.48455157876015,0.3051856182297819,0.6648826192036492,0.43579567451325457
Nandi,2021,9,2021-09-01,cool_dry,227.1132470369339,0.7578913656512317,0.6822322962120018,1.7154291833027286
Nandi,2021,10,2021-10-01,short_rains,143.87578935548663,-0.8090095880599806,0.5767514795080678,-1.2659498877377287
Nandi,2021,11,2021-11-01,short_rains,89.11729574389756,-1.1065777352449622,0.610359679489014,0.16550266890367538
Nandi,2021,12,2021-12-01,short_rains,0.0,-1.3783079041588213,0.6069929161997567,-0.4083456637769365
Nandi,2022,1,2022-01-01,hot_dry,95.70216685533524,0.5282703938925098,0.5611538521623428,-0.6340660257463034
Nandi,2022,2,2022-02-01,hot_dry,160.04941622167826,1.592075392605864,0.5148154736554037,-0.649784509404945
Nandi,2022,3,2022-03-01,long_rains,115.96240298449993,-0.43014903120368464,0.58385690568714,0.31854774109989553
Nandi,2022,4,2022-04-01,long_rains,192.82456895709038,-0.775312076880418,0.4486418325636364,-1.1836380199425787
Nandi,2022,5,2022-05-01,long_rains,200.4285192936659,-0.5878305657149543,0.5975894350714022,-1.0184306209548863
Nandi,2022,6,2022-06-01,cool_dry,102.32436139509082,-1.0664515469746985,0.6398360511385504,0.16862404082480717
Nandi,2022,7,2022-07-01,cool_dry,170.0903864428401,-0.4864086925288905,0.5585958974699018,-1.3863141747116556
Nandi,2022,8,2022-08-01,cool_dry,353.88465774059296,1.6614374373400094,0.5837238786314527,-1.0724183502538116
Nandi,2022,9,2022-09-01,cool_dry,188.80172151699662,0.02545580532669742,0.638803570467592,-0.9604324236812036
Nandi,2022,10,2022-10-01,short_rains,123.93799072504044,-1.1542966503510983,0.5681055764535421,-1.4548052609772728
Nandi,2022,11,2022-11-01,short_rains,214.6517134308815,0.6328081567618786,0.5429193405277473,-0.6288059017100203
Nandi,2022,12,2022-12-01,short_rains,180.94102124124765,1.348715533124221,0.5168044956032717,-2.0105657656175353
Nandi,2023,1,2023-01-01,hot_dry,10.311356185004115,-1.13977317692272,0.6430179916750162,0.8072909202385206
Nandi,2023,2,2023-02-01,hot_dry,16.216522216796875,-1.3873690841370074,0.4928876381641477,-1.0068775417691191
Nandi,2023,3,2023-03-01,long_rains,229.6798356771469,0.9991719366341735,0.3810492352905213,-2.1241934770734443
Nandi,2023,4,2023-04-01,long_rains,253.691600587219,-0.03844268516101965,0.4726120601794432,-0.9163577872248069
Nandi,2023,5,2023-05-01,long_rains,205.84122756496072,-0.4509032454768523,0.6444421743100173,-0.3182750904079224
Nandi,2023,6,2023-06-01,cool_dry,239.03815987706184,1.0565373382472134,0.5053465662956657,-1.8060495581063387
Nandi,2023,7,2023-07-01,cool_dry,126.31377658247948,-1.251746805115484,0.5677932951395204,-1.2083014873537181
Nandi,2023,8,2023-08-01,cool_dry,157.33799310028553,-1.162359932140505,0.6553704958893238,0.2590270641721755
Nandi,2023,9,2023-09-01,cool_dry,245.87395110726357,1.1165564569351556,0.6543994719696672,0.0005092880630792146
Nandi,2023,10,2023-10-01,short_rains,223.52456498146057,0.570364948754742,0.6287117902587634,-0.13096331449264884
Nandi,2023,11,2023-11-01,short_rains,154.0981280207634,-0.2062131579776204,0.4310937364788401,-1.9458816619774049
Nandi,2023,12,2023-12-01,short_rains,89.78700494766235,-0.025097531098834547,0.6391317735164053,0.16260926483091664
Nandi,2024,1,2024-01-01,hot_dry,156.7910442352295,1.7215944572423043,0.4999311012317236,-1.7119963360317478
Nandi,2024,2,2024-02-01,hot_dry,134.34258103370667,1.059567939110964,0.6005199269955555,0.7459056006632644
Nandi,2024,3,2024-03-01,long_rains,149.74954956769943,-0.0054764378177374114,0.5828397457909629,0.3062964371970122
Nandi,2024,4,2024-04-01,long_rains,233.87718583643436,-0.278320256871932,0.638056144452498,0.9284279217402832
Nandi,2024,5,2024-05-01,long_rains,214.60165422409773,-0.22928743201437943,0.6431402138966934,-0.3377312587932836
Nandi,2024,6,2024-06-01,cool_dry,99.80528313666582,-1.105569581898918,0.5867283831940775,-0.6111418264715516
Nandi,2024,7,2024-07-01,cool_dry,207.91655108332634,0.17489892230661333,0.6452312547430356,0.29048542908813924
Nandi,2024,8,2024-08-01,cool_dry,218.413906827569,-0.2848787251337852,0.6467505827476491,0.0988388478335695
Nandi,2024,9,2024-09-01,cool_dry,156.5295925140381,-0.5915192320376276,0.6509759020657736,-0.2104340244017985
Nandi,2024,10,2024-10-01,short_rains,125.30786002287641,-1.130572960773339,0.6119287514608979,-0.4975608851889261
Nandi,2024,11,2024-11-01,short_rains,239.37286840751767,0.9753407386048426,0.5445905334826993,-0.6091226838064152
Nandi,2024,12,2024-12-01,short_rains,70.86919565498829,-0.31021424465153064,0.6828881192797934,0.939951813924415
Narok,2017,1,2017-01-01,hot_dry,26.73501767963171,-0.8923601031802947,0.3853115017804969,-1.4992305429053436
Narok,2017,2,2017-02-01,hot_dry,47.03644333127886,-0.45105609455096635,0.355478428736543,-1.4287247410335058
Narok,2017,3,2017-03-01,long_rains,79.66566262673587,-0.6428407274857695,0.4604752610812222,-0.5723620571230338
Narok,2017,4,2017-04-01,long_rains,111.74697902798653,-1.1568604496760904,0.4511224893962247,-0.15023567847922095
Narok,2017,5,2017-05-01,long_rains,83.42344793304801,-0.9577501648161243,0.5725278308504044,0.42652184430291845
Narok,2017,6,2017-06-01,cool_dry,67.9130497276783,-0.1254019575449541,0.4739774329618275,-0.7667021346298207
Narok,2017,7,2017-07-01,cool_dry,67.96434715762734,1.1122816916940192,0.3883211654039332,-0.9500071835034937
Narok,2017,8,2017-08-01,cool_dry,71.3856261856854,0.14889538932215254,0.3985464851434523,-0.015570661822192333
Narok,2017,9,2017-09-01,cool_dry,60.80227837897837,-0.30162002512486397,0.3888863391113488,-0.5603995678332072
Narok,2017,10,2017-10-01,short_rains,70.93087857961655,0.08609876040347622,0.3931138699797381,-0.11255152393485045
Narok,2017,11,2017-11-01,short_rains,100.83317505382001,-0.8176405627360691,0.4558655831727139,0.906116590396467
Narok,2017,12,2017-12-01,short_rains,47.392673392780125,-0.7423659436844015,0.4436235384377296,-0.5326143348613082
Narok,2018,1,2018-01-01,hot_dry,82.83532145339996,-0.1256166524386414,0.5132913557425964,0.2411797477958546
Narok,2018,2,2018-02-01,hot_dry,39.951216756831855,-0.5878259737296597,0.4634213996377323,-0.2931399077568528
Narok,2018,3,2018-03-01,long_rains,253.54092166386545,1.4385839604427348,0.5996918989323324,0.9714683761434817
Narok,2018,4,2018-04-01,long_rains,382.8174979686737,1.5165539328358126,,
Narok,2018,5,2018-05-01,long_rains,184.03872085362673,1.188240653762879,0.6565459993967253,1.8480725906688746
Narok,2018,6,2018-06-01,cool_dry,89.53086559474468,0.7710914278966978,0.6652143002807903,1.7595380237600704
Narok,2018,7,2018-07-01,cool_dry,40.72155083343387,-0.30648699934408635,0.6612677219632495,2.1234623548013922
Narok,2018,8,2018-08-01,cool_dry,97.35037921462208,1.2651973652528845,,
Narok,2018,9,2018-09-01,cool_dry,32.57614863757044,-1.6124203802917043,0.4438539969947619,1.229572413212091
Narok,2018,10,2018-10-01,short_rains,54.37281412631273,-0.6839100249777921,0.3697386424241538,-0.7968601616482228
Narok,2018,11,2018-11-01,short_rains,68.93028349149972,-1.4231036205071161,0.3784421592317756,-0.5618700621703163
Narok,2018,12,2018-12-01,short_rains,122.66890601813793,0.19554947712003237,0.4661972342201961,-0.2967442275486274
Narok,2019,1,2019-01-01,hot_dry,29.275653216056526,-0.8576363044263546,0.5172911533813409,0.29557337894701047
Narok,2019,2,2019-02-01,hot_dry,30.14408706407994,-0.7771381896586391,0.4599061101236682,-0.3301215604149201
Narok,2019,3,2019-03-01,long_rains,54.58882288727909,-0.943030378491759,0.4308645163305786,-0.900727758258703
Narok,2019,4,2019-04-01,long_rains,162.45696652680635,-0.656736679499491,0.3608044407777213,-1.2157771860767945
Narok,2019,5,2019-05-01,long_rains,82.49815677851439,-0.9774854024644773,0.4580689342432779,-1.5100727365510975
Narok,2019,6,2019-06-01,cool_dry,115.92797810956836,1.8657828116063084,0.448806702246695,-1.099207637569945
Narok,2019,7,2019-07-01,cool_dry,42.670208195224404,-0.2050035091190359,0.4771796473137563,0.050569049487035334
Narok,2019,8,2019-08-01,cool_dry,80.20149616152048,0.5279158661433849,0.4091069652066935,0.21640520553435183
Narok,2019,9,2019-09-01,cool_dry,71.40622346103191,0.19081925390723664,0.4030375337569631,-0.09957873446800285
Narok,2019,10,2019-10-01,short_rains,110.47966471873224,1.9252577311977817,0.3939381578902614,-0.088420535870991
Narok,2019,11,2019-11-01,short_rains,179.15797536075115,0.6688320035673256,0.4503754836763337,0.8020215714510656
Narok,2019,12,2019-12-01,short_rains,273.54039254784584,2.0753552118219267,0.6111177047964851,1.217514105514572
Narok,2020,1,2020-01-01,hot_dry,170.03186444193125,1.0661305176547764,0.6039431354682994,1.473961982034961
Narok,2020,2,2020-02-01,hot_dry,76.1496714875102,0.110931959831087,0.6170842902647524,1.3234289765035911
Narok,2020,3,2020-03-01,long_rains,252.91210425831378,1.431056517611809,0.5985015826882454,0.9582684707930996
Narok,2020,4,2020-04-01,long_rains,288.3982629328966,0.5853507097156675,0.5971230925023127,1.572229599761351
Narok,2020,5,2020-05-01,long_rains,100.51035096123815,-0.5933091018237278,0.5792004922434804,0.5394203631315561
Narok,2020,6,2020-06-01,cool_dry,78.71408732235432,0.3225183512909304,0.5640909169182298,0.42369752613952966
Narok,2020,7,2020-07-01,cool_dry,35.336239859461784,-0.5869468504714178,0.5022837772309399,0.33324995068149504
Narok,2020,8,2020-08-01,cool_dry,56.5524835344404,-0.48882554075539064,0.438975683442908,0.8725138083801515
Narok,2020,9,2020-09-01,cool_dry,70.86275963298976,0.16558120018381298,0.4539810049870835,1.559349253923134
Narok,2020,10,2020-10-01,short_rains,92.05288294004276,1.0683469554299474,0.4603031555971466,1.8544115099201668
Narok,2020,11,2020-11-01,short_rains,179.05265551060438,0.6668332104990143,0.452682928217878,0.84577186840395
Narok,2020,12,2020-12-01,short_rains,64.46274294704199,-0.5296788722042436,0.5371575042397824,0.4447119640182381
Narok,2021,1,2021-01-01,hot_dry,65.6549393068999,-0.36042724357535527,0.5488575983920454,0.7248484877758837
Narok,2021,2,2021-02-01,hot_dry,101.39072079956532,0.5981732962202002,0.5681419738253759,0.8085445723596782
Narok,2021,3,2021-03-01,long_rains,67.81077522505075,-0.7847531274851901,0.5479051553019473,0.39718392214119097
Narok,2021,4,2021-04-01,long_rains,168.4404314123094,-0.5977251678652844,0.4692976363739094,0.06418850148963309
Narok,2021,5,2021-05-01,long_rains,162.40805183071643,0.7268870662262428,0.5218635405129443,-0.4306958383654535
Narok,2021,6,2021-06-01,cool_dry,42.74405625835061,-1.1691630989214628,0.51246188382239,-0.2583223091258756
Narok,2021,7,2021-07-01,cool_dry,51.25326762255281,0.24199083918134945,0.4382586617782187,-0.3876942682562082
Narok,2021,8,2021-08-01,cool_dry,80.95713948830962,0.5604032207449678,0.4024936900753723,0.07113527221042534
Narok,2021,9,2021-09-01,cool_dry,60.400050080381334,-0.32029920648941657,0.400092247942841,-0.19548929872436435
Narok,2021,10,2021-10-01,short_rains,53.94728148728609,-0.7036988035177628,0.3750920671888374,-0.6401389148021566
Narok,2021,11,2021-11-01,short_rains,84.28578464128077,-1.1316821152936534,0.4012811247730418,-0.12883190825726512
Narok,2021,12,2021-12-01,short_rains,0.0,-1.332862009414221,0.3970833746183953,-1.0189074762326271
Narok,2022,1,2022-01-01,hot_dry,107.24347247369587,0.20797850980851715,0.4005633970706183,-1.291818558176205
Narok,2022,2,2022-02-01,hot_dry,177.66962236166,2.0706253118207583,0.4894753053509471,-0.019046838717369587
Narok,2022,3,2022-03-01,long_rains,63.40994451381266,-0.8374345597975864,0.5599006981585507,0.5302074199890772
Narok,2022,4,2022-04-01,long_rains,167.06651291251183,-0.6112753447421794,0.4234606003704044,-0.47658120283913075
Narok,2022,5,2022-05-01,long_rains,123.7285797148943,-0.09809496302848088,0.5097981605304215,-0.6348368023509766
Narok,2022,6,2022-06-01,cool_dry,49.96433941554278,-0.86973710088159,0.5119579366978741,-0.2649794536477719
Narok,2022,7,2022-07-01,cool_dry,32.88762206584215,-0.7144676167160038,0.4000715256123885,-0.8176941965948313
Narok,2022,8,2022-08-01,cool_dry,86.14106859080493,0.7832757546662862,0.3273429211121121,-1.5796575618620279
Narok,2022,9,2022-09-01,cool_dry,72.27535483404063,0.23118106485559226,0.375599655753021,-0.9930683743315861
Narok,2022,10,2022-10-01,short_rains,51.61926022544503,-0.8119600576774739,0.3561575194942044,-1.1944468678615394
Narok,2022,11,2022-11-01,short_rains,149.66961190849543,0.1091926157209341,0.3036133314157047,-1.9806618808453258
Narok,2022,12,2022-12-01,short_rains,120.30037974566221,0.16603847161326785,0.3470433207598922,-1.5417705903313421
Narok,2023,1,2023-01-01,hot_dry,27.96966172661632,-0.8754857696501211,0.4722045665530254,-0.3175634332877619
Narok,2023,2,2023-02-01,hot_dry,14.248853559605777,-1.083972296243823,0.385211987449631,-1.1159208777339498
Narok,2023,3,2023-03-01,long_rains,174.28583263605833,0.4898377163826601,0.3468208918663779,-1.8327220024281372
Narok,2023,4,2023-04-01,long_rains,189.8955793576315,-0.386125244273094,0.3927445217102838,-0.8389590139589931
Narok,2023,5,2023-05-01,long_rains,91.83672577282414,-0.7783060657819205,0.5209189840815284,-0.44667732098160623
Narok,2023,6,2023-06-01,cool_dry,71.65289160888642,0.029689728392128724,0.4685933981726529,-0.8378252663212402
Narok,2023,7,2023-07-01,cool_dry,21.863207302987576,-1.2886045120781728,0.4086682821505969,-0.7208918420186344
Narok,2023,8,2023-08-01,cool_dry,37.75994632113725,-1.2967726219613165,0.3572895185469289,-0.9218382323696541
Narok,2023,9,2023-09-01,cool_dry,110.20119552128017,1.9924287420355415,0.3672237259078179,-1.2658229415702758
Narok,2023,10,2023-10-01,short_rains,65.20487368479371,-0.1801807970039713,0.3950942577174932,-0.054575770255237153
Narok,2023,11,2023-11-01,short_rains,213.8379190210253,1.3269988249308398,0.3833108269706906,-0.4695576986411367
Narok,2023,12,2023-12-01,short_rains,109.78335268050432,0.03500000805835377,0.5636971449986296,0.7220218017228597
Narok,2024,1,2024-01-01,hot_dry,226.46457147598267,1.8374170458074734,0.5229882644376307,0.3730489378156014
Narok,2024,2,2024-02-01,hot_dry,76.63300416246057,0.12026198631104258,0.5915669193578353,1.054980376793328
Narok,2024,3,2024-03-01,long_rains,120.71735712420195,-0.15141940117689898,0.5525491990057988,0.4486836287430233
Narok,2024,4,2024-04-01,long_rains,361.5513738244772,1.306818243504659,0.5524451919743679,1.0451349801031533
Narok,2024,5,2024-05-01,long_rains,198.17824303358793,1.4898179779256089,0.559628328871336,0.20826790014577926
Narok,2024,6,2024-06-01,cool_dry,51.04841972887516,-0.8247801618380585,0.611032888542284,1.0438012513950499
Narok,2024,7,2024-07-01,cool_dry,80.15657910704613,1.747236956853348,0.5054591877479037,0.3690061354032476
Narok,2024,8,2024-08-01,cool_dry,33.03087577410042,-1.5000894334129689,0.4610320091552073,1.3570121699289481
Narok,2024,9,2024-09-01,cool_dry,59.85371392220259,-0.3456706490761985,0.4160892091268505,0.32543724979220945
Narok,2024,10,2024-10-01,short_rains,54.02781382575631,-0.6999537638542052,0.4322303759098622,1.0325822644528273
Narok,2024,11,2024-11-01,short_rains,175.5611140280962,0.6005696438187248,0.4390355887514871,0.5870115196625604
Narok,2024,12,2024-12-01,short_rains,117.64582539349794,0.13296365668928498,0.5908547573418692,1.0057887577182334
Nyamira,2017,1,2017-01-01,hot_dry,32.18582884967327,-0.8257460936026336,0.6020152391927824,-0.5001555896481581
Nyamira,2017,2,2017-02-01,hot_dry,105.19965529441833,-0.13174788526353765,0.5069114760059181,-0.6122754555872907
Nyamira,2017,3,2017-03-01,long_rains,139.04975572228432,-0.6907571458567496,0.6684744198206776,0.4261229335238156
Nyamira,2017,4,2017-04-01,long_rains,235.75741362571716,-1.2413264844461538,0.7327698850720541,1.4568902511451305
Nyamira,2017,5,2017-05-01,long_rains,216.37593649327755,-0.5533158964301922,0.7603437147987621,1.201713916416724
Nyamira,2017,6,2017-06-01,cool_dry,130.32780140638351,-0.3066920885843985,0.7020124721258778,0.5653972795876023
Nyamira,2017,7,2017-07-01,cool_dry,144.71879303455353,1.4124986990713477,0.6980623851770041,0.9919475487684393
Nyamira,2017,8,2017-08-01,cool_dry,147.8822372406721,0.10157957540169424,0.6872232071416328,1.3927745639186069
Nyamira,2017,9,2017-09-01,cool_dry,172.7075398415327,-0.004371256324229546,,
Nyamira,2017,10,2017-10-01,short_rains,157.07255785167217,-0.5821269793039975,0.7068231075881242,1.1614454096787683
Nyamira,2017,11,2017-11-01,short_rains,140.39769834280014,-1.007596387964955,0.7131816659008959,1.8813424468117066
Nyamira,2017,12,2017-12-01,short_rains,107.14311987161636,-0.5733523116111593,0.6733253726863668,-1.0889958305287684
Nyamira,2018,1,2018-01-01,hot_dry,45.238916493952274,-0.6655918560818008,0.6376070251118101,-0.0030924383849042867
Nyamira,2018,2,2018-02-01,hot_dry,52.27099942415953,-0.7328443067291801,0.6091232996606187,0.34831213481858003
Nyamira,2018,3,2018-03-01,long_rains,262.1047551333904,0.8967958368129849,0.7178249754496692,1.437960048848624
Nyamira,2018,4,2018-04-01,long_rains,368.48328948020935,1.124899441382697,,
Nyamira,2018,5,2018-05-01,long_rains,269.9008736014366,1.6272889006587712,0.7480987166221946,1.002678936910854
Nyamira,2018,6,2018-06-01,cool_dry,144.98965561389923,0.09840734603631185,0.7041050897868916,0.5906752631330165
Nyamira,2018,7,2018-07-01,cool_dry,76.78962486982346,-0.7797621581793147,0.7378853473549398,2.0001724751157397
Nyamira,2018,8,2018-08-01,cool_dry,120.3069129139185,-0.5398848321841094,,
Nyamira,2018,9,2018-09-01,cool_dry,71.07765537500381,-1.8152284997792087,0.686988758111783,1.1496903701898498
Nyamira,2018,10,2018-10-01,short_rains,213.58722305297852,0.2121739134662761,0.6553139026086141,-0.04685623935850681
Nyamira,2018,11,2018-11-01,short_rains,140.9831593632698,-1.0018566106563733,,
Nyamira,2018,12,2018-12-01,short_rains,181.61147360503674,0.12511522157605967,0.7017967860667221,-0.1882197316300824
Nyamira,2019,1,2019-01-01,hot_dry,29.651702240109444,-0.8568384394135367,0.6803727011742308,0.5941588981412015
Nyamira,2019,2,2019-02-01,hot_dry,57.50083789229393,-0.6734504465158246,0.5779800499188638,0.055627608144792715
Nyamira,2019,3,2019-03-01,long_rains,98.80543300509453,-1.2099558364499878,0.5767084224719503,-1.4553602809770763
Nyamira,2019,4,2019-04-01,long_rains,242.01313149929047,-1.1298000641319412,0.6147015346352684,-0.457282146086532
Nyamira,2019,5,2019-05-01,long_rains,216.83075015246868,-0.534786797647513,0.7258836520417514,0.6415866068236665
Nyamira,2019,6,2019-06-01,cool_dry,188.9323651790619,1.3125216421274934,0.4621464021441743,-2.332088813100411
Nyamira,2019,7,2019-07-01,cool_dry,96.09073835611343,-0.1568622060595414,0.6374594751436031,-0.5423774025459972
Nyamira,2019,8,2019-08-01,cool_dry,127.07384097576141,-0.3824707815303362,0.6171187135261171,-0.626600828724091
Nyamira,2019,9,2019-09-01,cool_dry,157.9091758131981,-0.2680508308180783,0.6486834224720581,-0.44728096572145404
Nyamira,2019,10,2019-10-01,short_rains,295.97293868660927,1.3700865941167872,0.6668784097962824,0.22442368256460518
Nyamira,2019,11,2019-11-01,short_rains,272.10572266578674,0.2836505147933966,0.6037961236535014,-1.0534207814055379
Nyamira,2019,12,2019-12-01,short_rains,312.5909087061882,1.353622075116177,0.7620007817627396,1.7165090451502676
Nyamira,2020,1,2020-01-01,hot_dry,181.736079454422,1.0091535875582789,0.700509628118127,0.875384582805143
Nyamira,2020,2,2020-02-01,hot_dry,119.19154554605484,0.027154225918255066,0.662437695802224,0.8493612844416278
Nyamira,2020,3,2020-03-01,long_rains,319.22200405597687,1.633674950403537,0.6613489013148979,0.2800280416185634
Nyamira,2020,4,2020-04-01,long_rains,307.42421650886536,0.03634334377394417,0.693181741138759,0.815071066796317
Nyamira,2020,5,2020-05-01,long_rains,211.14880579710007,-0.7662690895943948,0.7099975990629542,0.38336850148210916
Nyamira,2020,6,2020-06-01,cool_dry,148.17692720890045,0.18647000870116023,0.6590030745038461,0.04586097553996654
Nyamira,2020,7,2020-07-01,cool_dry,116.31805969774723,0.49592901783356413,0.6527917443485625,-0.15419995053134064
Nyamira,2020,8,2020-08-01,cool_dry,134.19054147601128,-0.21692023292158258,0.651915091543544,0.3757165106872803
Nyamira,2020,9,2020-09-01,cool_dry,176.34946131706238,0.06052107252840404,0.6543607941021651,-0.21058809760847358
Nyamira,2020,10,2020-10-01,short_rains,297.8969075977802,1.3971275439014463,0.6923309594591092,0.8214889593831953
Nyamira,2020,11,2020-11-01,short_rains,445.2941457629204,1.981565399382152,0.6155276959362314,-0.7386681528848479
Nyamira,2020,12,2020-12-01,short_rains,99.03702819347382,-0.6493824851596409,0.740034969732783,1.0215565956474206
Nyamira,2021,1,2021-01-01,hot_dry,90.98725606501102,-0.10428478134854488,0.7107783035904314,1.0187935199451743
Nyamira,2021,2,2021-02-01,hot_dry,137.37211164832115,0.23362599521993044,0.6830475103790083,1.0430524976021183
Nyamira,2021,3,2021-03-01,long_rains,142.73233515024185,-0.6432475771049696,0.6774943170095402,0.611058374184661
Nyamira,2021,4,2021-04-01,long_rains,380.5446013212204,1.3399275102800918,0.6182153931370975,-0.4003140345892837
Nyamira,2021,5,2021-05-01,long_rains,220.39441019296646,-0.3896033635446237,0.6247331537060054,-1.0025530715137456
Nyamira,2021,6,2021-06-01,cool_dry,107.77162329852581,-0.9299076020774525,0.6557108902982248,0.006092708393711158
Nyamira,2021,7,2021-07-01,cool_dry,91.06553506851196,-0.3190393203209821,0.6470008996098048,-0.3008106919456868
Nyamira,2021,8,2021-08-01,cool_dry,175.25927639007568,0.7384314213249505,0.6171667016212325,-0.6252185210656499
Nyamira,2021,9,2021-09-01,cool_dry,214.8426994085312,0.7463996346055904,0.6787419940299125,0.8058780622482878
Nyamira,2021,10,2021-10-01,short_rains,144.68959420919418,-0.7561667447582702,0.6700598479290603,0.29905377914005576
Nyamira,2021,11,2021-11-01,short_rains,155.71683901548386,-0.8574096924450674,0.6644725613178075,0.5744998232542874
Nyamira,2021,12,2021-12-01,short_rains,0.0,-1.5782891321914299,0.7090646783615228,0.04172121232893601
Nyamira,2022,1,2022-01-01,hot_dry,152.29902130365372,0.6479770037896868,0.6049085226440537,-0.45974894658004856
Nyamira,2022,2,2022-02-01,hot_dry,308.5873394012451,2.1780710035152886,0.3488007906664369,-2.098201024832218
Nyamira,2022,3,2022-03-01,long_rains,161.18568554520607,-0.40517783918312184,0.6487929928679651,0.022593570591789108
Nyamira,2022,4,2022-04-01,long_rains,255.3185920715332,-0.8925914146621872,0.5682509162256384,-1.210358573978696
Nyamira,2022,5,2022-05-01,long_rains,268.88089521229267,1.5857350028223303,0.6524721391025602,-0.5516727765307535
Nyamira,2022,6,2022-06-01,cool_dry,137.9957726150751,-0.09483001729626937,0.6416102676305477,-0.16423716811175773
Nyamira,2022,7,2022-07-01,cool_dry,75.38488900661469,-0.8250968432768979,0.634086644113778,-0.6277696519078849
Nyamira,2022,8,2022-08-01,cool_dry,233.1908861398697,2.086051680956489,0.5840581178344129,-1.5789185756018889
Nyamira,2022,9,2022-09-01,cool_dry,186.629578769207,0.2436938198900822,0.6403107835095827,-0.7963410693781637
Nyamira,2022,10,2022-10-01,short_rains,115.50648522377014,-1.1663287697541946,0.5639513601778784,-2.1900364869125046
Nyamira,2022,11,2022-11-01,short_rains,244.11905562877655,0.00927317661809712,0.6182623928030722,-0.6652975077316355
Nyamira,2022,12,2022-12-01,short_rains,315.1288524866104,1.3774264328440933,0.7170174664469505,0.29333082971106306
Nyamira,2023,1,2023-01-01,hot_dry,26.013491213321686,-0.9014772964268394,0.6740435661684823,0.5057682847034518
Nyamira,2023,2,2023-02-01,hot_dry,21.90501018986106,-1.0777026289911955,0.5601825061548238,-0.11163385993347451
Nyamira,2023,3,2023-03-01,long_rains,261.3935910612345,0.8876209910178385,0.5760303968342319,-1.4692618773550972
Nyamira,2023,4,2023-04-01,long_rains,333.98541927337646,0.5098742675516525,0.585789482655769,-0.9260161602550077
Nyamira,2023,5,2023-05-01,long_rains,214.73794574290514,-0.6200476046923016,0.6840904950083663,-0.03773567919706101
Nyamira,2023,6,2023-06-01,cool_dry,189.24879720807076,1.3212644951277415,0.6977671171497029,0.5141150911441552
Nyamira,2023,7,2023-07-01,cool_dry,63.64550691843033,-1.2039589511982864,0.6171463047640847,-1.0566597057624414
Nyamira,2023,8,2023-08-01,cool_dry,108.39420638978481,-0.8170013274498816,0.6641801381542535,0.7290138820529416
Nyamira,2023,9,2023-09-01,cool_dry,264.48819121718407,1.630990804992999,0.6828960215421583,0.979061843433168
Nyamira,2023,10,2023-10-01,short_rains,224.94430992007256,0.3717952118614725,0.652782023214873,-0.10624900319242414
Nyamira,2023,11,2023-11-01,short_rains,291.5283939242363,0.47406764567575244,0.6383332209961466,-0.12680652134806714
Nyamira,2023,12,2023-12-01,short_rains,173.52297487854958,0.04925005913535961,0.6727238202267072,-1.1080276948994006
Nyamira,2024,1,2024-01-01,hot_dry,237.7821249961853,1.6968078755253897,0.4923926663438775,-2.0311083109818697
Nyamira,2024,2,2024-02-01,hot_dry,132.37666353583336,0.17689404284626387,0.6280043934574436,0.5257568153458623
Nyamira,2024,3,2024-03-01,long_rains,156.24229204654694,-0.4689533796395316,0.6548538274123931,0.14685918956472482
Nyamira,2024,4,2024-04-01,long_rains,319.55855917930603,0.2526734002518967,0.6874416028692193,0.7220095969680519
Nyamira,2024,5,2024-05-01,long_rains,221.39102858304977,-0.3490011515720761,0.5856770370868827,-1.6373864343918008
Nyamira,2024,6,2024-06-01,cool_dry,83.98087015748024,-1.5872337840345867,0.7192967687948126,0.7741846634137203
Nyamira,2024,7,2024-07-01,cool_dry,143.59688863158226,1.3762917621301105,0.646625986503169,-0.31030262119081675
Nyamira,2024,8,2024-08-01,cool_dry,101.82630775123835,-0.9697855035972238,0.6504402358992872,0.333232968732801
Nyamira,2024,9,2024-09-01,cool_dry,139.61862459778786,-0.593954745095559,0.6239022995648809,-1.4804201431632467
Nyamira,2024,10,2024-10-01,short_rains,138.2580415159464,-0.8465607695295201,0.6503512465680942,-0.1632701013031891
Nyamira,2024,11,2024-11-01,short_rains,255.24046993255615,0.11830595459699773,0.647843531747865,0.1283506933041005
Nyamira,2024,12,2024-12-01,short_rains,157.14238268136978,-0.10438985970945937,0.6860038766390033,-0.6878744257794219
Nyandarua,2017,1,2017-01-01,hot_dry,20.05972558632493,-0.9455329202497184,0.4326163819987244,-1.888691834626603
Nyandarua,2017,2,2017-02-01,hot_dry,44.275354109704494,0.2440829879614844,0.414548683649744,-0.7001340330208352
Nyandarua,2017,3,2017-03-01,long_rains,37.448708571493626,-0.80747145403318,0.3630894089445382,-0.8608140135768299
Nyandarua,2017,4,2017-04-01,long_rains,86.25758273899555,-1.0527349330344373,0.3565728364606575,-0.38840359547866843
Nyandarua,2017,5,2017-05-01,long_rains,123.24531514942646,-0.5302310599611698,0.5571612805547131,0.0469784351753387
Nyandarua,2017,6,2017-06-01,cool_dry,51.459962867200375,-0.6905145665464703,0.5065329586893952,-0.46839416755948343
Nyandarua,2017,7,2017-07-01,cool_dry,138.38985157757998,1.2528723492326388,0.6851412595518925,1.0947301762310964
Nyandarua,2017,8,2017-08-01,cool_dry,138.31535088270903,1.0880866694395055,0.6299414021826902,0.8978922291331576
Nyandarua,2017,9,2017-09-01,cool_dry,96.38775044307113,0.9539807322499332,0.593318748512097,0.7350783537911613
Nyandarua,2017,10,2017-10-01,short_rains,152.18493707105517,0.8123212547299944,0.6004016523389385,1.2273992239060265
Nyandarua,2017,11,2017-11-01,short_rains,118.14164674282074,-0.3346623666764266,0.6711718231356189,1.8014065239888142
Nyandarua,2017,12,2017-12-01,short_rains,20.590455271303654,-0.6814598701825373,0.5878072404216642,0.7315271767508321
Nyandarua,2018,1,2018-01-01,hot_dry,32.3805417381227,-0.5488057985010354,0.5060035250312676,-0.19758405351332362
Nyandarua,2018,2,2018-02-01,hot_dry,22.804101645946503,-0.8404384819903029,0.4390692711867778,-0.4112347154009066
Nyandarua,2018,3,2018-03-01,long_rains,224.5130303800106,1.7161622144492834,0.5317562631679594,1.0823154230538439
Nyandarua,2018,4,2018-04-01,long_rains,390.6166275590658,1.2658335390511002,,
Nyandarua,2018,5,2018-05-01,long_rains,320.2757126092911,1.466369799446523,0.6393669471478471,0.9005244499721827
Nyandarua,2018,6,2018-06-01,cool_dry,264.3802332878113,2.0123678647630343,0.7685636439413395,1.9383513261531227
Nyandarua,2018,7,2018-07-01,cool_dry,92.00171073898673,-0.08887387725699676,0.6127480178005282,0.5035466181395285
Nyandarua,2018,8,2018-08-01,cool_dry,100.74132019281387,-0.12283860881804229,,
Nyandarua,2018,9,2018-09-01,cool_dry,62.45661300420761,-1.1167629895172524,0.6165127117702665,1.0642037884929392
Nyandarua,2018,10,2018-10-01,short_rains,86.18601100891829,-0.7452712573534057,0.5544406440789386,0.5287590828411188
Nyandarua,2018,11,2018-11-01,short_rains,79.1409293487668,-1.0754708461193438,0.5860947795179187,0.40988488973716275
Nyandarua,2018,12,2018-12-01,short_rains,115.158098988235,1.1816222718923215,0.5503539732318855,0.26139647621217144
Nyandarua,2019,1,2019-01-01,hot_dry,27.040040519088507,-0.7207685687606679,0.523837236795118,0.2133697932198173
Nyandarua,2019,2,2019-02-01,hot_dry,18.672059882432222,-1.0491495487914964,0.43857514164174,-0.41705650446536785
Nyandarua,2019,3,2019-03-01,long_rains,29.399695992469788,-0.9160584841310733,0.3722422607940259,-0.7553684241648146
Nyandarua,2019,4,2019-04-01,long_rains,143.91466531157494,-0.6135106151757563,0.336635973957553,-0.5446438649583839
Nyandarua,2019,5,2019-05-01,long_rains,93.26973207294941,-0.8339876158191671,0.4096803853080664,-1.4843239143266855
Nyandarua,2019,6,2019-06-01,cool_dry,150.71396413445473,0.5694495304954811,0.4045225100770838,-1.4053576658353408
Nyandarua,2019,7,2019-07-01,cool_dry,103.28326787799597,0.23743768527925024,0.5542441775002825,0.02578781588132877
Nyandarua,2019,8,2019-08-01,cool_dry,130.78784034401178,0.8454921799398746,0.6056439266567386,0.6704500505259161
Nyandarua,2019,9,2019-09-01,cool_dry,72.27727136388421,-0.5174295106864325,0.5827210065807998,0.5846949811363443
Nyandarua,2019,10,2019-10-01,short_rains,195.45546767115593,1.8335174843949833,0.4931392499439563,-0.40306587634308966
Nyandarua,2019,11,2019-11-01,short_rains,193.18363079428673,1.0907405954757954,0.6163318363329082,0.9044427272570427
Nyandarua,2019,12,2019-12-01,short_rains,150.3285967335105,1.8745181049876658,0.6419383742811596,1.411006159274999
Nyandarua,2020,1,2020-01-01,hot_dry,79.5572208315134,0.9702711749550784,0.5837747879832893,1.59454986109961
Nyandarua,2020,2,2020-02-01,hot_dry,60.96804126352072,1.0872372305963605,0.6337174927190244,1.882092811587104
Nyandarua,2020,3,2020-03-01,long_rains,194.35548429191113,1.3093149977756315,0.5519417944770543,1.3148631886555915
Nyandarua,2020,4,2020-04-01,long_rains,355.4858949780464,0.9982120888268335,0.5987682975194693,1.509622440298036
Nyandarua,2020,5,2020-05-01,long_rains,163.62115013599396,-0.12108390361995022,0.6354836096838735,0.8602035407957974
Nyandarua,2020,6,2020-06-01,cool_dry,152.45287334918976,0.5915238363230325,0.5180773819043802,-0.3623589201095082
Nyandarua,2020,7,2020-07-01,cool_dry,101.36605024337769,0.18198343597964678,0.562088304836838,0.08984516428513624
Nyandarua,2020,8,2020-08-01,cool_dry,135.13153685629368,0.9854796077250934,0.5793923531745802,0.42471608288499757
Nyandarua,2020,9,2020-09-01,cool_dry,88.0731703415513,0.4465599428533365,0.5501617515296484,0.1226748057572265
Nyandarua,2020,10,2020-10-01,short_rains,139.4685963317752,0.5122121726828752,0.5553311755339319,0.5422957967839398
Nyandarua,2020,11,2020-11-01,short_rains,110.45293404906988,-0.48070746379557405,0.5335707982267691,-0.4491982797731802
Nyandarua,2020,12,2020-12-01,short_rains,33.210187911987305,-0.4328378511017404,0.5559937165751088,0.3321891383148622
Nyandarua,2021,1,2021-01-01,hot_dry,70.72020732238889,0.6857216052565124,0.5498624166014815,0.8130849784246281
Nyandarua,2021,2,2021-02-01,hot_dry,52.20606967061758,0.6446665734979559,0.510812688278676,0.4340396570123804
Nyandarua,2021,3,2021-03-01,long_rains,61.437771677970886,-0.48384155632972503,0.4840635882852737,0.5328711300249036
Nyandarua,2021,4,2021-04-01,long_rains,100.80963259935379,-0.9418792690261947,0.4454731745843683,0.30828640692885756
Nyandarua,2021,5,2021-05-01,long_rains,204.58824837207794,0.29405479883466173,0.5299330702471491,-0.23573358896160512
Nyandarua,2021,6,2021-06-01,cool_dry,38.60989560931921,-0.8536376969269697,0.5575380854635866,8.668574971727513e-05
Nyandarua,2021,7,2021-07-01,cool_dry,114.26914846897125,0.5551969996457241,0.5164665859883821,-0.28271461370788364
Nyandarua,2021,8,2021-08-01,cool_dry,86.37036379054189,-0.5859817441359225,0.5248744643413594,-0.08561131289944501
Nyandarua,2021,9,2021-09-01,cool_dry,76.36276260018349,-0.26810084190411826,0.5236843000748918,-0.25304376475368384
Nyandarua,2021,10,2021-10-01,short_rains,102.59894825518131,-0.3579214975708704,0.5390880946296065,0.2953893697070811
Nyandarua,2021,11,2021-11-01,short_rains,57.28496120497584,-1.4906192743844895,0.5369131257256052,-0.39453111192607077
Nyandarua,2021,12,2021-12-01,short_rains,0.0,-1.0871135166663686,0.501763906252252,-0.34852847673264886
Nyandarua,2022,1,2022-01-01,hot_dry,33.18089930340648,-0.5230344900639328,0.5006046016987554,-0.3219949636532179
Nyandarua,2022,2,2022-02-01,hot_dry,58.02170239016414,0.9384164866131051,0.4040038351064492,-0.8243724732279608
Nyandarua,2022,3,2022-03-01,long_rains,48.8555752877146,-0.6535845309756984,0.3580303884820143,-0.9190965470746415
Nyandarua,2022,4,2022-04-01,long_rains,142.90689834952354,-0.621187655648804,0.3247660006896911,-0.637665915032661
Nyandarua,2022,5,2022-05-01,long_rains,83.15656828507781,-0.936469018539315,0.4290498852868197,-1.2832093172357193
Nyandarua,2022,6,2022-06-01,cool_dry,45.75423242151737,-0.7629450521407224,0.4851008088881307,-0.6652479440748968
Nyandarua,2022,7,2022-07-01,cool_dry,49.106439262628555,-1.3295911726086735,0.2755401522020395,-2.2501875838133887
Nyandarua,2022,8,2022-08-01,cool_dry,96.867954287678,-0.24766835426590922,0.3359197739306162,-1.8543657005383678
Nyandarua,2022,9,2022-09-01,cool_dry,98.70079354941845,1.0951407360746093,0.440193229954569,-1.4377931946463554
Nyandarua,2022,10,2022-10-01,short_rains,62.80197896808386,-1.2971407404239417,0.4772037886219883,-0.6452962661320649
Nyandarua,2022,11,2022-11-01,short_rains,170.12847271561623,0.652813866410552,0.5229894362082703,-0.6222672246080998
Nyandarua,2022,12,2022-12-01,short_rains,37.029942475259304,-0.3575846647662234,0.3850114570029846,-1.8140591199482592
Nyandarua,2023,1,2023-01-01,hot_dry,28.100081492215395,-0.6866355211587085,0.51410986091632,-0.01078447084731051
Nyandarua,2023,2,2023-02-01,hot_dry,8.867489285767078,-1.5443822947009203,0.3960027746230259,-0.9186402353851961
Nyandarua,2023,3,2023-03-01,long_rains,113.10002813860774,0.21311983392028266,0.3434876746286728,-1.086636135733197
Nyandarua,2023,4,2023-04-01,long_rains,187.07300578057766,-0.28473586961785974,0.240970219760696,-1.2943527629040703
Nyandarua,2023,5,2023-05-01,long_rains,94.04734267294407,-0.8261077251411303,0.5482851809097754,-0.045182601804915755
Nyandarua,2023,6,2023-06-01,cool_dry,90.4955863058567,-0.19498306745936236,0.6179858298334957,0.5552977528332841
Nyandarua,2023,7,2023-07-01,cool_dry,39.24585701525211,-1.6148019782635712,0.5799113983408098,0.23539355497698142
Nyandarua,2023,8,2023-08-01,cool_dry,44.795417319983244,-1.9258474093051112,0.4513665378067722,-0.7736993794177367
Nyandarua,2023,9,2023-09-01,cool_dry,95.72174973785877,0.9133361537563337,0.4338843529531719,-1.5273170014426565
Nyandarua,2023,10,2023-10-01,short_rains,109.2206454128027,-0.20164765304975454,0.3874538700512847,-2.009559108585218
Nyandarua,2023,11,2023-11-01,short_rains,199.96933832019567,1.21963334438147,0.475388909330497,-1.4008222864158448
Nyandarua,2023,12,2023-12-01,short_rains,45.08991847187281,-0.1987946520871394,0.458934701931064,-0.8861404220138506
Nyandarua,2024,1,2024-01-01,hot_dry,104.35596929490566,1.768784518522472,0.5058140907957082,-0.20194931010359143
Nyandarua,2024,2,2024-02-01,hot_dry,49.729361191391945,0.5195670468138139,0.5550555915304664,0.9553054929007867
Nyandarua,2024,3,2024-03-01,long_rains,69.30988537892699,-0.3776410206755209,0.4978645524812388,0.6918653788151435
Nyandarua,2024,4,2024-04-01,long_rains,388.538511402905,1.2500027146251182,0.5397559563233915,1.0471572911468905
Nyandarua,2024,5,2024-05-01,long_rains,322.3564345538616,1.4874547247995475,0.6721336544025447,1.2407429963855983
Nyandarua,2024,6,2024-06-01,cool_dry,52.9766795411706,-0.6712608485080234,0.6019079626981576,0.4076229328431018
Nyandarua,2024,7,2024-07-01,cool_dry,122.93242593109608,0.8057765579919817,0.622550796984914,0.5835988680072024
Nyandarua,2024,8,2024-08-01,cool_dry,103.41343825310469,-0.03672234057948826,0.6110033339069267,0.7206180303114824
Nyandarua,2024,9,2024-09-01,cool_dry,56.06672126427293,-1.5067242228264097,0.59165728971402,0.7115020316650331
Nyandarua,2024,10,2024-10-01,short_rains,94.20293155312538,-0.5560697634098806,0.5501854949406281,0.46407777782221404
Nyandarua,2024,11,2024-11-01,short_rains,157.7807530835271,0.418272144708017,0.5458160185951042,-0.24891523825982656
Nyandarua,2024,12,2024-12-01,short_rains,40.03662659972906,-0.2983498220759782,0.5544338575849546,0.3126090681418959
Nyeri,2017,1,2017-01-01,hot_dry,23.41127936542034,-1.1569722433429857,0.5678969925966456,-1.9576892328669506
Nyeri,2017,2,2017-02-01,hot_dry,61.03741141408682,0.45036361862625873,0.5745903669610752,-0.35268333890606757
Nyeri,2017,3,2017-03-01,long_rains,42.17396581545472,-0.796991176318265,0.5025612777121244,-0.4674150065869041
Nyeri,2017,4,2017-04-01,long_rains,126.66724552959204,-1.1093610315076055,,
Nyeri,2017,5,2017-05-01,long_rains,142.07284327596426,-0.6125986247452976,,
Nyeri,2017,6,2017-06-01,cool_dry,27.028853088617325,-0.8524238762737759,0.5084059302250399,-0.39933347304983896
Nyeri,2017,7,2017-07-01,cool_dry,47.88328776881099,-0.18723732337575014,0.5183297286339204,0.20472365949131885
Nyeri,2017,8,2017-08-01,cool_dry,76.37601149827242,1.1948418627544084,0.4723244630960567,-0.1283502170175316
Nyeri,2017,9,2017-09-01,cool_dry,54.493155382573605,0.319383439513915,0.4302044273528899,-0.5683137182810347
Nyeri,2017,10,2017-10-01,short_rains,157.98714645951986,0.06433538400042825,0.5551041324413153,0.8204357649272976
Nyeri,2017,11,2017-11-01,short_rains,170.65699069201946,-0.3830979405357464,0.6210479941018944,0.694044507571183
Nyeri,2017,12,2017-12-01,short_rains,26.210124254226685,-0.7749102089977239,0.652128510895325,0.8713033972830108
Nyeri,2018,1,2018-01-01,hot_dry,30.461702302098274,-0.9550373554211192,0.6129097304816808,-0.48835217966355665
Nyeri,2018,2,2018-02-01,hot_dry,24.77804170548916,-0.9829241542140571,0.5636397670750711,-0.5753785645562935
Nyeri,2018,3,2018-03-01,long_rains,244.27081713080406,1.8861787630639184,0.5234859594891035,-0.05416819718785256
Nyeri,2018,4,2018-04-01,long_rains,473.69300347566605,0.9160040836001895,,
Nyeri,2018,5,2018-05-01,long_rains,328.8052882626653,1.3833230576737656,0.7135467066195155,1.2216751786802331
Nyeri,2018,6,2018-06-01,cool_dry,147.6577418372035,1.7509925291896624,,
Nyeri,2018,7,2018-07-01,cool_dry,62.619211941957474,0.876279225103452,0.5226097567717413,0.234112281571075
Nyeri,2018,8,2018-08-01,cool_dry,53.55187411233783,-0.3615576717078411,,
Nyeri,2018,9,2018-09-01,cool_dry,54.18927662074566,0.2924882394020836,0.5731021151501502,0.9500936490559873
Nyeri,2018,10,2018-10-01,short_rains,101.94885841012001,-0.5878775537714891,0.5239520203976202,0.37484345613335823
Nyeri,2018,11,2018-11-01,short_rains,139.5527255386114,-0.8349787879167174,,
Nyeri,2018,12,2018-12-01,short_rains,164.98783637583256,1.1656026688887304,0.5449538746573594,-0.2853262335561661
Nyeri,2019,1,2019-01-01,hot_dry,54.23209070041776,-0.2742171039007747,0.6550679689540753,0.8878063211475626
Nyeri,2019,2,2019-02-01,hot_dry,29.704938419163227,-0.7881700568729291,0.5754903121357676,-0.33438173937387206
Nyeri,2019,3,2019-03-01,long_rains,35.72321569919586,-0.8826355526940454,0.5211043069180242,-0.10120405353135782
Nyeri,2019,4,2019-04-01,long_rains,195.7577576637268,-0.7061243556780455,0.474767511862827,-0.3280542123293453
Nyeri,2019,5,2019-05-01,long_rains,158.32818323373795,-0.4388506428178711,0.5587210571905029,-1.1984545883087798
Nyeri,2019,6,2019-06-01,cool_dry,100.62397032231092,0.7359082185988842,0.4517328986246579,-1.031666837558203
Nyeri,2019,7,2019-07-01,cool_dry,41.974446929991245,-0.6136883515281775,0.5336947237722377,0.31022671247059186
Nyeri,2019,8,2019-08-01,cool_dry,70.94399968907237,0.8244278353553961,0.5550051544503642,0.5897020489669959
Nyeri,2019,9,2019-09-01,cool_dry,56.494821693748236,0.49654361902864613,0.5470273269962133,0.6730272315023155
Nyeri,2019,10,2019-10-01,short_rains,347.74029529094696,2.2728157455296443,0.5232619950566437,0.3649734998241109
Nyeri,2019,11,2019-11-01,short_rains,279.7231647968292,1.2014087157702578,0.6319646532179373,0.793052065681543
Nyeri,2019,12,2019-12-01,short_rains,214.06042808294296,1.8517791067555593,0.6970946775543789,1.3565786692012256
Nyeri,2020,1,2020-01-01,hot_dry,106.97105187922716,1.2363073441228498,0.6584109553912754,0.9969304062694216
Nyeri,2020,2,2020-02-01,hot_dry,78.43766312301159,1.138173920326901,0.6433257842996785,1.0451441256830225
Nyeri,2020,3,2020-03-01,long_rains,187.17957181483507,1.128198061055488,0.5561458278638054,0.5908397673340863
Nyeri,2020,4,2020-04-01,long_rains,521.0807937383652,1.1925759952881687,0.6425043678172663,1.1237313851385198
Nyeri,2020,5,2020-05-01,long_rains,225.48188450932506,0.278933181199336,0.6865669295319389,0.7999455629662053
Nyeri,2020,6,2020-06-01,cool_dry,105.64598700404167,0.8442935378483921,0.5533616877893242,0.10226357640912455
Nyeri,2020,7,2020-07-01,cool_dry,44.58790932223201,-0.42507035442683844,0.6032186763272706,0.7876098280337096
Nyeri,2020,8,2020-08-01,cool_dry,73.1439311876893,0.9744432467770896,0.5781373859535216,0.7905972153721985
Nyeri,2020,9,2020-09-01,cool_dry,67.94666640460491,1.510104597411518,0.5756585934250359,0.9772583674419898
Nyeri,2020,10,2020-10-01,short_rains,155.6552758216858,0.0371954364369851,0.5623706570049629,0.9243743824015161
Nyeri,2020,11,2020-11-01,short_rains,159.81662663817406,-0.5405860814839389,0.6019681396052164,0.521001657855289
Nyeri,2020,12,2020-12-01,short_rains,64.34492821246386,-0.24167560637082586,0.6153589168968319,0.47448561067392403
Nyeri,2021,1,2021-01-01,hot_dry,95.02083456516266,0.8940348569783249,0.6463919431366216,0.6045974605647443
Nyeri,2021,2,2021-02-01,hot_dry,62.71107820421457,0.5165215845638246,0.663708559092718,1.4596553560417471
Nyeri,2021,3,2021-03-01,long_rains,79.84904226660728,-0.2967922274493351,0.5586638845196669,0.6405695022954859
Nyeri,2021,4,2021-04-01,long_rains,149.624007999897,-0.9753772427007908,0.4957905479806445,-0.1460969383764804
Nyeri,2021,5,2021-05-01,long_rains,245.8998219370842,0.4971737982771158,0.5897024518944661,-0.714174394281401
Nyeri,2021,6,2021-06-01,cool_dry,22.673364900052547,-0.9464241569821952,0.5961963077056489,0.5801938823104599
Nyeri,2021,7,2021-07-01,cool_dry,52.91980487853289,0.17625662718684648,0.5323524412323923,0.30100998935160445
Nyeri,2021,8,2021-08-01,cool_dry,43.322235096246004,-1.059126439944128,0.4429837162459022,-0.3831641211629302
Nyeri,2021,9,2021-09-01,cool_dry,34.32554354146123,-1.4655782767364893,0.4305541916280068,-0.564597180523459
Nyeri,2021,10,2021-10-01,short_rains,119.15774157643318,-0.3875884900552571,0.4516163291537795,-0.6598288519380322
Nyeri,2021,11,2021-11-01,short_rains,91.98800582066178,-1.5259961048530872,0.5197064028350484,-0.2250630123845757
Nyeri,2021,12,2021-12-01,short_rains,0.0,-1.1414033790376166,0.5601973093752117,-0.12081895002983335
Nyeri,2022,1,2022-01-01,hot_dry,43.2161545753479,-0.5897303499498942,0.6426426839500734,0.4822115381858702
Nyeri,2022,2,2022-02-01,hot_dry,46.4496783092618,-0.12627132182186182,0.590429972348923,-0.030563589049655403
Nyeri,2022,3,2022-03-01,long_rains,57.474823385477066,-0.5938469867307148,0.4964578735805491,-0.5879526716624797
Nyeri,2022,4,2022-04-01,long_rains,205.69673565030098,-0.6481169633364092,0.3423549439281008,-1.4741032303435235
Nyeri,2022,5,2022-05-01,long_rains,75.36557827889919,-1.325610638228004,0.6347929667313942,-0.00934998328648367
Nyeri,2022,6,2022-06-01,cool_dry,27.55527625232935,-0.8410625952834467,0.4160172638825266,-1.4301665621060509
Nyeri,2022,7,2022-07-01,cool_dry,38.44419652223587,-0.8684724889062145,0.1703175563542458,-2.184886380663582
Nyeri,2022,8,2022-08-01,cool_dry,62.38053351268172,0.24047697031498796,0.2715276179086812,-1.8721990809739362
Nyeri,2022,9,2022-09-01,cool_dry,55.088318545371294,0.3720591588249521,0.3932180776815629,-0.9613245968861877
Nyeri,2022,10,2022-10-01,short_rains,69.35915823280811,-0.9671793639019683,0.4037297222124326,-1.3447873458396131
Nyeri,2022,11,2022-11-01,short_rains,220.02251023054123,0.33408128522149394,0.3103906571210916,-2.123431426832235
Nyeri,2022,12,2022-12-01,short_rains,58.166474502533674,-0.32806821802477076,0.4370353653272181,-1.4499837494453485
Nyeri,2023,1,2023-01-01,hot_dry,46.94178996235132,-0.4830224586546854,0.6337040894694511,0.190431728935385
Nyeri,2023,2,2023-02-01,hot_dry,13.028640747070312,-1.4473633561979495,0.507441242994351,-1.7182513872005718
Nyeri,2023,3,2023-03-01,long_rains,110.22530980408192,0.10650296194480309,0.4405017436067183,-1.693044372671978
Nyeri,2023,4,2023-04-01,long_rains,325.5862486809492,0.051600656464220435,0.4747975688146607,-0.3277940652702651
Nyeri,2023,5,2023-05-01,long_rains,106.81004808843136,-0.9895110434870543,0.5695842549816509,-1.0286484325716414
Nyeri,2023,6,2023-06-01,cool_dry,61.424548257142305,-0.11009492001778969,0.6482773163068043,1.1612914249295785
Nyeri,2023,7,2023-07-01,cool_dry,37.35187077522278,-0.9473074838904672,0.3981064240446677,-0.6207842927885958
Nyeri,2023,8,2023-08-01,cool_dry,35.24740697443485,-1.6097566134811307,0.4695703066914312,-0.15226908144432397
Nyeri,2023,9,2023-09-01,cool_dry,49.57560992240906,-0.11585056109398988,0.3447005007250435,-1.476864403244989
Nyeri,2023,10,2023-10-01,short_rains,167.43023193255067,0.17424064221544427,0.3976623156508139,-1.4315740681777653
Nyeri,2023,11,2023-11-01,short_rains,289.8902640938759,1.349115707820913,0.5648055590160139,0.18395931567852594
Nyeri,2023,12,2023-12-01,short_rains,60.47901913523674,-0.2957321708898011,0.4488199337993986,-1.3228045813135072
Nyeri,2024,1,2024-01-01,hot_dry,110.19469152390957,1.3286373101682845,0.605937761221361,-0.7159360425724766
Nyeri,2024,2,2024-02-01,hot_dry,81.00530895590782,1.2396697655898132,0.6168370090936536,0.5064591373616795
Nyeri,2024,3,2024-03-01,long_rains,60.731151700019836,-0.5506138428718494,0.6109091816979351,1.672375032011009
Nyeri,2024,4,2024-04-01,long_rains,535.8542062044144,1.2787988578702723,0.6458071085477687,1.152317061181096
Nyeri,2024,5,2024-05-01,long_rains,312.32221525907516,1.20714091212801,0.6948234982257676,0.9290066568018637
Nyeri,2024,6,2024-06-01,cool_dry,39.59649050608277,-0.5811887370797312,0.6353826246222177,1.0174179890649317
Nyeri,2024,7,2024-07-01,cool_dry,78.04022990167141,1.9892401498371493,0.6294881800903244,0.9679882025338782
Nyeri,2024,8,2024-08-01,cool_dry,55.866088673472404,-0.20374919006878228,0.6201755021752842,1.1556832362595275
Nyeri,2024,9,2024-09-01,cool_dry,34.963102996349335,-1.4091502163506358,0.575043327329543,0.970720650935376
Nyeri,2024,10,2024-10-01,short_rains,100.39677411317825,-0.6059418004537873,0.5642714706243013,0.9515631626691247
Nyeri,2024,11,2024-11-01,short_rains,224.56354826688766,0.4000532059768252,0.5617709127891697,0.15643689243026984
Nyeri,2024,12,2024-12-01,short_rains,64.7799896299839,-0.2355921923235514,0.6155516730858955,0.4765658371866939
Samburu,2017,1,2017-01-01,hot_dry,6.410359800327569,-0.9971733374574223,0.2241606407396302,-0.8097760724790305
Samburu,2017,2,2017-02-01,hot_dry,23.41183094214648,0.10510955390825513,0.2027610568272906,-0.6352348139052848
Samburu,2017,3,2017-03-01,long_rains,14.907198906876147,-0.8781028589084968,0.1916162658628279,-0.562569597923608
Samburu,2017,4,2017-04-01,long_rains,66.35856829537079,-1.048724761597812,0.1860448711743768,-0.6823188963978484
Samburu,2017,5,2017-05-01,long_rains,44.468546845018864,-0.4978024339280279,0.3121722366034496,-0.6407181906437663
Samburu,2017,6,2017-06-01,cool_dry,10.124325651675463,-0.7685378674806226,0.2881308678278471,-0.4374583700972764
Samburu,2017,7,2017-07-01,cool_dry,27.674789800308645,1.0964187894958006,0.2245917841735247,-0.5282550465433217
Samburu,2017,8,2017-08-01,cool_dry,28.208264276385307,0.4109737633848452,0.2309872505038981,-0.09357109451783918
Samburu,2017,9,2017-09-01,cool_dry,8.469369144411758,-0.07350043762643564,0.247421268757368,0.060562458560026865
Samburu,2017,10,2017-10-01,short_rains,107.50473768822849,0.9085552831174597,0.2249126810673216,-0.27650373375931947
Samburu,2017,11,2017-11-01,short_rains,90.73444077000022,0.019381576973324557,0.4291439501185971,1.3756003296150954
Samburu,2017,12,2017-12-01,short_rains,24.6097603389062,-0.5549109293488842,0.3043232435521858,-0.18489470809730313
Samburu,2018,1,2018-01-01,hot_dry,3.9326560201589014,-1.2404161239948577,0.2454254674619178,-0.5086911353763961
Samburu,2018,2,2018-02-01,hot_dry,5.494360314682125,-0.9268426221601767,0.2234624020772777,-0.21313359626258527
Samburu,2018,3,2018-03-01,long_rains,165.68884393200278,1.7658536562346248,0.4400724723250215,2.1227468689722673
Samburu,2018,4,2018-04-01,long_rains,246.54271692037582,1.1360978656748637,,
Samburu,2018,5,2018-05-01,long_rains,89.05582477897406,1.3871656479729473,0.4563197786278424,0.8979389974097358
Samburu,2018,6,2018-06-01,cool_dry,58.89348374772817,1.892355803510155,0.4237187358717333,1.4054128822790743
Samburu,2018,7,2018-07-01,cool_dry,19.2064923113212,-0.30137239792740783,0.2837282163818468,0.6777250349849223
Samburu,2018,8,2018-08-01,cool_dry,21.685260727070272,-0.4421160948795683,,
Samburu,2018,9,2018-09-01,cool_dry,6.427325482014567,-0.9851572820734998,0.3035270465709502,1.2399507212246883
Samburu,2018,10,2018-10-01,short_rains,39.03204985894263,-0.7602516530448357,0.24021915342365,0.15113122543420557
Samburu,2018,11,2018-11-01,short_rains,50.00877708569169,-0.9221542481535231,0.2343727978866472,-0.7528886663191022
Samburu,2018,12,2018-12-01,short_rains,111.71177651546896,1.426259935821801,0.3057120658576465,-0.16597494180436134
Samburu,2019,1,2019-01-01,hot_dry,14.512914730235934,-0.20172391569911227,0.2832331499432144,0.02662118343722263
Samburu,2019,2,2019-02-01,hot_dry,11.315421000123024,-0.5915801084792911,0.2130353328428558,-0.4257419348582111
Samburu,2019,3,2019-03-01,long_rains,29.94482813589275,-0.6144179935143067,0.1967683506807589,-0.5068858281460976
Samburu,2019,4,2019-04-01,long_rains,93.15930680185556,-0.7237524465333551,0.210707085070784,-0.44637584755224763
Samburu,2019,5,2019-05-01,long_rains,33.95908069610596,-0.9420997574350409,0.26329502817785,-1.1624424394229216
Samburu,2019,6,2019-06-01,cool_dry,34.96644022502005,0.5868725603977825,0.2966541451673349,-0.32161243925124483
Samburu,2019,7,2019-07-01,cool_dry,20.269650920294225,-0.12588567980157794,0.2717409110052736,0.43326572326287843
Samburu,2019,8,2019-08-01,cool_dry,22.532254000660032,-0.3313448272794649,0.2456980004998431,0.15075770340898115
Samburu,2019,9,2019-09-01,cool_dry,10.864990267902613,0.9960087183964997,0.2267450448682119,-0.37406828218329363
Samburu,2019,10,2019-10-01,short_rains,127.75524794869125,1.402097935740367,0.2432090159566977,0.23466253902165557
Samburu,2019,11,2019-11-01,short_rains,153.34645896404982,1.4669076055277837,0.3775263043506127,0.8115147874073633
Samburu,2019,12,2019-12-01,short_rains,120.13060621358454,1.6177496492508263,0.4241150229198484,1.4470149037662914
Samburu,2020,1,2020-01-01,hot_dry,34.472215867601335,1.7577338955417727,0.4275442617522311,2.0698968042392187
Samburu,2020,2,2020-02-01,hot_dry,33.04207088344265,0.659760780641596,0.3381875449107542,2.126116433117667
Samburu,2020,3,2020-03-01,long_rains,122.30688542127609,1.005150907402096,0.269887797067842,0.28338967444402097
Samburu,2020,4,2020-04-01,long_rains,238.36478655040264,1.0369363830864986,0.3695628261329957,1.073394763078363
Samburu,2020,5,2020-05-01,long_rains,52.954758622683585,-0.13904004522951785,0.4692085279905335,1.0355158618738467
Samburu,2020,6,2020-06-01,cool_dry,39.7033697841689,0.8453241387302057,0.359039273480963,0.5263082575162792
Samburu,2020,7,2020-07-01,cool_dry,23.19099812931381,0.35631672150532506,0.2906698372000554,0.8192867783581261
Samburu,2020,8,2020-08-01,cool_dry,41.589249631389976,2.16096252448828,0.2794762780481857,0.7117764109323889
Samburu,2020,9,2020-09-01,cool_dry,11.067407661874313,1.0863766209284218,0.2729844619231399,0.5979211968367533
Samburu,2020,10,2020-10-01,short_rains,63.50242779310793,-0.16386296550185775,0.2701808041820772,0.9882051769742756
Samburu,2020,11,2020-11-01,short_rains,54.33885218761861,-0.8220473262490235,0.3406831188768673,0.40888681115223385
Samburu,2020,12,2020-12-01,short_rains,34.810154020320624,-0.32289881686316735,0.3219968746030432,0.05587113193504566
Samburu,2021,1,2021-01-01,hot_dry,16.213795158546418,-0.03474394890055307,0.2466842895091288,-0.4908676956720559
Samburu,2021,2,2021-02-01,hot_dry,25.117455110419545,0.2033445452527554,0.2449987121795779,0.22599258650166537
Samburu,2021,3,2021-03-01,long_rains,34.72565930802375,-0.5305861071912156,0.2295872381630944,-0.1521790561302068
Samburu,2021,4,2021-04-01,long_rains,45.762935465201735,-1.298457076974797,0.2230554584670181,-0.3282391352672318
Samburu,2021,5,2021-05-01,long_rains,87.20507526863366,1.308923514426401,0.3294303568185344,-0.4565018637587884
Samburu,2021,6,2021-06-01,cool_dry,11.402074459474534,-0.6988226243121385,0.2977711988172693,-0.3064297677591324
Samburu,2021,7,2021-07-01,cool_dry,14.464855000376701,-1.0840348936432718,0.2326505205263416,-0.36391176168723827
Samburu,2021,8,2021-08-01,cool_dry,18.953495346941054,-0.7993811681433688,0.2159466610624079,-0.3433781498592113
Samburu,2021,9,2021-09-01,cool_dry,9.883500173687935,0.5578289778627423,0.2105274287627026,-0.7149755261179594
Samburu,2021,10,2021-10-01,short_rains,31.24393836595118,-0.950062435871308,0.2431851173651578,0.23399485590172883
Samburu,2021,11,2021-11-01,short_rains,52.56301646307111,-0.863102837760449,0.2297865930451299,-0.8030074155610055
Samburu,2021,12,2021-12-01,short_rains,0.0,-1.1146699604537602,0.2306766559652549,-1.1881736876606546
Samburu,2022,1,2022-01-01,hot_dry,18.87393771391362,0.22640933864469343,0.253529397211746,-0.393949021044758
Samburu,2022,2,2022-02-01,hot_dry,14.948617594782263,-0.3823270721608714,0.1959292077743697,-0.7745364761482654
Samburu,2022,3,2022-03-01,long_rains,30.954601636622105,-0.5967116127036494,0.1740496016795556,-0.7524302307951358
Samburu,2022,4,2022-04-01,long_rains,108.39039836125448,-0.5390678683894008,0.1553382994158309,-0.9760882307625539
Samburu,2022,5,2022-05-01,long_rains,30.452673156745732,-1.0903363531658057,0.2817783976853915,-0.9651475778330164
Samburu,2022,6,2022-06-01,cool_dry,10.286415059119463,-0.7596941085304902,0.2249778400225091,-1.2958161355967062
Samburu,2022,7,2022-07-01,cool_dry,15.581824387889355,-0.8996660794256491,0.1795492034096839,-1.4468166369764848
Samburu,2022,8,2022-08-01,cool_dry,24.05844825692475,-0.13174646252040437,0.1633106801384559,-1.2176018264489976
Samburu,2022,9,2022-09-01,cool_dry,10.192997288890183,0.6960019114813722,0.1994798996670307,-0.9472034116340147
Samburu,2022,10,2022-10-01,short_rains,28.435823648003858,-1.0185014218000248,0.1903217252779069,-1.2429120362808062
Samburu,2022,11,2022-11-01,short_rains,59.77944448124617,-0.6962663790294187,0.1604495632244707,-1.5607331017975383
Samburu,2022,12,2022-12-01,short_rains,51.68610749859363,0.06095162450154997,0.2124313168536595,-1.4367278407510704
Samburu,2023,1,2023-01-01,hot_dry,11.291253766044974,-0.518002962646098,0.2260645321252531,-0.7828192096004014
Samburu,2023,2,2023-02-01,hot_dry,3.002845711074769,-1.070340773788666,0.1892459031765014,-0.910809311298388
Samburu,2023,3,2023-03-01,long_rains,102.46118103899062,0.657156432408776,0.1532887528193912,-0.9768136346342309
Samburu,2023,4,2023-04-01,long_rains,214.26809608191252,0.7447519985016443,0.2188394770413484,-0.3685733694778046
Samburu,2023,5,2023-05-01,long_rains,39.04565484635532,-0.7270601684822263,0.3547004972000341,-0.1867637704478671
Samburu,2023,6,2023-06-01,cool_dry,18.2837455868721,-0.32335181727734885,0.2524313161888266,-0.9226763943011935
Samburu,2023,7,2023-07-01,cool_dry,16.367332050576806,-0.7700088856407381,0.1995311063096871,-1.0393220352807788
Samburu,2023,8,2023-08-01,cool_dry,16.843122504651546,-1.0753794341726541,0.1802736242541428,-0.935866650048879
Samburu,2023,9,2023-09-01,cool_dry,7.160470872651785,-0.6578493867248681,0.1844962575343846,-1.2621715370546476
Samburu,2023,10,2023-10-01,short_rains,117.63470692234114,1.155441500920751,0.1809515792130428,-1.5046968510182686
Samburu,2023,11,2023-11-01,short_rains,149.50288865156472,1.3780481783702332,0.372790815231822,0.7597646367089238
Samburu,2023,12,2023-12-01,short_rains,32.862124832347035,-0.367207534859914,0.3444568187060312,0.3618403633552726
Samburu,2024,1,2024-01-01,hot_dry,26.834480550140142,1.0079170545115772,0.3441819948725517,0.8895851464962
Samburu,2024,2,2024-02-01,hot_dry,56.362165183760226,2.002875696786399,0.263701694740825,0.607347112853401
Samburu,2024,3,2024-03-01,long_rains,18.885552224703133,-0.8083424237278284,0.2940691401287867,0.5447418042129907
Samburu,2024,4,2024-04-01,long_rains,209.93540063127875,0.6922159062323582,0.4380071586105202,1.7282007163793227
Samburu,2024,5,2024-05-01,long_rains,72.8074239557609,0.7002495958412703,0.5106733536011195,1.478118982822776
Samburu,2024,6,2024-06-01,cool_dry,10.021537610329688,-0.774146085037543,0.4198089329645588,1.3522719672102037
Samburu,2024,7,2024-07-01,cool_dry,31.502533081918955,1.7282324254375192,0.3215007853069764,1.4480279438818928
Samburu,2024,8,2024-08-01,cool_dry,26.656503002159297,0.20803169912233527,0.3406548990310737,1.7278836065335563
Samburu,2024,9,2024-09-01,cool_dry,5.00597646064125,-1.619709122244233,0.3111401568645255,1.3999843803684464
Samburu,2024,10,2024-10-01,short_rains,46.6980790393427,-0.5734162435605513,0.2854972516896928,1.4161188237265248
Samburu,2024,11,2024-11-01,short_rains,108.8949238024652,0.4392334303210731,0.2813845183856817,-0.23913738120597364
Samburu,2024,12,2024-12-01,short_rains,16.240464803762734,-0.7452739680484513,0.3994528365237471,1.1110447792567817
Siaya,2017,1,2017-01-01,hot_dry,42.65023139119148,-0.5787430518834693,0.1996091523376554,-1.7347489768147955
Siaya,2017,2,2017-02-01,hot_dry,189.16502203047276,1.3074199038675942,,
Siaya,2017,3,2017-03-01,long_rains,101.44755360484123,-0.8176844714414117,0.2109897539194521,-1.0888722806206066
Siaya,2017,4,2017-04-01,long_rains,207.33522985875607,-0.8496448087961977,0.3119766467119873,-0.44943274025439395
Siaya,2017,5,2017-05-01,long_rains,255.27936881780624,0.9487580752980295,0.4145240430843448,0.3513929749757565
Siaya,2017,6,2017-06-01,cool_dry,87.25732155516744,-0.5615169018724535,0.4082986739433392,-0.24943554036991883
Siaya,2017,7,2017-07-01,cool_dry,100.14248238503933,1.332962332134421,0.3634407817430827,0.5635132499597825
Siaya,2017,8,2017-08-01,cool_dry,112.00788566283882,0.5847634097617611,0.3276354610602961,1.340110175375008
Siaya,2017,9,2017-09-01,cool_dry,136.2370372414589,-0.0525866377492777,,
Siaya,2017,10,2017-10-01,short_rains,133.22924479842186,-0.5520001086202508,0.3287843775057502,-0.16019626192488126
Siaya,2017,11,2017-11-01,short_rains,127.84354685992002,-0.6330280079386217,0.3819310342003197,0.7632774938237296
Siaya,2017,12,2017-12-01,short_rains,28.535538107156754,-1.0582067018684103,0.3378052016598564,-0.1992771517084519
Siaya,2018,1,2018-01-01,hot_dry,27.595597891137004,-0.9028337560490033,0.2260832405300268,-1.3841409681194183
Siaya,2018,2,2018-02-01,hot_dry,71.36386574618518,-0.6263149979741195,0.179586624954333,-1.3871609247227226
Siaya,2018,3,2018-03-01,long_rains,196.02773541212082,0.526851185656337,0.3587208510494046,1.0689722246474807
Siaya,2018,4,2018-04-01,long_rains,287.9041386246681,0.5681342199820381,,
Siaya,2018,5,2018-05-01,long_rains,249.82903719693422,0.810736243897679,0.4562773677898515,1.4016683482932066
Siaya,2018,6,2018-06-01,cool_dry,108.85336165130138,0.30220739106237154,0.4293399401863416,1.2559188819074725
Siaya,2018,7,2018-07-01,cool_dry,47.14650475978851,-0.8037198526297807,0.246419357397253,-1.6061774942405824
Siaya,2018,8,2018-08-01,cool_dry,88.63843804970384,-0.6865190654334478,,
Siaya,2018,9,2018-09-01,cool_dry,62.962427623569965,-1.8620530175494208,0.5281956649301254,2.2022205543540982
Siaya,2018,10,2018-10-01,short_rains,184.81590376794338,0.10876896411019397,0.3251163823903554,-0.2763130294984559
Siaya,2018,11,2018-11-01,short_rains,81.59784944728017,-1.01889431541172,,
Siaya,2018,12,2018-12-01,short_rains,155.2779974937439,0.6475280729541186,0.3920502926915137,0.568053057448257
Siaya,2019,1,2019-01-01,hot_dry,21.460893217474222,-1.0348994591116363,0.3605396011279463,0.3965238277033933
Siaya,2019,2,2019-02-01,hot_dry,92.61669853329659,-0.27744452997749236,0.2717069949501866,-0.2934288018167533
Siaya,2019,3,2019-03-01,long_rains,102.86761486530304,-0.7974971239076061,0.2508030039626188,-0.5073372855414071
Siaya,2019,4,2019-04-01,long_rains,170.70273385196924,-1.4942704516868557,0.2661117025346254,-1.7505149273005145
Siaya,2019,5,2019-05-01,long_rains,225.02345684170723,0.18257049771337336,0.3628093680775643,-0.9494531248696445
Siaya,2019,6,2019-06-01,cool_dry,111.90873430669308,0.4244057003210682,0.4015706829648234,-0.7307759148314301
Siaya,2019,7,2019-07-01,cool_dry,81.30041037872434,0.5732911007699635,0.371348718865748,0.7101340766731843
Siaya,2019,8,2019-08-01,cool_dry,96.72074845060706,-0.2468467316303524,0.298791142363936,-0.36939804788980574
Siaya,2019,9,2019-09-01,cool_dry,130.52677103877068,-0.1935977569808269,0.330372115382287,-0.18832184208925004
Siaya,2019,10,2019-10-01,short_rains,330.29995872080326,1.9722616966995001,0.3437076331481494,0.31222536142916213
Siaya,2019,11,2019-11-01,short_rains,197.87131881713867,-0.04872807740465866,0.3673115470426973,0.5366809995049896
Siaya,2019,12,2019-12-01,short_rains,204.43254816532135,1.3090634954721925,0.2121238092529681,-1.9771178242663126
Siaya,2020,1,2020-01-01,hot_dry,116.19051140546799,1.0044054939958555,0.4062545906852139,1.001947566558433
Siaya,2020,2,2020-02-01,hot_dry,83.17401076015085,-0.43244856805382664,0.4006540742917203,1.2375416321609671
Siaya,2020,3,2020-03-01,long_rains,274.0770673751831,1.636387114132627,0.3778244759010719,1.3480106445721047
Siaya,2020,4,2020-04-01,long_rains,260.2631016075611,0.08173216717034988,0.3676145001503173,1.1288842365233511
Siaya,2020,5,2020-05-01,long_rains,176.21815824508667,-1.0533536923946734,0.3783843632573634,-0.5576751289314292
Siaya,2020,6,2020-06-01,cool_dry,120.41615152359009,0.764656176225739,0.4089015783104144,-0.20630197869613584
Siaya,2020,7,2020-07-01,cool_dry,94.1268743276596,1.090426140848028,0.3269977887122811,-0.1121751986461374
Siaya,2020,8,2020-08-01,cool_dry,121.50655835866928,1.1014849145112946,0.2908734221968368,-0.8386553695014185
Siaya,2020,9,2020-09-01,cool_dry,199.77181538194418,1.5163612637514132,0.286488395989591,-0.7186221625599135
Siaya,2020,10,2020-10-01,short_rains,198.46654152870178,0.28361880776230336,0.3540002009371927,0.6380545035344863
Siaya,2020,11,2020-11-01,short_rains,451.3043757379055,2.0658746497002323,0.3706467392417194,0.5883752109386368
Siaya,2020,12,2020-12-01,short_rains,74.56727150082588,-0.4386990106420061,0.399722632331744,0.6765830252092743
Siaya,2021,1,2021-01-01,hot_dry,79.49045500904322,0.21433995567577138,0.3766237905936569,0.6095338320168535
Siaya,2021,2,2021-02-01,hot_dry,87.4915839843452,-0.3615745435685893,0.3417004469428761,0.5375935534009595
Siaya,2021,3,2021-03-01,long_rains,104.64440202713013,-0.7722386220893515,0.3086374309478338,0.337425279076898
Siaya,2021,4,2021-04-01,long_rains,306.12505185604095,0.8887694260475082,0.3389657899191141,0.316186712690707
Siaya,2021,5,2021-05-01,long_rains,260.09000131860375,1.0705804439428,0.3802075704465101,-0.5118136406614051
Siaya,2021,6,2021-06-01,cool_dry,74.747145075351,-1.0618560050793264,0.4187371910632241,0.49736684913279666
Siaya,2021,7,2021-07-01,cool_dry,39.30581623315811,-1.119839306253257,0.3197174744783324,-0.24715928806883292
Siaya,2021,8,2021-08-01,cool_dry,87.32051926851273,-0.7582129744207183,0.2782390680026143,-1.5874521297240567
Siaya,2021,9,2021-09-01,cool_dry,164.8397814333439,0.6537385716941351,0.3280762717907379,-0.21606531071947851
Siaya,2021,10,2021-10-01,short_rains,125.4787430614233,-0.6512756179913463,0.3974926621779527,2.0148840396208456
Siaya,2021,11,2021-11-01,short_rains,91.0748233795166,-0.9398200416555761,0.3817645228212528,0.7606966307364035
Siaya,2021,12,2021-12-01,short_rains,0.0,-1.4422457989730841,0.3714178718942588,0.2761947627220597
Siaya,2022,1,2022-01-01,hot_dry,128.98336160182953,1.2798053453710483,0.3528932055998771,0.29525924437522805
Siaya,2022,2,2022-02-01,hot_dry,200.93813413381577,1.5006784294680433,0.3798107586048189,0.9900718932133264
Siaya,2022,3,2022-03-01,long_rains,132.5930362008512,-0.37492562801709445,0.310367592672465,0.36269700617601014
Siaya,2022,4,2022-04-01,long_rains,194.49504859745502,-1.075594744035808,0.3198791047067765,-0.2252583186931164
Siaya,2022,5,2022-05-01,long_rains,234.14418333768845,0.4135398152235655,0.4329827318764712,0.8157082456479459
Siaya,2022,6,2022-06-01,cool_dry,87.38609778508544,-0.5563665521954935,0.432827060020669,1.505397748958154
Siaya,2022,7,2022-07-01,cool_dry,51.31581185758114,-0.6356224875493818,0.2652044684110297,-1.2578833103062192
Siaya,2022,8,2022-08-01,cool_dry,131.60290887206793,1.6507196967616744,0.308180028987032,0.18705048738133712
Siaya,2022,9,2022-09-01,cool_dry,146.05389781668782,0.18983402144896105,0.3421965283795135,-0.04543308770417069
Siaya,2022,10,2022-10-01,short_rains,73.68344804644585,-1.3147170918628597,0.3037866304566496,-0.9515434400551909
Siaya,2022,11,2022-11-01,short_rains,176.3367465250194,-0.2284089203429558,0.2212210361522562,-1.7276663927185385
Siaya,2022,12,2022-12-01,short_rains,196.6375152617693,1.2041558050358045,0.2859876777273014,-0.9322679296932411
Siaya,2023,1,2023-01-01,hot_dry,22.509075190871954,-1.012334576754928,0.3427168541572605,0.16048934071870727
Siaya,2023,2,2023-02-01,hot_dry,20.614603146910667,-1.4593766030242294,0.2045845982007155,-1.0903635242309182
Siaya,2023,3,2023-03-01,long_rains,247.21031652390957,1.2544539879783034,0.1805507002310366,-1.5334824271852767
Siaya,2023,4,2023-04-01,long_rains,308.57922027260065,0.9319556695672958,0.3677809054876446,1.1336047703451881
Siaya,2023,5,2023-05-01,long_rains,182.3867288902402,-0.8971434878071013,0.435134503132277,0.8698345307982904
Siaya,2023,6,2023-06-01,cool_dry,145.94064238667488,1.7854971602719736,0.4007739642996676,-0.7877755246482621
Siaya,2023,7,2023-07-01,cool_dry,41.614209689199924,-1.0267699188399615,0.3934111837550795,1.119193581223079
Siaya,2023,8,2023-08-01,cool_dry,79.51840160414577,-1.1826430088964075,0.3165649857399121,0.683999389924741
Siaya,2023,9,2023-09-01,cool_dry,157.19458758831024,0.46494573742612333,0.3104071281192416,-0.42958304989717055
Siaya,2023,10,2023-10-01,short_rains,223.20636739581823,0.6005091070039259,0.2993393497759118,-1.092329848131991
Siaya,2023,11,2023-11-01,short_rains,236.41820698976517,0.2729006629089103,0.3436472174176278,0.1698928847353113
Siaya,2023,12,2023-12-01,short_rains,99.64695426821709,-0.10116976239401351,0.4207452684066144,0.9739611552771453
Siaya,2024,1,2024-01-01,hot_dry,117.39150495827198,1.0302600487563618,0.3800671784311537,0.6551361335615957
Siaya,2024,2,2024-02-01,hot_dry,130.78277036175132,0.34906090926262,0.2969052210092566,0.005746171995137307
Siaya,2024,3,2024-03-01,long_rains,112.86707991361618,-0.655346442311804,0.2863982292612061,0.012586838874800572
Siaya,2024,4,2024-04-01,long_rains,309.5431776046753,0.9489185217516694,0.3224097514974973,-0.15346973331122446
Siaya,2024,5,2024-05-01,long_rains,159.54064106941223,-1.4756878958736726,0.3441163729721953,-1.4196622052527317
Siaya,2024,6,2024-06-01,cool_dry,73.86775156110525,-1.0970269687338787,0.3938324146031614,-1.2843945214526526
Siaya,2024,7,2024-07-01,cool_dry,81.69678328558803,0.5892719915199686,0.3778435411585892,0.8305543834057262
Siaya,2024,8,2024-08-01,cool_dry,92.75195916555822,-0.462746240653804,0.3148835380102408,0.5843454944341979
Siaya,2024,9,2024-09-01,cool_dry,109.34600941371173,-0.7166421820411074,0.2959575304587404,-0.6041951013841123
Siaya,2024,10,2024-10-01,short_rains,141.41372885386227,-0.4471657571014665,0.3185311087429953,-0.4847813249739803
Siaya,2024,11,2024-11-01,short_rains,267.24377996474504,0.5301040501443897,0.2622807246557452,-1.0912568270205305
Siaya,2024,12,2024-12-01,short_rains,98.21613655239344,-0.12042609958460161,0.3952893067199873,0.6138709050112685
Taita Taveta,2017,1,2017-01-01,hot_dry,12.914228322915733,-0.6726278585005118,0.2559819591878254,-0.9603409928649591
Taita Taveta,2017,2,2017-02-01,hot_dry,19.075229313690215,-0.3064219463226076,0.2038542309338462,-0.7956052721468206
Taita Taveta,2017,3,2017-03-01,long_rains,38.76638897322118,-0.5750342058183563,0.2120303222561512,-0.771647274746238
Taita Taveta,2017,4,2017-04-01,long_rains,97.30136952549219,-0.768389080268554,,
Taita Taveta,2017,5,2017-05-01,long_rains,59.73284532688558,1.1071756219322029,0.3456486326893179,-0.11414703355352403
Taita Taveta,2017,6,2017-06-01,cool_dry,10.961271282285452,-1.0461381667594625,0.2604486168580869,-0.2160223050716103
Taita Taveta,2017,7,2017-07-01,cool_dry,6.990873848553747,-1.2441322450234091,0.2147205537568057,-0.01711260870407593
Taita Taveta,2017,8,2017-08-01,cool_dry,32.37087415903807,1.492371736912211,0.1991883028546945,0.8297977937633247
Taita Taveta,2017,9,2017-09-01,cool_dry,21.32523300498724,0.09857305102627352,0.1770666507590053,-3.330093933131082e-05
Taita Taveta,2017,10,2017-10-01,short_rains,27.18075505644083,-0.4950205360572333,0.1888383339752173,0.3016680308612766
Taita Taveta,2017,11,2017-11-01,short_rains,134.64249436650425,-0.19117622016725702,,
Taita Taveta,2017,12,2017-12-01,short_rains,67.26694135181604,-0.671723538848805,0.3430015183832291,-0.5372466484199406
Taita Taveta,2018,1,2018-01-01,hot_dry,15.783736345591024,-0.585452588590203,0.2785940514303357,-0.7826219710502906
Taita Taveta,2018,2,2018-02-01,hot_dry,5.650397641584277,-1.2140169655162791,0.2063011070993644,-0.776038599238939
Taita Taveta,2018,3,2018-03-01,long_rains,232.18483096011914,1.6770309022632879,0.3149398002472763,0.20565457075768392
Taita Taveta,2018,4,2018-04-01,long_rains,187.82006855029613,1.2906188284043805,0.5711280779249933,1.276264045656196
Taita Taveta,2018,5,2018-05-01,long_rains,37.28213391918689,-0.09959538680560259,0.6341310327301982,2.09713728625823
Taita Taveta,2018,6,2018-06-01,cool_dry,21.18134144693613,0.7099122724703743,0.4179611806834903,2.0182393829495
Taita Taveta,2018,7,2018-07-01,cool_dry,22.50823712721467,1.2065389572450387,0.4205656827756729,2.3338209462787476
Taita Taveta,2018,8,2018-08-01,cool_dry,17.038355875993147,-0.4622331592819092,,
Taita Taveta,2018,9,2018-09-01,cool_dry,29.175335358828306,1.0696686462263327,0.2395421476068021,2.0832010941150134
Taita Taveta,2018,10,2018-10-01,short_rains,85.97548531321809,0.54131135877168,0.1941966618294299,0.5737516303686563
Taita Taveta,2018,11,2018-11-01,short_rains,68.64631521701813,-0.9945433445118388,0.3911897250278996,1.0644362992763108
Taita Taveta,2018,12,2018-12-01,short_rains,179.61476242542267,0.878277345932602,0.4029406435171915,0.08974174126947489
Taita Taveta,2019,1,2019-01-01,hot_dry,26.12973433546722,-0.2711425535138419,0.2900357996721893,-0.692695913630043
Taita Taveta,2019,2,2019-02-01,hot_dry,21.15639417618513,-0.16572335810522812,0.2194875655759403,-0.6705918572008592
Taita Taveta,2019,3,2019-03-01,long_rains,17.432391218841076,-0.82343633058465,0.2271309203491739,-0.6282412185441377
Taita Taveta,2019,4,2019-04-01,long_rains,105.15330729912966,-0.5897828679775756,0.2161330869948695,-0.9186537036051684
Taita Taveta,2019,5,2019-05-01,long_rains,69.85947319399565,1.6515022895546014,0.2802641417546831,-0.6153342794379972
Taita Taveta,2019,6,2019-06-01,cool_dry,19.490578344091773,0.41939907231125206,0.297329208637305,0.30711623856349624
Taita Taveta,2019,7,2019-07-01,cool_dry,19.89234278537333,0.7934084004227097,0.2017698828649093,-0.1650207321773693
Taita Taveta,2019,8,2019-08-01,cool_dry,33.1294045355171,1.5890699544135987,0.1684751678175981,-0.23239321311578318
Taita Taveta,2019,9,2019-09-01,cool_dry,32.74562955554575,1.511331291083974,0.167908538580546,-0.30540893213137504
Taita Taveta,2019,10,2019-10-01,short_rains,179.72985891997814,2.1938514286734687,0.2145943829742382,1.6095011294337456
Taita Taveta,2019,11,2019-11-01,short_rains,184.44132455810905,0.41502164647189355,0.4563906316576484,1.6523116885353752
Taita Taveta,2019,12,2019-12-01,short_rains,232.64023008197546,1.6098404594687052,0.5188110882576539,1.3017951938023464
Taita Taveta,2020,1,2020-01-01,hot_dry,112.66847817227244,2.3578929090318024,0.4922501453845233,0.8966013230638563
Taita Taveta,2020,2,2020-02-01,hot_dry,29.730754632502794,0.41395220379359204,0.5424365876864282,1.911900044353095
Taita Taveta,2020,3,2020-03-01,long_rains,188.9351522885263,1.1734538324064485,0.4708950171097471,1.6867166092688632
Taita Taveta,2020,4,2020-04-01,long_rains,173.2693342724815,0.9596366415436411,0.5147419245751998,0.9276310452981826
Taita Taveta,2020,5,2020-05-01,long_rains,22.33495965693146,-0.90303614352284,0.4202517701104583,0.45770326984367393
Taita Taveta,2020,6,2020-06-01,cool_dry,20.53233055025339,0.598396808112148,0.2958644620979138,0.28633931133849805
Taita Taveta,2020,7,2020-07-01,cool_dry,17.95659843030444,0.4876945455151113,0.2273645566272182,0.12729309454978782
Taita Taveta,2020,8,2020-08-01,cool_dry,16.465101078152657,-0.5353122591362923,0.2032027296344865,0.9686337679521987
Taita Taveta,2020,9,2020-09-01,cool_dry,25.387532647233456,0.601099147012505,0.1947108693915924,0.588310049395472
Taita Taveta,2020,10,2020-10-01,short_rains,21.58752487041056,-0.5936083314529758,0.1859728713242112,0.15616640917033148
Taita Taveta,2020,11,2020-11-01,short_rains,156.72403573524207,0.07762092262365175,0.257466438695304,-0.1412621038484682
Taita Taveta,2020,12,2020-12-01,short_rains,99.93767989007756,-0.22098338957977823,0.4292964765505933,0.3654348094549578
Taita Taveta,2021,1,2021-01-01,hot_dry,42.183367104502395,0.2165646627137194,0.4499622398419873,0.5642408706559254
Taita Taveta,2021,2,2021-02-01,hot_dry,31.19883106648922,0.5132025252743583,0.3731465861127016,0.5581567965143294
Taita Taveta,2021,3,2021-03-01,long_rains,21.80937029561028,-0.7724730317578348,0.2847945490654963,-0.08062624796023445
Taita Taveta,2021,4,2021-04-01,long_rains,94.84416868304834,-0.8242824594520454,0.3033401748185693,-0.3794562788073905
Taita Taveta,2021,5,2021-05-01,long_rains,49.44904781319201,0.5544007688823488,0.322273018199684,-0.29332652519518715
Taita Taveta,2021,6,2021-06-01,cool_dry,8.779967177193612,-1.4209379450515225,0.232861461217768,-0.6073366449039691
Taita Taveta,2021,7,2021-07-01,cool_dry,14.53563841432333,-0.052580760587033544,0.195994453706121,-0.23098124466818037
Taita Taveta,2021,8,2021-08-01,cool_dry,16.806204739026725,-0.49182802038658396,0.1859973299592378,0.3735977749564915
Taita Taveta,2021,9,2021-09-01,cool_dry,13.340601434931159,-0.8891644583047772,0.1603888426001721,-0.5561518649139772
Taita Taveta,2021,10,2021-10-01,short_rains,21.95537816733122,-0.5871244492657128,0.1744615781463243,-0.428350658101293
Taita Taveta,2021,11,2021-11-01,short_rains,67.373171556741,-1.0100412380931876,0.1786881959516362,-0.8515557563748944
Taita Taveta,2021,12,2021-12-01,short_rains,0.0,-1.5997684053668981,0.2797041099731435,-1.1993640897715458
Taita Taveta,2022,1,2022-01-01,hot_dry,19.577906022779644,-0.4701862212963223,0.4156006627498988,0.2941771453127751
Taita Taveta,2022,2,2022-02-01,hot_dry,31.577645853161812,0.5388125606162035,0.2893654055238327,-0.11180720882444575
Taita Taveta,2022,3,2022-03-01,long_rains,29.96051584929228,-0.6775652747530215,0.2424231202860548,-0.48301557449396054
Taita Taveta,2022,4,2022-04-01,long_rains,95.50162356160581,-0.8093274854065776,0.2118668823744671,-0.945031451129908
Taita Taveta,2022,5,2022-05-01,long_rains,27.437175950035453,-0.6287817294415039,0.2018375346118565,-1.216492362587588
Taita Taveta,2022,6,2022-06-01,cool_dry,17.57308325683698,0.0899279399269155,0.1798915854099824,-1.3586961635500907
Taita Taveta,2022,7,2022-07-01,cool_dry,14.073912649415433,-0.125501527800186,0.1564104172850256,-0.6830659741323679
Taita Taveta,2022,8,2022-08-01,cool_dry,12.937554657459259,-0.9850074349812138,0.1237421413411167,-1.779451772146416
Taita Taveta,2022,9,2022-09-01,cool_dry,13.072494877502322,-0.9223305350293695,0.1467542296015982,-1.0107956243879108
Taita Taveta,2022,10,2022-10-01,short_rains,16.718669057358056,-0.6794281072790218,0.1525392728769161,-1.5415150424923767
Taita Taveta,2022,11,2022-11-01,short_rains,116.49472581408918,-0.4120878066123073,0.1522780389761684,-1.0896794591711103
Taita Taveta,2022,12,2022-12-01,short_rains,71.35392514895648,-0.6153376789263009,0.2518125984383899,-1.491120999204149
Taita Taveta,2023,1,2023-01-01,hot_dry,16.933892536908388,-0.5505109973401373,0.2520772649372547,-0.9910298134859982
Taita Taveta,2023,2,2023-02-01,hot_dry,2.6686429725959897,-1.4156005497376163,0.1941556573998474,-0.8731608177388072
Taita Taveta,2023,3,2023-03-01,long_rains,35.61341026984155,-0.61174587225235,0.1706664203571664,-1.1644684069903184
Taita Taveta,2023,4,2023-04-01,long_rains,189.84230571240187,1.3366181893634577,0.2219251961882997,-0.8828413580816162
Taita Taveta,2023,5,2023-05-01,long_rains,27.746414493769407,-0.6121595341539877,0.2827054588658992,-0.5966210191248715
Taita Taveta,2023,6,2023-06-01,cool_dry,25.61295681167394,1.4713688948194552,0.2291426389647994,-0.6600868629346914
Taita Taveta,2023,7,2023-07-01,cool_dry,18.635337104089558,0.594888357494656,0.1415394996161433,-0.8529050152979134
Taita Taveta,2023,8,2023-08-01,cool_dry,21.56978338584304,0.11543779039475183,0.1524297071188895,-0.7873135764982547
Taita Taveta,2023,9,2023-09-01,cool_dry,18.550793492235243,-0.24463852361824867,0.1490667211342254,-0.933686003142685
Taita Taveta,2023,10,2023-10-01,short_rains,70.42432986944914,0.2672024664026681,0.1611615952425922,-1.10369328742344
Taita Taveta,2023,11,2023-11-01,short_rains,326.6365575492382,2.145954814054834,0.242398609712879,-0.2771191998031819
Taita Taveta,2023,12,2023-12-01,short_rains,134.09923547506332,0.25032473973005276,0.4891865699081654,0.9919103061975072
Taita Taveta,2024,1,2024-01-01,hot_dry,34.24712363013532,-0.02453735250450565,0.5908659805694181,1.6716693519987325
Taita Taveta,2024,2,2024-02-01,hot_dry,47.80383859295398,1.6357955299975773,0.398030948346014,0.757146914282447
Taita Taveta,2024,3,2024-03-01,long_rains,140.52320717275143,0.6097699804964762,0.4233955259537563,1.2356275427083427
Taita Taveta,2024,4,2024-04-01,long_rains,104.91991598531604,-0.5950917662067265,0.5138453718106276,0.9220877006697051
Taita Taveta,2024,5,2024-05-01,long_rains,19.237964345142245,-1.0695058864452192,0.3972097248893893,0.2810806637972643
Taita Taveta,2024,6,2024-06-01,cool_dry,12.26615104751545,-0.8219288758291603,0.2919241293986108,0.23044704360887053
Taita Taveta,2024,7,2024-07-01,cool_dry,4.355648740194737,-1.660315727266887,0.1713862714026844,-0.5120284658486295
Taita Taveta,2024,8,2024-08-01,cool_dry,14.996754139661789,-0.7224986079345622,0.1933281636921765,0.6271292250884434
Taita Taveta,2024,9,2024-09-01,cool_dry,10.629517689347267,-1.22453861839669,0.1811031958696079,0.13456458200479376
Taita Taveta,2024,10,2024-10-01,short_rains,18.54799960926175,-0.6471838297928733,0.191414341560982,0.4324717881830968
Taita Taveta,2024,11,2024-11-01,short_rains,147.82152319699526,-0.030748773765788568,0.2335244969956488,-0.35713146861403056
Taita Taveta,2024,12,2024-12-01,short_rains,142.7279583774507,0.369370467590422,0.4401387642696593,0.47884968667135386
Tana River,2017,1,2017-01-01,hot_dry,10.746278177015483,-0.3098279073996506,0.2291177311746021,-0.4512876942100533
Tana River,2017,2,2017-02-01,hot_dry,7.572562240995467,0.2450666964093035,0.1704748354213069,-0.538875877787907
Tana River,2017,3,2017-03-01,long_rains,15.617301870603113,-0.70283153501307,0.1756830222950346,-0.34541699054688524
Tana River,2017,4,2017-04-01,long_rains,62.7691273028031,-0.5110367410228966,,
Tana River,2017,5,2017-05-01,long_rains,34.036992811597884,0.5658466482201333,0.2028727343595079,-0.5786942623313994
Tana River,2017,6,2017-06-01,cool_dry,16.36324978992343,-0.5166586213981981,0.1843923841148581,-0.39237482149923186
Tana River,2017,7,2017-07-01,cool_dry,11.382348600076512,-1.0225156840636371,0.1519242854766847,-0.4940962911269091
Tana River,2017,8,2017-08-01,cool_dry,16.53628816921264,1.1080299352869378,0.1674569154491961,0.2452074393944027
Tana River,2017,9,2017-09-01,cool_dry,18.433657084591687,0.36298686946123987,0.1453410425110489,-0.40309133514188716
Tana River,2017,10,2017-10-01,short_rains,24.12111778720282,-0.3887291000267823,0.1401438671975687,-1.2314713648064806
Tana River,2017,11,2017-11-01,short_rains,107.20200268551707,-0.3719416697813735,0.2822060160767733,0.10770852566716989
Tana River,2017,12,2017-12-01,short_rains,21.980266885831952,-0.9007801199009551,0.2379567132701381,-0.9527243367482925
Tana River,2018,1,2018-01-01,hot_dry,3.942392833530902,-0.736571253000304,0.1877926378574643,-0.9179980592809359
Tana River,2018,2,2018-02-01,hot_dry,3.8209176119416948,-0.8535758298080032,0.1522131199607624,-0.8617250672647493
Tana River,2018,3,2018-03-01,long_rains,150.24556885426864,2.056731104319117,0.1860891181213375,-0.0754922243577507
Tana River,2018,4,2018-04-01,long_rains,139.85214209742844,1.0116724678924094,0.4296469124588782,1.3529578085952751
Tana River,2018,5,2018-05-01,long_rains,47.04571660934016,1.8794227457600647,0.5230569704060385,2.177842023416684
Tana River,2018,6,2018-06-01,cool_dry,32.01474810112268,2.4429801067756376,0.2877320134689761,1.5797776600626598
Tana River,2018,7,2018-07-01,cool_dry,22.7647336544469,0.3785734618842628,0.2945559579378426,2.064601021632213
Tana River,2018,8,2018-08-01,cool_dry,13.816047586733475,0.0799553743527435,,
Tana River,2018,9,2018-09-01,cool_dry,18.80242250766605,0.4392694899917095,0.213283474591646,1.9816130162494727
Tana River,2018,10,2018-10-01,short_rains,39.89767234958708,-0.0053208104934206035,0.1768977387911213,0.9175519196773659
Tana River,2018,11,2018-11-01,short_rains,51.84632186079398,-0.9856041427925989,0.291067188414476,0.23208366090555413
Tana River,2018,12,2018-12-01,short_rains,151.51556572807021,1.1265320887444354,0.2696094223024415,-0.5030527692183937
Tana River,2019,1,2019-01-01,hot_dry,17.477725089527667,0.11237206087721761,0.2051151844516603,-0.7223636058293368
Tana River,2019,2,2019-02-01,hot_dry,8.896701795863919,0.6328315754063449,0.1507421623195062,-0.88773015332911
Tana River,2019,3,2019-03-01,long_rains,11.033908423036337,-0.7967803141413035,0.1687474183494876,-0.5253203188105208
Tana River,2019,4,2019-04-01,long_rains,42.743357949424535,-0.9066287335162887,0.1619591756336276,-1.0549876354192498
Tana River,2019,5,2019-05-01,long_rains,32.33750901557505,0.3942386313753553,0.1902705700805538,-0.6871890575243986
Tana River,2019,6,2019-06-01,cool_dry,17.987560648471117,-0.20950762358534533,0.1555761159239285,-0.942309780404038
Tana River,2019,7,2019-07-01,cool_dry,24.11561275855638,0.544856893802505,0.157805519730524,-0.38859168600420374
Tana River,2019,8,2019-08-01,cool_dry,16.638996014837176,1.146846841399966,0.1499452180418597,-0.6320964082490327
Tana River,2019,9,2019-09-01,cool_dry,26.21398273576051,1.972420921882975,0.1521431264653928,-0.16434569846507485
Tana River,2019,10,2019-10-01,short_rains,136.84607303887606,2.350758923791589,0.1753213562611287,0.8253797860945217
Tana River,2019,11,2019-11-01,short_rains,230.07378453528509,0.9901913649829337,0.3213084815623055,0.656549496993791
Tana River,2019,12,2019-12-01,short_rains,179.52048867871054,1.5648274623410399,0.4091124155786529,1.4787848547779217
Tana River,2020,1,2020-01-01,hot_dry,53.93591177556664,2.3990491248627435,0.3945752738269948,1.4173287791375184
Tana River,2020,2,2020-02-01,hot_dry,10.611541431047954,1.1350102024186075,0.3203636686849551,2.1110114471652714
Tana River,2020,3,2020-03-01,long_rains,88.19250555895269,0.7847893422919356,0.2589800153829504,1.8152320904160548
Tana River,2020,4,2020-04-01,long_rains,109.68706341087818,0.41578706789807,0.3689984384644372,0.8074034310457241
Tana River,2020,5,2020-05-01,long_rains,20.299471949227154,-0.8213208652755547,0.3187968824906331,0.41932214429595305
Tana River,2020,6,2020-06-01,cool_dry,18.94402297399938,-0.02864424013232941,0.2562342596252838,0.9786687360737815
Tana River,2020,7,2020-07-01,cool_dry,36.460033984389156,2.064365723446458,0.2001297727181861,0.37067131999861536
Tana River,2020,8,2020-08-01,cool_dry,11.775295965373516,-0.6913164170537637,0.1912906024566248,1.4392313440323792
Tana River,2020,9,2020-09-01,cool_dry,17.275201576703694,0.12334937532494264,0.1717059633242483,0.5222882761258157
Tana River,2020,10,2020-10-01,short_rains,17.11917804926634,-0.5588931068587142,0.165209911356521,0.23415688636633697
Tana River,2020,11,2020-11-01,short_rains,90.08354350738227,-0.5617136288086421,0.2297560028110305,-0.6284782050011416
Tana River,2020,12,2020-12-01,short_rains,67.75888109882362,-0.1843148450425845,0.2925100460966823,-0.17771696973092183
Tana River,2021,1,2021-01-01,hot_dry,7.7670528306625775,-0.49668652235534894,0.2244126914717472,-0.5044246776051219
Tana River,2021,2,2021-02-01,hot_dry,4.968105901498347,-0.5176298740730345,0.2027962942992666,0.03253576335849622
Tana River,2021,3,2021-03-01,long_rains,15.025405572960153,-0.7149640161474572,0.1714684444479131,-0.4547393491873549
Tana River,2021,4,2021-04-01,long_rains,47.89269652310759,-0.8049079421479066,0.1967143126729476,-0.7423529406720499
Tana River,2021,5,2021-05-01,long_rains,18.5751747454633,-0.9954344545203536,0.1954043659642087,-0.6429910832216841
Tana River,2021,6,2021-06-01,cool_dry,17.018278693780303,-0.392795150094567,0.1700382573494105,-0.6663116151384415
Tana River,2021,7,2021-07-01,cool_dry,14.904216271359473,-0.588999286214776,0.1491792606963214,-0.5433398245425712
Tana River,2021,8,2021-08-01,cool_dry,11.36014625732787,-0.8482160885644383,0.1526884321384254,-0.4946664249729083
Tana River,2021,9,2021-09-01,cool_dry,12.45061498740688,-0.8746620568192929,0.1437620979793229,-0.45851054490679444
Tana River,2021,10,2021-10-01,short_rains,14.353355618193746,-0.6261092561933054,0.1400377445182625,-1.2376764283536035
Tana River,2021,11,2021-11-01,short_rains,59.03369343979284,-0.9059263183686753,0.1399509071107881,-1.888979693646094
Tana River,2021,12,2021-12-01,short_rains,0.0,-1.244785682903531,0.2625210772680981,-0.6037527509966681
Tana River,2022,1,2022-01-01,hot_dry,8.775788196828216,-0.4334180980284391,0.352670978370967,0.9440771186939503
Tana River,2022,2,2022-02-01,hot_dry,7.428643298335373,0.20292105459927737,0.2365374932238024,0.629047013810237
Tana River,2022,3,2022-03-01,long_rains,15.064705468714237,-0.7141584607727767,0.1518627100210627,-0.9632944662522382
Tana River,2022,4,2022-04-01,long_rains,38.272755991551094,-0.9949416619712268,0.1619762228107209,-1.0548342900590852
Tana River,2022,5,2022-05-01,long_rains,26.146517765708268,-0.23090632921757212,0.175451052243644,-0.8147735356334218
Tana River,2022,6,2022-06-01,cool_dry,16.956159737426788,-0.40454160818580626,0.1402767498243256,-1.2342856952417218
Tana River,2022,7,2022-07-01,cool_dry,16.331309798173606,-0.4133344109605281,0.136360461944784,-0.7732987484785634
Tana River,2022,8,2022-08-01,cool_dry,10.841765048913658,-1.044130573727833,0.1355861098912794,-1.3514613296617772
Tana River,2022,9,2022-09-01,cool_dry,13.83186597621534,-0.5889372072436755,0.1179476450251291,-1.3645693420900893
Tana River,2022,10,2022-10-01,short_rains,19.701278970809653,-0.49614183288335106,0.1455158896160785,-0.9173656458276946
Tana River,2022,11,2022-11-01,short_rains,105.59503454342484,-0.38975621075412475,0.2355354581805246,-0.5473579518573694
Tana River,2022,12,2022-12-01,short_rains,36.432532955892384,-0.674592696794696,0.2268888768302342,-1.1099586308498466
Tana River,2023,1,2023-01-01,hot_dry,10.005219971761107,-0.35630747632682275,0.1855556205318579,-0.9432621080440318
Tana River,2023,2,2023-02-01,hot_dry,0.5515637809876346,-1.810982915788725,0.1689924860525703,-0.565082358403165
Tana River,2023,3,2023-03-01,long_rains,51.63552324939519,0.03545723805841306,0.1608526686604141,-0.7301030249776628
Tana River,2023,4,2023-04-01,long_rains,177.50264846161008,1.7554261069244566,0.2620247661772529,-0.1548624159758138
Tana River,2023,5,2023-05-01,long_rains,17.651544802822173,-1.0886994230514042,0.2417518754748363,-0.2439752125542322
Tana River,2023,6,2023-06-01,cool_dry,17.016428247094154,-0.39314506251623127,0.2021185051525357,-0.05408626935890718
Tana River,2023,7,2023-07-01,cool_dry,18.769697138108313,-0.11318659314553271,0.1282288118368424,-0.9191740012920904
Tana River,2023,8,2023-08-01,cool_dry,16.665605523623526,1.156903510371969,0.1557978694350528,-0.33888933261666504
Tana River,2023,9,2023-09-01,cool_dry,15.922681547701359,-0.15643220308903744,0.1405129436737441,-0.5725522736701149
Tana River,2023,10,2023-10-01,short_rains,51.270004562917165,0.27105426396764637,0.1643803009458634,0.1856490146169527
Tana River,2023,11,2023-11-01,short_rains,309.40401527052745,1.8696311054439974,0.3321783806245829,0.8091190571349535
Tana River,2023,12,2023-12-01,short_rains,117.50996374711394,0.5943221608367468,0.3970627410776304,1.307602160254996
Tana River,2024,1,2024-01-01,hot_dry,12.838383635156788,-0.17860992862939568,0.3733776158890514,1.1779302471380153
Tana River,2024,2,2024-02-01,hot_dry,10.035631595179439,0.9663590908362287,0.2055274114981134,0.08081923245092641
Tana River,2024,3,2024-03-01,long_rains,52.43070738262031,0.05175664140514138,0.2383124596504806,1.2791342837163608
Tana River,2024,4,2024-04-01,long_rains,90.3919943254441,0.03462943594338291,0.3733643166455991,0.8466760424852018
Tana River,2024,5,2024-05-01,long_rains,31.373071420239285,0.29685304670933127,0.3131212039681513,0.3704589835524975
Tana River,2024,6,2024-06-01,cool_dry,16.46357344184071,-0.4976878008631602,0.2432524652231482,0.7309217855058988
Tana River,2024,7,2024-07-01,cool_dry,12.785807137843221,-0.8497601047487519,0.2175529011637636,0.6832282098135093
Tana River,2024,8,2024-08-01,cool_dry,11.201768578379415,-0.9080725820655813,0.1851714830757008,1.1326747120736114
Tana River,2024,9,2024-09-01,cool_dry,10.500822068890557,-1.2779951895088613,0.1699076054958124,0.4591679018986687
Tana River,2024,10,2024-10-01,short_rains,17.624231902183965,-0.5466190813036619,0.1821349618785545,1.2237758322325982
Tana River,2024,11,2024-11-01,short_rains,172.78686053305864,0.3551195000784836,0.364255686491974,1.2593551098031408
Tana River,2024,12,2024-12-01,short_rains,61.56786064058542,-0.2812083672804555,0.3444960914723394,0.5608184425112012
Tharaka,2017,1,2017-01-01,hot_dry,7.627058386802673,-0.9821895832942987,0.3669555561432533,-1.5381400629123048
Tharaka,2017,2,2017-02-01,hot_dry,23.60053157806396,-0.2663303949772654,,
Tharaka,2017,3,2017-03-01,long_rains,20.983134165406227,-0.8031126757108751,0.2174911287122318,-1.8662415738805462
Tharaka,2017,4,2017-04-01,long_rains,176.77906326949596,-1.111236204233917,,
Tharaka,2017,5,2017-05-01,long_rains,84.40847482159734,-0.5627850285333064,,
Tharaka,2017,6,2017-06-01,cool_dry,4.088742511346936,-0.8959099791510075,0.3949017452206924,-0.33065666217899453
Tharaka,2017,7,2017-07-01,cool_dry,14.12247671186924,-0.8756438300805408,0.3780545233017168,0.38768783278371616
Tharaka,2017,8,2017-08-01,cool_dry,15.410903804004192,0.2526248481408482,0.2033506532135347,-1.6698416766073616
Tharaka,2017,9,2017-09-01,cool_dry,8.807671345770359,-0.4035378228963928,0.1912035058904668,-1.5263549381553083
Tharaka,2017,10,2017-10-01,short_rains,140.1775175333023,0.03319939887612775,0.299720193208669,0.049549261301408284
Tharaka,2017,11,2017-11-01,short_rains,314.7564733028412,-0.07524475233896123,,
Tharaka,2017,12,2017-12-01,short_rains,21.644378252327442,-0.8394512971788626,0.4491065012671536,-1.377521437369034
Tharaka,2018,1,2018-01-01,hot_dry,9.31188759021461,-0.9231140301202169,0.432566496520819,-0.727541961128691
Tharaka,2018,2,2018-02-01,hot_dry,6.671731621026993,-0.9594929260192915,0.3772429874728377,-1.0832311828641703
Tharaka,2018,3,2018-03-01,long_rains,246.82597291469574,2.0267071927083284,,
Tharaka,2018,4,2018-04-01,long_rains,582.5651902556419,1.0523759948034204,,
Tharaka,2018,5,2018-05-01,long_rains,175.6958391442895,0.9565663683635005,0.6453432808769032,1.0894634588391527
Tharaka,2018,6,2018-06-01,cool_dry,25.752926481887698,1.7473506396056961,0.3673394066863244,-0.5850090160662041
Tharaka,2018,7,2018-07-01,cool_dry,24.932173162698746,1.5038014131886808,0.2736239924981004,-0.5180963616333023
Tharaka,2018,8,2018-08-01,cool_dry,9.250046044588089,-1.1562441427009529,,
Tharaka,2018,9,2018-09-01,cool_dry,15.512589037418365,1.2300347540494652,0.2327497454236461,-0.6949240232927786
Tharaka,2018,10,2018-10-01,short_rains,57.77268750965595,-0.574226416595464,0.2185107118234343,-2.0227978145518017
Tharaka,2018,11,2018-11-01,short_rains,171.25892919301987,-1.0697536212085839,0.2582507549691421,-0.9721256949442963
Tharaka,2018,12,2018-12-01,short_rains,199.64884290099144,1.2096992010599803,0.4945953845976362,-0.4648742736058379
Tharaka,2019,1,2019-01-01,hot_dry,34.109244249761105,-0.053638620416304225,0.4734042165773678,-0.22300753183208033
Tharaka,2019,2,2019-02-01,hot_dry,27.975930623710155,-0.08717636843693288,0.4165771388631897,-0.20784846612949961
Tharaka,2019,3,2019-03-01,long_rains,21.145159021019936,-0.8010824977422816,0.324057188701904,-0.3804353713260144
Tharaka,2019,4,2019-04-01,long_rains,180.12524843215942,-1.0933946700938808,0.3468408585310143,-0.655793823870889
Tharaka,2019,5,2019-05-01,long_rains,103.8182460218668,-0.23973634369745608,0.4542411944048091,-1.897439280776519
Tharaka,2019,6,2019-06-01,cool_dry,14.949104722589254,0.42916959815714906,0.401481238856938,-0.2699394014981471
Tharaka,2019,7,2019-07-01,cool_dry,12.00826596468687,-1.3410268062385546,0.3102613492652955,-0.2003201478232931
Tharaka,2019,8,2019-08-01,cool_dry,10.931078538298607,-0.7718245301289082,0.265905213739048,-0.4644688555502962
Tharaka,2019,9,2019-09-01,cool_dry,13.50103223323822,0.7399431252781267,0.2816275901235027,0.2832283099131187
Tharaka,2019,10,2019-10-01,short_rains,444.0228800177574,2.2729166221435064,0.300193950718782,0.06163885938773142
Tharaka,2019,11,2019-11-01,short_rains,469.14526811242104,0.9947458641883274,0.6092978706749931,1.0591840294092079
Tharaka,2019,12,2019-12-01,short_rains,251.72346410155296,1.8091714456991574,0.5611900549320595,0.8712200103734073
Tharaka,2020,1,2020-01-01,hot_dry,97.59644193947315,2.172427568012072,0.5120464638341645,0.2544026698013478
Tharaka,2020,2,2020-02-01,hot_dry,56.733126223087304,1.090308777463734,0.4701151529191962,0.9836416394488664
Tharaka,2020,3,2020-03-01,long_rains,143.30295968428254,0.7295596661345246,0.4359983012589464,1.180312951115744
Tharaka,2020,4,2020-04-01,long_rains,584.8964230418205,1.0648059014944984,0.4328156926821581,0.48751724792400364
Tharaka,2020,5,2020-05-01,long_rains,129.01030856370926,0.17955054992299582,0.6088078068618251,0.5184183727106484
Tharaka,2020,6,2020-06-01,cool_dry,17.70744588971138,0.7657165269527932,0.4543106833709786,0.21758430952313515
Tharaka,2020,7,2020-07-01,cool_dry,20.687985595315695,0.5695650112056246,0.3911403820056848,0.5011887782755887
Tharaka,2020,8,2020-08-01,cool_dry,21.528365407139063,1.6515699775182437,0.3194399009957842,0.5670987305850277
Tharaka,2020,9,2020-09-01,cool_dry,15.468183172866702,1.2192157990789172,0.3170939160097398,0.9929868851713547
Tharaka,2020,10,2020-10-01,short_rains,80.70081287622452,-0.40521769169394595,0.3353754482104897,0.9594191703494691
Tharaka,2020,11,2020-11-01,short_rains,220.44228944182396,-0.7288886379667029,0.5097367441922842,0.4830804941749915
Tharaka,2020,12,2020-12-01,short_rains,72.28104676306248,-0.25653246582972655,0.5992052769275644,1.6339224992862684
Tharaka,2021,1,2021-01-01,hot_dry,32.07892370223999,-0.12482821590920053,0.4658800128067848,-0.3159661948045919
Tharaka,2021,2,2021-02-01,hot_dry,22.67741113901138,-0.3041282602491231,0.4813724908396229,1.234174031877714
Tharaka,2021,3,2021-03-01,long_rains,53.57464277744293,-0.39473975973597264,0.34714186107447,-0.05857539641071843
Tharaka,2021,4,2021-04-01,long_rains,245.28535413742065,-0.7459673180511658,0.3099779554902279,-1.1460043093129486
Tharaka,2021,5,2021-05-01,long_rains,194.40150985121727,1.267896278360668,0.5997501945297417,0.3768489760152993
Tharaka,2021,6,2021-06-01,cool_dry,3.8425109311938286,-0.9259528480538004,0.5713769880095785,1.29790229881772
Tharaka,2021,7,2021-07-01,cool_dry,17.390357427299023,-0.1563134345166646,0.3766629838205365,0.37561823533686745
Tharaka,2021,8,2021-08-01,cool_dry,10.295101419091225,-0.9172601946298039,0.2911296798373315,0.02158500855039451
Tharaka,2021,9,2021-09-01,cool_dry,6.896014492958784,-0.8692900296943334,0.2534058962115348,-0.2815493703738978
Tharaka,2021,10,2021-10-01,short_rains,72.3343793489039,-0.46688868484402346,0.3078870034910108,0.257954303655688
Tharaka,2021,11,2021-11-01,short_rains,165.3773519396782,-1.1105158570898723,0.3975790739363889,-0.16591206567994954
Tharaka,2021,12,2021-12-01,short_rains,0.0,-1.0886168929259559,0.5061887742184046,-0.23227515529101805
Tharaka,2022,1,2022-01-01,hot_dry,30.37736389040947,-0.184490398247393,0.6406051487858445,1.842696106687701
Tharaka,2022,2,2022-02-01,hot_dry,20.406758893281218,-0.3971018355622585,0.4547571935938663,0.6418497948940233
Tharaka,2022,3,2022-03-01,long_rains,34.79053524881601,-0.6301053838549637,0.3639440595112698,0.17569066030911035
Tharaka,2022,4,2022-04-01,long_rains,248.94887291640043,-0.7264337919040936,0.3673287920122634,-0.383341060005944
Tharaka,2022,5,2022-05-01,long_rains,32.63633241504431,-1.424460436398965,0.5310166978983052,-0.6974473500050936
Tharaka,2022,6,2022-06-01,cool_dry,4.751400453969836,-0.8150586696429609,0.2356894371982925,-1.7999088180807037
Tharaka,2022,7,2022-07-01,cool_dry,18.093423575162888,-0.0015535475163303645,0.1981860546342131,-1.1724116394615747
Tharaka,2022,8,2022-08-01,cool_dry,19.4357862919569,1.1730376137808387,0.2587401152733138,-0.6025341681068634
Tharaka,2022,9,2022-09-01,cool_dry,9.813288643956184,-0.15853125953991143,0.2329129664114848,-0.6916576151468594
Tharaka,2022,10,2022-10-01,short_rains,39.83227691426873,-0.7064694966754933,0.277024770865654,-0.5296046912363561
Tharaka,2022,11,2022-11-01,short_rains,286.7196478396654,-0.26955380306904686,0.1697411933117429,-1.4842801188068493
Tharaka,2022,12,2022-12-01,short_rains,88.50911384820938,-0.0697183214844334,0.4808121958134442,-0.7414075105313545
Tharaka,2023,1,2023-01-01,hot_dry,24.145758867263794,-0.4029905958693293,0.4917795194583823,0.0040123150003898165
Tharaka,2023,2,2023-02-01,hot_dry,6.27024781703949,-0.9759319843371066,0.3650499726773514,-1.3545870921587295
Tharaka,2023,3,2023-03-01,long_rains,120.40233545005322,0.44261392184566195,0.3497230643926749,-0.02258675330413345
Tharaka,2023,4,2023-04-01,long_rains,509.43639200925827,0.6624603484456584,0.3963757404075821,0.002931248979730727
Tharaka,2023,5,2023-05-01,long_rains,52.42832704633474,-1.095050173395565,0.5788815005543219,0.050673786837107604
Tharaka,2023,6,2023-06-01,cool_dry,15.381147576496005,0.48188341663745177,0.4605157427768983,0.27484619475604716
Tharaka,2023,7,2023-07-01,cool_dry,23.069530084729195,1.0937938582177096,0.1950277037371602,-1.1998057769897377
Tharaka,2023,8,2023-08-01,cool_dry,13.249393343925476,-0.24167078073173198,0.3435840008621286,1.0323348624240383
Tharaka,2023,9,2023-09-01,cool_dry,9.706626631319523,-0.18451817643557228,0.2853470529658974,0.3576628779654147
Tharaka,2023,10,2023-10-01,short_rains,200.1945388019085,0.4755992931031753,0.2956810127423687,-0.053524710917096305
Tharaka,2023,11,2023-11-01,short_rains,558.6438902914524,1.6150155284589534,0.6345938318875125,1.205557349966313
Tharaka,2023,12,2023-12-01,short_rains,67.74800443649292,-0.3087159094324569,0.493881048305383,-0.4792060607011947
Tharaka,2024,1,2024-01-01,hot_dry,49.865422524511814,0.4988238758446705,0.5484006425842536,0.7035446591882363
Tharaka,2024,2,2024-02-01,hot_dry,76.50426423549652,1.8998529921182434,0.4163007852048866,-0.21399872506820541
Tharaka,2024,3,2024-03-01,long_rains,39.600170239806175,-0.569840463644422,0.4210457305383479,0.971835483496563
Tharaka,2024,4,2024-04-01,long_rains,553.497470870614,0.8973897395394802,0.5235928569858815,1.6946906962860486
Tharaka,2024,5,2024-05-01,long_rains,173.379780292511,0.9180187853781282,0.6114350607396317,0.5594820363793983
Tharaka,2024,6,2024-06-01,cool_dry,4.979741102317348,-0.7871986845053215,0.560245828582378,1.1951810947271486
Tharaka,2024,7,2024-07-01,cool_dry,14.499637566506863,-0.7926226642599243,0.5438978093259496,1.8261390795117354
Tharaka,2024,8,2024-08-01,cool_dry,14.348909124732018,0.00976720875146634,0.3479168989514608,1.11582609870506
Tharaka,2024,9,2024-09-01,cool_dry,4.006373185221719,-1.573316389840299,0.345457688803138,1.5606078739189577
Tharaka,2024,10,2024-10-01,short_rains,50.353772312402725,-0.6289130243138827,0.3478348797162257,1.2773656220109604
Tharaka,2024,11,2024-11-01,short_rains,418.56437373161316,0.6441952790258861,0.404562320657701,-0.12550399411941598
Tharaka,2024,12,2024-12-01,short_rains,54.968079172074795,-0.4558357599077025,0.5571488968772091,0.7901419278387557
Trans Nzoia,2017,1,2017-01-01,hot_dry,36.378104496747255,0.19863976572872388,0.4149378762946655,-1.022732160341564
Trans Nzoia,2017,2,2017-02-01,hot_dry,82.08613693714142,1.548607898974429,,
Trans Nzoia,2017,3,2017-03-01,long_rains,60.406219547614455,-0.7621082631409335,0.355487968357741,-0.23582812837279532
Trans Nzoia,2017,4,2017-04-01,long_rains,94.78558346629143,-1.2659533821865432,0.3780239029408644,-0.21209427231596725
Trans Nzoia,2017,5,2017-05-01,long_rains,212.6746769696474,0.07956373876262338,0.735175454910104,1.7718804274774909
Trans Nzoia,2017,6,2017-06-01,cool_dry,107.78037920594215,-0.7071932471725622,0.6984163701299224,1.0360827249353475
Trans Nzoia,2017,7,2017-07-01,cool_dry,328.9267850071192,1.7648815306774186,0.6138379682607696,0.3647888288583829
Trans Nzoia,2017,8,2017-08-01,cool_dry,204.26877837628126,-0.17377398144179282,0.5784261456231555,0.10323835467443579
Trans Nzoia,2017,9,2017-09-01,cool_dry,162.49253463745117,0.5936218382693216,0.5014655984257335,-1.505478384717948
Trans Nzoia,2017,10,2017-10-01,short_rains,215.7427980005741,1.3508549884223084,0.6129423058405025,1.4981602824706148
Trans Nzoia,2017,11,2017-11-01,short_rains,88.40532441437244,-0.26527367511287225,0.6123859970734253,0.8230649876461348
Trans Nzoia,2017,12,2017-12-01,short_rains,15.527127902954817,-0.5750831931217681,0.5266339779270927,-0.6813171535152266
Trans Nzoia,2018,1,2018-01-01,hot_dry,11.047202929854393,-1.1027832526003576,0.4289298239883474,-0.6943460859641286
Trans Nzoia,2018,2,2018-02-01,hot_dry,19.61505837738514,-0.8863651446215282,0.3690780644549718,-0.4113452702465501
Trans Nzoia,2018,3,2018-03-01,long_rains,156.7111977338791,0.8264863265416028,0.4768693874235913,1.4641018234367433
Trans Nzoia,2018,4,2018-04-01,long_rains,312.9281314909458,1.8815349705193232,,
Trans Nzoia,2018,5,2018-05-01,long_rains,322.62600296735764,2.023473977494514,0.6436681512334886,0.5898439419723952
Trans Nzoia,2018,6,2018-06-01,cool_dry,213.74842131137848,1.1966245156985698,0.7630242060048571,1.79965191763397
Trans Nzoia,2018,7,2018-07-01,cool_dry,185.87218776345253,-0.23845545421042008,,
Trans Nzoia,2018,8,2018-08-01,cool_dry,157.65315279364586,-0.8639198856618193,,
Trans Nzoia,2018,9,2018-09-01,cool_dry,64.95864476263523,-2.2067143072921533,0.6363093662444459,1.5511696471985315
Trans Nzoia,2018,10,2018-10-01,short_rains,112.1334767639637,-1.1924971129161146,0.5854990350336269,0.7620496634243131
Trans Nzoia,2018,11,2018-11-01,short_rains,33.87197560071945,-1.3755328583713007,0.5339419722844405,-0.16605900344720478
Trans Nzoia,2018,12,2018-12-01,short_rains,52.673051524558105,0.4879802517988443,0.5328627593208027,-0.5059639708015591
Trans Nzoia,2019,1,2019-01-01,hot_dry,16.6056826710701,-0.8172058339273227,0.4512836764583203,-0.16970905754374266
Trans Nzoia,2019,2,2019-02-01,hot_dry,20.476380452513695,-0.8527928727295676,0.3708814426603959,-0.38494865149721347
Trans Nzoia,2019,3,2019-03-01,long_rains,65.86469721794128,-0.6720681815346342,0.3307960609148224,-0.5816348700682004
Trans Nzoia,2019,4,2019-04-01,long_rains,127.94873213768005,-0.7874560641371928,0.297062492058445,-1.1999267034864818
Trans Nzoia,2019,5,2019-05-01,long_rains,145.1480055451393,-1.114289875811512,0.4752602168756122,-1.5855487847442131
Trans Nzoia,2019,6,2019-06-01,cool_dry,185.8830695450306,0.6959966791604444,0.5055156196151646,-1.2437192270544424
Trans Nzoia,2019,7,2019-07-01,cool_dry,172.74714896082878,-0.42225853476851966,0.665036360234757,1.0088954248229622
Trans Nzoia,2019,8,2019-08-01,cool_dry,232.32470346987247,0.24159493296056056,0.5924494063322314,0.3450687021842565
Trans Nzoia,2019,9,2019-09-01,cool_dry,147.83163332939148,0.17268659296983183,0.582423086373597,0.32967165749556365
Trans Nzoia,2019,10,2019-10-01,short_rains,218.30975459516048,1.4138674121209096,0.575971749128196,0.5064993547518957
Trans Nzoia,2019,11,2019-11-01,short_rains,135.4556149095297,0.6926359019374692,0.6020842644248618,0.6931673830811722
Trans Nzoia,2019,12,2019-12-01,short_rains,110.31544168293476,2.137623385711503,0.5671890470977162,0.4603925975161773
Trans Nzoia,2020,1,2020-01-01,hot_dry,51.686372466385365,0.9851310105755042,0.5478497843334146,2.0966634144838188
Trans Nzoia,2020,2,2020-02-01,hot_dry,38.79889067262411,-0.1386253010218966,0.5346690265553847,2.0124621605816087
Trans Nzoia,2020,3,2020-03-01,long_rains,220.53075339645147,1.8792190382963272,0.4424079180794077,0.9814737212742312
Trans Nzoia,2020,4,2020-04-01,long_rains,226.2156119644642,0.6303959895419172,0.5044725027290479,1.3307398555165626
Trans Nzoia,2020,5,2020-05-01,long_rains,195.05255821347237,-0.23199064011763984,0.5726117717629222,-0.3280197660320254
Trans Nzoia,2020,6,2020-06-01,cool_dry,225.18183332681656,1.4020367555846038,0.5980043572678064,-0.15063895611255715
Trans Nzoia,2020,7,2020-07-01,cool_dry,281.78411765396595,1.1046954835700262,0.6347053193234053,0.6273126687981426
Trans Nzoia,2020,8,2020-08-01,cool_dry,321.3848700746894,1.560133694228702,0.5071755037564227,-1.1254749838558895
Trans Nzoia,2020,9,2020-09-01,cool_dry,177.7365775257349,1.0312999044198727,0.5571785329634501,-0.242573658294461
Trans Nzoia,2020,10,2020-10-01,short_rains,186.32624527066946,0.6287515106002858,0.5836710115637779,0.7130166054666375
Trans Nzoia,2020,11,2020-11-01,short_rains,175.31806138157845,1.504206220385606,0.5715584153080845,0.3082578913624382
Trans Nzoia,2020,12,2020-12-01,short_rains,11.586956266313791,-0.6878452952650587,0.5808555814317571,0.845134032583985
Trans Nzoia,2021,1,2021-01-01,hot_dry,36.84902086108923,0.22283398537163984,0.481324721540683,0.5353436685500844
Trans Nzoia,2021,2,2021-02-01,hot_dry,40.45183877274394,-0.0741973423721198,0.3544320194418958,-0.6257240762191308
Trans Nzoia,2021,3,2021-03-01,long_rains,53.22770070284605,-0.8805212093198639,0.3740079781180234,0.02354204163839423
Trans Nzoia,2021,4,2021-04-01,long_rains,170.88720807433128,-0.16791460321010926,0.3889465556572774,-0.07882398379103664
Trans Nzoia,2021,5,2021-05-01,long_rains,253.44855327904224,0.8004350416905291,0.6152259077350384,0.2224440930641621
Trans Nzoia,2021,6,2021-06-01,cool_dry,117.0099113509059,-0.5413758281521287,0.614832713049498,0.04824735333673697
Trans Nzoia,2021,7,2021-07-01,cool_dry,127.85804218053818,-1.050885713232139,0.6135874753838888,0.3616374776533867
Trans Nzoia,2021,8,2021-08-01,cool_dry,165.43783676624298,-0.7486673776843976,0.6488068578599869,1.316949805336272
Trans Nzoia,2021,9,2021-09-01,cool_dry,156.03952204063535,0.4083467052276643,0.5788223538281186,0.24804999839604244
Trans Nzoia,2021,10,2021-10-01,short_rains,149.85007748007774,-0.26664802384037994,0.5323250654033269,-0.6642352709466589
Trans Nzoia,2021,11,2021-11-01,short_rains,46.29736291989684,-1.1225610406345967,0.5970691762291354,0.6299306475211853
Trans Nzoia,2021,12,2021-12-01,short_rains,0.0,-1.0194474858604305,0.5380926005729996,-0.3587330357769302
Trans Nzoia,2022,1,2022-01-01,hot_dry,34.58117112517357,0.10631891224492372,0.4218743742981208,-0.8599350002070836
Trans Nzoia,2022,2,2022-02-01,hot_dry,50.571613140404224,0.32024722878980716,0.3500840060375054,-0.6893673274281629
Trans Nzoia,2022,3,2022-03-01,long_rains,69.84993978589773,-0.6063297856462783,0.3240785581560332,-0.6757125652287248
Trans Nzoia,2022,4,2022-04-01,long_rains,146.97439812868834,-0.5129426202839436,0.3133116552805072,-1.0016661959781847
Trans Nzoia,2022,5,2022-05-01,long_rains,177.1308982744813,-0.548840827546952,0.5480969481440091,-0.644687559628948
Trans Nzoia,2022,6,2022-06-01,cool_dry,92.23840051237494,-0.9864198377472687,0.5995263965705071,-0.1326506996436602
Trans Nzoia,2022,7,2022-07-01,cool_dry,165.5314499437809,-0.5233072042359445,0.4813646744085765,-1.3018049657807944
Trans Nzoia,2022,8,2022-08-01,cool_dry,310.6355830132961,1.4009901378356855,0.5007488452987764,-1.2363023499287236
Trans Nzoia,2022,9,2022-09-01,cool_dry,131.2310806810856,-0.30393879003307267,0.5955134129888601,0.626404103740182
Trans Nzoia,2022,10,2022-10-01,short_rains,127.85216232389212,-0.8066423319758496,0.5129819268005288,-1.1830761128931229
Trans Nzoia,2022,11,2022-11-01,short_rains,99.59021556377411,-0.03755745407529479,0.3661015521218015,-2.2824086770473855
Trans Nzoia,2022,12,2022-12-01,short_rains,42.19845912605524,0.18821233129367904,0.4906478645219228,-1.6944012738639869
Trans Nzoia,2023,1,2023-01-01,hot_dry,9.077132303267717,-1.2039993603019827,0.4573377668088198,-0.027621693607657028
Trans Nzoia,2023,2,2023-02-01,hot_dry,12.21977636963129,-1.1746155279000245,0.3584188938876489,-0.5673669304859265
Trans Nzoia,2023,3,2023-03-01,long_rains,145.97221460938454,0.6493418962997064,0.2566079589254227,-1.6206289567270757
Trans Nzoia,2023,4,2023-04-01,long_rains,154.76500496640801,-0.40053518530953397,0.383350957191188,-0.14709741895434852
Trans Nzoia,2023,5,2023-05-01,long_rains,163.98987913131714,-0.781170555524044,0.5612939311576348,-0.47421684533684966
Trans Nzoia,2023,6,2023-06-01,cool_dry,152.6409619152546,0.0987702538776957,0.5281244123593848,-0.9765166905538778
Trans Nzoia,2023,7,2023-07-01,cool_dry,133.68538057804108,-0.9692796498122412,0.4618651819564587,-1.5471203208558504
Trans Nzoia,2023,8,2023-08-01,cool_dry,146.56103144027293,-1.0281391152755355,0.5455183750419202,-0.4642543105858687
Trans Nzoia,2023,9,2023-09-01,cool_dry,162.28663520514965,0.5877101738892319,0.5115096460227548,-1.2777992059428025
Trans Nzoia,2023,10,2023-10-01,short_rains,136.75341334193945,-0.5881386760201155,0.5138365800241728,-1.1601517567566502
Trans Nzoia,2023,11,2023-11-01,short_rains,84.22813096642494,-0.35031828518584723,0.5280024488745408,-0.2409522169991087
Trans Nzoia,2023,12,2023-12-01,short_rains,36.60429580882192,0.028115342239193455,0.6026384812289116,1.458368077371805
Trans Nzoia,2024,1,2024-01-01,hot_dry,63.86954911053181,1.6110647729088714,0.4645794014032968,0.14233691463027534
Trans Nzoia,2024,2,2024-02-01,hot_dry,74.62372779846191,1.2577410608809008,0.4427005291375503,0.6662900952953743
Trans Nzoia,2024,3,2024-03-01,long_rains,80.29584426432848,-0.4340198214959266,0.4183600694532319,0.6446869340474266
Trans Nzoia,2024,4,2024-04-01,long_rains,225.69407126307487,0.6228708950660822,0.5026799739424407,1.3088687190094563
Trans Nzoia,2024,5,2024-05-01,long_rains,195.32460874691606,-0.2271808589475185,0.6327108808976736,0.44830449322797855
Trans Nzoia,2024,6,2024-06-01,cool_dry,82.66365809366107,-1.1584392912493544,0.5785588252921653,-0.38045642254151707
Trans Nzoia,2024,7,2024-07-01,cool_dry,226.79370164126158,0.3346095420118194,0.6234958572064013,0.48629088650377456
Trans Nzoia,2024,8,2024-08-01,cool_dry,189.78421664237976,-0.3882184049614031,0.6339517779499225,1.060774782175502
Trans Nzoia,2024,9,2024-09-01,cool_dry,131.95994310081005,-0.2830121174506964,0.5798151972090545,0.2705558421249045
Trans Nzoia,2024,10,2024-10-01,short_rains,138.73287625715602,-0.5395477663910442,0.5394820786533269,-0.47226276551701724
Trans Nzoia,2024,11,2024-11-01,short_rains,148.3129170909524,0.9544011910568365,0.5657485034140051,0.23499898788277554
Trans Nzoia,2024,12,2024-12-01,short_rains,16.06970752775669,-0.5595553367959624,0.5677619399764557,0.4765207264857401
Turkana,2017,1,2017-01-01,hot_dry,5.7618245377670965,-0.014745477523804963,0.1189455585276072,-0.8193376597138676
Turkana,2017,2,2017-02-01,hot_dry,29.598576052463613,1.1516099997582308,0.1350223463317681,-0.103909202205311
Turkana,2017,3,2017-03-01,long_rains,27.71167743951082,-0.7273342246643153,0.1034309091524546,-0.8717680067283665
Turkana,2017,4,2017-04-01,long_rains,25.783518888405524,-1.274114348117573,0.1062160202128858,-0.6194329417888909
Turkana,2017,5,2017-05-01,long_rains,29.79065589653328,-0.42958056408094814,0.1385413757695922,-1.5991145384629937
Turkana,2017,6,2017-06-01,cool_dry,9.126574772875756,-0.8130432301262922,0.165725369733506,-1.194368786246135
Turkana,2017,7,2017-07-01,cool_dry,72.9334940481931,1.463160070989352,0.1509772120773525,-0.7573839199519794
Turkana,2017,8,2017-08-01,cool_dry,20.297128641745076,-0.3497487930007772,0.1458635667936346,-0.6856209788411038
Turkana,2017,9,2017-09-01,cool_dry,16.9126701252535,0.6196295062815665,0.2053998493056843,0.6191869425417198
Turkana,2017,10,2017-10-01,short_rains,42.6796051163692,0.6817880120639364,0.1729844133388451,0.15281624322911774
Turkana,2017,11,2017-11-01,short_rains,23.923537283902988,-0.2368715079278308,0.2673247091480003,1.1786713691666377
Turkana,2017,12,2017-12-01,short_rains,7.824290021788328,-0.7040298067503729,0.1902455798857606,0.05251505324313764
Turkana,2018,1,2018-01-01,hot_dry,0.286790569836739,-1.1165518606544118,0.134185308416631,-0.3806214550476977
Turkana,2018,2,2018-02-01,hot_dry,13.375475660315715,-0.3158473631110127,0.1218298658775238,-0.3829417895116275
Turkana,2018,3,2018-03-01,long_rains,102.34768658084795,1.0936408456087165,0.1868844251859928,1.013085482346127
Turkana,2018,4,2018-04-01,long_rains,150.74836947768927,1.2883703892310954,0.6179644433118527,2.354235451504045
Turkana,2018,5,2018-05-01,long_rains,77.5320974024944,1.9238768617114812,0.2597040108042838,0.5578105715660561
Turkana,2018,6,2018-06-01,cool_dry,39.6570822680369,0.9220964115548334,0.2766069564550537,1.8912554303777578
Turkana,2018,7,2018-07-01,cool_dry,17.72505828505382,-0.8940051448126102,0.2477412161547884,1.6540188567946468
Turkana,2018,8,2018-08-01,cool_dry,22.986942051677033,-0.10377911808748297,0.1112498356724438,-1.2960366543766475
Turkana,2018,9,2018-09-01,cool_dry,5.98462574277073,-1.5342991690994339,0.1802952066487097,-0.13438973175888225
Turkana,2018,10,2018-10-01,short_rains,10.718295229482464,-1.283251718119108,0.1433507392791881,-0.7185914263793376
Turkana,2018,11,2018-11-01,short_rains,11.395135726779698,-1.1158775262924538,0.144398119884164,-0.7910317207590036
Turkana,2018,12,2018-12-01,short_rains,27.591022219858132,0.31226533691733815,0.1599253111324073,-0.5022065388295521
Turkana,2019,1,2019-01-01,hot_dry,0.922303783008828,-0.9886599573459947,0.1454687363250235,-0.05579836387875328
Turkana,2019,2,2019-02-01,hot_dry,7.959465384250506,-0.805751509967809,0.1164434381324704,-0.4968694830377705
Turkana,2019,3,2019-03-01,long_rains,33.72098438965622,-0.5807186932107105,0.113912788771585,-0.6350277432715589
Turkana,2019,4,2019-04-01,long_rains,58.10892476583831,-0.6112610833882207,0.1054800911608686,-0.6237092792682276
Turkana,2019,5,2019-05-01,long_rains,17.13317344104871,-1.0535425798273315,0.1503464289145779,-1.38896216313411
Turkana,2019,6,2019-06-01,cool_dry,46.68749753199518,1.321655843179332,0.1946213239672427,-0.3902491954074629
Turkana,2019,7,2019-07-01,cool_dry,44.43565563973971,0.2464236702308059,0.1915242745483453,0.2530672283203242
Turkana,2019,8,2019-08-01,cool_dry,25.262483298545703,0.10430748698236003,0.19251716490994,0.13711863020652687
Turkana,2019,9,2019-09-01,cool_dry,11.25108811398968,-0.4962740731026753,0.1704856337522186,-0.42884782943641986
Turkana,2019,10,2019-10-01,short_rains,49.24124576072791,1.0852096680280088,0.1830345641454782,0.44835092704830853
Turkana,2019,11,2019-11-01,short_rains,45.04244909295812,1.2448538739439223,0.2554353558331433,0.9881633911796417
Turkana,2019,12,2019-12-01,short_rains,60.895739811239764,2.0246081971424035,0.2629691469023928,1.3830221541147145
Turkana,2020,1,2020-01-01,hot_dry,12.82368441784638,1.4063968091215058,0.2238684632716103,2.20114357436416
Turkana,2020,2,2020-02-01,hot_dry,15.201197933405638,-0.15070201312002593,0.2536248409505444,2.4046380758627492
Turkana,2020,3,2020-03-01,long_rains,130.77382329432294,1.7871839073952536,0.2306035417232544,2.000510976933982
Turkana,2020,4,2020-04-01,long_rains,92.68893531057984,0.09782430198537585,0.2403885414429699,0.16021691665955798
Turkana,2020,5,2020-05-01,long_rains,33.615699637215585,-0.2410215823760158,0.2687865863716008,0.7194976733633488
Turkana,2020,6,2020-06-01,cool_dry,47.0011992752552,1.33948444725613,0.2343753709214631,0.7160305180925969
Turkana,2020,7,2020-07-01,cool_dry,34.88445934280753,-0.16137175757330274,0.2300956060537948,1.2142822667205853
Turkana,2020,8,2020-08-01,cool_dry,46.442391327931546,2.041101717186339,0.2550392941212374,1.2397009437055195
Turkana,2020,9,2020-09-01,cool_dry,21.278794955811463,1.4801971562360794,0.2213901041714334,1.0991731844332175
Turkana,2020,10,2020-10-01,short_rains,40.10070639336482,0.5232326065202757,0.2303180829100794,1.8387698408353939
Turkana,2020,11,2020-11-01,short_rains,22.193037500604987,-0.35828521879605835,0.23472525946197,0.6563170342665351
Turkana,2020,12,2020-12-01,short_rains,31.349596203421243,0.5055102520775685,0.2159460342180352,0.5227152701397673
Turkana,2021,1,2021-01-01,hot_dry,4.888153941137715,-0.19056463147942157,0.1682304341240201,0.5994568563743242
Turkana,2021,2,2021-02-01,hot_dry,17.287610048777424,0.03802398540512755,0.141058098281382,0.023752270455660435
Turkana,2021,3,2021-03-01,long_rains,23.929393184371293,-0.8196146857518397,0.1290486401084718,-0.29317441511485437
Turkana,2021,4,2021-04-01,long_rains,42.25574445538223,-0.9363407549311864,0.1234094149443327,-0.5195255416317918
Turkana,2021,5,2021-05-01,long_rains,57.71273943467531,0.9468637319764251,0.25264387810558,0.4321267954282126
Turkana,2021,6,2021-06-01,cool_dry,10.103163053223398,-0.7575408104858403,0.2038097570869557,-0.1345525320992905
Turkana,2021,7,2021-07-01,cool_dry,28.75672741350718,-0.4229998286433699,0.1667700340599395,-0.3638196483557002
Turkana,2021,8,2021-08-01,cool_dry,15.06023228529375,-0.8286361721753542,0.1827538515873399,-0.03505811307531933
Turkana,2021,9,2021-09-01,cool_dry,17.061543618910946,0.6489726234734163,0.1673044063352359,-0.524340078015297
Turkana,2021,10,2021-10-01,short_rains,11.345692442031577,-1.244678191138259,0.1710539036755841,0.09604768582944367
Turkana,2021,11,2021-11-01,short_rains,12.705141043988988,-1.0239661557424007,0.1403501203679343,-0.8558944750490625
Turkana,2021,12,2021-12-01,short_rains,0.0,-1.1063111687940035,0.1271993779322028,-1.1009407358961332
Turkana,2022,1,2022-01-01,hot_dry,10.536506480770186,0.9461207149115093,0.1305856779105456,-0.48424626814044824
Turkana,2022,2,2022-02-01,hot_dry,10.068736715707926,-0.6149577855367911,0.1281372643509787,-0.24953475348650989
Turkana,2022,3,2022-03-01,long_rains,25.139573049731553,-0.7900886246625567,0.114545365594773,-0.6207405725331276
Turkana,2022,4,2022-04-01,long_rains,62.11558845033869,-0.5291018642893596,0.1103120394879618,-0.5956317877318775
Turkana,2022,5,2022-05-01,long_rains,35.78270393193816,-0.13419715084932773,0.2289814757665513,0.010891075735852754
Turkana,2022,6,2022-06-01,cool_dry,10.690859094262123,-0.7241402946828531,0.1934357554038362,-0.423241319509202
Turkana,2022,7,2022-07-01,cool_dry,17.71907926350832,-0.8942604235832684,0.1415482005312538,-0.9923591552268953
Turkana,2022,8,2022-08-01,cool_dry,25.030495574697852,0.08309339651495676,0.1720866034544035,-0.2231758127354197
Turkana,2022,9,2022-09-01,cool_dry,16.569472127128392,0.5519848313862149,0.1741355764399943,-0.3192859563747583
Turkana,2022,10,2022-10-01,short_rains,15.062469742726535,-1.0161639315551545,0.1221388238538227,-1.3423489041574155
Turkana,2022,11,2022-11-01,short_rains,18.30006162263453,-0.6314205593646014,0.0949355414032357,-1.5835908753977792
Turkana,2022,12,2022-12-01,short_rains,22.171819194220006,0.033640136640521796,0.106478500820644,-1.4800375715465501
Turkana,2023,1,2023-01-01,hot_dry,0.9317968385294074,-0.9867495565650583,0.1185824602695471,-0.8297903961995077
Turkana,2023,2,2023-02-01,hot_dry,4.552667701849713,-1.1139127258883263,0.1053051139081998,-0.7324548558821133
Turkana,2023,3,2023-03-01,long_rains,77.65615946985781,0.4912150750809997,0.1163282132830754,-0.5804737647879072
Turkana,2023,4,2023-04-01,long_rains,118.68585016968427,0.6309077829039742,0.1811998947054781,-0.18371654771581222
Turkana,2023,5,2023-05-01,long_rains,17.901852551149204,-1.0156498496823558,0.2308786424992536,0.04466424815411274
Turkana,2023,6,2023-06-01,cool_dry,13.826131185167467,-0.5459534468799284,0.1745498754224008,-0.9487995329690468
Turkana,2023,7,2023-07-01,cool_dry,18.84164066822268,-0.8463318297149893,0.1405486345900128,-1.0172687908835703
Turkana,2023,8,2023-08-01,cool_dry,9.324769417988135,-1.3531149080383447,0.1412715177263596,-0.7666020994166023
Turkana,2023,9,2023-09-01,cool_dry,8.60764914797619,-1.0172985850128633,0.1280757663863428,-1.7018827514542167
Turkana,2023,10,2023-10-01,short_rains,38.76458120532334,0.44108518864873797,0.1362208096703642,-0.9282541004166407
Turkana,2023,11,2023-11-01,short_rains,36.691455317894,0.658939241966531,0.2287392241648285,0.5604003388486115
Turkana,2023,12,2023-12-01,short_rains,18.15791837638244,-0.17273226054966787,0.1901484587634409,0.05073818299059014
Turkana,2024,1,2024-01-01,hot_dry,10.529714877251536,0.9447539595356755,0.1393894601092072,-0.23080628775821044
Turkana,2024,2,2024-02-01,hot_dry,36.894235155545175,1.8115374124606065,0.1180598824054039,-0.46268026219507447
Turkana,2024,3,2024-03-01,long_rains,38.903159006964415,-0.45428359979554767,0.1414796404216064,-0.012411956844293252
Turkana,2024,4,2024-04-01,long_rains,152.95972101576626,1.3337155766058943,0.217559816068273,0.02756372997299666
Turkana,2024,5,2024-05-01,long_rains,38.570933341863565,0.0032511331280726283,0.297075064825701,1.2230863373495207
Turkana,2024,6,2024-06-01,cool_dry,10.366775683825834,-0.7425589198153815,0.2260346981745029,0.4839254177607848
Turkana,2024,7,2024-07-01,cool_dry,74.01615869486704,1.5093852431073826,0.181749008036407,0.009463162582587307
Turkana,2024,8,2024-08-01,cool_dry,28.570146787445992,0.40677639061830306,0.277152791500294,1.6296740845330469
Turkana,2024,9,2024-09-01,cool_dry,12.485793977451976,-0.2529122901623054,0.2310915711168702,1.3903862200646326
Turkana,2024,10,2024-10-01,short_rains,44.810159127926454,0.8127783655515628,0.1831997959960536,0.45320973401112874
Turkana,2024,11,2024-11-01,short_rains,48.14636395980051,1.4626278522128915,0.1842146554791358,-0.15303506225558136
Turkana,2024,12,2024-12-01,short_rains,4.1498176369350395,-0.8929506866837876,0.2460890630330207,1.0741941857840238
Uasin Gishu,2017,1,2017-01-01,hot_dry,40.42595535516739,-0.043044584759772256,0.3509972430920316,-0.9210308626014386
Uasin Gishu,2017,2,2017-02-01,hot_dry,39.616808746010065,0.42552176267353653,,
Uasin Gishu,2017,3,2017-03-01,long_rains,44.81622697599232,-0.935928695404846,0.3189547288668763,-0.41213951579651326
Uasin Gishu,2017,4,2017-04-01,long_rains,99.29644870012999,-1.10300625709089,0.3205235596946367,-0.3382830039860026
Uasin Gishu,2017,5,2017-05-01,long_rains,153.30679111927748,-0.22389790768938148,0.5894994996159107,1.137252276217097
Uasin Gishu,2017,6,2017-06-01,cool_dry,76.29750688374043,-0.9294379659456956,0.6179007795404764,0.739740850656073
Uasin Gishu,2017,7,2017-07-01,cool_dry,331.1201181858778,1.7644116923005273,0.5031094968190435,-0.3084146541912564
Uasin Gishu,2017,8,2017-08-01,cool_dry,211.3811001703143,-0.1126175109420864,0.6735979434996051,1.0934033266970662
Uasin Gishu,2017,9,2017-09-01,cool_dry,137.32708836346865,0.39384036996801147,0.61657048234412,1.1118876788685446
Uasin Gishu,2017,10,2017-10-01,short_rains,159.70057517290115,1.3977602755685827,0.5650198335604241,0.5240940893437132
Uasin Gishu,2017,11,2017-11-01,short_rains,87.70290296152234,-0.43654763789859063,0.5916919909345576,1.425678865059686
Uasin Gishu,2017,12,2017-12-01,short_rains,21.282799005508423,-0.6864602172700048,0.4984611465189535,0.4353899976733902
Uasin Gishu,2018,1,2018-01-01,hot_dry,15.219949532300234,-1.0212672642395544,0.4072811596651348,0.19397743001422707
Uasin Gishu,2018,2,2018-02-01,hot_dry,22.73790955170989,-0.48738503960464863,0.3546145643449215,-0.21451786222651986
Uasin Gishu,2018,3,2018-03-01,long_rains,158.70519237965345,1.0297909361582498,0.4534989111302269,1.381482601114772
Uasin Gishu,2018,4,2018-04-01,long_rains,368.4489781856537,1.800163816244006,,
Uasin Gishu,2018,5,2018-05-01,long_rains,249.55159287154675,1.4750941142703526,0.6107716595305587,1.4743082888793138
Uasin Gishu,2018,6,2018-06-01,cool_dry,237.79729422926903,1.4595946225927747,0.745503460272927,1.937161290163342
Uasin Gishu,2018,7,2018-07-01,cool_dry,173.37923267111182,-0.4063850569661083,,
Uasin Gishu,2018,8,2018-08-01,cool_dry,156.28507940471172,-0.9080969113536568,,
Uasin Gishu,2018,9,2018-09-01,cool_dry,49.75918595865369,-2.1395580339696583,0.6074512371831056,0.8205326465882764
Uasin Gishu,2018,10,2018-10-01,short_rains,75.57296591997147,-1.00999815887433,0.5988512993893814,1.2237090943951785
Uasin Gishu,2018,11,2018-11-01,short_rains,26.336255118250847,-1.5099535744244779,0.4204962546536772,-0.776958829242625
Uasin Gishu,2018,12,2018-12-01,short_rains,69.23272424563766,0.32821197486650705,0.4376130533565206,-0.4767375025151485
Uasin Gishu,2019,1,2019-01-01,hot_dry,17.29077921062708,-0.9409002052570727,0.403004107647617,0.10924721296746508
Uasin Gishu,2019,2,2019-02-01,hot_dry,13.730169653892517,-0.9745748101701948,0.3353805692439205,-0.48027630464834414
Uasin Gishu,2019,3,2019-03-01,long_rains,45.95238723605872,-0.916318608335405,0.2724605274900241,-1.031958422082774
Uasin Gishu,2019,4,2019-04-01,long_rains,110.40284867957234,-0.9832088763847259,0.2660376242945622,-1.0091097240022646
Uasin Gishu,2019,5,2019-05-01,long_rains,98.66324765980244,-1.1885104654483167,0.4093157917989864,-1.717747044357144
Uasin Gishu,2019,6,2019-06-01,cool_dry,178.16028326749802,0.5773967880787741,0.4151226611100663,-1.1631240601721644
Uasin Gishu,2019,7,2019-07-01,cool_dry,187.85872650146484,-0.20712132115416299,0.6073368076100066,1.708579087750196
Uasin Gishu,2019,8,2019-08-01,cool_dry,232.1669745594263,0.18749009513032805,0.6041425212488406,0.2953390443921113
Uasin Gishu,2019,9,2019-09-01,cool_dry,129.17896733433008,0.15810973986928745,0.5626606612402952,-0.6105024302466958
Uasin Gishu,2019,10,2019-10-01,short_rains,154.2318665906787,1.2412441290706013,0.5883570519910967,1.0066941715514235
Uasin Gishu,2019,11,2019-11-01,short_rains,148.19853571243584,0.6216227789468253,0.5592999603683789,1.0089166893767738
Uasin Gishu,2019,12,2019-12-01,short_rains,151.5821324288845,2.0708143690097662,0.534327565030193,0.9730362073917678
Uasin Gishu,2020,1,2020-01-01,hot_dry,64.87603960931301,0.9058414506032141,0.5022198493834242,2.074753196364241
Uasin Gishu,2020,2,2020-02-01,hot_dry,28.620780289173126,-0.16920595391125004,0.5005278851090205,1.8015841826806702
Uasin Gishu,2020,3,2020-03-01,long_rains,184.47059275209904,1.4745008617220414,0.4440894464750514,1.2560440750491595
Uasin Gishu,2020,4,2020-04-01,long_rains,283.9201805591583,0.8884076604564305,0.4600657440895286,1.3797498273160318
Uasin Gishu,2020,5,2020-05-01,long_rains,149.60127456486225,-0.28931071906797373,0.4995928692926323,-0.2873125282150695
Uasin Gishu,2020,6,2020-06-01,cool_dry,223.49234682321548,1.2479845264303975,0.5689316578549547,0.2802158087495635
Uasin Gishu,2020,7,2020-07-01,cool_dry,286.18887239694595,1.1460773778910702,0.5319044053881147,0.24882077616610582
Uasin Gishu,2020,8,2020-08-01,cool_dry,319.7887287661433,1.452577837054605,0.4506584156164244,-1.4682407977188314
Uasin Gishu,2020,9,2020-09-01,cool_dry,148.88938733935356,0.7283454679198195,0.5728167831405564,-0.286019737672199
Uasin Gishu,2020,10,2020-10-01,short_rains,132.0141568146646,0.6053663407648584,0.5695459371151639,0.6176912742047493
Uasin Gishu,2020,11,2020-11-01,short_rains,155.28838741779327,0.7456362158393748,0.516300380236172,0.45567571447902744
Uasin Gishu,2020,12,2020-12-01,short_rains,33.97296594083309,-0.4179225826780753,0.4968043885188709,0.4105547981709393
Uasin Gishu,2021,1,2021-01-01,hot_dry,48.71961133927107,0.2788248314605951,0.4128183325594453,0.30367117683768996
Uasin Gishu,2021,2,2021-02-01,hot_dry,39.169035851955414,0.4013036595761308,0.3603076823199806,-0.1358553608777148
Uasin Gishu,2021,3,2021-03-01,long_rains,47.244331400841475,-0.8940196964206673,0.3514534983405247,0.021104870692394213
Uasin Gishu,2021,4,2021-04-01,long_rains,173.0737914890051,-0.307218923848115,0.3390207003480013,-0.11054760579443429
Uasin Gishu,2021,5,2021-05-01,long_rains,231.29089972376823,1.1527414114886778,0.498915580458461,-0.298044126453442
Uasin Gishu,2021,6,2021-06-01,cool_dry,96.0413976162672,-0.6373707183051053,0.5372927114310851,-0.016683291762689748
Uasin Gishu,2021,7,2021-07-01,cool_dry,145.68429961800575,-0.7875168760670729,0.4785791963249947,-0.7831219282153467
Uasin Gishu,2021,8,2021-08-01,cool_dry,166.6471140049398,-0.758489281686516,0.6483860347829749,0.8037106981959977
Uasin Gishu,2021,9,2021-09-01,cool_dry,146.3681523129344,0.6554044402547461,0.6299678258445088,1.539925677530199
Uasin Gishu,2021,10,2021-10-01,short_rains,105.76597131416202,-0.1458649207541583,0.5051748292726037,-0.713465737026327
Uasin Gishu,2021,11,2021-11-01,short_rains,54.8454455267638,-1.011279859865373,0.4762538036262329,-0.05957134181502834
Uasin Gishu,2021,12,2021-12-01,short_rains,0.0,-1.1368272243836492,0.4187132890563948,-0.7600494991492442
Uasin Gishu,2022,1,2022-01-01,hot_dry,61.14943431131542,0.7612152116985333,0.3654794255020501,-0.6341326780841945
Uasin Gishu,2022,2,2022-02-01,hot_dry,43.28929687663913,0.6241507939357955,0.3031699434727073,-0.9253344264497994
Uasin Gishu,2022,3,2022-03-01,long_rains,62.825286623090506,-0.625092944383495,0.3265725091399852,-0.31058611564373334
Uasin Gishu,2022,4,2022-04-01,long_rains,137.53943029791117,-0.6905045432782879,0.2548462288039875,-1.1468973397277116
Uasin Gishu,2022,5,2022-05-01,long_rains,114.30791240185499,-0.9123380374412599,0.5078186566657624,-0.15697545364817125
Uasin Gishu,2022,6,2022-06-01,cool_dry,80.51117086969316,-0.8671061155757966,0.4878789766165355,-0.4803805724130515
Uasin Gishu,2022,7,2022-07-01,cool_dry,170.95737076550722,-0.43971420897829877,0.4811669472739138,-0.7330440989970431
Uasin Gishu,2022,8,2022-08-01,cool_dry,310.71181708574295,1.3215248833062363,0.464670064802082,-1.3072426151595486
Uasin Gishu,2022,9,2022-09-01,cool_dry,120.74338095448911,-0.0859374564672595,0.5556396525636909,-0.834819922922213
Uasin Gishu,2022,10,2022-10-01,short_rains,78.4804367814213,-0.9267854353496918,0.4628809144429848,-1.5880792576691007
Uasin Gishu,2022,11,2022-11-01,short_rains,157.56430950015783,0.7854459229056592,0.4028529979087115,-1.003960407675365
Uasin Gishu,2022,12,2022-12-01,short_rains,81.31694141030312,0.5839270580354609,0.3393871756720151,-1.9491669511590397
Uasin Gishu,2023,1,2023-01-01,hot_dry,7.775513716042042,-1.3101792006475337,0.3982463161016754,0.014993341679539056
Uasin Gishu,2023,2,2023-02-01,hot_dry,4.075681254267693,-1.4967444156092513,0.3037188499898767,-0.9177501185474577
Uasin Gishu,2023,3,2023-03-01,long_rains,152.65690110623837,0.9253976364963881,0.2453274459580706,-1.3936722793227054
Uasin Gishu,2023,4,2023-04-01,long_rains,195.57609489560127,-0.06450148048615109,0.3437057973269218,-0.05286504576770418
Uasin Gishu,2023,5,2023-05-01,long_rains,123.27573388069868,-0.7540307120634991,0.4856201391080756,-0.5087095438875905
Uasin Gishu,2023,6,2023-06-01,cool_dry,147.22150325775146,0.1197258839383947,0.4365430406965253,-0.9621157412904483
Uasin Gishu,2023,7,2023-07-01,cool_dry,113.18750525638461,-1.234730896272316,0.4670811556181855,-1.0056305583836407
Uasin Gishu,2023,8,2023-08-01,cool_dry,129.33773005008698,-1.2971642343549745,0.5920178037322046,0.15602229028573295
Uasin Gishu,2023,9,2023-09-01,cool_dry,155.85958111286163,0.929997869039464,0.5595730413669286,-0.7091502428660731
Uasin Gishu,2023,10,2023-10-01,short_rains,109.12177097797394,-0.04982088697505186,0.5301423526922894,-0.19715189736896027
Uasin Gishu,2023,11,2023-11-01,short_rains,84.1665919572115,-0.49840366815013193,0.3710997295163989,-1.4125041447895528
Uasin Gishu,2023,12,2023-12-01,short_rains,43.64434568956494,-0.21326574449769595,0.4963467056291658,0.40369402195973797
Uasin Gishu,2024,1,2024-01-01,hot_dry,76.82344829291105,1.3695097611415905,0.3398693668544795,-1.1414788171775205
Uasin Gishu,2024,2,2024-02-01,hot_dry,62.75439628958703,1.6769340031098823,0.433261030036107,0.8721498900691619
Uasin Gishu,2024,3,2024-03-01,long_rains,95.66216856241226,-0.058329489832265685,0.3866058767046651,0.48972478598939817
Uasin Gishu,2024,4,2024-04-01,long_rains,244.19037899374962,0.4598686043877335,0.4517975861910384,1.2779528919620842
Uasin Gishu,2024,5,2024-05-01,long_rains,207.92414419353008,0.7402523159514004,0.5402708915474899,0.35722813146500493
Uasin Gishu,2024,6,2024-06-01,cool_dry,73.50229024887085,-0.9707870212137435,0.503391196069107,-0.3348142839306213
Uasin Gishu,2024,7,2024-07-01,cool_dry,214.8974070250988,0.1649792892463616,0.5641488595050016,0.8728113758709783
Uasin Gishu,2024,8,2024-08-01,cool_dry,227.13063342869282,0.11477512284606438,0.6156016565770662,0.42700805330746744
Uasin Gishu,2024,9,2024-09-01,cool_dry,101.5849974527955,-0.6402023966144109,0.5494726094755183,-1.0318536692798357
Uasin Gishu,2024,10,2024-10-01,short_rains,72.01244623865932,-1.1119013434508105,0.49743641010587,-0.8734917374306858
Uasin Gishu,2024,11,2024-11-01,short_rains,187.18032224476337,1.3034798226467141,0.509075846392539,0.362723454607086
Uasin Gishu,2024,12,2024-12-01,short_rains,28.74851370602846,-0.5284776330823088,0.5336766561737234,0.9632789276275973
Vihiga,2017,1,2017-01-01,hot_dry,59.61316651105881,-0.4980773651074275,0.5127640083480158,-1.6101922705504899
Vihiga,2017,2,2017-02-01,hot_dry,216.13832342624664,0.8956432358585084,,
Vihiga,2017,3,2017-03-01,long_rains,114.06650865077972,-0.9696297408843007,0.52657085498266,-0.21685812627851886
Vihiga,2017,4,2017-04-01,long_rains,244.11347794532776,-0.8236398792120458,0.6475610107131148,1.857007947500911
Vihiga,2017,5,2017-05-01,long_rains,334.8990693092346,1.0651438659109453,0.7112860212709997,0.7497972525934706
Vihiga,2017,6,2017-06-01,cool_dry,142.46799927949905,-0.2609541229849103,0.7003278895571318,1.4656321206404426
Vihiga,2017,7,2017-07-01,cool_dry,184.8710149526596,1.2974237220538403,0.618951665444813,0.34710270234209445
Vihiga,2017,8,2017-08-01,cool_dry,214.55462455749512,0.3151217189552529,0.613976470155249,1.6205340481250303
Vihiga,2017,9,2017-09-01,cool_dry,177.43192039430141,-0.32311491368011314,0.5422060051788831,-1.749630897125381
Vihiga,2017,10,2017-10-01,short_rains,177.13583758473396,-0.5446429912680641,0.6545838763162167,0.6443509370339366
Vihiga,2017,11,2017-11-01,short_rains,182.67457604408264,-0.5906049684189418,0.689079674362637,0.6395498644499804
Vihiga,2017,12,2017-12-01,short_rains,59.91781032085419,-0.820402959936768,0.6146886878989309,-0.5388258604555046
Vihiga,2018,1,2018-01-01,hot_dry,33.970381677150726,-0.9180020340188499,0.5506619731909319,-0.9751711348037341
Vihiga,2018,2,2018-02-01,hot_dry,85.50945222377777,-0.7300189584060935,0.4901897912363989,-1.254622510188045
Vihiga,2018,3,2018-03-01,long_rains,300.7060167789459,0.9553803091668398,0.6101133487059386,1.051725542776956
Vihiga,2018,4,2018-04-01,long_rains,363.63184428215027,0.8723982870244725,,
Vihiga,2018,5,2018-05-01,long_rains,355.5865429639816,1.570681981012554,0.7518550647565538,1.4736345890823654
Vihiga,2018,6,2018-06-01,cool_dry,154.2371132671833,-0.04317258870475678,0.5938646463520134,-0.9482602577442141
Vihiga,2018,7,2018-07-01,cool_dry,110.19782876968384,-0.5371025746369952,0.6454611316542916,0.7524908650993735
Vihiga,2018,8,2018-08-01,cool_dry,139.72316598892212,-1.2797841388930593,,
Vihiga,2018,9,2018-09-01,cool_dry,88.68214097619057,-1.8514388483386846,0.5909474918490328,0.19739232465895515
Vihiga,2018,10,2018-10-01,short_rains,252.90615558624268,0.31858985730453065,0.6368916911683871,0.035209673948354656
Vihiga,2018,11,2018-11-01,short_rains,101.77742063999176,-1.2214450888186708,0.714470355055432,0.8926965116453456
Vihiga,2018,12,2018-12-01,short_rains,170.35084894299507,0.33372299965521707,0.6654414896814468,0.39483910764472907
Vihiga,2019,1,2019-01-01,hot_dry,32.92116238176823,-0.935183984734529,0.6498255218746019,0.6864207097924643
Vihiga,2019,2,2019-02-01,hot_dry,108.41876271367073,-0.4449150635529887,0.5527085835294555,0.16701429293728315
Vihiga,2019,3,2019-03-01,long_rains,93.24669009447098,-1.1843664831908307,0.5128141431573539,-0.4257522971814271
Vihiga,2019,4,2019-04-01,long_rains,205.57800871133804,-1.3704815787588007,0.5435222148044945,-1.0510605624885345
Vihiga,2019,5,2019-05-01,long_rains,288.81889259815216,-0.06091367339251939,0.6602053614512977,-0.16158949881352733
Vihiga,2019,6,2019-06-01,cool_dry,168.47056509554386,0.2202102777138008,0.5673869527402746,-1.548601754794415
Vihiga,2019,7,2019-07-01,cool_dry,159.98230293393135,0.6859726909267967,0.6556240459763305,0.9079042232075747
Vihiga,2019,8,2019-08-01,cool_dry,175.68237540125847,-0.5133744653093967,0.5709418410028665,-0.2528178836959295
Vihiga,2019,9,2019-09-01,cool_dry,179.5930106639862,-0.2858996551659831,0.5690301649467486,-0.6781153250558002
Vihiga,2019,10,2019-10-01,short_rains,380.3527125120163,1.7705575575537802,0.6605309684108616,0.8491090921147764
Vihiga,2019,11,2019-11-01,short_rains,283.20047211647034,0.1933010671496317,0.619344706158193,-0.05571205494549713
Vihiga,2019,12,2019-12-01,short_rains,284.1628789305687,1.523162500382538,0.5548998298612741,-1.6387210440098645
Vihiga,2020,1,2020-01-01,hot_dry,150.79122650623322,0.9950489432656935,0.65680758604459,0.803412699664748
Vihiga,2020,2,2020-02-01,hot_dry,106.71101012825966,-0.46616786004203886,0.6174828212424198,1.639938462609155
Vihiga,2020,3,2020-03-01,long_rains,360.6938022971153,1.5740975955598673,0.5537777106865552,0.19627501464295152
Vihiga,2020,4,2020-04-01,long_rains,341.42331886291504,0.5572458307006772,0.601267794628579,0.5630306119710137
Vihiga,2020,5,2020-05-01,long_rains,240.52568864822388,-1.241050779764722,0.6694897691445194,0.004063924539468544
Vihiga,2020,6,2020-06-01,cool_dry,206.1410339474678,0.9172833549403199,0.6423322571492063,0.15066922044618017
Vihiga,2020,7,2020-07-01,cool_dry,184.4184963107109,1.28630651397913,0.5529829645872579,-0.6617041226918474
Vihiga,2020,8,2020-08-01,cool_dry,245.49006915092468,0.974458350112723,0.583761628496347,0.3052437085489379
Vihiga,2020,9,2020-09-01,cool_dry,275.9815362095833,1.3739680265752465,0.5828050594226685,-0.12786457862812062
Vihiga,2020,10,2020-10-01,short_rains,265.6757133603096,0.4640703307017866,0.6278648220376231,-0.27558508758489575
Vihiga,2020,11,2020-11-01,short_rains,495.573438167572,1.8493962265419683,0.6399358154033589,0.14958256990189248
Vihiga,2020,12,2020-12-01,short_rains,98.18155193328857,-0.42051196665229396,0.6936246180541348,0.9133050588607556
Vihiga,2021,1,2021-01-01,hot_dry,105.55093175172806,0.25419665599306224,0.6618687138913224,0.8882173367135444
Vihiga,2021,2,2021-02-01,hot_dry,117.346235871315,-0.3338136242685618,0.5721510838228908,0.6091241442018341
Vihiga,2021,3,2021-03-01,long_rains,133.28840136528015,-0.7713740927232026,0.5484917773746252,0.11600869296188941
Vihiga,2021,4,2021-04-01,long_rains,399.0828922390938,1.375470176399294,0.580327820337122,-0.022278736384574997
Vihiga,2021,5,2021-05-01,long_rains,308.25621366500854,0.41407456435726464,0.6145001126311577,-0.9770675758678375
Vihiga,2021,6,2021-06-01,cool_dry,116.91840288043022,-0.7337365524737032,0.6848016496152508,1.11359820609522
Vihiga,2021,7,2021-07-01,cool_dry,82.24122977256775,-1.223923623099806,0.603972562208913,0.11803920130555327
Vihiga,2021,8,2021-08-01,cool_dry,226.5194118320942,0.5701309046265474,0.5818760156252402,0.22316059120066184
Vihiga,2021,9,2021-09-01,cool_dry,238.121526658535,0.7219961665588662,0.5769933946493484,-0.3600168383130919
Vihiga,2021,10,2021-10-01,short_rains,169.21896030008793,-0.6348380532722725,0.6158997307505367,-0.6875427264322458
Vihiga,2021,11,2021-11-01,short_rains,126.59749102592468,-1.027896921242436,0.6289963500983746,0.04051542839541809
Vihiga,2021,12,2021-12-01,short_rains,0.0,-1.4465987179817872,0.6427204957067028,-0.023143651327664494
Vihiga,2022,1,2022-01-01,hot_dry,135.55524051189423,0.7455453727427414,0.5531423737214444,-0.9336093578449562
Vihiga,2022,2,2022-02-01,hot_dry,264.95971861481667,1.5032202262949839,0.5191330800912576,-0.5964708868060935
Vihiga,2022,3,2022-03-01,long_rains,176.53095269203186,-0.3253680636209054,0.5524010561046124,0.17537066473968294
Vihiga,2022,4,2022-04-01,long_rains,224.99414587020874,-1.0949548068355286,0.5517069970146949,-0.8222814114157792
Vihiga,2022,5,2022-05-01,long_rains,291.7810543179512,0.011472432201854609,0.6373103929894774,-0.5700840445698819
Vihiga,2022,6,2022-06-01,cool_dry,102.23739547282457,-1.0054012097582201,0.6237065441121011,-0.2716405400748698
Vihiga,2022,7,2022-07-01,cool_dry,102.6840649843216,-0.7216962414666674,0.4754941920513588,-1.8466782328613254
Vihiga,2022,8,2022-08-01,cool_dry,272.6214007437229,1.5527167526123344,0.5468991126142039,-1.2994283125592196
Vihiga,2022,9,2022-09-01,cool_dry,199.76530861854553,0.061479301527241494,0.6015229696503231,0.6198394486033123
Vihiga,2022,10,2022-10-01,short_rains,117.81115320324898,-1.2205147262696212,0.6608707266066373,0.8608069538989028
Vihiga,2022,11,2022-11-01,short_rains,247.53502893447876,-0.08481986749449914,0.6983999118314068,0.7324732049003693
Vihiga,2022,12,2022-12-01,short_rains,257.0926866531372,1.2402543052596129,0.5986552874554346,-0.8337814843393533
Vihiga,2023,1,2023-01-01,hot_dry,21.75684143602848,-1.1180102185904297,0.6358098411126938,0.4515729138070696
Vihiga,2023,2,2023-02-01,hot_dry,32.25277355313301,-1.3927925727686807,0.5047439938380581,-0.9236693791410925
Vihiga,2023,3,2023-03-01,long_rains,280.9394280910492,0.7515066370754053,0.4053325633482059,-2.0578483813826445
Vihiga,2023,4,2023-04-01,long_rains,339.376448571682,0.5281994988132126,0.5575315684231051,-0.6594743301817766
Vihiga,2023,5,2023-05-01,long_rains,265.95069962739944,-0.6197418494739145,0.7213461716352141,0.9292915620144868
Vihiga,2023,6,2023-06-01,cool_dry,258.2372836470604,1.8812982503429667,0.6220032515008933,-0.3102601136344682
Vihiga,2023,7,2023-07-01,cool_dry,94.22644260525703,-0.9294780632287093,0.5511347720653215,-0.6899670595978222
Vihiga,2023,8,2023-08-01,cool_dry,160.0475144982338,-0.8466050573340995,0.5513721955472909,-1.1047093450918308
Vihiga,2023,9,2023-09-01,cool_dry,244.53358209133148,0.8324155710075559,0.6271681055987326,1.6442578368907705
Vihiga,2023,10,2023-10-01,short_rains,290.25753021240234,0.7441250057250498,0.6538820163888006,0.6201859263739701
Vihiga,2023,11,2023-11-01,short_rains,269.73611545562744,0.08830533108693325,0.3958346217932061,-2.284121334551981
Vihiga,2023,12,2023-12-01,short_rains,123.066810131073,-0.16043832514466996,0.7263032728007539,1.514472168261041
Vihiga,2024,1,2024-01-01,hot_dry,180.06794157624245,1.4744826304497392,0.6500002879492519,0.6893491032213538
Vihiga,2024,2,2024-02-01,hot_dry,222.02036571502686,0.9688446168848713,0.5611376533789609,0.3586858763869498
Vihiga,2024,3,2024-03-01,long_rains,205.14452105760574,-0.03024616138287305,0.6173148061450866,1.161078889721107
Vihiga,2024,4,2024-04-01,long_rains,299.03729839622974,-0.04423752813128109,0.5859566308394718,0.13505648099874076
Vihiga,2024,5,2024-05-01,long_rains,244.67450296878815,-1.1396665408514628,0.5881030871058956,-1.4480462089785424
Vihiga,2024,6,2024-06-01,cool_dry,103.85180307924747,-0.975527409075497,0.651073477519878,0.3488631190661192
Vihiga,2024,7,2024-07-01,cool_dry,137.860505849123,0.14249757547241115,0.6664078545748247,1.072812423196399
Vihiga,2024,8,2024-08-01,cool_dry,163.5167552025232,-0.772664064770302,0.5884197397553107,0.5080171934723788
Vihiga,2024,9,2024-09-01,cool_dry,165.45261627253058,-0.5294056484841294,0.5973748252183773,0.45413802896934236
Vihiga,2024,10,2024-10-01,short_rains,146.17722257510468,-0.8973469804751893,0.5764285271154623,-2.0465347693527836
Vihiga,2024,11,2024-11-01,short_rains,360.20217114686966,0.7937642211960145,0.6133996941794408,-0.11498418979552713
Vihiga,2024,12,2024-12-01,short_rains,114.57477506995201,-0.2491878355818486,0.655494752187111,0.2118557053658469
Wajir,2017,1,2017-01-01,hot_dry,0.1532922887708989,-0.7642603739309952,0.1781225025547924,-0.4467790985341267
Wajir,2017,2,2017-02-01,hot_dry,10.056480814702809,2.1794828710269183,0.1378502830137225,-0.6170189815995992
Wajir,2017,3,2017-03-01,long_rains,2.7211509027401912,-0.8540912375748827,0.1419142140288675,-0.5552820349170287
Wajir,2017,4,2017-04-01,long_rains,100.86593588849064,-0.7328902242150431,,
Wajir,2017,5,2017-05-01,long_rains,46.91050541237928,1.16136130231695,0.201515450969529,-0.6806529436153607
Wajir,2017,6,2017-06-01,cool_dry,0.4141855989582835,-0.33925123939332563,0.1672440015918347,-0.5888827234380265
Wajir,2017,7,2017-07-01,cool_dry,4.156550701824016,-0.1560078106413274,0.1318781595175677,-0.2895633818241679
Wajir,2017,8,2017-08-01,cool_dry,1.5318050644127648,-0.257242106882931,0.0780912438076691,-1.782733693867652
Wajir,2017,9,2017-09-01,cool_dry,2.6093227565288544,-0.28327621635155115,0.1361985471040283,-0.34866581576642397
Wajir,2017,10,2017-10-01,short_rains,41.8921263969969,-0.2510284193576278,0.1339285814202041,-0.16672286270774733
Wajir,2017,11,2017-11-01,short_rains,108.38262963551097,-0.09851165929328755,0.3410184493072109,0.43362822554936864
Wajir,2017,12,2017-12-01,short_rains,2.6454594163224097,-0.5910507752634945,0.2443152735340255,-0.27942907076115975
Wajir,2018,1,2018-01-01,hot_dry,0.009086306206882,-0.801721724932906,0.166771430273184,-0.5822761410903573
Wajir,2018,2,2018-02-01,hot_dry,4.842951211612671,0.43561814914381414,0.1447584165689902,-0.4613769269703281
Wajir,2018,3,2018-03-01,long_rains,90.82550758088473,1.3718791954644747,0.1529339133644268,-0.015137802892145544
Wajir,2018,4,2018-04-01,long_rains,212.5407944507897,0.767804324826398,0.2375683665245774,0.7039643079973692
Wajir,2018,5,2018-05-01,long_rains,50.81130243651569,1.4432731436043442,0.3905872584719261,1.5964290098870895
Wajir,2018,6,2018-06-01,cool_dry,0.4636661806143817,-0.24793705669484728,0.2446144510166139,1.0774268431612324
Wajir,2018,7,2018-07-01,cool_dry,4.653977303998544,0.25581683006787204,0.2354514584921455,1.9066608705370294
Wajir,2018,8,2018-08-01,cool_dry,2.0469307824969287,-0.06020715961957747,,
Wajir,2018,9,2018-09-01,cool_dry,2.611172192264348,-0.28194655419305287,0.2027209452619212,1.934290533407677
Wajir,2018,10,2018-10-01,short_rains,49.226255481597036,-0.1162051677421448,0.1322789999018661,-0.2625978598212779
Wajir,2018,11,2018-11-01,short_rains,34.17191821336746,-0.820957710881994,0.3383218713038586,0.4043352792093198
Wajir,2018,12,2018-12-01,short_rains,143.6418499929132,2.3566087292207483,0.2267278434403238,-0.4170280274980433
Wajir,2019,1,2019-01-01,hot_dry,2.0356006183428685,-0.2752805703599954,0.1746482679875413,-0.4882508200887397
Wajir,2019,2,2019-02-01,hot_dry,3.2469193707220247,-0.09823584886200191,0.1380027132420761,-0.6135846887129958
Wajir,2019,3,2019-03-01,long_rains,13.056681749527343,-0.5929624246291147,0.1437009194750058,-0.46770445120339255
Wajir,2019,4,2019-04-01,long_rains,75.49936574930325,-1.073767965416923,0.1543863331718119,-1.0055521424007037
Wajir,2019,5,2019-05-01,long_rains,32.96908110845834,0.15381013485847597,0.162099450590243,-1.155358635217637
Wajir,2019,6,2019-06-01,cool_dry,0.4924134911270806,-0.19488519116725286,0.1420479521709195,-1.1315242422959029
Wajir,2019,7,2019-07-01,cool_dry,4.226409377995878,-0.09817108842114528,0.1008553191554354,-0.947388468550122
Wajir,2019,8,2019-08-01,cool_dry,0.9132373292231928,-0.4938434971904831,0.1238623663093671,0.05064696852014081
Wajir,2019,9,2019-09-01,cool_dry,6.10985869076103,2.233453658001183,0.1191472132087474,-0.9338439220295747
Wajir,2019,10,2019-10-01,short_rains,150.70870647905394,1.749346129154892,0.1587899790288392,1.2782414494335066
Wajir,2019,11,2019-11-01,short_rains,238.76584900310263,1.1707773721744024,0.3700264975754023,0.7487428635436383
Wajir,2019,12,2019-12-01,short_rains,42.53822209336795,0.24294419853869811,0.484395735929017,1.5988908988112944
Wajir,2020,1,2020-01-01,hot_dry,11.065307438315358,2.070426664616699,0.3259262400443306,1.3175449064357518
Wajir,2020,2,2020-02-01,hot_dry,3.412988257827237,-0.0426877469669794,0.2291816276276071,1.4407000844887532
Wajir,2020,3,2020-03-01,long_rains,57.58427121769637,0.532034128864207,0.1696607325207097,0.8047479863902328
Wajir,2020,4,2020-04-01,long_rains,257.38397920690477,1.3704101735512333,0.2128557244636757,0.19608217969272068
Wajir,2020,5,2020-05-01,long_rains,12.802756620571017,-1.3036165482532922,0.281164620776496,0.27859999617894154
Wajir,2020,6,2020-06-01,cool_dry,1.908374325546901,2.4182066925690453,0.1968385073412418,0.04848733729759493
Wajir,2020,7,2020-07-01,cool_dry,6.94404859188944,2.1517905902392704,0.146822652052772,0.027327721095153343
Wajir,2020,8,2020-08-01,cool_dry,1.0612470943015064,-0.43722994590997405,0.1363442286076283,0.5506129671117282
Wajir,2020,9,2020-09-01,cool_dry,2.9746842671345344,-0.020597516302254478,0.1429854461584699,-0.11574886273106849
Wajir,2020,10,2020-10-01,short_rains,28.757993421400897,-0.49247310822166873,0.1123012741477766,-1.423719258015647
Wajir,2020,11,2020-11-01,short_rains,47.096188858151436,-0.6951391044024725,0.2407862874420107,-0.655194473224529
Wajir,2020,12,2020-12-01,short_rains,18.013084349920973,-0.2697764113480283,0.2378826943638044,-0.329755706218082
Wajir,2021,1,2021-01-01,hot_dry,1.226835672743618,-0.4853788406705562,0.1844204831328044,-0.371600496792698
Wajir,2021,2,2021-02-01,hot_dry,1.8344606459722848,-0.5706867849317101,0.1532381720598629,-0.2703258193456244
Wajir,2021,3,2021-03-01,long_rains,10.042608284158632,-0.6691134649395145,0.1470945387089298,-0.3013619949280445
Wajir,2021,4,2021-04-01,long_rains,87.56011536484584,-0.9116947697271213,0.1790429626376531,-0.4988211575440562
Wajir,2021,5,2021-05-01,long_rains,20.782703374279663,-0.7269032589450866,0.2082031375729773,-0.60010994423033
Wajir,2021,6,2021-06-01,cool_dry,0.2149547652807084,-0.7069227609620725,0.1759978692231452,-0.40035269049595773
Wajir,2021,7,2021-07-01,cool_dry,2.9670352265238757,-1.1408200042232775,0.1065165145680969,-0.8273454189829271
Wajir,2021,8,2021-08-01,cool_dry,0.7142943515209474,-0.5699389390289586,0.1278640146532214,0.21093459727616315
Wajir,2021,9,2021-09-01,cool_dry,2.1437661917880173,-0.6179907105597928,0.1328223613038543,-0.4645318251397515
Wajir,2021,10,2021-10-01,short_rains,13.856886327732353,-0.7664000718549339,0.1325433598516966,-0.24723304811286997
Wajir,2021,11,2021-11-01,short_rains,51.88202356733382,-0.6485486955120745,0.1272787529108002,-1.8882276412176184
Wajir,2021,12,2021-12-01,short_rains,0.0,-0.6463565427399618,0.1890437363483331,-0.7118575616478813
Wajir,2022,1,2022-01-01,hot_dry,6.798482262645848,0.9620049977237346,0.1743139193744919,-0.49224191864991923
Wajir,2022,2,2022-02-01,hot_dry,0.9925321211339896,-0.852302036898891,0.1470489691569184,-0.4097701784659231
Wajir,2022,3,2022-03-01,long_rains,12.350534494966269,-0.6108033461146102,0.1310533863332154,-1.087638976443768
Wajir,2022,4,2022-04-01,long_rains,87.2648861547932,-0.9156620804714339,0.1354268203681649,-1.3951987730849233
Wajir,2022,5,2022-05-01,long_rains,31.80527204228565,0.06970128358484651,0.1801662734063057,-0.937771271268302
Wajir,2022,6,2022-06-01,cool_dry,0.4445226737007027,-0.28326553565159834,0.1428987559513642,-1.1132006770433562
Wajir,2022,7,2022-07-01,cool_dry,4.615806036628783,0.22421444209496025,0.104721054353422,-0.8654173285065055
Wajir,2022,8,2022-08-01,cool_dry,0.8991558923735281,-0.4992296292931179,0.1037346730581575,-0.755575854262324
Wajir,2022,9,2022-09-01,cool_dry,3.6113418165768962,0.4371309871376767,0.1178105809314278,-0.9797152860891664
Wajir,2022,10,2022-10-01,short_rains,18.692596177570522,-0.6775052462657348,0.1199701534053992,-0.9779978623071406
Wajir,2022,11,2022-11-01,short_rains,60.27372352965176,-0.5668549563238431,,
Wajir,2022,12,2022-12-01,short_rains,27.626273414120078,-0.06880383327272059,0.1490379809694081,-1.0248509992497954
Wajir,2023,1,2023-01-01,hot_dry,1.6709184165229083,-0.370016501030989,0.1486322632877104,-0.7988022471700053
Wajir,2023,2,2023-02-01,hot_dry,0.5606172591214994,-0.996772510467154,0.1290692492789543,-0.8148579668065536
Wajir,2023,3,2023-03-01,long_rains,97.89356493763626,1.5504547766088979,0.1438444901103341,-0.4606671584244065
Wajir,2023,4,2023-04-01,long_rains,223.28877162747085,0.9122363927951187,0.234404018312289,0.6389321717816832
Wajir,2023,5,2023-05-01,long_rains,15.56875748280436,-1.103716786422605,0.2931738743249478,0.42323316434637503
Wajir,2023,6,2023-06-01,cool_dry,0.2750396867631932,-0.5960387471926194,0.2183461895080782,0.5116933392844188
Wajir,2023,7,2023-07-01,cool_dry,3.263113286346197,-0.8956939090864857,0.1465607043752392,0.021773240858036662
Wajir,2023,8,2023-08-01,cool_dry,1.908878763671964,-0.1130118853279766,0.1328272411034329,0.40973862259871985
Wajir,2023,9,2023-09-01,cool_dry,1.5403356198221443,-1.0518304928379836,0.1428079646516808,-0.12183978163966566
Wajir,2023,10,2023-10-01,short_rains,130.47030783677474,1.377303766528379,0.1428215922967578,0.3501460417033583
Wajir,2023,11,2023-11-01,short_rains,314.9245727956295,1.912187449554802,0.3970282737164975,1.0420633529208452
Wajir,2023,12,2023-12-01,short_rains,11.08696331596002,-0.41457335552138375,0.4772947859645149,1.5433351239339739
Wajir,2024,1,2024-01-01,hot_dry,1.802734905853867,-0.3357736514149922,0.371571188819301,1.8624058158900951
Wajir,2024,2,2024-02-01,hot_dry,3.377924715634435,-0.054416092043996826,0.2427426950208046,1.7462344774122678
Wajir,2024,3,2024-03-01,long_rains,7.735709420405328,-0.7273976276794573,0.1957397715287522,2.0830444324185518
Wajir,2024,4,2024-04-01,long_rains,198.83047903166153,0.5835641486577713,0.26951877223516,1.36059341355791
Wajir,2024,5,2024-05-01,long_rains,35.07617844338528,0.30609072925636654,0.3473440664437174,1.0756306239192257
Wajir,2024,6,2024-06-01,cool_dry,0.5709735406562679,-0.04990616150732948,0.2687093349147849,1.5963528135299943
Wajir,2024,7,2024-07-01,cool_dry,3.932950120419263,-0.34112905002987076,0.1914652146792682,0.9739527653735037
Wajir,2024,8,2024-08-01,cool_dry,8.559135782546946,2.4307031632530176,0.1554618359193351,1.3163763926232277
Wajir,2024,9,2024-09-01,cool_dry,2.4261863562278445,-0.41494315489422595,0.1763726890347194,1.0300549599879694
Wajir,2024,10,2024-10-01,short_rains,10.775896902952809,-0.8230378822411608,0.1617431722248366,1.4498833998278189
Wajir,2024,11,2024-11-01,short_rains,92.51822130940855,-0.25295269531553255,0.2932438486409653,-0.08534760678102266
Wajir,2024,12,2024-12-01,short_rains,1.7872703066095705,-0.6089920096138575,0.2315495161532141,-0.3793046573703066
West Pokot,2017,1,2017-01-01,hot_dry,20.196521248668432,0.3486791174679899,0.2928171085768548,-0.8746699987104799
West Pokot,2017,2,2017-02-01,hot_dry,55.373818039894104,1.577945863226175,,
West Pokot,2017,3,2017-03-01,long_rains,34.07625872269273,-0.7931536945902601,0.2806539184191394,-0.48087271481943517
West Pokot,2017,4,2017-04-01,long_rains,49.040382388047874,-1.1595635152279375,0.2933637349772782,-0.5626316245568131
West Pokot,2017,5,2017-05-01,long_rains,127.9289973564446,-0.0920704160391816,0.4736500649612618,-0.37817077309577213
West Pokot,2017,6,2017-06-01,cool_dry,47.00872262567282,-0.73634150223608,0.4783422884299952,0.25906244259346184
West Pokot,2017,7,2017-07-01,cool_dry,223.68962290883064,1.5564344160979717,0.2467351008153783,-1.213725393301867
West Pokot,2017,8,2017-08-01,cool_dry,121.18338646739721,0.05706861064388589,0.4101911081290546,-0.7885812350814276
West Pokot,2017,9,2017-09-01,cool_dry,105.53388734348118,1.2372034911192376,0.4839303986258679,0.1225450921277546
West Pokot,2017,10,2017-10-01,short_rains,171.21300187520683,0.9486339490297643,0.4633938915017854,0.28513688896487327
West Pokot,2017,11,2017-11-01,short_rains,70.94915740843862,0.36293469303143316,,
West Pokot,2017,12,2017-12-01,short_rains,12.047794408164918,-0.46631864472004647,0.4448002873345728,0.26694798572384165
West Pokot,2018,1,2018-01-01,hot_dry,3.458305550739169,-1.1932337540257152,0.3478367795828899,-0.030582638446550667
West Pokot,2018,2,2018-02-01,hot_dry,10.432435229420662,-0.7756020481111913,0.2996397740667925,-0.2900796949984376
West Pokot,2018,3,2018-03-01,long_rains,136.58205963810906,0.9757940372312698,0.4921481022977648,1.585200887285809
West Pokot,2018,4,2018-04-01,long_rains,307.6505974829197,1.8371283570801396,,
West Pokot,2018,5,2018-05-01,long_rains,219.89537166431546,1.7760019770603104,0.5876447706071128,1.5145732416942066
West Pokot,2018,6,2018-06-01,cool_dry,142.18632016703486,1.237192207557189,0.5537609762574628,1.4729741399676157
West Pokot,2018,7,2018-07-01,cool_dry,90.1799787953496,-0.6192038844647654,0.2450111369320203,-1.22865503299272
West Pokot,2018,8,2018-08-01,cool_dry,98.78660698235035,-0.45844797371606166,,
West Pokot,2018,9,2018-09-01,cool_dry,25.394564719870687,-1.8290132900413036,0.4957331266879822,0.3247855486264832
West Pokot,2018,10,2018-10-01,short_rains,61.64314519241452,-1.3162053087505152,0.3904069579885152,-0.87432806349856
West Pokot,2018,11,2018-11-01,short_rains,17.399411164224148,-1.42469184306856,0.3674324110342553,-0.6007363360052954
West Pokot,2018,12,2018-12-01,short_rains,48.92103916363157,0.9626208437070111,0.3756600189291433,-0.6406866036418597
West Pokot,2019,1,2019-01-01,hot_dry,6.286721579730511,-0.9326820226018935,0.3533535683604483,0.05405348516589608
West Pokot,2019,2,2019-02-01,hot_dry,12.950661051087081,-0.6437243720758733,0.300150944924252,-0.2835453663314681
West Pokot,2019,3,2019-03-01,long_rains,51.04629117809236,-0.500300995983598,0.2782117024357375,-0.5047305717184308
West Pokot,2019,4,2019-04-01,long_rains,80.89653895795345,-0.7904246339931468,0.2648282652368955,-0.8784746139201177
West Pokot,2019,5,2019-05-01,long_rains,73.73889666423202,-1.1928100270574256,0.4146347733152302,-1.3580482104842582
West Pokot,2019,6,2019-06-01,cool_dry,133.48023522645235,1.0566691374818353,0.3905744194981073,-1.1536171706312257
West Pokot,2019,7,2019-07-01,cool_dry,146.43721263855696,0.2975493092518028,0.5157864564949879,1.1162768981660767
West Pokot,2019,8,2019-08-01,cool_dry,137.01629904657602,0.4215017658096688,0.5288881021784648,0.8125077805525276
West Pokot,2019,9,2019-09-01,cool_dry,68.87687275372446,-0.16533336098592702,0.4884406681127631,0.19982883154473913
West Pokot,2019,10,2019-10-01,short_rains,176.942627588287,1.0670668980199152,0.4852236476979666,0.6319227588725559
West Pokot,2019,11,2019-11-01,short_rains,88.1954593360424,0.9386600537974117,0.5262431823109519,1.3638405474318558
West Pokot,2019,12,2019-12-01,short_rains,76.41311674565077,2.028014343421282,0.5171549052526356,1.216778749146451
West Pokot,2020,1,2020-01-01,hot_dry,27.024712281301618,0.9776873601767699,0.4863308225233688,2.09413146798795
West Pokot,2020,2,2020-02-01,hot_dry,27.049632595852014,0.09462863257295935,0.49287859441328,2.180104089806754
West Pokot,2020,3,2020-03-01,long_rains,188.88003437966108,1.87830280231341,0.467433811401725,1.3437685080182944
West Pokot,2020,4,2020-04-01,long_rains,199.08678116463125,0.579125822770298,0.4907060311091968,1.6216387345856187
West Pokot,2020,5,2020-05-01,long_rains,117.67660002037883,-0.300322840588141,0.5630973362322383,1.1069928261980901
West Pokot,2020,6,2020-06-01,cool_dry,143.90468345582485,1.2728229438197272,0.5263214899221549,1.0313181738950092
West Pokot,2020,7,2020-07-01,cool_dry,173.49316635727882,0.7384460666326456,0.5364930873665066,1.2955976722887395
West Pokot,2020,8,2020-08-01,cool_dry,197.3728271164,1.8107546811743374,0.5116799099901809,0.58038861264748
West Pokot,2020,9,2020-09-01,cool_dry,102.71379037946463,1.1293035444703263,0.5186106943367526,0.7167940487392138
West Pokot,2020,10,2020-10-01,short_rains,161.23792983219028,0.7424464496008412,0.5425462006617723,1.5425445366072987
West Pokot,2020,11,2020-11-01,short_rains,89.51443038787693,0.9826906574505869,0.4907493409243248,0.9247621415278827
West Pokot,2020,12,2020-12-01,short_rains,12.513159926980734,-0.4482844529694092,0.4862908688974932,0.8116130243173013
West Pokot,2021,1,2021-01-01,hot_dry,20.024929523468018,0.3328722062354466,0.3947051918065437,0.6884517292668831
West Pokot,2021,2,2021-02-01,hot_dry,19.639606275595725,-0.293429119066356,0.3210463155952721,-0.016438551476675306
West Pokot,2021,3,2021-03-01,long_rains,33.771168666891754,-0.7984186489381195,0.31942338761843,-0.1021361679730424
West Pokot,2021,4,2021-04-01,long_rains,95.2078141788952,-0.6245901864976094,0.3356145358649216,-0.09498138516152133
West Pokot,2021,5,2021-05-01,long_rains,184.88703570887446,1.0648930916781167,0.5266994642561595,0.502650247799385
West Pokot,2021,6,2021-06-01,cool_dry,53.787373922765255,-0.5957842998342011,0.446200888067858,-0.25827381707259717
West Pokot,2021,7,2021-07-01,cool_dry,74.56114255264401,-0.8737243617342907,0.3836672946158744,-0.027883662361768025
West Pokot,2021,8,2021-08-01,cool_dry,74.7188841290772,-1.012425401003093,0.4935436692634574,0.33575111323142437
West Pokot,2021,9,2021-09-01,cool_dry,83.59242882952094,0.3976996608382761,0.4798813631306253,0.05316462494864986
West Pokot,2021,10,2021-10-01,short_rains,80.7901270808652,-0.9204318947675667,0.4787001210555981,0.5282905038345701
West Pokot,2021,11,2021-11-01,short_rains,19.51468974351883,-1.354078471674674,0.4379922035498257,0.27212723717572623
West Pokot,2021,12,2021-12-01,short_rains,0.0,-0.9332037613526217,0.3720276971816068,-0.688369682313717
West Pokot,2022,1,2022-01-01,hot_dry,22.251768596470356,0.5380070838934157,0.3222058773341591,-0.42380055895975854
West Pokot,2022,2,2022-02-01,hot_dry,18.351265052333474,-0.3608986227949342,0.2993581975083677,-0.2936791055493562
West Pokot,2022,3,2022-03-01,long_rains,37.1934117116034,-0.7393608295988998,0.2600243046652821,-0.6824021357085334
West Pokot,2022,4,2022-04-01,long_rains,101.11975772213191,-0.5560844889981414,0.2416896120589085,-1.1345832904572974
West Pokot,2022,5,2022-05-01,long_rains,106.01449513435364,-0.5372100327490898,0.4535626261411035,-0.7116983644335042
West Pokot,2022,6,2022-06-01,cool_dry,38.62549384521117,-0.9101700608731088,0.3875882425046625,-1.2016815865895736
West Pokot,2022,7,2022-07-01,cool_dry,64.74565027654171,-1.0336750610007386,0.3615976889848483,-0.21900788681399136
West Pokot,2022,8,2022-08-01,cool_dry,147.6298694163561,0.6657990116947736,0.4186020871205921,-0.6751265837490376
West Pokot,2022,9,2022-09-01,cool_dry,68.93618891388178,-0.16306386082403265,0.4835674087952007,0.11632523950790391
West Pokot,2022,10,2022-10-01,short_rains,72.54502332396805,-1.090860471005953,0.358418127422725,-1.3825002270075426
West Pokot,2022,11,2022-11-01,short_rains,43.10522386431694,-0.5665665271214878,0.2813253608136266,-1.6659280670477323
West Pokot,2022,12,2022-12-01,short_rains,23.568132193759084,-0.019873920611158006,0.2822114964665335,-1.8674262919350257
West Pokot,2023,1,2023-01-01,hot_dry,2.237279172986746,-1.3057138607627023,0.2898152675214016,-0.9207229111706697
West Pokot,2023,2,2023-02-01,hot_dry,4.9621142372488976,-1.062078826090315,0.2497914828010867,-0.9272934834287645
West Pokot,2023,3,2023-03-01,long_rains,107.04514035023749,0.46607394419585213,0.1964706905721449,-1.3032534612067805
West Pokot,2023,4,2023-04-01,long_rains,143.03411742299795,-0.07039438970139025,0.349425957923596,0.05788944086860576
West Pokot,2023,5,2023-05-01,long_rains,86.84766872599721,-0.9265373227096401,0.4457827117513774,-0.8408744197011938
West Pokot,2023,6,2023-06-01,cool_dry,62.88760734908283,-0.4070884523053707,0.4171670576809934,-0.7255917636115191
West Pokot,2023,7,2023-07-01,cool_dry,69.14716548286378,-0.9619491184520186,0.321030841772722,-0.5703194300066636
West Pokot,2023,8,2023-08-01,cool_dry,59.67575312918052,-1.3586798040668713,0.3569467629978293,-1.506787595882287
West Pokot,2023,9,2023-09-01,cool_dry,77.70055430755019,0.17227019699556012,0.3385323496127315,-2.3688592384379747
West Pokot,2023,10,2023-10-01,short_rains,115.42587791662663,-0.20450134059492334,0.379790932147683,-1.0429734539046818
West Pokot,2023,11,2023-11-01,short_rains,64.87518287450075,0.1601699963147605,0.4142152486322795,-0.022006816919085157
West Pokot,2023,12,2023-12-01,short_rains,13.25658243522048,-0.41947478933242294,0.4529293333379661,0.3736615334347063
West Pokot,2024,1,2024-01-01,hot_dry,29.811277996748686,1.234383869616689,0.3115772281368769,-0.5868605751332687
West Pokot,2024,2,2024-02-01,hot_dry,53.181934393942356,1.4631584923395353,0.2934606446695895,-0.3690678880220521
West Pokot,2024,3,2024-03-01,long_rains,51.70482675358653,-0.48893661462965454,0.3446627555235697,0.14442565612211952
West Pokot,2024,4,2024-04-01,long_rains,216.83642986044288,0.7848030345677879,0.433742603014866,0.9911427386415264
West Pokot,2024,5,2024-05-01,long_rains,142.70438770577312,0.2080555704050509,0.5063381599647913,0.16457545202304733
West Pokot,2024,6,2024-06-01,cool_dry,38.28163958946243,-0.917299973609991,0.4980213586928909,0.5758095814488351
West Pokot,2024,7,2024-07-01,cool_dry,183.16910483688116,0.8961226336693933,0.4847751354611618,0.8477168350221954
West Pokot,2024,8,2024-08-01,cool_dry,113.24855612963438,-0.12557089053663956,0.5607173022345396,1.2418479082813163
West Pokot,2024,9,2024-09-01,cool_dry,52.83621025271714,-0.7790663815721369,0.5255334481788659,0.8354158529432273
West Pokot,2024,10,2024-10-01,short_rains,162.75727421704505,0.7738517184684378,0.4650790415418771,0.3119070561314863
West Pokot,2024,11,2024-11-01,short_rains,87.06377155147493,0.9008814412705297,0.3940017697275498,-0.27205870616334765
West Pokot,2024,12,2024-12-01,short_rains,5.927944904193282,-0.7034796181426345,0.4646467569051571,0.5274812852683028
