name,year,month,date,mean
Turkana,2017.0,1.0,2017-01-01,0.11894555852760724
Marsabit,2017.0,1.0,2017-01-01,0.09263601741718817
Mandera,2017.0,1.0,2017-01-01,0.20943680251402144
Wajir,2017.0,1.0,2017-01-01,0.17812250255479242
West Pokot,2017.0,1.0,2017-01-01,0.29281710857685483
Samburu,2017.0,1.0,2017-01-01,0.22416064073963024
Isiolo,2017.0,1.0,2017-01-01,0.1646761872846821
Baringo,2017.0,1.0,2017-01-01,0.29616055616941833
Elgeyo-Marakwet,2017.0,1.0,2017-01-01,0.5058781020738706
Trans Nzoia,2017.0,1.0,2017-01-01,0.41493787629466555
Bungoma,2017.0,1.0,2017-01-01,0.4407437322117566
Garissa,2017.0,1.0,2017-01-01,0.2912678151187403
Uasin Gishu,2017.0,1.0,2017-01-01,0.3509972430920316
Kakamega,2017.0,1.0,2017-01-01,0.44522047755209415
Laikipia,2017.0,1.0,2017-01-01,0.26938090876036197
Busia,2017.0,1.0,2017-01-01,0.35455002547382414
Meru,2017.0,1.0,2017-01-01,0.4800317939052686
Nandi,2017.0,1.0,2017-01-01,0.5491276093600952
Siaya,2017.0,1.0,2017-01-01,0.19960915233765544
Nakuru,2017.0,1.0,2017-01-01,0.3771243339016932
Vihiga,2017.0,1.0,2017-01-01,0.5127640083480158
Nyandarua,2017.0,1.0,2017-01-01,0.4326163819987244
Tharaka,2017.0,1.0,2017-01-01,0.36695555614325337
Kericho,2017.0,1.0,2017-01-01,0.535828479142977
Kisumu,2017.0,1.0,2017-01-01,0.25813977081928974
Nyeri,2017.0,1.0,2017-01-01,0.5678969925966456
Tana River,2017.0,1.0,2017-01-01,0.22911773117460213
Kitui,2017.0,1.0,2017-01-01,0.3014192384922532
Kirinyaga,2017.0,1.0,2017-01-01,0.5931044975985384
Embu,2017.0,1.0,2017-01-01,0.4736137041422329
Homa Bay,2017.0,1.0,2017-01-01,0.20769842463674107
Bomet,2017.0,1.0,2017-01-01,0.6222274480315365
Nyamira,2017.0,1.0,2017-01-01,0.6020152391927824
Narok,2017.0,1.0,2017-01-01,0.38531150178049695
Kisii,2017.0,1.0,2017-01-01,0.5982606383436893
Murang'a,2017.0,1.0,2017-01-01,0.6296718996886179
Migori,2017.0,1.0,2017-01-01,0.2638874137436189
Kiambu,2017.0,1.0,2017-01-01,0.532226849954708
Machakos,2017.0,1.0,2017-01-01,0.3165088059149886
Kajiado,2017.0,1.0,2017-01-01,0.23180805496672507
Nairobi,2017.0,1.0,2017-01-01,0.3010980526480847
Makueni,2017.0,1.0,2017-01-01,0.2974103602970808
Lamu,2017.0,1.0,2017-01-01,0.46462042905288325
Kilifi,2017.0,1.0,2017-01-01,
Taita Taveta,2017.0,1.0,2017-01-01,0.2559819591878254
Kwale,2017.0,1.0,2017-01-01,0.30253249604505184
Mombasa,2017.0,1.0,2017-01-01,
Turkana,2017.0,2.0,2017-02-01,0.13502234633176816
Marsabit,2017.0,2.0,2017-02-01,0.10723257010213139
Mandera,2017.0,2.0,2017-02-01,0.14083744166365678
Wajir,2017.0,2.0,2017-02-01,0.1378502830137225
West Pokot,2017.0,2.0,2017-02-01,
Samburu,2017.0,2.0,2017-02-01,0.20276105682729062
Isiolo,2017.0,2.0,2017-02-01,0.12395793873013376
Baringo,2017.0,2.0,2017-02-01,0.3575773942025485
Elgeyo-Marakwet,2017.0,2.0,2017-02-01,
Trans Nzoia,2017.0,2.0,2017-02-01,
Bungoma,2017.0,2.0,2017-02-01,
Garissa,2017.0,2.0,2017-02-01,0.12464142044103414
Uasin Gishu,2017.0,2.0,2017-02-01,
Kakamega,2017.0,2.0,2017-02-01,
Laikipia,2017.0,2.0,2017-02-01,0.24359374889056762
Busia,2017.0,2.0,2017-02-01,
Meru,2017.0,2.0,2017-02-01,0.49276404489055775
Nandi,2017.0,2.0,2017-02-01,0.4780557147901377
Siaya,2017.0,2.0,2017-02-01,
Nakuru,2017.0,2.0,2017-02-01,0.3172227376318419
Vihiga,2017.0,2.0,2017-02-01,
Nyandarua,2017.0,2.0,2017-02-01,0.414548683649744
Tharaka,2017.0,2.0,2017-02-01,
Kericho,2017.0,2.0,2017-02-01,0.49235580511185284
Kisumu,2017.0,2.0,2017-02-01,0.3680862669224116
Nyeri,2017.0,2.0,2017-02-01,0.5745903669610752
Tana River,2017.0,2.0,2017-02-01,0.17047483542130698
Kitui,2017.0,2.0,2017-02-01,0.2274013323058689
Kirinyaga,2017.0,2.0,2017-02-01,0.5076734235918352
Embu,2017.0,2.0,2017-02-01,0.3392700483622752
Homa Bay,2017.0,2.0,2017-02-01,0.4198011085289195
Bomet,2017.0,2.0,2017-02-01,0.5779140645866538
Nyamira,2017.0,2.0,2017-02-01,0.5069114760059181
Narok,2017.0,2.0,2017-02-01,0.35547842873654306
Kisii,2017.0,2.0,2017-02-01,0.45824887539623016
Murang'a,2017.0,2.0,2017-02-01,0.5647068675480955
Migori,2017.0,2.0,2017-02-01,
Kiambu,2017.0,2.0,2017-02-01,0.5135854960651611
Machakos,2017.0,2.0,2017-02-01,0.24133206389629158
Kajiado,2017.0,2.0,2017-02-01,0.24003107252723277
Nairobi,2017.0,2.0,2017-02-01,0.2967972226703444
Makueni,2017.0,2.0,2017-02-01,0.2610959843107839
Lamu,2017.0,2.0,2017-02-01,
Kilifi,2017.0,2.0,2017-02-01,
Taita Taveta,2017.0,2.0,2017-02-01,0.20385423093384628
Kwale,2017.0,2.0,2017-02-01,
Mombasa,2017.0,2.0,2017-02-01,
Turkana,2017.0,3.0,2017-03-01,0.1034309091524546
Marsabit,2017.0,3.0,2017-03-01,0.07255073355593726
Mandera,2017.0,3.0,2017-03-01,0.16284527290315204
Wajir,2017.0,3.0,2017-03-01,0.14191421402886756
West Pokot,2017.0,3.0,2017-03-01,0.2806539184191394
Samburu,2017.0,3.0,2017-03-01,0.19161626586282793
Isiolo,2017.0,3.0,2017-03-01,0.12318563398087869
Baringo,2017.0,3.0,2017-03-01,0.2546439650604217
Elgeyo-Marakwet,2017.0,3.0,2017-03-01,0.42922828686318387
Trans Nzoia,2017.0,3.0,2017-03-01,0.35548796835774105
Bungoma,2017.0,3.0,2017-03-01,0.4818682876409869
Garissa,2017.0,3.0,2017-03-01,0.20238923851074325
Uasin Gishu,2017.0,3.0,2017-03-01,0.3189547288668763
Kakamega,2017.0,3.0,2017-03-01,0.4661279701469432
Laikipia,2017.0,3.0,2017-03-01,0.21773928801706274
Busia,2017.0,3.0,2017-03-01,0.4110286623352715
Meru,2017.0,3.0,2017-03-01,0.34847517781846604
Nandi,2017.0,3.0,2017-03-01,0.5725038626515758
Siaya,2017.0,3.0,2017-03-01,0.21098975391945216
Nakuru,2017.0,3.0,2017-03-01,0.3039808222280847
Vihiga,2017.0,3.0,2017-03-01,0.52657085498266
Nyandarua,2017.0,3.0,2017-03-01,0.3630894089445382
Tharaka,2017.0,3.0,2017-03-01,0.21749112871223186
Kericho,2017.0,3.0,2017-03-01,0.542789430182292
Kisumu,2017.0,3.0,2017-03-01,0.3234640577895471
Nyeri,2017.0,3.0,2017-03-01,0.5025612777121244
Tana River,2017.0,3.0,2017-03-01,0.17568302229503463
Kitui,2017.0,3.0,2017-03-01,0.2154242920404204
Kirinyaga,2017.0,3.0,2017-03-01,0.34118477546987264
Embu,2017.0,3.0,2017-03-01,0.20142661630274866
Homa Bay,2017.0,3.0,2017-03-01,0.18835202227500428
Bomet,2017.0,3.0,2017-03-01,0.6912525798649359
Nyamira,2017.0,3.0,2017-03-01,0.6684744198206776
Narok,2017.0,3.0,2017-03-01,0.4604752610812222
Kisii,2017.0,3.0,2017-03-01,0.5913758501749591
Murang'a,2017.0,3.0,2017-03-01,0.4773601332120599
Migori,2017.0,3.0,2017-03-01,0.3353839968171271
Kiambu,2017.0,3.0,2017-03-01,0.6115469541732536
Machakos,2017.0,3.0,2017-03-01,0.25141503854738356
Kajiado,2017.0,3.0,2017-03-01,0.25538014154254746
Nairobi,2017.0,3.0,2017-03-01,
Makueni,2017.0,3.0,2017-03-01,0.21802435283512486
Lamu,2017.0,3.0,2017-03-01,0.3545572617244164
Kilifi,2017.0,3.0,2017-03-01,0.32296685491167243
Taita Taveta,2017.0,3.0,2017-03-01,0.2120303222561512
Kwale,2017.0,3.0,2017-03-01,0.18545448314007773
Mombasa,2017.0,3.0,2017-03-01,
Turkana,2017.0,4.0,2017-04-01,0.10621602021288584
Marsabit,2017.0,4.0,2017-04-01,0.04048102674695828
Mandera,2017.0,4.0,2017-04-01,
Wajir,2017.0,4.0,2017-04-01,
West Pokot,2017.0,4.0,2017-04-01,0.2933637349772782
Samburu,2017.0,4.0,2017-04-01,0.18604487117437687
Isiolo,2017.0,4.0,2017-04-01,0.08738142607495249
Baringo,2017.0,4.0,2017-04-01,0.27535660536177237
Elgeyo-Marakwet,2017.0,4.0,2017-04-01,0.4455460831985304
Trans Nzoia,2017.0,4.0,2017-04-01,0.37802390294086446
Bungoma,2017.0,4.0,2017-04-01,0.553547491067349
Garissa,2017.0,4.0,2017-04-01,0.1102054108766568
Uasin Gishu,2017.0,4.0,2017-04-01,0.3205235596946367
Kakamega,2017.0,4.0,2017-04-01,0.5332904971149413
Laikipia,2017.0,4.0,2017-04-01,0.29174791124835703
Busia,2017.0,4.0,2017-04-01,0.4843065356779337
Meru,2017.0,4.0,2017-04-01,
Nandi,2017.0,4.0,2017-04-01,0.6201611442624374
Siaya,2017.0,4.0,2017-04-01,0.3119766467119873
Nakuru,2017.0,4.0,2017-04-01,0.3263095805661323
Vihiga,2017.0,4.0,2017-04-01,0.6475610107131148
Nyandarua,2017.0,4.0,2017-04-01,0.35657283646065757
Tharaka,2017.0,4.0,2017-04-01,
Kericho,2017.0,4.0,2017-04-01,0.5735777939294107
Kisumu,2017.0,4.0,2017-04-01,0.39708158773375624
Nyeri,2017.0,4.0,2017-04-01,
Tana River,2017.0,4.0,2017-04-01,
Kitui,2017.0,4.0,2017-04-01,
Kirinyaga,2017.0,4.0,2017-04-01,
Embu,2017.0,4.0,2017-04-01,
Homa Bay,2017.0,4.0,2017-04-01,0.288009406384774
Bomet,2017.0,4.0,2017-04-01,0.7051079123563212
Nyamira,2017.0,4.0,2017-04-01,0.7327698850720541
Narok,2017.0,4.0,2017-04-01,0.45112248939622474
Kisii,2017.0,4.0,2017-04-01,0.6839626114332544
Murang'a,2017.0,4.0,2017-04-01,
Migori,2017.0,4.0,2017-04-01,0.43555347833278574
Kiambu,2017.0,4.0,2017-04-01,
Machakos,2017.0,4.0,2017-04-01,
Kajiado,2017.0,4.0,2017-04-01,
Nairobi,2017.0,4.0,2017-04-01,
Makueni,2017.0,4.0,2017-04-01,
Lamu,2017.0,4.0,2017-04-01,0.2780671998559852
Kilifi,2017.0,4.0,2017-04-01,
Taita Taveta,2017.0,4.0,2017-04-01,
Kwale,2017.0,4.0,2017-04-01,
Mombasa,2017.0,4.0,2017-04-01,
Turkana,2017.0,5.0,2017-05-01,0.13854137576959227
Marsabit,2017.0,5.0,2017-05-01,0.09070034822960472
Mandera,2017.0,5.0,2017-05-01,0.24766282754045177
Wajir,2017.0,5.0,2017-05-01,0.20151545096952905
West Pokot,2017.0,5.0,2017-05-01,0.47365006496126183
Samburu,2017.0,5.0,2017-05-01,0.3121722366034496
Isiolo,2017.0,5.0,2017-05-01,0.11202821769649284
Baringo,2017.0,5.0,2017-05-01,0.4589119958865531
Elgeyo-Marakwet,2017.0,5.0,2017-05-01,0.652774745903195
Trans Nzoia,2017.0,5.0,2017-05-01,0.735175454910104
Bungoma,2017.0,5.0,2017-05-01,0.6980172578752992
Garissa,2017.0,5.0,2017-05-01,0.23065562556289354
Uasin Gishu,2017.0,5.0,2017-05-01,0.5894994996159107
Kakamega,2017.0,5.0,2017-05-01,0.7009948988739708
Laikipia,2017.0,5.0,2017-05-01,0.4405733939028139
Busia,2017.0,5.0,2017-05-01,0.5829704306766441
Meru,2017.0,5.0,2017-05-01,
Nandi,2017.0,5.0,2017-05-01,0.7645320058454957
Siaya,2017.0,5.0,2017-05-01,0.4145240430843448
Nakuru,2017.0,5.0,2017-05-01,0.5581263908822099
Vihiga,2017.0,5.0,2017-05-01,0.7112860212709997
Nyandarua,2017.0,5.0,2017-05-01,0.5571612805547131
Tharaka,2017.0,5.0,2017-05-01,
Kericho,2017.0,5.0,2017-05-01,0.7425201663426159
Kisumu,2017.0,5.0,2017-05-01,0.4383632231352189
Nyeri,2017.0,5.0,2017-05-01,
Tana River,2017.0,5.0,2017-05-01,0.20287273435950792
Kitui,2017.0,5.0,2017-05-01,0.32397409024299084
Kirinyaga,2017.0,5.0,2017-05-01,
Embu,2017.0,5.0,2017-05-01,
Homa Bay,2017.0,5.0,2017-05-01,0.3899661719734126
Bomet,2017.0,5.0,2017-05-01,0.7522400357307537
Nyamira,2017.0,5.0,2017-05-01,0.7603437147987621
Narok,2017.0,5.0,2017-05-01,0.5725278308504044
Kisii,2017.0,5.0,2017-05-01,0.7423397348293853
Murang'a,2017.0,5.0,2017-05-01,
Migori,2017.0,5.0,2017-05-01,0.5147775312220796
Kiambu,2017.0,5.0,2017-05-01,
Machakos,2017.0,5.0,2017-05-01,
Kajiado,2017.0,5.0,2017-05-01,
Nairobi,2017.0,5.0,2017-05-01,
Makueni,2017.0,5.0,2017-05-01,0.32499315715215876
Lamu,2017.0,5.0,2017-05-01,
Kilifi,2017.0,5.0,2017-05-01,0.4675785452621682
Taita Taveta,2017.0,5.0,2017-05-01,0.3456486326893179
Kwale,2017.0,5.0,2017-05-01,0.3220577285493019
Mombasa,2017.0,5.0,2017-05-01,
Turkana,2017.0,6.0,2017-06-01,0.16572536973350604
Marsabit,2017.0,6.0,2017-06-01,0.12284166019098901
Mandera,2017.0,6.0,2017-06-01,0.2267720098696579
Wajir,2017.0,6.0,2017-06-01,0.1672440015918347
West Pokot,2017.0,6.0,2017-06-01,0.47834228842999527
Samburu,2017.0,6.0,2017-06-01,0.2881308678278471
Isiolo,2017.0,6.0,2017-06-01,0.14609942657820216
Baringo,2017.0,6.0,2017-06-01,0.40653925523385814
Elgeyo-Marakwet,2017.0,6.0,2017-06-01,0.6189723810821678
Trans Nzoia,2017.0,6.0,2017-06-01,0.6984163701299224
Bungoma,2017.0,6.0,2017-06-01,0.6865924248354892
Garissa,2017.0,6.0,2017-06-01,0.13271476040325578
Uasin Gishu,2017.0,6.0,2017-06-01,0.6179007795404764
Kakamega,2017.0,6.0,2017-06-01,0.6884252834214142
Laikipia,2017.0,6.0,2017-06-01,0.2853656987252064
Busia,2017.0,6.0,2017-06-01,0.5910560775788686
Meru,2017.0,6.0,2017-06-01,0.4419821778763105
Nandi,2017.0,6.0,2017-06-01,0.7136566549676239
Siaya,2017.0,6.0,2017-06-01,0.4082986739433392
Nakuru,2017.0,6.0,2017-06-01,0.5153632912863374
Vihiga,2017.0,6.0,2017-06-01,0.7003278895571318
Nyandarua,2017.0,6.0,2017-06-01,0.5065329586893952
Tharaka,2017.0,6.0,2017-06-01,0.3949017452206924
Kericho,2017.0,6.0,2017-06-01,0.7180241002151313
Kisumu,2017.0,6.0,2017-06-01,0.42410974469534213
Nyeri,2017.0,6.0,2017-06-01,0.5084059302250399
Tana River,2017.0,6.0,2017-06-01,0.18439238411485814
Kitui,2017.0,6.0,2017-06-01,0.27176567265611534
Kirinyaga,2017.0,6.0,2017-06-01,
Embu,2017.0,6.0,2017-06-01,
Homa Bay,2017.0,6.0,2017-06-01,0.33491754054510375
Bomet,2017.0,6.0,2017-06-01,0.6905321755369501
Nyamira,2017.0,6.0,2017-06-01,0.7020124721258778
Narok,2017.0,6.0,2017-06-01,0.4739774329618275
Kisii,2017.0,6.0,2017-06-01,0.6711312451804236
Murang'a,2017.0,6.0,2017-06-01,
Migori,2017.0,6.0,2017-06-01,0.46776947501549876
Kiambu,2017.0,6.0,2017-06-01,0.5994248981819985
Machakos,2017.0,6.0,2017-06-01,
Kajiado,2017.0,6.0,2017-06-01,
Nairobi,2017.0,6.0,2017-06-01,
Makueni,2017.0,6.0,2017-06-01,0.2251313390060599
Lamu,2017.0,6.0,2017-06-01,0.5858525339727961
Kilifi,2017.0,6.0,2017-06-01,
Taita Taveta,2017.0,6.0,2017-06-01,0.26044861685808696
Kwale,2017.0,6.0,2017-06-01,
Mombasa,2017.0,6.0,2017-06-01,
Turkana,2017.0,7.0,2017-07-01,0.1509772120773525
Marsabit,2017.0,7.0,2017-07-01,0.07352216550838422
Mandera,2017.0,7.0,2017-07-01,0.165279826166101
Wajir,2017.0,7.0,2017-07-01,0.13187815951756776
West Pokot,2017.0,7.0,2017-07-01,0.24673510081537833
Samburu,2017.0,7.0,2017-07-01,0.2245917841735247
Isiolo,2017.0,7.0,2017-07-01,0.12001734392790477
Baringo,2017.0,7.0,2017-07-01,0.3280765311815631
Elgeyo-Marakwet,2017.0,7.0,2017-07-01,0.58541159839092
Trans Nzoia,2017.0,7.0,2017-07-01,0.6138379682607696
Bungoma,2017.0,7.0,2017-07-01,0.5782034239458448
Garissa,2017.0,7.0,2017-07-01,0.13935953417350455
Uasin Gishu,2017.0,7.0,2017-07-01,0.5031094968190435
Kakamega,2017.0,7.0,2017-07-01,0.6028711081851656
Laikipia,2017.0,7.0,2017-07-01,0.40241058863968326
Busia,2017.0,7.0,2017-07-01,0.5511972323795495
Meru,2017.0,7.0,2017-07-01,0.35721388344681776
Nandi,2017.0,7.0,2017-07-01,0.6853710695561873
Siaya,2017.0,7.0,2017-07-01,0.3634407817430827
Nakuru,2017.0,7.0,2017-07-01,
Vihiga,2017.0,7.0,2017-07-01,0.618951665444813
Nyandarua,2017.0,7.0,2017-07-01,0.6851412595518925
Tharaka,2017.0,7.0,2017-07-01,0.37805452330171685
Kericho,2017.0,7.0,2017-07-01,
Kisumu,2017.0,7.0,2017-07-01,0.22798310769977523
Nyeri,2017.0,7.0,2017-07-01,0.5183297286339204
Tana River,2017.0,7.0,2017-07-01,0.1519242854766847
Kitui,2017.0,7.0,2017-07-01,0.20877083295142948
Kirinyaga,2017.0,7.0,2017-07-01,0.545502064065938
Embu,2017.0,7.0,2017-07-01,0.3765255541508831
Homa Bay,2017.0,7.0,2017-07-01,0.2650083535548521
Bomet,2017.0,7.0,2017-07-01,0.5033461864871837
Nyamira,2017.0,7.0,2017-07-01,0.6980623851770041
Narok,2017.0,7.0,2017-07-01,0.38832116540393324
Kisii,2017.0,7.0,2017-07-01,0.6405714380679645
Murang'a,2017.0,7.0,2017-07-01,0.36462927175876114
Migori,2017.0,7.0,2017-07-01,0.34913208718392835
Kiambu,2017.0,7.0,2017-07-01,
Machakos,2017.0,7.0,2017-07-01,0.2812464235605709
Kajiado,2017.0,7.0,2017-07-01,0.18952346420907484
Nairobi,2017.0,7.0,2017-07-01,
Makueni,2017.0,7.0,2017-07-01,0.23487531482771193
Lamu,2017.0,7.0,2017-07-01,0.5562687640203399
Kilifi,2017.0,7.0,2017-07-01,
Taita Taveta,2017.0,7.0,2017-07-01,0.21472055375680577
Kwale,2017.0,7.0,2017-07-01,0.23574302107988204
Mombasa,2017.0,7.0,2017-07-01,
Turkana,2017.0,8.0,2017-08-01,0.1458635667936346
Marsabit,2017.0,8.0,2017-08-01,0.07825860108122237
Mandera,2017.0,8.0,2017-08-01,0.12069805573699498
Wajir,2017.0,8.0,2017-08-01,0.07809124380766913
West Pokot,2017.0,8.0,2017-08-01,0.4101911081290546
Samburu,2017.0,8.0,2017-08-01,0.23098725050389812
Isiolo,2017.0,8.0,2017-08-01,0.12340041966489941
Baringo,2017.0,8.0,2017-08-01,0.5719383950136473
Elgeyo-Marakwet,2017.0,8.0,2017-08-01,0.6795252571453622
Trans Nzoia,2017.0,8.0,2017-08-01,0.5784261456231555
Bungoma,2017.0,8.0,2017-08-01,0.56986782453377
Garissa,2017.0,8.0,2017-08-01,0.12454328339662996
Uasin Gishu,2017.0,8.0,2017-08-01,0.6735979434996051
Kakamega,2017.0,8.0,2017-08-01,0.6247050086560706
Laikipia,2017.0,8.0,2017-08-01,0.38852836535441626
Busia,2017.0,8.0,2017-08-01,0.5032059637219325
Meru,2017.0,8.0,2017-08-01,0.3087976172908902
Nandi,2017.0,8.0,2017-08-01,0.7394078567940091
Siaya,2017.0,8.0,2017-08-01,0.3276354610602961
Nakuru,2017.0,8.0,2017-08-01,0.5527565828396868
Vihiga,2017.0,8.0,2017-08-01,0.613976470155249
Nyandarua,2017.0,8.0,2017-08-01,0.6299414021826902
Tharaka,2017.0,8.0,2017-08-01,0.2033506532135347
Kericho,2017.0,8.0,2017-08-01,0.7107861204699396
Kisumu,2017.0,8.0,2017-08-01,0.35950263102077046
Nyeri,2017.0,8.0,2017-08-01,0.47232446309605675
Tana River,2017.0,8.0,2017-08-01,0.16745691544919616
Kitui,2017.0,8.0,2017-08-01,0.2038835542272042
Kirinyaga,2017.0,8.0,2017-08-01,
Embu,2017.0,8.0,2017-08-01,-0.2481907676139199
Homa Bay,2017.0,8.0,2017-08-01,0.2580552288763837
Bomet,2017.0,8.0,2017-08-01,0.6826205919180204
Nyamira,2017.0,8.0,2017-08-01,0.6872232071416328
Narok,2017.0,8.0,2017-08-01,0.39854648514345237
Kisii,2017.0,8.0,2017-08-01,0.5941317793176135
Murang'a,2017.0,8.0,2017-08-01,0.40654424220985935
Migori,2017.0,8.0,2017-08-01,0.3214983640411709
Kiambu,2017.0,8.0,2017-08-01,0.4683578730044272
Machakos,2017.0,8.0,2017-08-01,0.2525261514108283
Kajiado,2017.0,8.0,2017-08-01,0.16274560877512953
Nairobi,2017.0,8.0,2017-08-01,0.27535820777713566
Makueni,2017.0,8.0,2017-08-01,0.2386918592534723
Lamu,2017.0,8.0,2017-08-01,0.6123679555989497
Kilifi,2017.0,8.0,2017-08-01,
Taita Taveta,2017.0,8.0,2017-08-01,0.19918830285469452
Kwale,2017.0,8.0,2017-08-01,
Mombasa,2017.0,8.0,2017-08-01,
Turkana,2017.0,9.0,2017-09-01,0.20539984930568436
Marsabit,2017.0,9.0,2017-09-01,0.10504354877386403
Mandera,2017.0,9.0,2017-09-01,0.15994812417901666
Wajir,2017.0,9.0,2017-09-01,0.13619854710402837
West Pokot,2017.0,9.0,2017-09-01,0.48393039862586795
Samburu,2017.0,9.0,2017-09-01,0.24742126875736806
Isiolo,2017.0,9.0,2017-09-01,0.12084044858073333
Baringo,2017.0,9.0,2017-09-01,0.5503324860346863
Elgeyo-Marakwet,2017.0,9.0,2017-09-01,0.6728100453104696
Trans Nzoia,2017.0,9.0,2017-09-01,0.5014655984257335
Bungoma,2017.0,9.0,2017-09-01,0.5306322362194271
Garissa,2017.0,9.0,2017-09-01,0.14446639472592715
Uasin Gishu,2017.0,9.0,2017-09-01,0.61657048234412
Kakamega,2017.0,9.0,2017-09-01,0.6103384275878884
Laikipia,2017.0,9.0,2017-09-01,0.40216578975385375
Busia,2017.0,9.0,2017-09-01,
Meru,2017.0,9.0,2017-09-01,0.29833362906382344
Nandi,2017.0,9.0,2017-09-01,0.6604054159036263
Siaya,2017.0,9.0,2017-09-01,
Nakuru,2017.0,9.0,2017-09-01,0.568369745640616
Vihiga,2017.0,9.0,2017-09-01,0.5422060051788831
Nyandarua,2017.0,9.0,2017-09-01,0.593318748512097
Tharaka,2017.0,9.0,2017-09-01,0.19120350589046683
Kericho,2017.0,9.0,2017-09-01,0.6828704023518177
Kisumu,2017.0,9.0,2017-09-01,0.5534913396722924
Nyeri,2017.0,9.0,2017-09-01,0.43020442735288994
Tana River,2017.0,9.0,2017-09-01,0.1453410425110489
Kitui,2017.0,9.0,2017-09-01,0.1847620187107857
Kirinyaga,2017.0,9.0,2017-09-01,
Embu,2017.0,9.0,2017-09-01,
Homa Bay,2017.0,9.0,2017-09-01,
Bomet,2017.0,9.0,2017-09-01,0.538670319502515
Nyamira,2017.0,9.0,2017-09-01,
Narok,2017.0,9.0,2017-09-01,0.3888863391113488
Kisii,2017.0,9.0,2017-09-01,0.599447326374643
Murang'a,2017.0,9.0,2017-09-01,
Migori,2017.0,9.0,2017-09-01,0.41243195954723044
Kiambu,2017.0,9.0,2017-09-01,0.39299259236755857
Machakos,2017.0,9.0,2017-09-01,
Kajiado,2017.0,9.0,2017-09-01,0.147884603430346
Nairobi,2017.0,9.0,2017-09-01,0.3496374835713796
Makueni,2017.0,9.0,2017-09-01,0.2021820777643987
Lamu,2017.0,9.0,2017-09-01,0.5246595743723942
Kilifi,2017.0,9.0,2017-09-01,0.24135560780860157
Taita Taveta,2017.0,9.0,2017-09-01,0.17706665075900532
Kwale,2017.0,9.0,2017-09-01,0.1753368218713516
Mombasa,2017.0,9.0,2017-09-01,
Turkana,2017.0,10.0,2017-10-01,0.1729844133388451
Marsabit,2017.0,10.0,2017-10-01,0.08483314866529751
Mandera,2017.0,10.0,2017-10-01,0.18464016522089874
Wajir,2017.0,10.0,2017-10-01,0.1339285814202041
West Pokot,2017.0,10.0,2017-10-01,0.46339389150178545
Samburu,2017.0,10.0,2017-10-01,0.22491268106732168
Isiolo,2017.0,10.0,2017-10-01,0.1157148749738
Baringo,2017.0,10.0,2017-10-01,0.4786915021966407
Elgeyo-Marakwet,2017.0,10.0,2017-10-01,0.6456132297672469
Trans Nzoia,2017.0,10.0,2017-10-01,0.6129423058405025
Bungoma,2017.0,10.0,2017-10-01,0.6157674371618017
Garissa,2017.0,10.0,2017-10-01,0.12690445911029333
Uasin Gishu,2017.0,10.0,2017-10-01,0.5650198335604241
Kakamega,2017.0,10.0,2017-10-01,0.6317308897961916
Laikipia,2017.0,10.0,2017-10-01,0.34530317718903275
Busia,2017.0,10.0,2017-10-01,0.5593055224922793
Meru,2017.0,10.0,2017-10-01,0.2905987377931947
Nandi,2017.0,10.0,2017-10-01,0.6775183179457043
Siaya,2017.0,10.0,2017-10-01,0.3287843775057502
Nakuru,2017.0,10.0,2017-10-01,0.5321913899689354
Vihiga,2017.0,10.0,2017-10-01,0.6545838763162167
Nyandarua,2017.0,10.0,2017-10-01,0.6004016523389385
Tharaka,2017.0,10.0,2017-10-01,0.299720193208669
Kericho,2017.0,10.0,2017-10-01,0.6990637656615308
Kisumu,2017.0,10.0,2017-10-01,0.38481088803892327
Nyeri,2017.0,10.0,2017-10-01,0.5551041324413153
Tana River,2017.0,10.0,2017-10-01,0.14014386719756874
Kitui,2017.0,10.0,2017-10-01,0.18939197428840768
Kirinyaga,2017.0,10.0,2017-10-01,0.525815540832189
Embu,2017.0,10.0,2017-10-01,0.30734932736406906
Homa Bay,2017.0,10.0,2017-10-01,0.30219527616032804
Bomet,2017.0,10.0,2017-10-01,0.6615272562236489
Nyamira,2017.0,10.0,2017-10-01,0.7068231075881242
Narok,2017.0,10.0,2017-10-01,0.39311386997973813
Kisii,2017.0,10.0,2017-10-01,0.6640714704644385
Murang'a,2017.0,10.0,2017-10-01,0.4599701824341576
Migori,2017.0,10.0,2017-10-01,0.34966097354248327
Kiambu,2017.0,10.0,2017-10-01,0.4386397793637534
Machakos,2017.0,10.0,2017-10-01,0.2128339249991689
Kajiado,2017.0,10.0,2017-10-01,0.1611227084144314
Nairobi,2017.0,10.0,2017-10-01,0.23898131309590623
Makueni,2017.0,10.0,2017-10-01,0.20807715207322608
Lamu,2017.0,10.0,2017-10-01,
Kilifi,2017.0,10.0,2017-10-01,0.28341467160252076
Taita Taveta,2017.0,10.0,2017-10-01,0.18883833397521735
Kwale,2017.0,10.0,2017-10-01,0.3431242449421731
Mombasa,2017.0,10.0,2017-10-01,
Turkana,2017.0,11.0,2017-11-01,0.2673247091480003
Marsabit,2017.0,11.0,2017-11-01,0.21840793040806505
Mandera,2017.0,11.0,2017-11-01,0.2854488476228529
Wajir,2017.0,11.0,2017-11-01,0.3410184493072109
West Pokot,2017.0,11.0,2017-11-01,
Samburu,2017.0,11.0,2017-11-01,0.42914395011859713
Isiolo,2017.0,11.0,2017-11-01,
Baringo,2017.0,11.0,2017-11-01,0.5180160623459265
Elgeyo-Marakwet,2017.0,11.0,2017-11-01,0.6394258399320422
Trans Nzoia,2017.0,11.0,2017-11-01,0.6123859970734253
Bungoma,2017.0,11.0,2017-11-01,0.5993463743369069
Garissa,2017.0,11.0,2017-11-01,0.40579932232130156
Uasin Gishu,2017.0,11.0,2017-11-01,0.5916919909345576
Kakamega,2017.0,11.0,2017-11-01,0.6264351396130435
Laikipia,2017.0,11.0,2017-11-01,0.5696020766585115
Busia,2017.0,11.0,2017-11-01,0.5712512803304165
Meru,2017.0,11.0,2017-11-01,
Nandi,2017.0,11.0,2017-11-01,0.6774688128954488
Siaya,2017.0,11.0,2017-11-01,0.38193103420031976
Nakuru,2017.0,11.0,2017-11-01,0.5581532998109635
Vihiga,2017.0,11.0,2017-11-01,0.689079674362637
Nyandarua,2017.0,11.0,2017-11-01,0.6711718231356189
Tharaka,2017.0,11.0,2017-11-01,
Kericho,2017.0,11.0,2017-11-01,0.6808800147837049
Kisumu,2017.0,11.0,2017-11-01,0.3873736067544099
Nyeri,2017.0,11.0,2017-11-01,0.6210479941018944
Tana River,2017.0,11.0,2017-11-01,0.28220601607677337
Kitui,2017.0,11.0,2017-11-01,
Kirinyaga,2017.0,11.0,2017-11-01,
Embu,2017.0,11.0,2017-11-01,
Homa Bay,2017.0,11.0,2017-11-01,0.32463327752689036
Bomet,2017.0,11.0,2017-11-01,0.6970747091831859
Nyamira,2017.0,11.0,2017-11-01,0.7131816659008959
Narok,2017.0,11.0,2017-11-01,0.4558655831727139
Kisii,2017.0,11.0,2017-11-01,0.6802969904886156
Murang'a,2017.0,11.0,2017-11-01,
Migori,2017.0,11.0,2017-11-01,0.4336703604883477
Kiambu,2017.0,11.0,2017-11-01,0.6678985846235843
Machakos,2017.0,11.0,2017-11-01,
Kajiado,2017.0,11.0,2017-11-01,
Nairobi,2017.0,11.0,2017-11-01,
Makueni,2017.0,11.0,2017-11-01,
Lamu,2017.0,11.0,2017-11-01,0.6250248869858757
Kilifi,2017.0,11.0,2017-11-01,
Taita Taveta,2017.0,11.0,2017-11-01,
Kwale,2017.0,11.0,2017-11-01,
Mombasa,2017.0,11.0,2017-11-01,
Turkana,2017.0,12.0,2017-12-01,0.1902455798857606
Marsabit,2017.0,12.0,2017-12-01,0.14866055201343215
Mandera,2017.0,12.0,2017-12-01,0.25347205042563653
Wajir,2017.0,12.0,2017-12-01,0.24431527353402557
West Pokot,2017.0,12.0,2017-12-01,0.4448002873345728
Samburu,2017.0,12.0,2017-12-01,0.3043232435521858
Isiolo,2017.0,12.0,2017-12-01,0.166167465889674
Baringo,2017.0,12.0,2017-12-01,0.4353738540693313
Elgeyo-Marakwet,2017.0,12.0,2017-12-01,0.6261464952636168
Trans Nzoia,2017.0,12.0,2017-12-01,0.5266339779270927
Bungoma,2017.0,12.0,2017-12-01,0.5293118512567805
Garissa,2017.0,12.0,2017-12-01,0.26420753162163135
Uasin Gishu,2017.0,12.0,2017-12-01,0.49846114651895357
Kakamega,2017.0,12.0,2017-12-01,0.5588622524525693
Laikipia,2017.0,12.0,2017-12-01,0.4126981549256803
Busia,2017.0,12.0,2017-12-01,0.47285904669563417
Meru,2017.0,12.0,2017-12-01,0.5236843792404345
Nandi,2017.0,12.0,2017-12-01,0.6609706902504716
Siaya,2017.0,12.0,2017-12-01,0.3378052016598564
Nakuru,2017.0,12.0,2017-12-01,0.4850595871394242
Vihiga,2017.0,12.0,2017-12-01,0.6146886878989309
Nyandarua,2017.0,12.0,2017-12-01,0.5878072404216642
Tharaka,2017.0,12.0,2017-12-01,0.4491065012671536
Kericho,2017.0,12.0,2017-12-01,0.6334139170844101
Kisumu,2017.0,12.0,2017-12-01,0.34905973196562107
Nyeri,2017.0,12.0,2017-12-01,0.652128510895325
Tana River,2017.0,12.0,2017-12-01,0.23795671327013812
Kitui,2017.0,12.0,2017-12-01,0.4063265944152065
Kirinyaga,2017.0,12.0,2017-12-01,0.6346809145355332
Embu,2017.0,12.0,2017-12-01,0.5613284182977186
Homa Bay,2017.0,12.0,2017-12-01,0.29910911515009864
Bomet,2017.0,12.0,2017-12-01,0.681803930378553
Nyamira,2017.0,12.0,2017-12-01,0.6733253726863668
Narok,2017.0,12.0,2017-12-01,0.4436235384377296
Kisii,2017.0,12.0,2017-12-01,0.6783632861406863
Murang'a,2017.0,12.0,2017-12-01,0.6431807791525073
Migori,2017.0,12.0,2017-12-01,0.4305789422015892
Kiambu,2017.0,12.0,2017-12-01,0.6155391738627123
Machakos,2017.0,12.0,2017-12-01,0.42105347785911923
Kajiado,2017.0,12.0,2017-12-01,0.25052701914828723
Nairobi,2017.0,12.0,2017-12-01,0.45668528830805966
Makueni,2017.0,12.0,2017-12-01,0.484164265043956
Lamu,2017.0,12.0,2017-12-01,0.5200877810235898
Kilifi,2017.0,12.0,2017-12-01,0.4851287612054061
Taita Taveta,2017.0,12.0,2017-12-01,0.3430015183832291
Kwale,2017.0,12.0,2017-12-01,0.514629814916423
Mombasa,2017.0,12.0,2017-12-01,
Turkana,2018.0,1.0,2018-01-01,0.134185308416631
Marsabit,2018.0,1.0,2018-01-01,0.1071615618303178
Mandera,2018.0,1.0,2018-01-01,0.18881228981168868
Wajir,2018.0,1.0,2018-01-01,0.16677143027318408
West Pokot,2018.0,1.0,2018-01-01,0.3478367795828899
Samburu,2018.0,1.0,2018-01-01,0.2454254674619178
Isiolo,2018.0,1.0,2018-01-01,0.13872982701433823
Baringo,2018.0,1.0,2018-01-01,0.3282739318216328
Elgeyo-Marakwet,2018.0,1.0,2018-01-01,0.5484556288841033
Trans Nzoia,2018.0,1.0,2018-01-01,0.4289298239883474
Bungoma,2018.0,1.0,2018-01-01,0.4339086899765288
Garissa,2018.0,1.0,2018-01-01,0.23633894742710523
Uasin Gishu,2018.0,1.0,2018-01-01,0.4072811596651348
Kakamega,2018.0,1.0,2018-01-01,0.46910362795160954
Laikipia,2018.0,1.0,2018-01-01,0.3045941187377259
Busia,2018.0,1.0,2018-01-01,0.3609341137576549
Meru,2018.0,1.0,2018-01-01,0.43548929378712536
Nandi,2018.0,1.0,2018-01-01,0.6054291775118379
Siaya,2018.0,1.0,2018-01-01,0.22608324053002685
Nakuru,2018.0,1.0,2018-01-01,0.3918525772026167
Vihiga,2018.0,1.0,2018-01-01,0.5506619731909319
Nyandarua,2018.0,1.0,2018-01-01,0.5060035250312676
Tharaka,2018.0,1.0,2018-01-01,0.432566496520819
Kericho,2018.0,1.0,2018-01-01,0.5538726168838651
Kisumu,2018.0,1.0,2018-01-01,0.2733158044346763
Nyeri,2018.0,1.0,2018-01-01,0.6129097304816808
Tana River,2018.0,1.0,2018-01-01,0.18779263785746433
Kitui,2018.0,1.0,2018-01-01,0.2696393913709131
Kirinyaga,2018.0,1.0,2018-01-01,0.5886465619862579
Embu,2018.0,1.0,2018-01-01,0.4464077215279335
Homa Bay,2018.0,1.0,2018-01-01,0.22850021282424082
Bomet,2018.0,1.0,2018-01-01,0.672763258961099
Nyamira,2018.0,1.0,2018-01-01,0.6376070251118101
Narok,2018.0,1.0,2018-01-01,0.5132913557425964
Kisii,2018.0,1.0,2018-01-01,0.574130713695596
Murang'a,2018.0,1.0,2018-01-01,0.6014088253148956
Migori,2018.0,1.0,2018-01-01,0.27660160589376026
Kiambu,2018.0,1.0,2018-01-01,0.5410398002497271
Machakos,2018.0,1.0,2018-01-01,0.346485562616595
Kajiado,2018.0,1.0,2018-01-01,0.24333125803837583
Nairobi,2018.0,1.0,2018-01-01,0.3293146620361811
Makueni,2018.0,1.0,2018-01-01,0.3965695841509976
Lamu,2018.0,1.0,2018-01-01,0.4468553415359725
Kilifi,2018.0,1.0,2018-01-01,0.391591615490146
Taita Taveta,2018.0,1.0,2018-01-01,0.2785940514303357
Kwale,2018.0,1.0,2018-01-01,0.38585201428890764
Mombasa,2018.0,1.0,2018-01-01,
Turkana,2018.0,2.0,2018-02-01,0.12182986587752388
Marsabit,2018.0,2.0,2018-02-01,0.1088332547126085
Mandera,2018.0,2.0,2018-02-01,0.16247288558117087
Wajir,2018.0,2.0,2018-02-01,0.1447584165689902
West Pokot,2018.0,2.0,2018-02-01,0.2996397740667925
Samburu,2018.0,2.0,2018-02-01,0.22346240207727774
Isiolo,2018.0,2.0,2018-02-01,0.13463237272810896
Baringo,2018.0,2.0,2018-02-01,0.2986915646295243
Elgeyo-Marakwet,2018.0,2.0,2018-02-01,0.4875007914241225
Trans Nzoia,2018.0,2.0,2018-02-01,0.3690780644549718
Bungoma,2018.0,2.0,2018-02-01,0.4001726441558466
Garissa,2018.0,2.0,2018-02-01,0.18396750561248637
Uasin Gishu,2018.0,2.0,2018-02-01,0.35461456434492156
Kakamega,2018.0,2.0,2018-02-01,0.40795405424473946
Laikipia,2018.0,2.0,2018-02-01,0.25510179342676204
Busia,2018.0,2.0,2018-02-01,0.29089204865349316
Meru,2018.0,2.0,2018-02-01,0.38191902087708846
Nandi,2018.0,2.0,2018-02-01,0.5462335343820585
Siaya,2018.0,2.0,2018-02-01,0.17958662495433306
Nakuru,2018.0,2.0,2018-02-01,0.34101698388158236
Vihiga,2018.0,2.0,2018-02-01,0.49018979123639894
Nyandarua,2018.0,2.0,2018-02-01,0.43906927118677785
Tharaka,2018.0,2.0,2018-02-01,0.3772429874728377
Kericho,2018.0,2.0,2018-02-01,0.5129068454100815
Kisumu,2018.0,2.0,2018-02-01,0.22487671890704403
Nyeri,2018.0,2.0,2018-02-01,0.5636397670750711
Tana River,2018.0,2.0,2018-02-01,0.15221311996076248
Kitui,2018.0,2.0,2018-02-01,0.24187736539496574
Kirinyaga,2018.0,2.0,2018-02-01,0.5123353072835433
Embu,2018.0,2.0,2018-02-01,0.36899087276386017
Homa Bay,2018.0,2.0,2018-02-01,0.17308378886452738
Bomet,2018.0,2.0,2018-02-01,0.6564650431985831
Nyamira,2018.0,2.0,2018-02-01,0.6091232996606187
Narok,2018.0,2.0,2018-02-01,0.4634213996377323
Kisii,2018.0,2.0,2018-02-01,0.5316816011794874
Murang'a,2018.0,2.0,2018-02-01,0.5238996048527674
Migori,2018.0,2.0,2018-02-01,0.3037667004166013
Kiambu,2018.0,2.0,2018-02-01,0.4748425047677752
Machakos,2018.0,2.0,2018-02-01,0.253987569812469
Kajiado,2018.0,2.0,2018-02-01,0.19232200136725003
Nairobi,2018.0,2.0,2018-02-01,0.26544367939220365
Makueni,2018.0,2.0,2018-02-01,0.2897030539970967
Lamu,2018.0,2.0,2018-02-01,0.3584566964203158
Kilifi,2018.0,2.0,2018-02-01,0.37032850474804824
Taita Taveta,2018.0,2.0,2018-02-01,0.2063011070993644
Kwale,2018.0,2.0,2018-02-01,0.3330187105331019
Mombasa,2018.0,2.0,2018-02-01,0.26669031427256473
Turkana,2018.0,3.0,2018-03-01,0.1868844251859928
Marsabit,2018.0,3.0,2018-03-01,0.05948023996943605
Mandera,2018.0,3.0,2018-03-01,0.17830844235871007
Wajir,2018.0,3.0,2018-03-01,0.1529339133644268
West Pokot,2018.0,3.0,2018-03-01,0.49214810229776484
Samburu,2018.0,3.0,2018-03-01,0.4400724723250215
Isiolo,2018.0,3.0,2018-03-01,0.09354933438943423
Baringo,2018.0,3.0,2018-03-01,0.5056719791315126
Elgeyo-Marakwet,2018.0,3.0,2018-03-01,0.6127218973997125
Trans Nzoia,2018.0,3.0,2018-03-01,0.4768693874235913
Bungoma,2018.0,3.0,2018-03-01,0.5050307143308225
Garissa,2018.0,3.0,2018-03-01,0.09616976526407868
Uasin Gishu,2018.0,3.0,2018-03-01,0.45349891113022694
Kakamega,2018.0,3.0,2018-03-01,0.5359787795922903
Laikipia,2018.0,3.0,2018-03-01,0.5227706285952783
Busia,2018.0,3.0,2018-03-01,0.46793642013579423
Meru,2018.0,3.0,2018-03-01,
Nandi,2018.0,3.0,2018-03-01,0.6550782326895208
Siaya,2018.0,3.0,2018-03-01,0.35872085104940465
Nakuru,2018.0,3.0,2018-03-01,0.4916599643018617
Vihiga,2018.0,3.0,2018-03-01,0.6101133487059386
Nyandarua,2018.0,3.0,2018-03-01,0.5317562631679594
Tharaka,2018.0,3.0,2018-03-01,
Kericho,2018.0,3.0,2018-03-01,0.6456745110171321
Kisumu,2018.0,3.0,2018-03-01,0.45063659542512247
Nyeri,2018.0,3.0,2018-03-01,0.5234859594891035
Tana River,2018.0,3.0,2018-03-01,0.18608911812133752
Kitui,2018.0,3.0,2018-03-01,0.17116240673951
Kirinyaga,2018.0,3.0,2018-03-01,
Embu,2018.0,3.0,2018-03-01,
Homa Bay,2018.0,3.0,2018-03-01,0.28348392553904356
Bomet,2018.0,3.0,2018-03-01,0.7596956502415277
Nyamira,2018.0,3.0,2018-03-01,0.7178249754496692
Narok,2018.0,3.0,2018-03-01,0.5996918989323324
Kisii,2018.0,3.0,2018-03-01,0.6465676517964816
Murang'a,2018.0,3.0,2018-03-01,
Migori,2018.0,3.0,2018-03-01,0.4295730457916198
Kiambu,2018.0,3.0,2018-03-01,0.4498936818200561
Machakos,2018.0,3.0,2018-03-01,
Kajiado,2018.0,3.0,2018-03-01,
Nairobi,2018.0,3.0,2018-03-01,
Makueni,2018.0,3.0,2018-03-01,0.2670578556770883
Lamu,2018.0,3.0,2018-03-01,0.4459833749014795
Kilifi,2018.0,3.0,2018-03-01,0.3889635716922416
Taita Taveta,2018.0,3.0,2018-03-01,0.3149398002472763
Kwale,2018.0,3.0,2018-03-01,
Mombasa,2018.0,3.0,2018-03-01,
Turkana,2018.0,4.0,2018-04-01,0.6179644433118527
Marsabit,2018.0,4.0,2018-04-01,0.4994646830896339
Mandera,2018.0,4.0,2018-04-01,0.25323389168979316
Wajir,2018.0,4.0,2018-04-01,0.23756836652457747
West Pokot,2018.0,4.0,2018-04-01,
Samburu,2018.0,4.0,2018-04-01,
Isiolo,2018.0,4.0,2018-04-01,0.2811988891852849
Baringo,2018.0,4.0,2018-04-01,
Elgeyo-Marakwet,2018.0,4.0,2018-04-01,
Trans Nzoia,2018.0,4.0,2018-04-01,
Bungoma,2018.0,4.0,2018-04-01,
Garissa,2018.0,4.0,2018-04-01,0.3634547658056784
Uasin Gishu,2018.0,4.0,2018-04-01,
Kakamega,2018.0,4.0,2018-04-01,
Laikipia,2018.0,4.0,2018-04-01,
Busia,2018.0,4.0,2018-04-01,
Meru,2018.0,4.0,2018-04-01,
Nandi,2018.0,4.0,2018-04-01,
Siaya,2018.0,4.0,2018-04-01,
Nakuru,2018.0,4.0,2018-04-01,
Vihiga,2018.0,4.0,2018-04-01,
Nyandarua,2018.0,4.0,2018-04-01,
Tharaka,2018.0,4.0,2018-04-01,
Kericho,2018.0,4.0,2018-04-01,
Kisumu,2018.0,4.0,2018-04-01,
Nyeri,2018.0,4.0,2018-04-01,
Tana River,2018.0,4.0,2018-04-01,0.4296469124588782
Kitui,2018.0,4.0,2018-04-01,0.5301250991772403
Kirinyaga,2018.0,4.0,2018-04-01,
Embu,2018.0,4.0,2018-04-01,
Homa Bay,2018.0,4.0,2018-04-01,
Bomet,2018.0,4.0,2018-04-01,
Nyamira,2018.0,4.0,2018-04-01,
Narok,2018.0,4.0,2018-04-01,
Kisii,2018.0,4.0,2018-04-01,
Murang'a,2018.0,4.0,2018-04-01,
Migori,2018.0,4.0,2018-04-01,
Kiambu,2018.0,4.0,2018-04-01,
Machakos,2018.0,4.0,2018-04-01,
Kajiado,2018.0,4.0,2018-04-01,
Nairobi,2018.0,4.0,2018-04-01,
Makueni,2018.0,4.0,2018-04-01,0.5672555790533894
Lamu,2018.0,4.0,2018-04-01,
Kilifi,2018.0,4.0,2018-04-01,0.5502759206740152
Taita Taveta,2018.0,4.0,2018-04-01,0.5711280779249933
Kwale,2018.0,4.0,2018-04-01,0.5999658125330651
Mombasa,2018.0,4.0,2018-04-01,0.44139786541155235
Turkana,2018.0,5.0,2018-05-01,0.2597040108042838
Marsabit,2018.0,5.0,2018-05-01,0.27365685163575826
Mandera,2018.0,5.0,2018-05-01,
Wajir,2018.0,5.0,2018-05-01,0.3905872584719261
West Pokot,2018.0,5.0,2018-05-01,0.5876447706071128
Samburu,2018.0,5.0,2018-05-01,0.45631977862784245
Isiolo,2018.0,5.0,2018-05-01,0.42060175263007105
Baringo,2018.0,5.0,2018-05-01,0.6377707297089044
Elgeyo-Marakwet,2018.0,5.0,2018-05-01,0.7093898426187524
Trans Nzoia,2018.0,5.0,2018-05-01,0.6436681512334886
Bungoma,2018.0,5.0,2018-05-01,0.7207450041892608
Garissa,2018.0,5.0,2018-05-01,0.48933617919227146
Uasin Gishu,2018.0,5.0,2018-05-01,0.6107716595305587
Kakamega,2018.0,5.0,2018-05-01,0.7318804337070538
Laikipia,2018.0,5.0,2018-05-01,0.5927206185364199
Busia,2018.0,5.0,2018-05-01,0.6296118125947868
Meru,2018.0,5.0,2018-05-01,0.6646873965849412
Nandi,2018.0,5.0,2018-05-01,0.7759727292556416
Siaya,2018.0,5.0,2018-05-01,0.45627736778985156
Nakuru,2018.0,5.0,2018-05-01,0.657245717902423
Vihiga,2018.0,5.0,2018-05-01,0.7518550647565538
Nyandarua,2018.0,5.0,2018-05-01,0.6393669471478471
Tharaka,2018.0,5.0,2018-05-01,0.6453432808769032
Kericho,2018.0,5.0,2018-05-01,0.7725362151822911
Kisumu,2018.0,5.0,2018-05-01,0.5072166419313959
Nyeri,2018.0,5.0,2018-05-01,0.7135467066195155
Tana River,2018.0,5.0,2018-05-01,0.5230569704060385
Kitui,2018.0,5.0,2018-05-01,0.6151854656269898
Kirinyaga,2018.0,5.0,2018-05-01,0.7103585220331394
Embu,2018.0,5.0,2018-05-01,0.43598163107794335
Homa Bay,2018.0,5.0,2018-05-01,0.41174738556206675
Bomet,2018.0,5.0,2018-05-01,0.7758152479252471
Nyamira,2018.0,5.0,2018-05-01,0.7480987166221946
Narok,2018.0,5.0,2018-05-01,0.6565459993967253
Kisii,2018.0,5.0,2018-05-01,0.74363736523167
Murang'a,2018.0,5.0,2018-05-01,0.7670509670630276
Migori,2018.0,5.0,2018-05-01,0.5405375605650837
Kiambu,2018.0,5.0,2018-05-01,0.8106852319360384
Machakos,2018.0,5.0,2018-05-01,0.6836656800679453
Kajiado,2018.0,5.0,2018-05-01,0.5694253711754832
Nairobi,2018.0,5.0,2018-05-01,
Makueni,2018.0,5.0,2018-05-01,0.643371673280854
Lamu,2018.0,5.0,2018-05-01,
Kilifi,2018.0,5.0,2018-05-01,
Taita Taveta,2018.0,5.0,2018-05-01,0.6341310327301982
Kwale,2018.0,5.0,2018-05-01,
Mombasa,2018.0,5.0,2018-05-01,
Turkana,2018.0,6.0,2018-06-01,0.27660695645505373
Marsabit,2018.0,6.0,2018-06-01,0.22632325181824955
Mandera,2018.0,6.0,2018-06-01,
Wajir,2018.0,6.0,2018-06-01,0.24461445101661394
West Pokot,2018.0,6.0,2018-06-01,0.5537609762574628
Samburu,2018.0,6.0,2018-06-01,0.42371873587173337
Isiolo,2018.0,6.0,2018-06-01,0.28785351973915985
Baringo,2018.0,6.0,2018-06-01,0.6285451962680607
Elgeyo-Marakwet,2018.0,6.0,2018-06-01,
Trans Nzoia,2018.0,6.0,2018-06-01,0.7630242060048571
Bungoma,2018.0,6.0,2018-06-01,0.7297628734244007
Garissa,2018.0,6.0,2018-06-01,0.3365757721445748
Uasin Gishu,2018.0,6.0,2018-06-01,0.745503460272927
Kakamega,2018.0,6.0,2018-06-01,0.7091593697196011
Laikipia,2018.0,6.0,2018-06-01,0.505323429885814
Busia,2018.0,6.0,2018-06-01,0.631219870939635
Meru,2018.0,6.0,2018-06-01,0.4964907555334614
Nandi,2018.0,6.0,2018-06-01,0.6677141266468491
Siaya,2018.0,6.0,2018-06-01,0.42933994018634164
Nakuru,2018.0,6.0,2018-06-01,
Vihiga,2018.0,6.0,2018-06-01,0.5938646463520134
Nyandarua,2018.0,6.0,2018-06-01,0.7685636439413395
Tharaka,2018.0,6.0,2018-06-01,0.3673394066863244
Kericho,2018.0,6.0,2018-06-01,
Kisumu,2018.0,6.0,2018-06-01,0.4064774866407857
Nyeri,2018.0,6.0,2018-06-01,
Tana River,2018.0,6.0,2018-06-01,0.28773201346897614
Kitui,2018.0,6.0,2018-06-01,0.4417263982346199
Kirinyaga,2018.0,6.0,2018-06-01,
Embu,2018.0,6.0,2018-06-01,-0.4234909646688623
Homa Bay,2018.0,6.0,2018-06-01,0.3572358767358371
Bomet,2018.0,6.0,2018-06-01,
Nyamira,2018.0,6.0,2018-06-01,0.7041050897868916
Narok,2018.0,6.0,2018-06-01,0.6652143002807903
Kisii,2018.0,6.0,2018-06-01,0.6963635299691858
Murang'a,2018.0,6.0,2018-06-01,0.5653333298317255
Migori,2018.0,6.0,2018-06-01,0.5093290353016736
Kiambu,2018.0,6.0,2018-06-01,0.490866320485728
Machakos,2018.0,6.0,2018-06-01,0.5158496408766883
Kajiado,2018.0,6.0,2018-06-01,0.4001125124665738
Nairobi,2018.0,6.0,2018-06-01,
Makueni,2018.0,6.0,2018-06-01,0.519358819389146
Lamu,2018.0,6.0,2018-06-01,0.6220582043020912
Kilifi,2018.0,6.0,2018-06-01,0.5304928461980595
Taita Taveta,2018.0,6.0,2018-06-01,0.4179611806834903
Kwale,2018.0,6.0,2018-06-01,0.5373028945662174
Mombasa,2018.0,6.0,2018-06-01,0.4867515649975233
Turkana,2018.0,7.0,2018-07-01,0.24774121615478845
Marsabit,2018.0,7.0,2018-07-01,0.1646407719872514
Mandera,2018.0,7.0,2018-07-01,
Wajir,2018.0,7.0,2018-07-01,0.23545145849214552
West Pokot,2018.0,7.0,2018-07-01,0.24501113693202034
Samburu,2018.0,7.0,2018-07-01,0.2837282163818468
Isiolo,2018.0,7.0,2018-07-01,0.21602901046514403
Baringo,2018.0,7.0,2018-07-01,0.622445196599639
Elgeyo-Marakwet,2018.0,7.0,2018-07-01,
Trans Nzoia,2018.0,7.0,2018-07-01,
Bungoma,2018.0,7.0,2018-07-01,
Garissa,2018.0,7.0,2018-07-01,0.22832735600359777
Uasin Gishu,2018.0,7.0,2018-07-01,
Kakamega,2018.0,7.0,2018-07-01,
Laikipia,2018.0,7.0,2018-07-01,0.5531128993089652
Busia,2018.0,7.0,2018-07-01,0.0432005968689496
Meru,2018.0,7.0,2018-07-01,0.3546175368597098
Nandi,2018.0,7.0,2018-07-01,0.6931705283497723
Siaya,2018.0,7.0,2018-07-01,0.24641935739725304
Nakuru,2018.0,7.0,2018-07-01,
Vihiga,2018.0,7.0,2018-07-01,0.6454611316542916
Nyandarua,2018.0,7.0,2018-07-01,0.6127480178005282
Tharaka,2018.0,7.0,2018-07-01,0.27362399249810043
Kericho,2018.0,7.0,2018-07-01,
Kisumu,2018.0,7.0,2018-07-01,0.2940984350984473
Nyeri,2018.0,7.0,2018-07-01,0.5226097567717413
Tana River,2018.0,7.0,2018-07-01,0.29455595793784267
Kitui,2018.0,7.0,2018-07-01,0.3541340243819689
Kirinyaga,2018.0,7.0,2018-07-01,
Embu,2018.0,7.0,2018-07-01,
Homa Bay,2018.0,7.0,2018-07-01,0.36609205738177897
Bomet,2018.0,7.0,2018-07-01,
Nyamira,2018.0,7.0,2018-07-01,0.7378853473549398
Narok,2018.0,7.0,2018-07-01,0.6612677219632495
Kisii,2018.0,7.0,2018-07-01,0.7255075233388135
Murang'a,2018.0,7.0,2018-07-01,
Migori,2018.0,7.0,2018-07-01,0.4746702760798973
Kiambu,2018.0,7.0,2018-07-01,
Machakos,2018.0,7.0,2018-07-01,
Kajiado,2018.0,7.0,2018-07-01,
Nairobi,2018.0,7.0,2018-07-01,
Makueni,2018.0,7.0,2018-07-01,0.4326059024106333
Lamu,2018.0,7.0,2018-07-01,
Kilifi,2018.0,7.0,2018-07-01,
Taita Taveta,2018.0,7.0,2018-07-01,0.42056568277567297
Kwale,2018.0,7.0,2018-07-01,
Mombasa,2018.0,7.0,2018-07-01,
Turkana,2018.0,8.0,2018-08-01,0.11124983567244384
Marsabit,2018.0,8.0,2018-08-01,0.06243777679637581
Mandera,2018.0,8.0,2018-08-01,
Wajir,2018.0,8.0,2018-08-01,
West Pokot,2018.0,8.0,2018-08-01,
Samburu,2018.0,8.0,2018-08-01,
Isiolo,2018.0,8.0,2018-08-01,
Baringo,2018.0,8.0,2018-08-01,
Elgeyo-Marakwet,2018.0,8.0,2018-08-01,
Trans Nzoia,2018.0,8.0,2018-08-01,
Bungoma,2018.0,8.0,2018-08-01,
Garissa,2018.0,8.0,2018-08-01,
Uasin Gishu,2018.0,8.0,2018-08-01,
Kakamega,2018.0,8.0,2018-08-01,
Laikipia,2018.0,8.0,2018-08-01,
Busia,2018.0,8.0,2018-08-01,
Meru,2018.0,8.0,2018-08-01,
Nandi,2018.0,8.0,2018-08-01,
Siaya,2018.0,8.0,2018-08-01,
Nakuru,2018.0,8.0,2018-08-01,
Vihiga,2018.0,8.0,2018-08-01,
Nyandarua,2018.0,8.0,2018-08-01,
Tharaka,2018.0,8.0,2018-08-01,
Kericho,2018.0,8.0,2018-08-01,
Kisumu,2018.0,8.0,2018-08-01,
Nyeri,2018.0,8.0,2018-08-01,
Tana River,2018.0,8.0,2018-08-01,
Kitui,2018.0,8.0,2018-08-01,
Kirinyaga,2018.0,8.0,2018-08-01,
Embu,2018.0,8.0,2018-08-01,
Homa Bay,2018.0,8.0,2018-08-01,
Bomet,2018.0,8.0,2018-08-01,
Nyamira,2018.0,8.0,2018-08-01,
Narok,2018.0,8.0,2018-08-01,
Kisii,2018.0,8.0,2018-08-01,
Murang'a,2018.0,8.0,2018-08-01,
Migori,2018.0,8.0,2018-08-01,
Kiambu,2018.0,8.0,2018-08-01,
Machakos,2018.0,8.0,2018-08-01,
Kajiado,2018.0,8.0,2018-08-01,
Nairobi,2018.0,8.0,2018-08-01,
Makueni,2018.0,8.0,2018-08-01,
Lamu,2018.0,8.0,2018-08-01,0.5683052797247592
Kilifi,2018.0,8.0,2018-08-01,
Taita Taveta,2018.0,8.0,2018-08-01,
Kwale,2018.0,8.0,2018-08-01,
Mombasa,2018.0,8.0,2018-08-01,
Turkana,2018.0,9.0,2018-09-01,0.18029520664870977
Marsabit,2018.0,9.0,2018-09-01,0.06356053668212083
Mandera,2018.0,9.0,2018-09-01,0.18067641214245747
Wajir,2018.0,9.0,2018-09-01,0.20272094526192128
West Pokot,2018.0,9.0,2018-09-01,0.49573312668798225
Samburu,2018.0,9.0,2018-09-01,0.30352704657095025
Isiolo,2018.0,9.0,2018-09-01,0.17691151572671932
Baringo,2018.0,9.0,2018-09-01,0.520844115507733
Elgeyo-Marakwet,2018.0,9.0,2018-09-01,0.6618590887969049
Trans Nzoia,2018.0,9.0,2018-09-01,0.6363093662444459
Bungoma,2018.0,9.0,2018-09-01,0.6062049795124335
Garissa,2018.0,9.0,2018-09-01,0.163496852816032
Uasin Gishu,2018.0,9.0,2018-09-01,0.6074512371831056
Kakamega,2018.0,9.0,2018-09-01,0.6149136014876151
Laikipia,2018.0,9.0,2018-09-01,0.3685022037784499
Busia,2018.0,9.0,2018-09-01,0.476652450984728
Meru,2018.0,9.0,2018-09-01,0.34860067036269293
Nandi,2018.0,9.0,2018-09-01,0.6701550801307592
Siaya,2018.0,9.0,2018-09-01,0.5281956649301254
Nakuru,2018.0,9.0,2018-09-01,0.5251386683785321
Vihiga,2018.0,9.0,2018-09-01,0.5909474918490328
Nyandarua,2018.0,9.0,2018-09-01,0.6165127117702665
Tharaka,2018.0,9.0,2018-09-01,0.23274974542364618
Kericho,2018.0,9.0,2018-09-01,0.6111410259230732
Kisumu,2018.0,9.0,2018-09-01,0.49169087014103036
Nyeri,2018.0,9.0,2018-09-01,0.5731021151501502
Tana River,2018.0,9.0,2018-09-01,0.213283474591646
Kitui,2018.0,9.0,2018-09-01,0.271547252351565
Kirinyaga,2018.0,9.0,2018-09-01,
Embu,2018.0,9.0,2018-09-01,
Homa Bay,2018.0,9.0,2018-09-01,0.5625534225697613
Bomet,2018.0,9.0,2018-09-01,0.6904638710597238
Nyamira,2018.0,9.0,2018-09-01,0.686988758111783
Narok,2018.0,9.0,2018-09-01,0.44385399699476197
Kisii,2018.0,9.0,2018-09-01,0.625184516508003
Murang'a,2018.0,9.0,2018-09-01,
Migori,2018.0,9.0,2018-09-01,0.3373227173156408
Kiambu,2018.0,9.0,2018-09-01,0.6543564716347786
Machakos,2018.0,9.0,2018-09-01,
Kajiado,2018.0,9.0,2018-09-01,0.20946109335067603
Nairobi,2018.0,9.0,2018-09-01,
Makueni,2018.0,9.0,2018-09-01,0.28660958342729725
Lamu,2018.0,9.0,2018-09-01,
Kilifi,2018.0,9.0,2018-09-01,
Taita Taveta,2018.0,9.0,2018-09-01,0.23954214760680215
Kwale,2018.0,9.0,2018-09-01,
Mombasa,2018.0,9.0,2018-09-01,
Turkana,2018.0,10.0,2018-10-01,0.14335073927918815
Marsabit,2018.0,10.0,2018-10-01,0.15922986203011713
Mandera,2018.0,10.0,2018-10-01,0.15736340385773662
Wajir,2018.0,10.0,2018-10-01,0.13227899990186615
West Pokot,2018.0,10.0,2018-10-01,0.3904069579885152
Samburu,2018.0,10.0,2018-10-01,0.24021915342365008
Isiolo,2018.0,10.0,2018-10-01,0.17151520951748686
Baringo,2018.0,10.0,2018-10-01,0.5179435835348624
Elgeyo-Marakwet,2018.0,10.0,2018-10-01,0.5221914028992939
Trans Nzoia,2018.0,10.0,2018-10-01,0.5854990350336269
Bungoma,2018.0,10.0,2018-10-01,0.5760855907911717
Garissa,2018.0,10.0,2018-10-01,0.14680969000086078
Uasin Gishu,2018.0,10.0,2018-10-01,0.5988512993893814
Kakamega,2018.0,10.0,2018-10-01,0.621053498933288
Laikipia,2018.0,10.0,2018-10-01,0.3097839696432455
Busia,2018.0,10.0,2018-10-01,0.50301830054038
Meru,2018.0,10.0,2018-10-01,0.3336660173259578
Nandi,2018.0,10.0,2018-10-01,0.6666559680087293
Siaya,2018.0,10.0,2018-10-01,0.32511638239035545
Nakuru,2018.0,10.0,2018-10-01,0.4538908979959411
Vihiga,2018.0,10.0,2018-10-01,0.6368916911683871
Nyandarua,2018.0,10.0,2018-10-01,0.5544406440789386
Tharaka,2018.0,10.0,2018-10-01,0.21851071182343432
Kericho,2018.0,10.0,2018-10-01,0.6334678163301447
Kisumu,2018.0,10.0,2018-10-01,0.32013168967765754
Nyeri,2018.0,10.0,2018-10-01,0.5239520203976202
Tana River,2018.0,10.0,2018-10-01,0.1768977387911213
Kitui,2018.0,10.0,2018-10-01,0.23873489638461676
Kirinyaga,2018.0,10.0,2018-10-01,
Embu,2018.0,10.0,2018-10-01,-0.47184124314193177
Homa Bay,2018.0,10.0,2018-10-01,0.2528728991082989
Bomet,2018.0,10.0,2018-10-01,0.6301850526750545
Nyamira,2018.0,10.0,2018-10-01,0.6553139026086141
Narok,2018.0,10.0,2018-10-01,0.3697386424241538
Kisii,2018.0,10.0,2018-10-01,0.5936787810871388
Murang'a,2018.0,10.0,2018-10-01,0.3852749203022201
Migori,2018.0,10.0,2018-10-01,0.32443843750614465
Kiambu,2018.0,10.0,2018-10-01,0.5418107053800627
Machakos,2018.0,10.0,2018-10-01,0.2810238335513304
Kajiado,2018.0,10.0,2018-10-01,
Nairobi,2018.0,10.0,2018-10-01,
Makueni,2018.0,10.0,2018-10-01,0.3099861808381607
Lamu,2018.0,10.0,2018-10-01,0.5243753562820831
Kilifi,2018.0,10.0,2018-10-01,
Taita Taveta,2018.0,10.0,2018-10-01,0.19419666182942993
Kwale,2018.0,10.0,2018-10-01,0.15811029088135664
Mombasa,2018.0,10.0,2018-10-01,
Turkana,2018.0,11.0,2018-11-01,0.14439811988416407
Marsabit,2018.0,11.0,2018-11-01,0.04017550909057851
Mandera,2018.0,11.0,2018-11-01,0.4146084934392572
Wajir,2018.0,11.0,2018-11-01,0.33832187130385866
West Pokot,2018.0,11.0,2018-11-01,0.3674324110342553
Samburu,2018.0,11.0,2018-11-01,0.23437279788664725
Isiolo,2018.0,11.0,2018-11-01,0.1796588304429481
Baringo,2018.0,11.0,2018-11-01,0.48715276146471426
Elgeyo-Marakwet,2018.0,11.0,2018-11-01,0.561972610473075
Trans Nzoia,2018.0,11.0,2018-11-01,0.5339419722844405
Bungoma,2018.0,11.0,2018-11-01,0.5292483811382553
Garissa,2018.0,11.0,2018-11-01,0.15910094417393084
Uasin Gishu,2018.0,11.0,2018-11-01,0.4204962546536772
Kakamega,2018.0,11.0,2018-11-01,0.5613465301515059
Laikipia,2018.0,11.0,2018-11-01,0.35269432945568413
Busia,2018.0,11.0,2018-11-01,-0.13722847619070677
Meru,2018.0,11.0,2018-11-01,0.3805745912195466
Nandi,2018.0,11.0,2018-11-01,0.6354385056336175
Siaya,2018.0,11.0,2018-11-01,-0.25656907601441936
Nakuru,2018.0,11.0,2018-11-01,0.4799826539111781
Vihiga,2018.0,11.0,2018-11-01,0.714470355055432
Nyandarua,2018.0,11.0,2018-11-01,0.5860947795179187
Tharaka,2018.0,11.0,2018-11-01,0.2582507549691421
Kericho,2018.0,11.0,2018-11-01,0.6294332803542363
Kisumu,2018.0,11.0,2018-11-01,0.5698997405755277
Nyeri,2018.0,11.0,2018-11-01,
Tana River,2018.0,11.0,2018-11-01,0.29106718841447604
Kitui,2018.0,11.0,2018-11-01,0.2988809216613788
Kirinyaga,2018.0,11.0,2018-11-01,
Embu,2018.0,11.0,2018-11-01,-0.3777066306970643
Homa Bay,2018.0,11.0,2018-11-01,
Bomet,2018.0,11.0,2018-11-01,0.35429096774068636
Nyamira,2018.0,11.0,2018-11-01,
Narok,2018.0,11.0,2018-11-01,0.3784421592317756
Kisii,2018.0,11.0,2018-11-01,0.6492751930233943
Murang'a,2018.0,11.0,2018-11-01,0.44309516883567035
Migori,2018.0,11.0,2018-11-01,0.4662017475166813
Kiambu,2018.0,11.0,2018-11-01,0.4784470217980351
Machakos,2018.0,11.0,2018-11-01,0.2891088591953407
Kajiado,2018.0,11.0,2018-11-01,0.25597668643369814
Nairobi,2018.0,11.0,2018-11-01,0.33797534986888106
Makueni,2018.0,11.0,2018-11-01,0.34079327479905835
Lamu,2018.0,11.0,2018-11-01,0.5602579644054149
Kilifi,2018.0,11.0,2018-11-01,
Taita Taveta,2018.0,11.0,2018-11-01,0.3911897250278996
Kwale,2018.0,11.0,2018-11-01,0.5386528972575502
Mombasa,2018.0,11.0,2018-11-01,
Turkana,2018.0,12.0,2018-12-01,0.1599253111324073
Marsabit,2018.0,12.0,2018-12-01,0.13820251678303289
Mandera,2018.0,12.0,2018-12-01,0.29475079593323633
Wajir,2018.0,12.0,2018-12-01,0.22672784344032382
West Pokot,2018.0,12.0,2018-12-01,0.37566001892914336
Samburu,2018.0,12.0,2018-12-01,0.30571206585764654
Isiolo,2018.0,12.0,2018-12-01,0.1998006994384065
Baringo,2018.0,12.0,2018-12-01,0.42447155701714345
Elgeyo-Marakwet,2018.0,12.0,2018-12-01,0.6093112846234269
Trans Nzoia,2018.0,12.0,2018-12-01,0.5328627593208027
Bungoma,2018.0,12.0,2018-12-01,0.5551670583389613
Garissa,2018.0,12.0,2018-12-01,0.2920102379190817
Uasin Gishu,2018.0,12.0,2018-12-01,0.4376130533565206
Kakamega,2018.0,12.0,2018-12-01,0.584483099002891
Laikipia,2018.0,12.0,2018-12-01,0.3569721754642961
Busia,2018.0,12.0,2018-12-01,0.5461967723213853
Meru,2018.0,12.0,2018-12-01,0.5028614546174521
Nandi,2018.0,12.0,2018-12-01,0.6512790648600854
Siaya,2018.0,12.0,2018-12-01,0.3920502926915137
Nakuru,2018.0,12.0,2018-12-01,0.4857306705536272
Vihiga,2018.0,12.0,2018-12-01,0.6654414896814468
Nyandarua,2018.0,12.0,2018-12-01,0.5503539732318855
Tharaka,2018.0,12.0,2018-12-01,0.49459538459763625
Kericho,2018.0,12.0,2018-12-01,0.6391326638752568
Kisumu,2018.0,12.0,2018-12-01,0.4395144106192484
Nyeri,2018.0,12.0,2018-12-01,0.5449538746573594
Tana River,2018.0,12.0,2018-12-01,0.2696094223024415
Kitui,2018.0,12.0,2018-12-01,0.474554129303206
Kirinyaga,2018.0,12.0,2018-12-01,0.47705336004413246
Embu,2018.0,12.0,2018-12-01,0.48775320557437385
Homa Bay,2018.0,12.0,2018-12-01,0.338228799535022
Bomet,2018.0,12.0,2018-12-01,0.6900963234964912
Nyamira,2018.0,12.0,2018-12-01,0.7017967860667221
Narok,2018.0,12.0,2018-12-01,0.46619723422019615
Kisii,2018.0,12.0,2018-12-01,0.6907120703326101
Murang'a,2018.0,12.0,2018-12-01,0.5694371345802786
Migori,2018.0,12.0,2018-12-01,0.46547812211836503
Kiambu,2018.0,12.0,2018-12-01,0.5700724599471356
Machakos,2018.0,12.0,2018-12-01,0.4300903131125878
Kajiado,2018.0,12.0,2018-12-01,0.3766240035327701
Nairobi,2018.0,12.0,2018-12-01,0.40570769596089795
Makueni,2018.0,12.0,2018-12-01,0.48243352100787384
Lamu,2018.0,12.0,2018-12-01,0.5179035318041612
Kilifi,2018.0,12.0,2018-12-01,0.4623490899123563
Taita Taveta,2018.0,12.0,2018-12-01,0.4029406435171915
Kwale,2018.0,12.0,2018-12-01,0.46765384236748686
Mombasa,2018.0,12.0,2018-12-01,0.3073826303884054
Turkana,2019.0,1.0,2019-01-01,0.14546873632502358
Marsabit,2019.0,1.0,2019-01-01,0.11508228765340796
Mandera,2019.0,1.0,2019-01-01,0.2236903187217612
Wajir,2019.0,1.0,2019-01-01,0.17464826798754132
West Pokot,2019.0,1.0,2019-01-01,0.3533535683604483
Samburu,2019.0,1.0,2019-01-01,0.28323314994321447
Isiolo,2019.0,1.0,2019-01-01,0.16918710511306795
Baringo,2019.0,1.0,2019-01-01,0.37885900076773377
Elgeyo-Marakwet,2019.0,1.0,2019-01-01,0.5809432421359898
Trans Nzoia,2019.0,1.0,2019-01-01,0.45128367645832035
Bungoma,2019.0,1.0,2019-01-01,0.5040674899708096
Garissa,2019.0,1.0,2019-01-01,0.24651047190948389
Uasin Gishu,2019.0,1.0,2019-01-01,0.403004107647617
Kakamega,2019.0,1.0,2019-01-01,0.5446051079546604
Laikipia,2019.0,1.0,2019-01-01,0.3428319928921957
Busia,2019.0,1.0,2019-01-01,0.4876620118705529
Meru,2019.0,1.0,2019-01-01,0.48984910528181447
Nandi,2019.0,1.0,2019-01-01,0.6070745358199224
Siaya,2019.0,1.0,2019-01-01,0.3605396011279463
Nakuru,2019.0,1.0,2019-01-01,0.4233477764711357
Vihiga,2019.0,1.0,2019-01-01,0.6498255218746019
Nyandarua,2019.0,1.0,2019-01-01,0.523837236795118
Tharaka,2019.0,1.0,2019-01-01,0.4734042165773678
Kericho,2019.0,1.0,2019-01-01,0.5847973740787598
Kisumu,2019.0,1.0,2019-01-01,0.41267094108292557
Nyeri,2019.0,1.0,2019-01-01,0.6550679689540753
Tana River,2019.0,1.0,2019-01-01,0.20511518445166038
Kitui,2019.0,1.0,2019-01-01,0.3276612520107529
Kirinyaga,2019.0,1.0,2019-01-01,0.5633013871170667
Embu,2019.0,1.0,2019-01-01,0.49297412534287033
Homa Bay,2019.0,1.0,2019-01-01,0.301554885989833
Bomet,2019.0,1.0,2019-01-01,0.7101584589153896
Nyamira,2019.0,1.0,2019-01-01,0.6803727011742308
Narok,2019.0,1.0,2019-01-01,0.5172911533813409
Kisii,2019.0,1.0,2019-01-01,0.6596127597433318
Murang'a,2019.0,1.0,2019-01-01,0.6548473165365599
Migori,2019.0,1.0,2019-01-01,0.46267456142241886
Kiambu,2019.0,1.0,2019-01-01,0.5816444827887249
Machakos,2019.0,1.0,2019-01-01,0.4360304375626429
Kajiado,2019.0,1.0,2019-01-01,0.3263351866338972
Nairobi,2019.0,1.0,2019-01-01,0.40484968513722547
Makueni,2019.0,1.0,2019-01-01,0.4244231705106993
Lamu,2019.0,1.0,2019-01-01,0.415611018807086
Kilifi,2019.0,1.0,2019-01-01,0.33508217697505255
Taita Taveta,2019.0,1.0,2019-01-01,0.2900357996721893
Kwale,2019.0,1.0,2019-01-01,0.40653509562602036
Mombasa,2019.0,1.0,2019-01-01,0.3007800033465058
Turkana,2019.0,2.0,2019-02-01,0.11644343813247043
Marsabit,2019.0,2.0,2019-02-01,0.09898928888852639
Mandera,2019.0,2.0,2019-02-01,0.16831184137277289
Wajir,2019.0,2.0,2019-02-01,0.1380027132420761
West Pokot,2019.0,2.0,2019-02-01,0.30015094492425204
Samburu,2019.0,2.0,2019-02-01,0.21303533284285583
Isiolo,2019.0,2.0,2019-02-01,0.14232209057988413
Baringo,2019.0,2.0,2019-02-01,0.31447522246160187
Elgeyo-Marakwet,2019.0,2.0,2019-02-01,0.49481021353110816
Trans Nzoia,2019.0,2.0,2019-02-01,0.37088144266039597
Bungoma,2019.0,2.0,2019-02-01,0.4164101916459715
Garissa,2019.0,2.0,2019-02-01,0.18059776476831316
Uasin Gishu,2019.0,2.0,2019-02-01,0.33538056924392057
Kakamega,2019.0,2.0,2019-02-01,0.4518049696826407
Laikipia,2019.0,2.0,2019-02-01,0.2551725866300613
Busia,2019.0,2.0,2019-02-01,0.3757582631608104
Meru,2019.0,2.0,2019-02-01,0.4008363641684027
Nandi,2019.0,2.0,2019-02-01,0.5435297246810967
Siaya,2019.0,2.0,2019-02-01,0.27170699495018663
Nakuru,2019.0,2.0,2019-02-01,0.345817695723228
Vihiga,2019.0,2.0,2019-02-01,0.5527085835294555
Nyandarua,2019.0,2.0,2019-02-01,0.43857514164174
Tharaka,2019.0,2.0,2019-02-01,0.41657713886318976
Kericho,2019.0,2.0,2019-02-01,0.5052204326563126
Kisumu,2019.0,2.0,2019-02-01,0.318412303197258
Nyeri,2019.0,2.0,2019-02-01,0.5754903121357676
Tana River,2019.0,2.0,2019-02-01,0.1507421623195062
Kitui,2019.0,2.0,2019-02-01,0.26349419054117174
Kirinyaga,2019.0,2.0,2019-02-01,0.5594952255559948
Embu,2019.0,2.0,2019-02-01,0.4264034599989074
Homa Bay,2019.0,2.0,2019-02-01,0.23680225102122252
Bomet,2019.0,2.0,2019-02-01,0.6373265956683596
Nyamira,2019.0,2.0,2019-02-01,0.5779800499188638
Narok,2019.0,2.0,2019-02-01,0.4599061101236682
Kisii,2019.0,2.0,2019-02-01,0.5706097836581184
Murang'a,2019.0,2.0,2019-02-01,0.5701521569506346
Migori,2019.0,2.0,2019-02-01,0.39022689463424753
Kiambu,2019.0,2.0,2019-02-01,0.48108073575688987
Machakos,2019.0,2.0,2019-02-01,0.3581804371583819
Kajiado,2019.0,2.0,2019-02-01,0.24815733328147252
Nairobi,2019.0,2.0,2019-02-01,0.288114057765846
Makueni,2019.0,2.0,2019-02-01,0.38350614827435275
Lamu,2019.0,2.0,2019-02-01,0.3725622332629171
Kilifi,2019.0,2.0,2019-02-01,0.30439709475214727
Taita Taveta,2019.0,2.0,2019-02-01,0.21948756557594035
Kwale,2019.0,2.0,2019-02-01,0.3511378263583406
Mombasa,2019.0,2.0,2019-02-01,0.2663194817427097
Turkana,2019.0,3.0,2019-03-01,0.113912788771585
Marsabit,2019.0,3.0,2019-03-01,0.0911455555785752
Mandera,2019.0,3.0,2019-03-01,0.1715258942049614
Wajir,2019.0,3.0,2019-03-01,0.14370091947500585
West Pokot,2019.0,3.0,2019-03-01,0.27821170243573756
Samburu,2019.0,3.0,2019-03-01,0.19676835068075893
Isiolo,2019.0,3.0,2019-03-01,0.12952605964548167
Baringo,2019.0,3.0,2019-03-01,0.2642079237084129
Elgeyo-Marakwet,2019.0,3.0,2019-03-01,0.42527068465702067
Trans Nzoia,2019.0,3.0,2019-03-01,0.33079606091482244
Bungoma,2019.0,3.0,2019-03-01,0.3975737547229278
Garissa,2019.0,3.0,2019-03-01,0.1885681806923948
Uasin Gishu,2019.0,3.0,2019-03-01,0.2724605274900241
Kakamega,2019.0,3.0,2019-03-01,0.41865450993714975
Laikipia,2019.0,3.0,2019-03-01,0.2245921721711247
Busia,2019.0,3.0,2019-03-01,0.3737400710882324
Meru,2019.0,3.0,2019-03-01,0.3417278004323444
Nandi,2019.0,3.0,2019-03-01,0.4986480914234251
Siaya,2019.0,3.0,2019-03-01,0.25080300396261884
Nakuru,2019.0,3.0,2019-03-01,0.2872599096861019
Vihiga,2019.0,3.0,2019-03-01,0.5128141431573539
Nyandarua,2019.0,3.0,2019-03-01,0.37224226079402595
Tharaka,2019.0,3.0,2019-03-01,0.32405718870190403
Kericho,2019.0,3.0,2019-03-01,0.4668364162341154
Kisumu,2019.0,3.0,2019-03-01,0.31846359691189435
Nyeri,2019.0,3.0,2019-03-01,0.5211043069180242
Tana River,2019.0,3.0,2019-03-01,0.16874741834948764
Kitui,2019.0,3.0,2019-03-01,0.2355938928792044
Kirinyaga,2019.0,3.0,2019-03-01,0.40865764074218636
Embu,2019.0,3.0,2019-03-01,0.3282256347212037
Homa Bay,2019.0,3.0,2019-03-01,0.22731485850469185
Bomet,2019.0,3.0,2019-03-01,0.6079637006493144
Nyamira,2019.0,3.0,2019-03-01,0.5767084224719503
Narok,2019.0,3.0,2019-03-01,0.43086451633057865
Kisii,2019.0,3.0,2019-03-01,0.5393780466626497
Murang'a,2019.0,3.0,2019-03-01,0.485424802044224
Migori,2019.0,3.0,2019-03-01,0.3460442887957296
Kiambu,2019.0,3.0,2019-03-01,0.42688962453882007
Machakos,2019.0,3.0,2019-03-01,0.2546271311570225
Kajiado,2019.0,3.0,2019-03-01,0.20630734922555083
Nairobi,2019.0,3.0,2019-03-01,0.2224386534446336
Makueni,2019.0,3.0,2019-03-01,0.2894432573540277
Lamu,2019.0,3.0,2019-03-01,0.3328265639323408
Kilifi,2019.0,3.0,2019-03-01,0.29025283976456945
Taita Taveta,2019.0,3.0,2019-03-01,0.22713092034917393
Kwale,2019.0,3.0,2019-03-01,0.30305694875279154
Mombasa,2019.0,3.0,2019-03-01,0.21805441136260448
Turkana,2019.0,4.0,2019-04-01,0.10548009116086861
Marsabit,2019.0,4.0,2019-04-01,0.09651412307739637
Mandera,2019.0,4.0,2019-04-01,0.17894019395910468
Wajir,2019.0,4.0,2019-04-01,0.15438633317181194
West Pokot,2019.0,4.0,2019-04-01,0.26482826523689557
Samburu,2019.0,4.0,2019-04-01,0.21070708507078403
Isiolo,2019.0,4.0,2019-04-01,0.13302074185352966
Baringo,2019.0,4.0,2019-04-01,0.25277554284397435
Elgeyo-Marakwet,2019.0,4.0,2019-04-01,0.3986600987505791
Trans Nzoia,2019.0,4.0,2019-04-01,0.297062492058445
Bungoma,2019.0,4.0,2019-04-01,0.3948701219173605
Garissa,2019.0,4.0,2019-04-01,0.18813351866545405
Uasin Gishu,2019.0,4.0,2019-04-01,0.2660376242945622
Kakamega,2019.0,4.0,2019-04-01,0.42163399189208073
Laikipia,2019.0,4.0,2019-04-01,0.22550342659534137
Busia,2019.0,4.0,2019-04-01,0.4096788335388851
Meru,2019.0,4.0,2019-04-01,0.35099325621136124
Nandi,2019.0,4.0,2019-04-01,0.4658421508653917
Siaya,2019.0,4.0,2019-04-01,0.2661117025346254
Nakuru,2019.0,4.0,2019-04-01,0.2598205016258611
Vihiga,2019.0,4.0,2019-04-01,0.5435222148044945
Nyandarua,2019.0,4.0,2019-04-01,0.33663597395755307
Tharaka,2019.0,4.0,2019-04-01,0.3468408585310143
Kericho,2019.0,4.0,2019-04-01,0.46202848605820296
Kisumu,2019.0,4.0,2019-04-01,0.28999834548479264
Nyeri,2019.0,4.0,2019-04-01,0.47476751186282706
Tana River,2019.0,4.0,2019-04-01,0.16195917563362763
Kitui,2019.0,4.0,2019-04-01,0.21450247588230942
Kirinyaga,2019.0,4.0,2019-04-01,0.3830341267727937
Embu,2019.0,4.0,2019-04-01,0.367903362328936
Homa Bay,2019.0,4.0,2019-04-01,0.23212354770842303
Bomet,2019.0,4.0,2019-04-01,0.6188397007741872
Nyamira,2019.0,4.0,2019-04-01,0.6147015346352684
Narok,2019.0,4.0,2019-04-01,0.36080444077772134
Kisii,2019.0,4.0,2019-04-01,0.581126034523257
Murang'a,2019.0,4.0,2019-04-01,0.4002395581616577
Migori,2019.0,4.0,2019-04-01,0.3679514016943396
Kiambu,2019.0,4.0,2019-04-01,0.3537823826559518
Machakos,2019.0,4.0,2019-04-01,0.22385516842207653
Kajiado,2019.0,4.0,2019-04-01,0.16673562905495298
Nairobi,2019.0,4.0,2019-04-01,0.19529830429950515
Makueni,2019.0,4.0,2019-04-01,0.23310954882014534
Lamu,2019.0,4.0,2019-04-01,0.3401293785285388
Kilifi,2019.0,4.0,2019-04-01,0.2677197537677519
Taita Taveta,2019.0,4.0,2019-04-01,0.21613308699486955
Kwale,2019.0,4.0,2019-04-01,0.25940658357333135
Mombasa,2019.0,4.0,2019-04-01,0.22588092979522098
Turkana,2019.0,5.0,2019-05-01,0.15034642891457792
Marsabit,2019.0,5.0,2019-05-01,0.11113429945318927
Mandera,2019.0,5.0,2019-05-01,0.19680557884851052
Wajir,2019.0,5.0,2019-05-01,0.16209945059024308
West Pokot,2019.0,5.0,2019-05-01,0.4146347733152302
Samburu,2019.0,5.0,2019-05-01,0.26329502817785
Isiolo,2019.0,5.0,2019-05-01,0.16504053827688467
Baringo,2019.0,5.0,2019-05-01,0.31826954338134317
Elgeyo-Marakwet,2019.0,5.0,2019-05-01,0.5154900209814929
Trans Nzoia,2019.0,5.0,2019-05-01,0.4752602168756122
Bungoma,2019.0,5.0,2019-05-01,0.5790342713108704
Garissa,2019.0,5.0,2019-05-01,0.22338585105776382
Uasin Gishu,2019.0,5.0,2019-05-01,0.4093157917989864
Kakamega,2019.0,5.0,2019-05-01,0.5858169273762874
Laikipia,2019.0,5.0,2019-05-01,0.27955348468123636
Busia,2019.0,5.0,2019-05-01,0.5041978882143532
Meru,2019.0,5.0,2019-05-01,0.41647063469313617
Nandi,2019.0,5.0,2019-05-01,0.6186774678811281
Siaya,2019.0,5.0,2019-05-01,0.3628093680775643
Nakuru,2019.0,5.0,2019-05-01,0.37078559365142205
Vihiga,2019.0,5.0,2019-05-01,0.6602053614512977
Nyandarua,2019.0,5.0,2019-05-01,0.4096803853080664
Tharaka,2019.0,5.0,2019-05-01,0.4542411944048091
Kericho,2019.0,5.0,2019-05-01,0.6272355095953046
Kisumu,2019.0,5.0,2019-05-01,0.4310277748623615
Nyeri,2019.0,5.0,2019-05-01,0.5587210571905029
Tana River,2019.0,5.0,2019-05-01,0.1902705700805538
Kitui,2019.0,5.0,2019-05-01,0.28141520817698806
Kirinyaga,2019.0,5.0,2019-05-01,0.44660008982068283
Embu,2019.0,5.0,2019-05-01,0.3887801801017292
Homa Bay,2019.0,5.0,2019-05-01,0.36995457467285014
Bomet,2019.0,5.0,2019-05-01,0.6915223400094044
Nyamira,2019.0,5.0,2019-05-01,0.7258836520417514
Narok,2019.0,5.0,2019-05-01,0.45806893424327794
Kisii,2019.0,5.0,2019-05-01,0.6901589357425495
Murang'a,2019.0,5.0,2019-05-01,0.5217059470683889
Migori,2019.0,5.0,2019-05-01,0.49535815102046565
Kiambu,2019.0,5.0,2019-05-01,0.3759639844741063
Machakos,2019.0,5.0,2019-05-01,0.2893077755676108
Kajiado,2019.0,5.0,2019-05-01,0.3285444657960996
Nairobi,2019.0,5.0,2019-05-01,0.2453547633551545
Makueni,2019.0,5.0,2019-05-01,0.18885015602858238
Lamu,2019.0,5.0,2019-05-01,0.40701098338529734
Kilifi,2019.0,5.0,2019-05-01,0.35081798209408055
Taita Taveta,2019.0,5.0,2019-05-01,0.2802641417546831
Kwale,2019.0,5.0,2019-05-01,0.31713952382926097
Mombasa,2019.0,5.0,2019-05-01,
Turkana,2019.0,6.0,2019-06-01,0.19462132396724274
Marsabit,2019.0,6.0,2019-06-01,0.09610886786788178
Mandera,2019.0,6.0,2019-06-01,0.16512843077800674
Wajir,2019.0,6.0,2019-06-01,0.14204795217091953
West Pokot,2019.0,6.0,2019-06-01,0.39057441949810734
Samburu,2019.0,6.0,2019-06-01,0.29665414516733496
Isiolo,2019.0,6.0,2019-06-01,0.1395133686394551
Baringo,2019.0,6.0,2019-06-01,0.4007254750769462
Elgeyo-Marakwet,2019.0,6.0,2019-06-01,0.4673655482265944
Trans Nzoia,2019.0,6.0,2019-06-01,0.5055156196151646
Bungoma,2019.0,6.0,2019-06-01,0.5673102578595715
Garissa,2019.0,6.0,2019-06-01,0.19631972471331158
Uasin Gishu,2019.0,6.0,2019-06-01,0.4151226611100663
Kakamega,2019.0,6.0,2019-06-01,0.5826914881931473
Laikipia,2019.0,6.0,2019-06-01,0.3912861505566497
Busia,2019.0,6.0,2019-06-01,0.5359718644658084
Meru,2019.0,6.0,2019-06-01,0.354831787525052
Nandi,2019.0,6.0,2019-06-01,0.5749632608847199
Siaya,2019.0,6.0,2019-06-01,0.4015706829648234
Nakuru,2019.0,6.0,2019-06-01,0.4048752762157718
Vihiga,2019.0,6.0,2019-06-01,0.5673869527402746
Nyandarua,2019.0,6.0,2019-06-01,0.40452251007708384
Tharaka,2019.0,6.0,2019-06-01,0.40148123885693804
Kericho,2019.0,6.0,2019-06-01,0.543931997608105
Kisumu,2019.0,6.0,2019-06-01,0.43075142336321814
Nyeri,2019.0,6.0,2019-06-01,0.45173289862465793
Tana River,2019.0,6.0,2019-06-01,0.1555761159239285
Kitui,2019.0,6.0,2019-06-01,0.24480730543522486
Kirinyaga,2019.0,6.0,2019-06-01,0.5250302493453483
Embu,2019.0,6.0,2019-06-01,0.4477471280503714
Homa Bay,2019.0,6.0,2019-06-01,0.32168632737506214
Bomet,2019.0,6.0,2019-06-01,0.4782990819240218
Nyamira,2019.0,6.0,2019-06-01,0.46214640214417435
Narok,2019.0,6.0,2019-06-01,0.448806702246695
Kisii,2019.0,6.0,2019-06-01,0.49614970549917403
Murang'a,2019.0,6.0,2019-06-01,0.49173179281309093
Migori,2019.0,6.0,2019-06-01,0.454709520614498
Kiambu,2019.0,6.0,2019-06-01,0.3821662852217304
Machakos,2019.0,6.0,2019-06-01,0.33719778748102025
Kajiado,2019.0,6.0,2019-06-01,0.26788654493429903
Nairobi,2019.0,6.0,2019-06-01,0.3362902923167077
Makueni,2019.0,6.0,2019-06-01,0.31100205212178034
Lamu,2019.0,6.0,2019-06-01,0.5008042833295129
Kilifi,2019.0,6.0,2019-06-01,0.4100632684714529
Taita Taveta,2019.0,6.0,2019-06-01,0.297329208637305
Kwale,2019.0,6.0,2019-06-01,0.44879430241966994
Mombasa,2019.0,6.0,2019-06-01,0.33945589809171717
Turkana,2019.0,7.0,2019-07-01,0.19152427454834536
Marsabit,2019.0,7.0,2019-07-01,0.08335726967578667
Mandera,2019.0,7.0,2019-07-01,0.1145832060975295
Wajir,2019.0,7.0,2019-07-01,0.1008553191554354
West Pokot,2019.0,7.0,2019-07-01,0.5157864564949879
Samburu,2019.0,7.0,2019-07-01,0.27174091100527364
Isiolo,2019.0,7.0,2019-07-01,0.1253093854141277
Baringo,2019.0,7.0,2019-07-01,0.5329471619126744
Elgeyo-Marakwet,2019.0,7.0,2019-07-01,0.5737010567779839
Trans Nzoia,2019.0,7.0,2019-07-01,0.665036360234757
Bungoma,2019.0,7.0,2019-07-01,0.6299382087052625
Garissa,2019.0,7.0,2019-07-01,0.19152424891548653
Uasin Gishu,2019.0,7.0,2019-07-01,0.6073368076100066
Kakamega,2019.0,7.0,2019-07-01,0.6909789580150996
Laikipia,2019.0,7.0,2019-07-01,0.45907766085283974
Busia,2019.0,7.0,2019-07-01,0.5448574299252726
Meru,2019.0,7.0,2019-07-01,0.3496871387697656
Nandi,2019.0,7.0,2019-07-01,0.6679661166755801
Siaya,2019.0,7.0,2019-07-01,0.37134871886574805
Nakuru,2019.0,7.0,2019-07-01,0.5498699005218618
Vihiga,2019.0,7.0,2019-07-01,0.6556240459763305
Nyandarua,2019.0,7.0,2019-07-01,0.5542441775002825
Tharaka,2019.0,7.0,2019-07-01,0.3102613492652955
Kericho,2019.0,7.0,2019-07-01,0.6780539697708821
Kisumu,2019.0,7.0,2019-07-01,0.4438187801375103
Nyeri,2019.0,7.0,2019-07-01,0.5336947237722377
Tana River,2019.0,7.0,2019-07-01,0.15780551973052404
Kitui,2019.0,7.0,2019-07-01,0.2087761806728245
Kirinyaga,2019.0,7.0,2019-07-01,0.3270180099359843
Embu,2019.0,7.0,2019-07-01,0.29924560974054876
Homa Bay,2019.0,7.0,2019-07-01,0.3463041651943423
Bomet,2019.0,7.0,2019-07-01,0.6955010892517843
Nyamira,2019.0,7.0,2019-07-01,0.6374594751436031
Narok,2019.0,7.0,2019-07-01,0.47717964731375634
Kisii,2019.0,7.0,2019-07-01,0.6194749940294749
Murang'a,2019.0,7.0,2019-07-01,0.4101006630895133
Migori,2019.0,7.0,2019-07-01,0.44178768005542973
Kiambu,2019.0,7.0,2019-07-01,0.44132311081357045
Machakos,2019.0,7.0,2019-07-01,0.27996159095736906
Kajiado,2019.0,7.0,2019-07-01,0.22308331224802444
Nairobi,2019.0,7.0,2019-07-01,0.3621552256130947
Makueni,2019.0,7.0,2019-07-01,0.27265021080630836
Lamu,2019.0,7.0,2019-07-01,0.5394808990620332
Kilifi,2019.0,7.0,2019-07-01,0.35317754978212484
Taita Taveta,2019.0,7.0,2019-07-01,0.20176988286490935
Kwale,2019.0,7.0,2019-07-01,0.33852925361255415
Mombasa,2019.0,7.0,2019-07-01,0.37598580100207485
Turkana,2019.0,8.0,2019-08-01,0.19251716490994003
Marsabit,2019.0,8.0,2019-08-01,0.07986742279910462
Mandera,2019.0,8.0,2019-08-01,0.14338795293266376
Wajir,2019.0,8.0,2019-08-01,0.12386236630936713
West Pokot,2019.0,8.0,2019-08-01,0.5288881021784648
Samburu,2019.0,8.0,2019-08-01,0.2456980004998431
Isiolo,2019.0,8.0,2019-08-01,0.12007778830217568
Baringo,2019.0,8.0,2019-08-01,0.5176491693749851
Elgeyo-Marakwet,2019.0,8.0,2019-08-01,0.5591883278146111
Trans Nzoia,2019.0,8.0,2019-08-01,0.5924494063322314
Bungoma,2019.0,8.0,2019-08-01,0.5790952055786499
Garissa,2019.0,8.0,2019-08-01,0.18355046009452197
Uasin Gishu,2019.0,8.0,2019-08-01,0.6041425212488406
Kakamega,2019.0,8.0,2019-08-01,0.613671921743946
Laikipia,2019.0,8.0,2019-08-01,0.47129682709418247
Busia,2019.0,8.0,2019-08-01,0.4615989197253738
Meru,2019.0,8.0,2019-08-01,0.3010638887965371
Nandi,2019.0,8.0,2019-08-01,0.6106529051357588
Siaya,2019.0,8.0,2019-08-01,0.29879114236393606
Nakuru,2019.0,8.0,2019-08-01,0.5241967100777715
Vihiga,2019.0,8.0,2019-08-01,0.5709418410028665
Nyandarua,2019.0,8.0,2019-08-01,0.6056439266567386
Tharaka,2019.0,8.0,2019-08-01,0.265905213739048
Kericho,2019.0,8.0,2019-08-01,0.6262805989726097
Kisumu,2019.0,8.0,2019-08-01,0.3654562177520435
Nyeri,2019.0,8.0,2019-08-01,0.5550051544503642
Tana River,2019.0,8.0,2019-08-01,0.1499452180418597
Kitui,2019.0,8.0,2019-08-01,0.16696827978414783
Kirinyaga,2019.0,8.0,2019-08-01,0.4192199078178282
Embu,2019.0,8.0,2019-08-01,0.2584980220745274
Homa Bay,2019.0,8.0,2019-08-01,0.2788645124687173
Bomet,2019.0,8.0,2019-08-01,0.6076475720577988
Nyamira,2019.0,8.0,2019-08-01,0.6171187135261171
Narok,2019.0,8.0,2019-08-01,0.40910696520669354
Kisii,2019.0,8.0,2019-08-01,0.5872875700319445
Murang'a,2019.0,8.0,2019-08-01,0.40167653988874064
Migori,2019.0,8.0,2019-08-01,0.34739716171102825
Kiambu,2019.0,8.0,2019-08-01,0.3587359583516206
Machakos,2019.0,8.0,2019-08-01,0.16465506836264734
Kajiado,2019.0,8.0,2019-08-01,0.15552826937360023
Nairobi,2019.0,8.0,2019-08-01,0.2037954246124223
Makueni,2019.0,8.0,2019-08-01,0.20948998105701602
Lamu,2019.0,8.0,2019-08-01,0.4699608107923349
Kilifi,2019.0,8.0,2019-08-01,0.3385931327414852
Taita Taveta,2019.0,8.0,2019-08-01,0.16847516781759816
Kwale,2019.0,8.0,2019-08-01,0.3336577589050886
Mombasa,2019.0,8.0,2019-08-01,0.3410614765745253
Turkana,2019.0,9.0,2019-09-01,0.17048563375221867
Marsabit,2019.0,9.0,2019-09-01,0.06584877493215587
Mandera,2019.0,9.0,2019-09-01,0.14807388733963472
Wajir,2019.0,9.0,2019-09-01,0.11914721320874744
West Pokot,2019.0,9.0,2019-09-01,0.48844066811276315
Samburu,2019.0,9.0,2019-09-01,0.22674504486821198
Isiolo,2019.0,9.0,2019-09-01,0.11454267077279488
Baringo,2019.0,9.0,2019-09-01,0.4719316485389694
Elgeyo-Marakwet,2019.0,9.0,2019-09-01,0.6087236703548548
Trans Nzoia,2019.0,9.0,2019-09-01,0.582423086373597
Bungoma,2019.0,9.0,2019-09-01,0.5885001812439463
Garissa,2019.0,9.0,2019-09-01,0.17562878476029878
Uasin Gishu,2019.0,9.0,2019-09-01,0.5626606612402952
Kakamega,2019.0,9.0,2019-09-01,0.5864823209314193
Laikipia,2019.0,9.0,2019-09-01,0.43008623843842014
Busia,2019.0,9.0,2019-09-01,0.4964615268151601
Meru,2019.0,9.0,2019-09-01,0.29787019791225583
Nandi,2019.0,9.0,2019-09-01,0.6335797885998343
Siaya,2019.0,9.0,2019-09-01,0.33037211538228706
Nakuru,2019.0,9.0,2019-09-01,0.49814979430058304
Vihiga,2019.0,9.0,2019-09-01,0.5690301649467486
Nyandarua,2019.0,9.0,2019-09-01,0.5827210065807998
Tharaka,2019.0,9.0,2019-09-01,0.2816275901235027
Kericho,2019.0,9.0,2019-09-01,0.6310355893161746
Kisumu,2019.0,9.0,2019-09-01,0.37486403222526543
Nyeri,2019.0,9.0,2019-09-01,0.5470273269962133
Tana River,2019.0,9.0,2019-09-01,0.15214312646539288
Kitui,2019.0,9.0,2019-09-01,0.17237607056424192
Kirinyaga,2019.0,9.0,2019-09-01,0.40456201102959083
Embu,2019.0,9.0,2019-09-01,0.285133015494891
Homa Bay,2019.0,9.0,2019-09-01,0.284763331899571
Bomet,2019.0,9.0,2019-09-01,0.6175236170888371
Nyamira,2019.0,9.0,2019-09-01,0.6486834224720581
Narok,2019.0,9.0,2019-09-01,0.40303753375696316
Kisii,2019.0,9.0,2019-09-01,0.5914355221524524
Murang'a,2019.0,9.0,2019-09-01,0.43063678151105306
Migori,2019.0,9.0,2019-09-01,0.3637223922665535
Kiambu,2019.0,9.0,2019-09-01,0.36455911187813395
Machakos,2019.0,9.0,2019-09-01,0.19297511659996233
Kajiado,2019.0,9.0,2019-09-01,0.16316157642794055
Nairobi,2019.0,9.0,2019-09-01,0.19361655714190346
Makueni,2019.0,9.0,2019-09-01,0.1910686555455363
Lamu,2019.0,9.0,2019-09-01,0.4533470467123998
Kilifi,2019.0,9.0,2019-09-01,0.28700470168808495
Taita Taveta,2019.0,9.0,2019-09-01,0.16790853858054605
Kwale,2019.0,9.0,2019-09-01,0.29795712875542574
Mombasa,2019.0,9.0,2019-09-01,0.3345663722446725
Turkana,2019.0,10.0,2019-10-01,0.18303456414547828
Marsabit,2019.0,10.0,2019-10-01,0.10030054411129757
Mandera,2019.0,10.0,2019-10-01,0.37195510905538665
Wajir,2019.0,10.0,2019-10-01,0.15878997902883926
West Pokot,2019.0,10.0,2019-10-01,0.4852236476979666
Samburu,2019.0,10.0,2019-10-01,0.24320901595669775
Isiolo,2019.0,10.0,2019-10-01,0.13112512340367535
Baringo,2019.0,10.0,2019-10-01,0.4196504150910963
Elgeyo-Marakwet,2019.0,10.0,2019-10-01,0.6010885438680149
Trans Nzoia,2019.0,10.0,2019-10-01,0.575971749128196
Bungoma,2019.0,10.0,2019-10-01,0.607811842577918
Garissa,2019.0,10.0,2019-10-01,0.2300233783321555
Uasin Gishu,2019.0,10.0,2019-10-01,0.5883570519910967
Kakamega,2019.0,10.0,2019-10-01,0.6316912284048334
Laikipia,2019.0,10.0,2019-10-01,0.35382136799761893
Busia,2019.0,10.0,2019-10-01,0.5418909645318408
Meru,2019.0,10.0,2019-10-01,0.2966755140067303
Nandi,2019.0,10.0,2019-10-01,0.6601872865130988
Siaya,2019.0,10.0,2019-10-01,0.34370763314814945
Nakuru,2019.0,10.0,2019-10-01,0.47119368924177074
Vihiga,2019.0,10.0,2019-10-01,0.6605309684108616
Nyandarua,2019.0,10.0,2019-10-01,0.49313924994395636
Tharaka,2019.0,10.0,2019-10-01,0.300193950718782
Kericho,2019.0,10.0,2019-10-01,0.6729159631350207
Kisumu,2019.0,10.0,2019-10-01,0.40745728408561444
Nyeri,2019.0,10.0,2019-10-01,0.5232619950566437
Tana River,2019.0,10.0,2019-10-01,0.17532135626112877
Kitui,2019.0,10.0,2019-10-01,0.18860796090558168
Kirinyaga,2019.0,10.0,2019-10-01,0.44968414527975237
Embu,2019.0,10.0,2019-10-01,0.3215189737991178
Homa Bay,2019.0,10.0,2019-10-01,0.2906551066965121
Bomet,2019.0,10.0,2019-10-01,0.6681353483611758
Nyamira,2019.0,10.0,2019-10-01,0.6668784097962824
Narok,2019.0,10.0,2019-10-01,0.39393815789026143
Kisii,2019.0,10.0,2019-10-01,0.652059729971676
Murang'a,2019.0,10.0,2019-10-01,0.44594117931077226
Migori,2019.0,10.0,2019-10-01,0.3760309712317541
Kiambu,2019.0,10.0,2019-10-01,0.3999832371335937
Machakos,2019.0,10.0,2019-10-01,0.2452284865228307
Kajiado,2019.0,10.0,2019-10-01,0.17532752691301834
Nairobi,2019.0,10.0,2019-10-01,0.2587616237289564
Makueni,2019.0,10.0,2019-10-01,0.23449284077082402
Lamu,2019.0,10.0,2019-10-01,0.5020342839183295
Kilifi,2019.0,10.0,2019-10-01,0.29241295322168576
Taita Taveta,2019.0,10.0,2019-10-01,0.21459438297423825
Kwale,2019.0,10.0,2019-10-01,0.2954739478957659
Mombasa,2019.0,10.0,2019-10-01,
Turkana,2019.0,11.0,2019-11-01,0.2554353558331433
Marsabit,2019.0,11.0,2019-11-01,0.26273492693285305
Mandera,2019.0,11.0,2019-11-01,0.4134342955702346
Wajir,2019.0,11.0,2019-11-01,0.3700264975754023
West Pokot,2019.0,11.0,2019-11-01,0.5262431823109519
Samburu,2019.0,11.0,2019-11-01,0.37752630435061274
Isiolo,2019.0,11.0,2019-11-01,0.3113152637386781
Baringo,2019.0,11.0,2019-11-01,0.5381800117524393
Elgeyo-Marakwet,2019.0,11.0,2019-11-01,0.6458072567102404
Trans Nzoia,2019.0,11.0,2019-11-01,0.6020842644248618
Bungoma,2019.0,11.0,2019-11-01,0.593210009319583
Garissa,2019.0,11.0,2019-11-01,0.3364464484198196
Uasin Gishu,2019.0,11.0,2019-11-01,0.5592999603683789
Kakamega,2019.0,11.0,2019-11-01,0.6150684814467664
Laikipia,2019.0,11.0,2019-11-01,0.48360209675905996
Busia,2019.0,11.0,2019-11-01,0.4777357321226073
Meru,2019.0,11.0,2019-11-01,0.6185935098278091
Nandi,2019.0,11.0,2019-11-01,0.6706273261729963
Siaya,2019.0,11.0,2019-11-01,0.36731154704269736
Nakuru,2019.0,11.0,2019-11-01,0.5518864935583413
Vihiga,2019.0,11.0,2019-11-01,0.619344706158193
Nyandarua,2019.0,11.0,2019-11-01,0.6163318363329082
Tharaka,2019.0,11.0,2019-11-01,0.6092978706749931
Kericho,2019.0,11.0,2019-11-01,0.7071045941877635
Kisumu,2019.0,11.0,2019-11-01,0.43012600388841027
Nyeri,2019.0,11.0,2019-11-01,0.6319646532179373
Tana River,2019.0,11.0,2019-11-01,0.32130848156230557
Kitui,2019.0,11.0,2019-11-01,0.4523423757183006
Kirinyaga,2019.0,11.0,2019-11-01,0.5326734227540886
Embu,2019.0,11.0,2019-11-01,0.546113549447459
Homa Bay,2019.0,11.0,2019-11-01,0.3332100098192335
Bomet,2019.0,11.0,2019-11-01,0.703229106831861
Nyamira,2019.0,11.0,2019-11-01,0.6037961236535014
Narok,2019.0,11.0,2019-11-01,0.4503754836763337
Kisii,2019.0,11.0,2019-11-01,0.6291316821849425
Murang'a,2019.0,11.0,2019-11-01,0.6441520351701642
Migori,2019.0,11.0,2019-11-01,0.41005002646751987
Kiambu,2019.0,11.0,2019-11-01,0.5586772193990349
Machakos,2019.0,11.0,2019-11-01,0.4093016180925927
Kajiado,2019.0,11.0,2019-11-01,0.26901421357276356
Nairobi,2019.0,11.0,2019-11-01,0.33644674452575773
Makueni,2019.0,11.0,2019-11-01,0.4203605750488828
Lamu,2019.0,11.0,2019-11-01,0.5207266931827442
Kilifi,2019.0,11.0,2019-11-01,0.5052442632342163
Taita Taveta,2019.0,11.0,2019-11-01,0.4563906316576484
Kwale,2019.0,11.0,2019-11-01,0.49637152801391365
Mombasa,2019.0,11.0,2019-11-01,0.32567344597224823
Turkana,2019.0,12.0,2019-12-01,0.2629691469023928
Marsabit,2019.0,12.0,2019-12-01,0.31063484657292434
Mandera,2019.0,12.0,2019-12-01,0.4870188177160928
Wajir,2019.0,12.0,2019-12-01,0.484395735929017
West Pokot,2019.0,12.0,2019-12-01,0.5171549052526356
Samburu,2019.0,12.0,2019-12-01,0.4241150229198484
Isiolo,2019.0,12.0,2019-12-01,0.4069167492875317
Baringo,2019.0,12.0,2019-12-01,0.4742437494307549
Elgeyo-Marakwet,2019.0,12.0,2019-12-01,0.5855240136690277
Trans Nzoia,2019.0,12.0,2019-12-01,0.5671890470977162
Bungoma,2019.0,12.0,2019-12-01,0.5680178332115433
Garissa,2019.0,12.0,2019-12-01,0.4264438186188944
Uasin Gishu,2019.0,12.0,2019-12-01,0.534327565030193
Kakamega,2019.0,12.0,2019-12-01,0.6653068980631633
Laikipia,2019.0,12.0,2019-12-01,0.46974302102458865
Busia,2019.0,12.0,2019-12-01,-0.17380062634082538
Meru,2019.0,12.0,2019-12-01,0.5482512544596655
Nandi,2019.0,12.0,2019-12-01,0.5944703900802207
Siaya,2019.0,12.0,2019-12-01,0.21212380925296817
Nakuru,2019.0,12.0,2019-12-01,0.5745393647499139
Vihiga,2019.0,12.0,2019-12-01,0.5548998298612741
Nyandarua,2019.0,12.0,2019-12-01,0.6419383742811596
Tharaka,2019.0,12.0,2019-12-01,0.5611900549320595
Kericho,2019.0,12.0,2019-12-01,0.7302947330895152
Kisumu,2019.0,12.0,2019-12-01,0.5844419386404459
Nyeri,2019.0,12.0,2019-12-01,0.6970946775543789
Tana River,2019.0,12.0,2019-12-01,0.4091124155786529
Kitui,2019.0,12.0,2019-12-01,0.541240632296266
Kirinyaga,2019.0,12.0,2019-12-01,0.6196114527609573
Embu,2019.0,12.0,2019-12-01,0.5551591963780789
Homa Bay,2019.0,12.0,2019-12-01,0.4209869086073521
Bomet,2019.0,12.0,2019-12-01,0.7306224691717458
Nyamira,2019.0,12.0,2019-12-01,0.7620007817627396
Narok,2019.0,12.0,2019-12-01,0.6111177047964851
Kisii,2019.0,12.0,2019-12-01,0.7341491102192113
Murang'a,2019.0,12.0,2019-12-01,0.7168025778073714
Migori,2019.0,12.0,2019-12-01,0.49492375610144906
Kiambu,2019.0,12.0,2019-12-01,0.6206811301199844
Machakos,2019.0,12.0,2019-12-01,0.5790661911981292
Kajiado,2019.0,12.0,2019-12-01,0.5511359105391073
Nairobi,2019.0,12.0,2019-12-01,0.4611718860696013
Makueni,2019.0,12.0,2019-12-01,0.580210659266879
Lamu,2019.0,12.0,2019-12-01,0.5409597746359718
Kilifi,2019.0,12.0,2019-12-01,0.5230608847636083
Taita Taveta,2019.0,12.0,2019-12-01,0.5188110882576539
Kwale,2019.0,12.0,2019-12-01,0.5362176905380044
Mombasa,2019.0,12.0,2019-12-01,0.4019935493778529
Turkana,2020.0,1.0,2020-01-01,0.22386846327161034
Marsabit,2020.0,1.0,2020-01-01,0.23019060646491923
Mandera,2020.0,1.0,2020-01-01,0.36861370521219533
Wajir,2020.0,1.0,2020-01-01,0.3259262400443306
West Pokot,2020.0,1.0,2020-01-01,0.4863308225233688
Samburu,2020.0,1.0,2020-01-01,0.42754426175223115
Isiolo,2020.0,1.0,2020-01-01,0.30038771182707297
Baringo,2020.0,1.0,2020-01-01,0.45656124315256386
Elgeyo-Marakwet,2020.0,1.0,2020-01-01,0.5955157521121344
Trans Nzoia,2020.0,1.0,2020-01-01,0.5478497843334146
Bungoma,2020.0,1.0,2020-01-01,0.5393644588964673
Garissa,2020.0,1.0,2020-01-01,0.383675350713477
Uasin Gishu,2020.0,1.0,2020-01-01,0.5022198493834242
Kakamega,2020.0,1.0,2020-01-01,0.577501650621426
Laikipia,2020.0,1.0,2020-01-01,0.4808922165399842
Busia,2020.0,1.0,2020-01-01,0.517127229396254
Meru,2020.0,1.0,2020-01-01,0.5608918619040689
Nandi,2020.0,1.0,2020-01-01,0.6695317712839446
Siaya,2020.0,1.0,2020-01-01,0.4062545906852139
Nakuru,2020.0,1.0,2020-01-01,0.5484543892708763
Vihiga,2020.0,1.0,2020-01-01,0.65680758604459
Nyandarua,2020.0,1.0,2020-01-01,0.5837747879832893
Tharaka,2020.0,1.0,2020-01-01,0.5120464638341645
Kericho,2020.0,1.0,2020-01-01,0.6662774562812105
Kisumu,2020.0,1.0,2020-01-01,0.4658787044334456
Nyeri,2020.0,1.0,2020-01-01,0.6584109553912754
Tana River,2020.0,1.0,2020-01-01,0.39457527382699487
Kitui,2020.0,1.0,2020-01-01,0.5458651746790193
Kirinyaga,2020.0,1.0,2020-01-01,0.5987215041188688
Embu,2020.0,1.0,2020-01-01,0.6032400104678741
Homa Bay,2020.0,1.0,2020-01-01,0.3591501791586857
Bomet,2020.0,1.0,2020-01-01,0.7104986177317509
Nyamira,2020.0,1.0,2020-01-01,0.700509628118127
Narok,2020.0,1.0,2020-01-01,0.6039431354682994
Kisii,2020.0,1.0,2020-01-01,0.6794504921559807
Murang'a,2020.0,1.0,2020-01-01,0.5599676287201144
Migori,2020.0,1.0,2020-01-01,0.4677090787925562
Kiambu,2020.0,1.0,2020-01-01,0.5665890381308748
Machakos,2020.0,1.0,2020-01-01,0.4950300599682573
Kajiado,2020.0,1.0,2020-01-01,0.5098977387453617
Nairobi,2020.0,1.0,2020-01-01,0.4253173590535242
Makueni,2020.0,1.0,2020-01-01,0.49972820535181395
Lamu,2020.0,1.0,2020-01-01,0.6119901449414231
Kilifi,2020.0,1.0,2020-01-01,0.5429048226100271
Taita Taveta,2020.0,1.0,2020-01-01,0.49225014538452333
Kwale,2020.0,1.0,2020-01-01,0.5426182208036954
Mombasa,2020.0,1.0,2020-01-01,0.39147879240028693
Turkana,2020.0,2.0,2020-02-01,0.2536248409505444
Marsabit,2020.0,2.0,2020-02-01,0.18025771524131207
Mandera,2020.0,2.0,2020-02-01,0.2548609805029638
Wajir,2020.0,2.0,2020-02-01,0.22918162762760713
West Pokot,2020.0,2.0,2020-02-01,0.49287859441328
Samburu,2020.0,2.0,2020-02-01,0.3381875449107542
Isiolo,2020.0,2.0,2020-02-01,0.21380537364376181
Baringo,2020.0,2.0,2020-02-01,0.4977245340008267
Elgeyo-Marakwet,2020.0,2.0,2020-02-01,0.5798030781640319
Trans Nzoia,2020.0,2.0,2020-02-01,0.5346690265553847
Bungoma,2020.0,2.0,2020-02-01,0.5927701117463565
Garissa,2020.0,2.0,2020-02-01,0.31648765746209856
Uasin Gishu,2020.0,2.0,2020-02-01,0.5005278851090205
Kakamega,2020.0,2.0,2020-02-01,0.5886060284135249
Laikipia,2020.0,2.0,2020-02-01,0.4528635598750426
Busia,2020.0,2.0,2020-02-01,0.5303567633576082
Meru,2020.0,2.0,2020-02-01,0.5203567524205488
Nandi,2020.0,2.0,2020-02-01,0.6555169196454308
Siaya,2020.0,2.0,2020-02-01,0.40065407429172034
Nakuru,2020.0,2.0,2020-02-01,0.5776143749297191
Vihiga,2020.0,2.0,2020-02-01,0.6174828212424198
Nyandarua,2020.0,2.0,2020-02-01,0.6337174927190244
Tharaka,2020.0,2.0,2020-02-01,0.4701151529191962
Kericho,2020.0,2.0,2020-02-01,0.6631922271565434
Kisumu,2020.0,2.0,2020-02-01,0.4627956172905905
Nyeri,2020.0,2.0,2020-02-01,0.6433257842996785
Tana River,2020.0,2.0,2020-02-01,0.32036366868495514
Kitui,2020.0,2.0,2020-02-01,0.5119551766500037
Kirinyaga,2020.0,2.0,2020-02-01,0.5054120211519454
Embu,2020.0,2.0,2020-02-01,0.4841584365923281
Homa Bay,2020.0,2.0,2020-02-01,0.34545194400646756
Bomet,2020.0,2.0,2020-02-01,0.7110565275060343
Nyamira,2020.0,2.0,2020-02-01,0.662437695802224
Narok,2020.0,2.0,2020-02-01,0.6170842902647524
Kisii,2020.0,2.0,2020-02-01,0.666447639541115
Murang'a,2020.0,2.0,2020-02-01,0.5541684969355262
Migori,2020.0,2.0,2020-02-01,0.4738419169279689
Kiambu,2020.0,2.0,2020-02-01,0.5645463464836579
Machakos,2020.0,2.0,2020-02-01,0.45606844735794677
Kajiado,2020.0,2.0,2020-02-01,0.4748168345259587
Nairobi,2020.0,2.0,2020-02-01,0.3853773732056741
Makueni,2020.0,2.0,2020-02-01,0.4995863817062094
Lamu,2020.0,2.0,2020-02-01,0.45471253748024754
Kilifi,2020.0,2.0,2020-02-01,0.46148267059946263
Taita Taveta,2020.0,2.0,2020-02-01,0.5424365876864282
Kwale,2020.0,2.0,2020-02-01,0.5115829239850063
Mombasa,2020.0,2.0,2020-02-01,0.28374641980038806
Turkana,2020.0,3.0,2020-03-01,0.23060354172325442
Marsabit,2020.0,3.0,2020-03-01,0.11564131030885519
Mandera,2020.0,3.0,2020-03-01,0.19662219981569976
Wajir,2020.0,3.0,2020-03-01,0.1696607325207097
West Pokot,2020.0,3.0,2020-03-01,0.467433811401725
Samburu,2020.0,3.0,2020-03-01,0.26988779706784205
Isiolo,2020.0,3.0,2020-03-01,0.16470114255552076
Baringo,2020.0,3.0,2020-03-01,0.4080853249680525
Elgeyo-Marakwet,2020.0,3.0,2020-03-01,0.5825879541933108
Trans Nzoia,2020.0,3.0,2020-03-01,0.44240791807940777
Bungoma,2020.0,3.0,2020-03-01,0.5256356029675566
Garissa,2020.0,3.0,2020-03-01,0.2516267291003122
Uasin Gishu,2020.0,3.0,2020-03-01,0.4440894464750514
Kakamega,2020.0,3.0,2020-03-01,0.5208824454631815
Laikipia,2020.0,3.0,2020-03-01,0.36608794190172605
Busia,2020.0,3.0,2020-03-01,0.5049768382689657
Meru,2020.0,3.0,2020-03-01,0.4170805067362322
Nandi,2020.0,3.0,2020-03-01,0.5856236067448574
Siaya,2020.0,3.0,2020-03-01,0.3778244759010719
Nakuru,2020.0,3.0,2020-03-01,0.47581470681544363
Vihiga,2020.0,3.0,2020-03-01,0.5537777106865552
Nyandarua,2020.0,3.0,2020-03-01,0.5519417944770543
Tharaka,2020.0,3.0,2020-03-01,0.43599830125894645
Kericho,2020.0,3.0,2020-03-01,0.6245930302101376
Kisumu,2020.0,3.0,2020-03-01,0.4190935237146352
Nyeri,2020.0,3.0,2020-03-01,0.5561458278638054
Tana River,2020.0,3.0,2020-03-01,0.2589800153829504
Kitui,2020.0,3.0,2020-03-01,0.44157130760510127
Kirinyaga,2020.0,3.0,2020-03-01,0.46972048415706996
Embu,2020.0,3.0,2020-03-01,0.42894820997772354
Homa Bay,2020.0,3.0,2020-03-01,0.3280956232018712
Bomet,2020.0,3.0,2020-03-01,0.6934611452301703
Nyamira,2020.0,3.0,2020-03-01,0.6613489013148979
Narok,2020.0,3.0,2020-03-01,0.5985015826882454
Kisii,2020.0,3.0,2020-03-01,0.6442036696553254
Murang'a,2020.0,3.0,2020-03-01,0.4814022001201836
Migori,2020.0,3.0,2020-03-01,0.4868997780056541
Kiambu,2020.0,3.0,2020-03-01,0.464184496690967
Machakos,2020.0,3.0,2020-03-01,0.37102033903380766
Kajiado,2020.0,3.0,2020-03-01,0.4064811045002051
Nairobi,2020.0,3.0,2020-03-01,0.3142145440946017
Makueni,2020.0,3.0,2020-03-01,0.47567883408387146
Lamu,2020.0,3.0,2020-03-01,0.44610103567164205
Kilifi,2020.0,3.0,2020-03-01,0.4065836458744308
Taita Taveta,2020.0,3.0,2020-03-01,0.4708950171097471
Kwale,2020.0,3.0,2020-03-01,0.45753816054075835
Mombasa,2020.0,3.0,2020-03-01,0.3095114107611582
Turkana,2020.0,4.0,2020-04-01,0.24038854144296992
Marsabit,2020.0,4.0,2020-04-01,0.17521514295837634
Mandera,2020.0,4.0,2020-04-01,0.23409283925321483
Wajir,2020.0,4.0,2020-04-01,0.2128557244636757
West Pokot,2020.0,4.0,2020-04-01,0.49070603110919686
Samburu,2020.0,4.0,2020-04-01,0.3695628261329957
Isiolo,2020.0,4.0,2020-04-01,0.3235272399355947
Baringo,2020.0,4.0,2020-04-01,0.4906873838419533
Elgeyo-Marakwet,2020.0,4.0,2020-04-01,0.638602106654454
Trans Nzoia,2020.0,4.0,2020-04-01,0.5044725027290479
Bungoma,2020.0,4.0,2020-04-01,0.5606288274936516
Garissa,2020.0,4.0,2020-04-01,0.31777498887782113
Uasin Gishu,2020.0,4.0,2020-04-01,0.46006574408952866
Kakamega,2020.0,4.0,2020-04-01,0.5547694207128359
Laikipia,2020.0,4.0,2020-04-01,0.3984043255499305
Busia,2020.0,4.0,2020-04-01,0.49873270576349527
Meru,2020.0,4.0,2020-04-01,0.5298601626331362
Nandi,2020.0,4.0,2020-04-01,0.6568138072308155
Siaya,2020.0,4.0,2020-04-01,0.3676145001503173
Nakuru,2020.0,4.0,2020-04-01,0.5197252283613112
Vihiga,2020.0,4.0,2020-04-01,0.601267794628579
Nyandarua,2020.0,4.0,2020-04-01,0.5987682975194693
Tharaka,2020.0,4.0,2020-04-01,0.4328156926821581
Kericho,2020.0,4.0,2020-04-01,0.6622972834550535
Kisumu,2020.0,4.0,2020-04-01,0.451266602926106
Nyeri,2020.0,4.0,2020-04-01,0.6425043678172663
Tana River,2020.0,4.0,2020-04-01,0.36899843846443725
Kitui,2020.0,4.0,2020-04-01,0.5215351853850757
Kirinyaga,2020.0,4.0,2020-04-01,0.464376698431667
Embu,2020.0,4.0,2020-04-01,0.4729006224969286
Homa Bay,2020.0,4.0,2020-04-01,0.3423947813488065
Bomet,2020.0,4.0,2020-04-01,0.7078796587370764
Nyamira,2020.0,4.0,2020-04-01,0.693181741138759
Narok,2020.0,4.0,2020-04-01,0.5971230925023127
Kisii,2020.0,4.0,2020-04-01,0.6738561272515576
Murang'a,2020.0,4.0,2020-04-01,0.5403268725064051
Migori,2020.0,4.0,2020-04-01,0.4853751623281318
Kiambu,2020.0,4.0,2020-04-01,0.5822336448673352
Machakos,2020.0,4.0,2020-04-01,0.4402225966242178
Kajiado,2020.0,4.0,2020-04-01,0.41605902029527636
Nairobi,2020.0,4.0,2020-04-01,0.4055473819417242
Makueni,2020.0,4.0,2020-04-01,0.4562861137940057
Lamu,2020.0,4.0,2020-04-01,0.47342989309860356
Kilifi,2020.0,4.0,2020-04-01,0.47384977875184325
Taita Taveta,2020.0,4.0,2020-04-01,0.5147419245751998
Kwale,2020.0,4.0,2020-04-01,0.5046623234487854
Mombasa,2020.0,4.0,2020-04-01,0.4199477778888265
Turkana,2020.0,5.0,2020-05-01,0.2687865863716008
Marsabit,2020.0,5.0,2020-05-01,0.24407804496343094
Mandera,2020.0,5.0,2020-05-01,0.3498862473212358
Wajir,2020.0,5.0,2020-05-01,0.28116462077649607
West Pokot,2020.0,5.0,2020-05-01,0.5630973362322383
Samburu,2020.0,5.0,2020-05-01,0.4692085279905335
Isiolo,2020.0,5.0,2020-05-01,0.30453098628279907
Baringo,2020.0,5.0,2020-05-01,0.5714943201501295
Elgeyo-Marakwet,2020.0,5.0,2020-05-01,0.6153026681955712
Trans Nzoia,2020.0,5.0,2020-05-01,0.5726117717629222
Bungoma,2020.0,5.0,2020-05-01,0.6174622892633115
Garissa,2020.0,5.0,2020-05-01,0.3502237067545984
Uasin Gishu,2020.0,5.0,2020-05-01,0.49959286929263236
Kakamega,2020.0,5.0,2020-05-01,0.6318812712129461
Laikipia,2020.0,5.0,2020-05-01,0.5543052492230942
Busia,2020.0,5.0,2020-05-01,0.5394858900523873
Meru,2020.0,5.0,2020-05-01,0.6082491199425182
Nandi,2020.0,5.0,2020-05-01,0.6543007416666469
Siaya,2020.0,5.0,2020-05-01,0.3783843632573634
Nakuru,2020.0,5.0,2020-05-01,0.5660033860237209
Vihiga,2020.0,5.0,2020-05-01,0.6694897691445194
Nyandarua,2020.0,5.0,2020-05-01,0.6354836096838735
Tharaka,2020.0,5.0,2020-05-01,0.6088078068618251
Kericho,2020.0,5.0,2020-05-01,0.6744194982680518
Kisumu,2020.0,5.0,2020-05-01,0.47639168889018085
Nyeri,2020.0,5.0,2020-05-01,0.6865669295319389
Tana River,2020.0,5.0,2020-05-01,0.3187968824906331
Kitui,2020.0,5.0,2020-05-01,0.4900624299277887
Kirinyaga,2020.0,5.0,2020-05-01,0.6002090151832876
Embu,2020.0,5.0,2020-05-01,0.5727748562262105
Homa Bay,2020.0,5.0,2020-05-01,0.3853857466489978
Bomet,2020.0,5.0,2020-05-01,0.7008041935631837
Nyamira,2020.0,5.0,2020-05-01,0.7099975990629542
Narok,2020.0,5.0,2020-05-01,0.5792004922434804
Kisii,2020.0,5.0,2020-05-01,0.716552775354761
Murang'a,2020.0,5.0,2020-05-01,0.6302291117086071
Migori,2020.0,5.0,2020-05-01,0.5028393552244333
Kiambu,2020.0,5.0,2020-05-01,0.5825374390378205
Machakos,2020.0,5.0,2020-05-01,0.4787058462917084
Kajiado,2020.0,5.0,2020-05-01,0.4505942611966668
Nairobi,2020.0,5.0,2020-05-01,0.44144456011295247
Makueni,2020.0,5.0,2020-05-01,0.457488441948362
Lamu,2020.0,5.0,2020-05-01,0.5717782002229008
Kilifi,2020.0,5.0,2020-05-01,0.5455657733115375
Taita Taveta,2020.0,5.0,2020-05-01,0.42025177011045833
Kwale,2020.0,5.0,2020-05-01,0.5485635702924283
Mombasa,2020.0,5.0,2020-05-01,0.44242273051637077
Turkana,2020.0,6.0,2020-06-01,0.2343753709214631
Marsabit,2020.0,6.0,2020-06-01,0.14445393477128393
Mandera,2020.0,6.0,2020-06-01,0.28216398875686005
Wajir,2020.0,6.0,2020-06-01,0.19683850734124184
West Pokot,2020.0,6.0,2020-06-01,0.5263214899221549
Samburu,2020.0,6.0,2020-06-01,0.35903927348096304
Isiolo,2020.0,6.0,2020-06-01,0.2028542664871355
Baringo,2020.0,6.0,2020-06-01,0.56845076091431
Elgeyo-Marakwet,2020.0,6.0,2020-06-01,0.6139275899967838
Trans Nzoia,2020.0,6.0,2020-06-01,0.5980043572678064
Bungoma,2020.0,6.0,2020-06-01,0.5927079498671358
Garissa,2020.0,6.0,2020-06-01,0.29460510159935416
Uasin Gishu,2020.0,6.0,2020-06-01,0.5689316578549547
Kakamega,2020.0,6.0,2020-06-01,0.6525213349997538
Laikipia,2020.0,6.0,2020-06-01,0.5025893956761919
Busia,2020.0,6.0,2020-06-01,0.565708082053603
Meru,2020.0,6.0,2020-06-01,0.464343636371074
Nandi,2020.0,6.0,2020-06-01,0.684249767670615
Siaya,2020.0,6.0,2020-06-01,0.40890157831041446
Nakuru,2020.0,6.0,2020-06-01,0.5740379705927992
Vihiga,2020.0,6.0,2020-06-01,0.6423322571492063
Nyandarua,2020.0,6.0,2020-06-01,0.5180773819043802
Tharaka,2020.0,6.0,2020-06-01,0.4543106833709786
Kericho,2020.0,6.0,2020-06-01,0.6689234144322532
Kisumu,2020.0,6.0,2020-06-01,0.4670932827330175
Nyeri,2020.0,6.0,2020-06-01,0.5533616877893242
Tana River,2020.0,6.0,2020-06-01,0.2562342596252838
Kitui,2020.0,6.0,2020-06-01,0.3623593298480071
Kirinyaga,2020.0,6.0,2020-06-01,0.48658378035763206
Embu,2020.0,6.0,2020-06-01,0.4160723770151578
Homa Bay,2020.0,6.0,2020-06-01,0.36403797437613555
Bomet,2020.0,6.0,2020-06-01,0.6746900432228982
Nyamira,2020.0,6.0,2020-06-01,0.6590030745038461
Narok,2020.0,6.0,2020-06-01,0.5640909169182298
Kisii,2020.0,6.0,2020-06-01,0.6652671499128586
Murang'a,2020.0,6.0,2020-06-01,0.48737450848390035
Migori,2020.0,6.0,2020-06-01,0.46322207986132247
Kiambu,2020.0,6.0,2020-06-01,0.4079557140801786
Machakos,2020.0,6.0,2020-06-01,0.42866201776360696
Kajiado,2020.0,6.0,2020-06-01,0.40134451020821504
Nairobi,2020.0,6.0,2020-06-01,0.36574406485637617
Makueni,2020.0,6.0,2020-06-01,0.4001262652509886
Lamu,2020.0,6.0,2020-06-01,0.5337288520286264
Kilifi,2020.0,6.0,2020-06-01,0.4838621805545635
Taita Taveta,2020.0,6.0,2020-06-01,0.2958644620979138
Kwale,2020.0,6.0,2020-06-01,0.4543894444586377
Mombasa,2020.0,6.0,2020-06-01,0.466864471705441
Turkana,2020.0,7.0,2020-07-01,0.2300956060537948
Marsabit,2020.0,7.0,2020-07-01,0.11709588749358056
Mandera,2020.0,7.0,2020-07-01,0.2344706550658885
Wajir,2020.0,7.0,2020-07-01,0.14682265205277203
West Pokot,2020.0,7.0,2020-07-01,0.5364930873665066
Samburu,2020.0,7.0,2020-07-01,0.29066983720005546
Isiolo,2020.0,7.0,2020-07-01,0.16629216804287636
Baringo,2020.0,7.0,2020-07-01,0.5476372317797905
Elgeyo-Marakwet,2020.0,7.0,2020-07-01,0.5274916313446886
Trans Nzoia,2020.0,7.0,2020-07-01,0.6347053193234053
Bungoma,2020.0,7.0,2020-07-01,0.5529135400726046
Garissa,2020.0,7.0,2020-07-01,0.22235277676535575
Uasin Gishu,2020.0,7.0,2020-07-01,0.5319044053881147
Kakamega,2020.0,7.0,2020-07-01,0.5748976852560346
Laikipia,2020.0,7.0,2020-07-01,0.5023850635924775
Busia,2020.0,7.0,2020-07-01,0.4791573134437089
Meru,2020.0,7.0,2020-07-01,0.3932026932592817
Nandi,2020.0,7.0,2020-07-01,0.5990171171879571
Siaya,2020.0,7.0,2020-07-01,0.3269977887122811
Nakuru,2020.0,7.0,2020-07-01,0.5574157800564822
Vihiga,2020.0,7.0,2020-07-01,0.5529829645872579
Nyandarua,2020.0,7.0,2020-07-01,0.562088304836838
Tharaka,2020.0,7.0,2020-07-01,0.3911403820056848
Kericho,2020.0,7.0,2020-07-01,0.6168566494448783
Kisumu,2020.0,7.0,2020-07-01,0.3950700072542827
Nyeri,2020.0,7.0,2020-07-01,0.6032186763272706
Tana River,2020.0,7.0,2020-07-01,0.2001297727181861
Kitui,2020.0,7.0,2020-07-01,0.28912070948849117
Kirinyaga,2020.0,7.0,2020-07-01,0.5120269144599837
Embu,2020.0,7.0,2020-07-01,0.40394298615462204
Homa Bay,2020.0,7.0,2020-07-01,0.34056204691925496
Bomet,2020.0,7.0,2020-07-01,0.6610238520954005
Nyamira,2020.0,7.0,2020-07-01,0.6527917443485625
Narok,2020.0,7.0,2020-07-01,0.5022837772309399
Kisii,2020.0,7.0,2020-07-01,0.6533967678910957
Murang'a,2020.0,7.0,2020-07-01,0.584970404399135
Migori,2020.0,7.0,2020-07-01,0.42617423377271996
Kiambu,2020.0,7.0,2020-07-01,0.5196259274137521
Machakos,2020.0,7.0,2020-07-01,0.36804502827392405
Kajiado,2020.0,7.0,2020-07-01,0.32003994406790315
Nairobi,2020.0,7.0,2020-07-01,0.3968401526035228
Makueni,2020.0,7.0,2020-07-01,0.3342235543070213
Lamu,2020.0,7.0,2020-07-01,0.511799164610179
Kilifi,2020.0,7.0,2020-07-01,0.3774345776293942
Taita Taveta,2020.0,7.0,2020-07-01,0.22736455662721822
Kwale,2020.0,7.0,2020-07-01,0.3282296728889445
Mombasa,2020.0,7.0,2020-07-01,0.35414958296632637
Turkana,2020.0,8.0,2020-08-01,0.2550392941212374
Marsabit,2020.0,8.0,2020-08-01,0.09493865309987473
Mandera,2020.0,8.0,2020-08-01,0.17145622520897394
Wajir,2020.0,8.0,2020-08-01,0.13634422860762835
West Pokot,2020.0,8.0,2020-08-01,0.5116799099901809
Samburu,2020.0,8.0,2020-08-01,0.27947627804818576
Isiolo,2020.0,8.0,2020-08-01,0.15094669933198984
Baringo,2020.0,8.0,2020-08-01,0.5072378996033885
Elgeyo-Marakwet,2020.0,8.0,2020-08-01,0.5145522151555963
Trans Nzoia,2020.0,8.0,2020-08-01,0.5071755037564227
Bungoma,2020.0,8.0,2020-08-01,0.45954714110227257
Garissa,2020.0,8.0,2020-08-01,0.22195181282229537
Uasin Gishu,2020.0,8.0,2020-08-01,0.4506584156164244
Kakamega,2020.0,8.0,2020-08-01,0.5425985779988381
Laikipia,2020.0,8.0,2020-08-01,0.4457657016485709
Busia,2020.0,8.0,2020-08-01,0.32562117234284527
Meru,2020.0,8.0,2020-08-01,0.3534642761579461
Nandi,2020.0,8.0,2020-08-01,0.5892353120289122
Siaya,2020.0,8.0,2020-08-01,0.2908734221968368
Nakuru,2020.0,8.0,2020-08-01,0.5248226351061145
Vihiga,2020.0,8.0,2020-08-01,0.583761628496347
Nyandarua,2020.0,8.0,2020-08-01,0.5793923531745802
Tharaka,2020.0,8.0,2020-08-01,0.31943990099578423
Kericho,2020.0,8.0,2020-08-01,0.6043554906401772
Kisumu,2020.0,8.0,2020-08-01,0.3835308643533576
Nyeri,2020.0,8.0,2020-08-01,0.5781373859535216
Tana River,2020.0,8.0,2020-08-01,0.19129060245662485
Kitui,2020.0,8.0,2020-08-01,0.24367972402963264
Kirinyaga,2020.0,8.0,2020-08-01,0.45609138095516855
Embu,2020.0,8.0,2020-08-01,0.3168895158212196
Homa Bay,2020.0,8.0,2020-08-01,0.21807371208520962
Bomet,2020.0,8.0,2020-08-01,0.5438497067550234
Nyamira,2020.0,8.0,2020-08-01,0.651915091543544
Narok,2020.0,8.0,2020-08-01,0.438975683442908
Kisii,2020.0,8.0,2020-08-01,0.6102564330626616
Murang'a,2020.0,8.0,2020-08-01,0.5018035055088311
Migori,2020.0,8.0,2020-08-01,0.353462994914865
Kiambu,2020.0,8.0,2020-08-01,0.49372450120615274
Machakos,2020.0,8.0,2020-08-01,0.28008576333072766
Kajiado,2020.0,8.0,2020-08-01,0.27044135431436206
Nairobi,2020.0,8.0,2020-08-01,0.3457239367693355
Makueni,2020.0,8.0,2020-08-01,0.29009529729277445
Lamu,2020.0,8.0,2020-08-01,0.5226140640739295
Kilifi,2020.0,8.0,2020-08-01,0.3613893401761742
Taita Taveta,2020.0,8.0,2020-08-01,0.20320272963448652
Kwale,2020.0,8.0,2020-08-01,0.27909451339418356
Mombasa,2020.0,8.0,2020-08-01,0.3441464965205662
Turkana,2020.0,9.0,2020-09-01,0.22139010417143343
Marsabit,2020.0,9.0,2020-09-01,0.10528176639776668
Mandera,2020.0,9.0,2020-09-01,0.18119443959483605
Wajir,2020.0,9.0,2020-09-01,0.14298544615846995
West Pokot,2020.0,9.0,2020-09-01,0.5186106943367526
Samburu,2020.0,9.0,2020-09-01,0.27298446192313996
Isiolo,2020.0,9.0,2020-09-01,0.1439465440258339
Baringo,2020.0,9.0,2020-09-01,0.5582642756715752
Elgeyo-Marakwet,2020.0,9.0,2020-09-01,0.6424169903147162
Trans Nzoia,2020.0,9.0,2020-09-01,0.5571785329634501
Bungoma,2020.0,9.0,2020-09-01,0.556965892339891
Garissa,2020.0,9.0,2020-09-01,0.2003985015020795
Uasin Gishu,2020.0,9.0,2020-09-01,0.5728167831405564
Kakamega,2020.0,9.0,2020-09-01,0.5756492168244203
Laikipia,2020.0,9.0,2020-09-01,0.4424958038945684
Busia,2020.0,9.0,2020-09-01,0.4621818347155423
Meru,2020.0,9.0,2020-09-01,0.30862084897359493
Nandi,2020.0,9.0,2020-09-01,0.6445781252196691
Siaya,2020.0,9.0,2020-09-01,0.286488395989591
Nakuru,2020.0,9.0,2020-09-01,0.5261432780178831
Vihiga,2020.0,9.0,2020-09-01,0.5828050594226685
Nyandarua,2020.0,9.0,2020-09-01,0.5501617515296484
Tharaka,2020.0,9.0,2020-09-01,0.3170939160097398
Kericho,2020.0,9.0,2020-09-01,0.6443543065211789
Kisumu,2020.0,9.0,2020-09-01,0.3916316331661784
Nyeri,2020.0,9.0,2020-09-01,0.5756585934250359
Tana River,2020.0,9.0,2020-09-01,0.1717059633242483
Kitui,2020.0,9.0,2020-09-01,0.22897513472344347
Kirinyaga,2020.0,9.0,2020-09-01,0.45387135079439095
Embu,2020.0,9.0,2020-09-01,0.3260856326968345
Homa Bay,2020.0,9.0,2020-09-01,0.2811741507654483
Bomet,2020.0,9.0,2020-09-01,0.643706314224524
Nyamira,2020.0,9.0,2020-09-01,0.6543607941021651
Narok,2020.0,9.0,2020-09-01,0.45398100498708355
Kisii,2020.0,9.0,2020-09-01,0.6066560095352288
Murang'a,2020.0,9.0,2020-09-01,0.4236363177041254
Migori,2020.0,9.0,2020-09-01,0.3739305669531876
Kiambu,2020.0,9.0,2020-09-01,0.38044483674095125
Machakos,2020.0,9.0,2020-09-01,0.19124546196619105
Kajiado,2020.0,9.0,2020-09-01,0.19930733948970414
Nairobi,2020.0,9.0,2020-09-01,0.23745763925896798
Makueni,2020.0,9.0,2020-09-01,0.20666757093997104
Lamu,2020.0,9.0,2020-09-01,0.45252180673283526
Kilifi,2020.0,9.0,2020-09-01,0.29494190493932354
Taita Taveta,2020.0,9.0,2020-09-01,0.19471086939159243
Kwale,2020.0,9.0,2020-09-01,0.24720719932832377
Mombasa,2020.0,9.0,2020-09-01,0.292221208385666
Turkana,2020.0,10.0,2020-10-01,0.23031808291007944
Marsabit,2020.0,10.0,2020-10-01,0.08530257387352565
Mandera,2020.0,10.0,2020-10-01,0.16540112598899162
Wajir,2020.0,10.0,2020-10-01,0.11230127414777663
West Pokot,2020.0,10.0,2020-10-01,0.5425462006617723
Samburu,2020.0,10.0,2020-10-01,0.2701808041820772
Isiolo,2020.0,10.0,2020-10-01,0.14363700672327281
Baringo,2020.0,10.0,2020-10-01,0.5255459902566948
Elgeyo-Marakwet,2020.0,10.0,2020-10-01,0.6725124672582456
Trans Nzoia,2020.0,10.0,2020-10-01,0.5836710115637779
Bungoma,2020.0,10.0,2020-10-01,0.5691592510744977
Garissa,2020.0,10.0,2020-10-01,0.18485739287119624
Uasin Gishu,2020.0,10.0,2020-10-01,0.5695459371151639
Kakamega,2020.0,10.0,2020-10-01,0.6105253206380475
Laikipia,2020.0,10.0,2020-10-01,0.3780986397907508
Busia,2020.0,10.0,2020-10-01,0.5030619238925853
Meru,2020.0,10.0,2020-10-01,0.3511179804194039
Nandi,2020.0,10.0,2020-10-01,0.6877997335534756
Siaya,2020.0,10.0,2020-10-01,0.3540002009371927
Nakuru,2020.0,10.0,2020-10-01,0.5238508869313812
Vihiga,2020.0,10.0,2020-10-01,0.6278648220376231
Nyandarua,2020.0,10.0,2020-10-01,0.5553311755339319
Tharaka,2020.0,10.0,2020-10-01,0.33537544821048976
Kericho,2020.0,10.0,2020-10-01,0.6885156335123623
Kisumu,2020.0,10.0,2020-10-01,0.41641762318482944
Nyeri,2020.0,10.0,2020-10-01,0.5623706570049629
Tana River,2020.0,10.0,2020-10-01,0.16520991135652102
Kitui,2020.0,10.0,2020-10-01,0.2193252316088883
Kirinyaga,2020.0,10.0,2020-10-01,0.5107749866667244
Embu,2020.0,10.0,2020-10-01,0.32507336460220865
Homa Bay,2020.0,10.0,2020-10-01,0.3296788313044539
Bomet,2020.0,10.0,2020-10-01,0.6708219176476657
Nyamira,2020.0,10.0,2020-10-01,0.6923309594591092
Narok,2020.0,10.0,2020-10-01,0.46030315559714663
Kisii,2020.0,10.0,2020-10-01,0.6508187532963218
Murang'a,2020.0,10.0,2020-10-01,0.49893776223446484
Migori,2020.0,10.0,2020-10-01,0.4120304623229186
Kiambu,2020.0,10.0,2020-10-01,0.4542475607479261
Machakos,2020.0,10.0,2020-10-01,0.24633720875173531
Kajiado,2020.0,10.0,2020-10-01,0.2204294151486712
Nairobi,2020.0,10.0,2020-10-01,0.2898012797213857
Makueni,2020.0,10.0,2020-10-01,0.2624868834656556
Lamu,2020.0,10.0,2020-10-01,0.41887809034451456
Kilifi,2020.0,10.0,2020-10-01,0.3086172333625032
Taita Taveta,2020.0,10.0,2020-10-01,0.18597287132421123
Kwale,2020.0,10.0,2020-10-01,0.2565504970594001
Mombasa,2020.0,10.0,2020-10-01,0.2616381249602465
Turkana,2020.0,11.0,2020-11-01,0.23472525946197
Marsabit,2020.0,11.0,2020-11-01,0.1381332045971831
Mandera,2020.0,11.0,2020-11-01,0.2834713405182406
Wajir,2020.0,11.0,2020-11-01,0.2407862874420107
West Pokot,2020.0,11.0,2020-11-01,0.4907493409243248
Samburu,2020.0,11.0,2020-11-01,0.34068311887686736
Isiolo,2020.0,11.0,2020-11-01,0.2204030979114337
Baringo,2020.0,11.0,2020-11-01,0.48656733832925403
Elgeyo-Marakwet,2020.0,11.0,2020-11-01,0.5963293379538898
Trans Nzoia,2020.0,11.0,2020-11-01,0.5715584153080845
Bungoma,2020.0,11.0,2020-11-01,0.5840059776310195
Garissa,2020.0,11.0,2020-11-01,0.3226186679246193
Uasin Gishu,2020.0,11.0,2020-11-01,0.516300380236172
Kakamega,2020.0,11.0,2020-11-01,0.6282676099953628
Laikipia,2020.0,11.0,2020-11-01,0.4053633157039618
Busia,2020.0,11.0,2020-11-01,0.5201176011972891
Meru,2020.0,11.0,2020-11-01,0.5043812846223455
Nandi,2020.0,11.0,2020-11-01,0.6579641855441989
Siaya,2020.0,11.0,2020-11-01,0.3706467392417194
Nakuru,2020.0,11.0,2020-11-01,0.5167623423887826
Vihiga,2020.0,11.0,2020-11-01,0.6399358154033589
Nyandarua,2020.0,11.0,2020-11-01,0.5335707982267691
Tharaka,2020.0,11.0,2020-11-01,0.5097367441922842
Kericho,2020.0,11.0,2020-11-01,0.6562284274705904
Kisumu,2020.0,11.0,2020-11-01,0.4314602318880863
Nyeri,2020.0,11.0,2020-11-01,0.6019681396052164
Tana River,2020.0,11.0,2020-11-01,0.22975600281103056
Kitui,2020.0,11.0,2020-11-01,0.31450909443405306
Kirinyaga,2020.0,11.0,2020-11-01,0.5381201448869088
Embu,2020.0,11.0,2020-11-01,0.4922011714260873
Homa Bay,2020.0,11.0,2020-11-01,0.3314009586653053
Bomet,2020.0,11.0,2020-11-01,0.6239957559514937
Nyamira,2020.0,11.0,2020-11-01,0.6155276959362314
Narok,2020.0,11.0,2020-11-01,0.452682928217878
Kisii,2020.0,11.0,2020-11-01,0.6080323389323014
Murang'a,2020.0,11.0,2020-11-01,0.6589151565411311
Migori,2020.0,11.0,2020-11-01,0.42120362331604855
Kiambu,2020.0,11.0,2020-11-01,0.5359053168889548
Machakos,2020.0,11.0,2020-11-01,0.3678917730957838
Kajiado,2020.0,11.0,2020-11-01,0.2405737617166758
Nairobi,2020.0,11.0,2020-11-01,0.344182806408515
Makueni,2020.0,11.0,2020-11-01,0.3409445416969635
Lamu,2020.0,11.0,2020-11-01,0.443521526682303
Kilifi,2020.0,11.0,2020-11-01,0.3580790460070323
Taita Taveta,2020.0,11.0,2020-11-01,0.257466438695304
Kwale,2020.0,11.0,2020-11-01,0.3764005693515502
Mombasa,2020.0,11.0,2020-11-01,0.3171441896359688
Turkana,2020.0,12.0,2020-12-01,0.21594603421803527
Marsabit,2020.0,12.0,2020-12-01,0.13099809587252556
Mandera,2020.0,12.0,2020-12-01,0.27858301483696585
Wajir,2020.0,12.0,2020-12-01,0.23788269436380446
West Pokot,2020.0,12.0,2020-12-01,0.48629086889749323
Samburu,2020.0,12.0,2020-12-01,0.32199687460304327
Isiolo,2020.0,12.0,2020-12-01,0.2247096210327561
Baringo,2020.0,12.0,2020-12-01,0.46181873748879065
Elgeyo-Marakwet,2020.0,12.0,2020-12-01,0.6506634771568837
Trans Nzoia,2020.0,12.0,2020-12-01,0.5808555814317571
Bungoma,2020.0,12.0,2020-12-01,0.5947817874256612
Garissa,2020.0,12.0,2020-12-01,0.33105889296520474
Uasin Gishu,2020.0,12.0,2020-12-01,0.4968043885188709
Kakamega,2020.0,12.0,2020-12-01,0.6390005549858359
Laikipia,2020.0,12.0,2020-12-01,0.3946156436951413
Busia,2020.0,12.0,2020-12-01,0.5116396684984124
Meru,2020.0,12.0,2020-12-01,0.5425693802667326
Nandi,2020.0,12.0,2020-12-01,0.68729097989465
Siaya,2020.0,12.0,2020-12-01,0.399722632331744
Nakuru,2020.0,12.0,2020-12-01,0.5210049570002548
Vihiga,2020.0,12.0,2020-12-01,0.6936246180541348
Nyandarua,2020.0,12.0,2020-12-01,0.5559937165751088
Tharaka,2020.0,12.0,2020-12-01,0.5992052769275644
Kericho,2020.0,12.0,2020-12-01,0.710925332201733
Kisumu,2020.0,12.0,2020-12-01,0.4635718466213659
Nyeri,2020.0,12.0,2020-12-01,0.6153589168968319
Tana River,2020.0,12.0,2020-12-01,0.2925100460966823
Kitui,2020.0,12.0,2020-12-01,0.4950419125028183
Kirinyaga,2020.0,12.0,2020-12-01,0.6240520878386416
Embu,2020.0,12.0,2020-12-01,0.6293919031584314
Homa Bay,2020.0,12.0,2020-12-01,0.33601624530720015
Bomet,2020.0,12.0,2020-12-01,0.7544983971350234
Nyamira,2020.0,12.0,2020-12-01,0.740034969732783
Narok,2020.0,12.0,2020-12-01,0.5371575042397824
Kisii,2020.0,12.0,2020-12-01,0.7098309638202188
Murang'a,2020.0,12.0,2020-12-01,0.6364029339104402
Migori,2020.0,12.0,2020-12-01,0.46905124724620534
Kiambu,2020.0,12.0,2020-12-01,0.5111785749549321
Machakos,2020.0,12.0,2020-12-01,0.47295632049746583
Kajiado,2020.0,12.0,2020-12-01,0.3589012444995
Nairobi,2020.0,12.0,2020-12-01,0.3305067497172673
Makueni,2020.0,12.0,2020-12-01,0.5883353723580702
Lamu,2020.0,12.0,2020-12-01,0.4564764244665757
Kilifi,2020.0,12.0,2020-12-01,0.41336906563097997
Taita Taveta,2020.0,12.0,2020-12-01,0.42929647655059333
Kwale,2020.0,12.0,2020-12-01,0.45566224435005964
Mombasa,2020.0,12.0,2020-12-01,0.31257180834320364
Turkana,2021.0,1.0,2021-01-01,0.16823043412402017
Marsabit,2021.0,1.0,2021-01-01,0.11385916498191899
Mandera,2021.0,1.0,2021-01-01,0.2044123828705686
Wajir,2021.0,1.0,2021-01-01,0.18442048313280443
West Pokot,2021.0,1.0,2021-01-01,0.39470519180654373
Samburu,2021.0,1.0,2021-01-01,0.24668428950912885
Isiolo,2021.0,1.0,2021-01-01,0.1497636952360439
Baringo,2021.0,1.0,2021-01-01,0.3575125408907325
Elgeyo-Marakwet,2021.0,1.0,2021-01-01,0.5953510515154703
Trans Nzoia,2021.0,1.0,2021-01-01,0.48132472154068306
Bungoma,2021.0,1.0,2021-01-01,0.53965937756765
Garissa,2021.0,1.0,2021-01-01,0.26862001086322707
Uasin Gishu,2021.0,1.0,2021-01-01,0.4128183325594453
Kakamega,2021.0,1.0,2021-01-01,0.586778321456503
Laikipia,2021.0,1.0,2021-01-01,0.3345068065591619
Busia,2021.0,1.0,2021-01-01,0.5199846167531907
Meru,2021.0,1.0,2021-01-01,0.47060885633394817
Nandi,2021.0,1.0,2021-01-01,0.6420670126742195
Siaya,2021.0,1.0,2021-01-01,0.3766237905936569
Nakuru,2021.0,1.0,2021-01-01,0.44649412392869375
Vihiga,2021.0,1.0,2021-01-01,0.6618687138913224
Nyandarua,2021.0,1.0,2021-01-01,0.5498624166014815
Tharaka,2021.0,1.0,2021-01-01,0.46588001280678487
Kericho,2021.0,1.0,2021-01-01,0.6293415398233111
Kisumu,2021.0,1.0,2021-01-01,0.42076245210561797
Nyeri,2021.0,1.0,2021-01-01,0.6463919431366216
Tana River,2021.0,1.0,2021-01-01,0.22441269147174728
Kitui,2021.0,1.0,2021-01-01,0.4270644125497179
Kirinyaga,2021.0,1.0,2021-01-01,0.6061441297642028
Embu,2021.0,1.0,2021-01-01,0.5473959919860062
Homa Bay,2021.0,1.0,2021-01-01,0.3087227130526337
Bomet,2021.0,1.0,2021-01-01,0.7189902686107947
Nyamira,2021.0,1.0,2021-01-01,0.7107783035904314
Narok,2021.0,1.0,2021-01-01,0.5488575983920454
Kisii,2021.0,1.0,2021-01-01,0.6654267154529865
Murang'a,2021.0,1.0,2021-01-01,0.6784695967228059
Migori,2021.0,1.0,2021-01-01,0.4459421786140633
Kiambu,2021.0,1.0,2021-01-01,0.5936681500491026
Machakos,2021.0,1.0,2021-01-01,0.4451842036377155
Kajiado,2021.0,1.0,2021-01-01,0.32469650063808014
Nairobi,2021.0,1.0,2021-01-01,0.36443468849077976
Makueni,2021.0,1.0,2021-01-01,0.5372999761146628
Lamu,2021.0,1.0,2021-01-01,0.43245832095423675
Kilifi,2021.0,1.0,2021-01-01,0.3986372390139646
Taita Taveta,2021.0,1.0,2021-01-01,0.44996223984198735
Kwale,2021.0,1.0,2021-01-01,0.3418458645411225
Mombasa,2021.0,1.0,2021-01-01,
Turkana,2021.0,2.0,2021-02-01,0.14105809828138202
Marsabit,2021.0,2.0,2021-02-01,0.10457077773332352
Mandera,2021.0,2.0,2021-02-01,0.17724709227055538
Wajir,2021.0,2.0,2021-02-01,0.1532381720598629
West Pokot,2021.0,2.0,2021-02-01,0.3210463155952721
Samburu,2021.0,2.0,2021-02-01,0.24499871217957797
Isiolo,2021.0,2.0,2021-02-01,0.14885932954768635
Baringo,2021.0,2.0,2021-02-01,0.2932667725800996
Elgeyo-Marakwet,2021.0,2.0,2021-02-01,0.47694562243529726
Trans Nzoia,2021.0,2.0,2021-02-01,0.35443201944189584
Bungoma,2021.0,2.0,2021-02-01,0.44088206601598445
Garissa,2021.0,2.0,2021-02-01,0.21729168718796021
Uasin Gishu,2021.0,2.0,2021-02-01,0.36030768231998067
Kakamega,2021.0,2.0,2021-02-01,0.5104530397914268
Laikipia,2021.0,2.0,2021-02-01,0.3152662039947853
Busia,2021.0,2.0,2021-02-01,0.4540380729318882
Meru,2021.0,2.0,2021-02-01,0.47431782336092027
Nandi,2021.0,2.0,2021-02-01,0.6061728287604976
Siaya,2021.0,2.0,2021-02-01,0.34170044694287616
Nakuru,2021.0,2.0,2021-02-01,0.41011098843409244
Vihiga,2021.0,2.0,2021-02-01,0.5721510838228908
Nyandarua,2021.0,2.0,2021-02-01,0.510812688278676
Tharaka,2021.0,2.0,2021-02-01,0.4813724908396229
Kericho,2021.0,2.0,2021-02-01,0.5865473775455589
Kisumu,2021.0,2.0,2021-02-01,0.3558352485903169
Nyeri,2021.0,2.0,2021-02-01,0.663708559092718
Tana River,2021.0,2.0,2021-02-01,0.20279629429926666
Kitui,2021.0,2.0,2021-02-01,0.36811705269611694
Kirinyaga,2021.0,2.0,2021-02-01,0.6456651213962159
Embu,2021.0,2.0,2021-02-01,0.5313583920454786
Homa Bay,2021.0,2.0,2021-02-01,0.29228907534771004
Bomet,2021.0,2.0,2021-02-01,0.7340301748600727
Nyamira,2021.0,2.0,2021-02-01,0.6830475103790083
Narok,2021.0,2.0,2021-02-01,0.5681419738253759
Kisii,2021.0,2.0,2021-02-01,0.6296074168855906
Murang'a,2021.0,2.0,2021-02-01,0.682361793154731
Migori,2021.0,2.0,2021-02-01,0.4361572906600994
Kiambu,2021.0,2.0,2021-02-01,0.5719151634598117
Machakos,2021.0,2.0,2021-02-01,0.43755960099281893
Kajiado,2021.0,2.0,2021-02-01,0.46399813462572204
Nairobi,2021.0,2.0,2021-02-01,0.3681945601143276
Makueni,2021.0,2.0,2021-02-01,0.5311257284876848
Lamu,2021.0,2.0,2021-02-01,0.38810027236970246
Kilifi,2021.0,2.0,2021-02-01,0.35169913069071745
Taita Taveta,2021.0,2.0,2021-02-01,0.3731465861127016
Kwale,2021.0,2.0,2021-02-01,0.4031085562093927
Mombasa,2021.0,2.0,2021-02-01,0.26773174816792067
Turkana,2021.0,3.0,2021-03-01,0.1290486401084718
Marsabit,2021.0,3.0,2021-03-01,0.11195362959741208
Mandera,2021.0,3.0,2021-03-01,0.17910719108684395
Wajir,2021.0,3.0,2021-03-01,0.14709453870892986
West Pokot,2021.0,3.0,2021-03-01,0.31942338761843003
Samburu,2021.0,3.0,2021-03-01,0.22958723816309448
Isiolo,2021.0,3.0,2021-03-01,0.12705226689359897
Baringo,2021.0,3.0,2021-03-01,0.32605963934509613
Elgeyo-Marakwet,2021.0,3.0,2021-03-01,0.46410534708565265
Trans Nzoia,2021.0,3.0,2021-03-01,0.37400797811802344
Bungoma,2021.0,3.0,2021-03-01,0.46970247797319764
Garissa,2021.0,3.0,2021-03-01,0.19899249144438097
Uasin Gishu,2021.0,3.0,2021-03-01,0.3514534983405247
Kakamega,2021.0,3.0,2021-03-01,0.48871078310368343
Laikipia,2021.0,3.0,2021-03-01,0.2799618449101924
Busia,2021.0,3.0,2021-03-01,0.42015369689951837
Meru,2021.0,3.0,2021-03-01,0.36600516195345123
Nandi,2021.0,3.0,2021-03-01,0.5996771145770622
Siaya,2021.0,3.0,2021-03-01,0.3086374309478338
Nakuru,2021.0,3.0,2021-03-01,0.3897575850117222
Vihiga,2021.0,3.0,2021-03-01,0.5484917773746252
Nyandarua,2021.0,3.0,2021-03-01,0.4840635882852737
Tharaka,2021.0,3.0,2021-03-01,0.34714186107447004
Kericho,2021.0,3.0,2021-03-01,0.5532923072412324
Kisumu,2021.0,3.0,2021-03-01,0.3118537902399722
Nyeri,2021.0,3.0,2021-03-01,0.5586638845196669
Tana River,2021.0,3.0,2021-03-01,0.17146844444791312
Kitui,2021.0,3.0,2021-03-01,0.24622642265231576
Kirinyaga,2021.0,3.0,2021-03-01,0.4707323282239481
Embu,2021.0,3.0,2021-03-01,0.37320859776784343
Homa Bay,2021.0,3.0,2021-03-01,0.2776622696571418
Bomet,2021.0,3.0,2021-03-01,0.71347814838122
Nyamira,2021.0,3.0,2021-03-01,0.6774943170095402
Narok,2021.0,3.0,2021-03-01,0.5479051553019473
Kisii,2021.0,3.0,2021-03-01,0.6170768898202693
Murang'a,2021.0,3.0,2021-03-01,0.5284055766866825
Migori,2021.0,3.0,2021-03-01,0.3977116929250684
Kiambu,2021.0,3.0,2021-03-01,0.4823356979369322
Machakos,2021.0,3.0,2021-03-01,0.2978274469762913
Kajiado,2021.0,3.0,2021-03-01,0.3226539505653538
Nairobi,2021.0,3.0,2021-03-01,0.2961510470783026
Makueni,2021.0,3.0,2021-03-01,0.2993306403658946
Lamu,2021.0,3.0,2021-03-01,0.3343867067516166
Kilifi,2021.0,3.0,2021-03-01,0.27565046401918025
Taita Taveta,2021.0,3.0,2021-03-01,0.28479454906549634
Kwale,2021.0,3.0,2021-03-01,0.3169807705229062
Mombasa,2021.0,3.0,2021-03-01,0.22347702967308855
Turkana,2021.0,4.0,2021-04-01,0.12340941494433276
Marsabit,2021.0,4.0,2021-04-01,0.10095883390588593
Mandera,2021.0,4.0,2021-04-01,0.24094526914141834
Wajir,2021.0,4.0,2021-04-01,0.17904296263765318
West Pokot,2021.0,4.0,2021-04-01,0.3356145358649216
Samburu,2021.0,4.0,2021-04-01,0.2230554584670181
Isiolo,2021.0,4.0,2021-04-01,0.1302183986958302
Baringo,2021.0,4.0,2021-04-01,0.29858683396060504
Elgeyo-Marakwet,2021.0,4.0,2021-04-01,0.4659576193340533
Trans Nzoia,2021.0,4.0,2021-04-01,0.3889465556572774
Bungoma,2021.0,4.0,2021-04-01,0.4949505127513337
Garissa,2021.0,4.0,2021-04-01,0.26276996688000337
Uasin Gishu,2021.0,4.0,2021-04-01,0.3390207003480013
Kakamega,2021.0,4.0,2021-04-01,0.519763622004513
Laikipia,2021.0,4.0,2021-04-01,0.2281631949409353
Busia,2021.0,4.0,2021-04-01,0.502682099394868
Meru,2021.0,4.0,2021-04-01,0.3726945775817562
Nandi,2021.0,4.0,2021-04-01,0.5814229180627484
Siaya,2021.0,4.0,2021-04-01,0.33896578991911414
Nakuru,2021.0,4.0,2021-04-01,0.37195399764875575
Vihiga,2021.0,4.0,2021-04-01,0.580327820337122
Nyandarua,2021.0,4.0,2021-04-01,0.44547317458436836
Tharaka,2021.0,4.0,2021-04-01,0.30997795549022794
Kericho,2021.0,4.0,2021-04-01,0.5616711847487139
Kisumu,2021.0,4.0,2021-04-01,0.38352051835739503
Nyeri,2021.0,4.0,2021-04-01,0.4957905479806445
Tana River,2021.0,4.0,2021-04-01,0.19671431267294762
Kitui,2021.0,4.0,2021-04-01,0.2858422785550245
Kirinyaga,2021.0,4.0,2021-04-01,0.36394172097224387
Embu,2021.0,4.0,2021-04-01,0.4607918996312847
Homa Bay,2021.0,4.0,2021-04-01,0.26698523643418576
Bomet,2021.0,4.0,2021-04-01,0.6564057161011803
Nyamira,2021.0,4.0,2021-04-01,0.6182153931370975
Narok,2021.0,4.0,2021-04-01,0.4692976363739094
Kisii,2021.0,4.0,2021-04-01,0.6001825098436085
Murang'a,2021.0,4.0,2021-04-01,0.4520170564825094
Migori,2021.0,4.0,2021-04-01,0.3846932785624697
Kiambu,2021.0,4.0,2021-04-01,0.42140309458498215
Machakos,2021.0,4.0,2021-04-01,0.2489017835958831
Kajiado,2021.0,4.0,2021-04-01,0.29749302880397444
Nairobi,2021.0,4.0,2021-04-01,0.26916953055480264
Makueni,2021.0,4.0,2021-04-01,0.3460174703913536
Lamu,2021.0,4.0,2021-04-01,0.39821709104102276
Kilifi,2021.0,4.0,2021-04-01,0.2917492208793627
Taita Taveta,2021.0,4.0,2021-04-01,0.30334017481856934
Kwale,2021.0,4.0,2021-04-01,0.29929670112171636
Mombasa,2021.0,4.0,2021-04-01,0.19624476870150787
Turkana,2021.0,5.0,2021-05-01,0.25264387810558003
Marsabit,2021.0,5.0,2021-05-01,0.1392359944898048
Mandera,2021.0,5.0,2021-05-01,0.28062468474697494
Wajir,2021.0,5.0,2021-05-01,0.20820313757297737
West Pokot,2021.0,5.0,2021-05-01,0.5266994642561595
Samburu,2021.0,5.0,2021-05-01,0.3294303568185344
Isiolo,2021.0,5.0,2021-05-01,0.1751265509215
Baringo,2021.0,5.0,2021-05-01,0.48076139677689483
Elgeyo-Marakwet,2021.0,5.0,2021-05-01,0.6296740590907118
Trans Nzoia,2021.0,5.0,2021-05-01,0.6152259077350384
Bungoma,2021.0,5.0,2021-05-01,0.6128529833352359
Garissa,2021.0,5.0,2021-05-01,0.2098140597400601
Uasin Gishu,2021.0,5.0,2021-05-01,0.498915580458461
Kakamega,2021.0,5.0,2021-05-01,0.6028464264915917
Laikipia,2021.0,5.0,2021-05-01,0.39366561251295634
Busia,2021.0,5.0,2021-05-01,0.5676707005408763
Meru,2021.0,5.0,2021-05-01,0.5111985790398189
Nandi,2021.0,5.0,2021-05-01,0.62726830992126
Siaya,2021.0,5.0,2021-05-01,0.38020757044651016
Nakuru,2021.0,5.0,2021-05-01,0.49491601914956496
Vihiga,2021.0,5.0,2021-05-01,0.6145001126311577
Nyandarua,2021.0,5.0,2021-05-01,0.5299330702471491
Tharaka,2021.0,5.0,2021-05-01,0.5997501945297417
Kericho,2021.0,5.0,2021-05-01,0.6586255409907237
Kisumu,2021.0,5.0,2021-05-01,0.42961482564492964
Nyeri,2021.0,5.0,2021-05-01,0.5897024518944661
Tana River,2021.0,5.0,2021-05-01,0.1954043659642087
Kitui,2021.0,5.0,2021-05-01,0.3360866694317904
Kirinyaga,2021.0,5.0,2021-05-01,0.5466314094878693
Embu,2021.0,5.0,2021-05-01,0.5143945355834484
Homa Bay,2021.0,5.0,2021-05-01,0.34371416246524583
Bomet,2021.0,5.0,2021-05-01,0.6600660092023252
Nyamira,2021.0,5.0,2021-05-01,0.6247331537060054
Narok,2021.0,5.0,2021-05-01,0.5218635405129443
Kisii,2021.0,5.0,2021-05-01,0.6004672431851553
Murang'a,2021.0,5.0,2021-05-01,0.5076857122222439
Migori,2021.0,5.0,2021-05-01,0.4607051833127831
Kiambu,2021.0,5.0,2021-05-01,0.4538096085273421
Machakos,2021.0,5.0,2021-05-01,0.3717977804177263
Kajiado,2021.0,5.0,2021-05-01,0.35722448071063667
Nairobi,2021.0,5.0,2021-05-01,0.28471924450909974
Makueni,2021.0,5.0,2021-05-01,0.3762873882486621
Lamu,2021.0,5.0,2021-05-01,0.38938800525801726
Kilifi,2021.0,5.0,2021-05-01,0.3276960676479282
Taita Taveta,2021.0,5.0,2021-05-01,0.32227301819968407
Kwale,2021.0,5.0,2021-05-01,0.40429049368095143
Mombasa,2021.0,5.0,2021-05-01,0.2049284104635136
Turkana,2021.0,6.0,2021-06-01,0.2038097570869557
Marsabit,2021.0,6.0,2021-06-01,0.13263249078824776
Mandera,2021.0,6.0,2021-06-01,0.23504964931292915
Wajir,2021.0,6.0,2021-06-01,0.17599786922314525
West Pokot,2021.0,6.0,2021-06-01,0.446200888067858
Samburu,2021.0,6.0,2021-06-01,0.2977711988172693
Isiolo,2021.0,6.0,2021-06-01,0.14874628210155072
Baringo,2021.0,6.0,2021-06-01,0.4416395825520356
Elgeyo-Marakwet,2021.0,6.0,2021-06-01,0.5747345783500125
Trans Nzoia,2021.0,6.0,2021-06-01,0.614832713049498
Bungoma,2021.0,6.0,2021-06-01,0.6357554325749846
Garissa,2021.0,6.0,2021-06-01,0.22593849724360485
Uasin Gishu,2021.0,6.0,2021-06-01,0.5372927114310851
Kakamega,2021.0,6.0,2021-06-01,0.6580430171186524
Laikipia,2021.0,6.0,2021-06-01,0.3639691056865792
Busia,2021.0,6.0,2021-06-01,0.558682615266418
Meru,2021.0,6.0,2021-06-01,0.49230300311043
Nandi,2021.0,6.0,2021-06-01,0.6543175114676796
Siaya,2021.0,6.0,2021-06-01,0.4187371910632241
Nakuru,2021.0,6.0,2021-06-01,0.5112381121944001
Vihiga,2021.0,6.0,2021-06-01,0.6848016496152508
Nyandarua,2021.0,6.0,2021-06-01,0.5575380854635866
Tharaka,2021.0,6.0,2021-06-01,0.5713769880095785
Kericho,2021.0,6.0,2021-06-01,0.6577271010739661
Kisumu,2021.0,6.0,2021-06-01,0.40355240310464346
Nyeri,2021.0,6.0,2021-06-01,0.5961963077056489
Tana River,2021.0,6.0,2021-06-01,0.1700382573494105
Kitui,2021.0,6.0,2021-06-01,0.29149889937204543
Kirinyaga,2021.0,6.0,2021-06-01,0.5581594910582084
Embu,2021.0,6.0,2021-06-01,0.5226882304629548
Homa Bay,2021.0,6.0,2021-06-01,0.359594439068019
Bomet,2021.0,6.0,2021-06-01,0.6614541922299677
Nyamira,2021.0,6.0,2021-06-01,0.6557108902982248
Narok,2021.0,6.0,2021-06-01,0.51246188382239
Kisii,2021.0,6.0,2021-06-01,0.676447806384093
Murang'a,2021.0,6.0,2021-06-01,0.5298989550895042
Migori,2021.0,6.0,2021-06-01,0.4636507452668185
Kiambu,2021.0,6.0,2021-06-01,0.48566934375961696
Machakos,2021.0,6.0,2021-06-01,0.48551653783241994
Kajiado,2021.0,6.0,2021-06-01,0.39865688945146505
Nairobi,2021.0,6.0,2021-06-01,0.3960963184110304
Makueni,2021.0,6.0,2021-06-01,0.4499929702072612
Lamu,2021.0,6.0,2021-06-01,0.4661537226852545
Kilifi,2021.0,6.0,2021-06-01,0.3061120516574888
Taita Taveta,2021.0,6.0,2021-06-01,0.23286146121776805
Kwale,2021.0,6.0,2021-06-01,0.3121964624020757
Mombasa,2021.0,6.0,2021-06-01,0.27556545401263155
Turkana,2021.0,7.0,2021-07-01,0.16677003405993956
Marsabit,2021.0,7.0,2021-07-01,0.08095497942456215
Mandera,2021.0,7.0,2021-07-01,0.12478973439309388
Wajir,2021.0,7.0,2021-07-01,0.10651651456809694
West Pokot,2021.0,7.0,2021-07-01,0.3836672946158744
Samburu,2021.0,7.0,2021-07-01,0.2326505205263416
Isiolo,2021.0,7.0,2021-07-01,0.12324979003602918
Baringo,2021.0,7.0,2021-07-01,0.36720254469274155
Elgeyo-Marakwet,2021.0,7.0,2021-07-01,0.4743933034474141
Trans Nzoia,2021.0,7.0,2021-07-01,0.6135874753838888
Bungoma,2021.0,7.0,2021-07-01,0.5784958494159868
Garissa,2021.0,7.0,2021-07-01,0.19356203793889845
Uasin Gishu,2021.0,7.0,2021-07-01,0.47857919632499474
Kakamega,2021.0,7.0,2021-07-01,0.6146355628773026
Laikipia,2021.0,7.0,2021-07-01,0.33936011818190515
Busia,2021.0,7.0,2021-07-01,0.49232539038643097
Meru,2021.0,7.0,2021-07-01,0.33844133171523894
Nandi,2021.0,7.0,2021-07-01,0.6246364626483033
Siaya,2021.0,7.0,2021-07-01,0.31971747447833243
Nakuru,2021.0,7.0,2021-07-01,0.45266859910652174
Vihiga,2021.0,7.0,2021-07-01,0.603972562208913
Nyandarua,2021.0,7.0,2021-07-01,0.5164665859883821
Tharaka,2021.0,7.0,2021-07-01,0.37666298382053653
Kericho,2021.0,7.0,2021-07-01,0.6102592191525559
Kisumu,2021.0,7.0,2021-07-01,0.3637890987281019
Nyeri,2021.0,7.0,2021-07-01,0.5323524412323923
Tana River,2021.0,7.0,2021-07-01,0.1491792606963214
Kitui,2021.0,7.0,2021-07-01,0.2109761870537527
Kirinyaga,2021.0,7.0,2021-07-01,0.46949476486635405
Embu,2021.0,7.0,2021-07-01,0.3616182330656813
Homa Bay,2021.0,7.0,2021-07-01,0.31719525282067756
Bomet,2021.0,7.0,2021-07-01,0.606382540024103
Nyamira,2021.0,7.0,2021-07-01,0.6470008996098048
Narok,2021.0,7.0,2021-07-01,0.4382586617782187
Kisii,2021.0,7.0,2021-07-01,0.6332867941293965
Murang'a,2021.0,7.0,2021-07-01,0.39912797109060305
Migori,2021.0,7.0,2021-07-01,0.39938323481189847
Kiambu,2021.0,7.0,2021-07-01,0.38258970316616736
Machakos,2021.0,7.0,2021-07-01,0.2963125004912196
Kajiado,2021.0,7.0,2021-07-01,0.21428024086098305
Nairobi,2021.0,7.0,2021-07-01,0.28726488289017293
Makueni,2021.0,7.0,2021-07-01,0.2638895642246932
Lamu,2021.0,7.0,2021-07-01,0.4722466378349213
Kilifi,2021.0,7.0,2021-07-01,0.30918021129039297
Taita Taveta,2021.0,7.0,2021-07-01,0.19599445370612104
Kwale,2021.0,7.0,2021-07-01,0.286498934762758
Mombasa,2021.0,7.0,2021-07-01,0.3058682702746051
Turkana,2021.0,8.0,2021-08-01,0.18275385158733998
Marsabit,2021.0,8.0,2021-08-01,0.07775168433776257
Mandera,2021.0,8.0,2021-08-01,0.16095381374789292
Wajir,2021.0,8.0,2021-08-01,0.12786401465322147
West Pokot,2021.0,8.0,2021-08-01,0.49354366926345744
Samburu,2021.0,8.0,2021-08-01,0.21594666106240795
Isiolo,2021.0,8.0,2021-08-01,0.11618152543612448
Baringo,2021.0,8.0,2021-08-01,0.48469812498053905
Elgeyo-Marakwet,2021.0,8.0,2021-08-01,0.630066238265828
Trans Nzoia,2021.0,8.0,2021-08-01,0.6488068578599869
Bungoma,2021.0,8.0,2021-08-01,0.5812836540337367
Garissa,2021.0,8.0,2021-08-01,0.17987914072517022
Uasin Gishu,2021.0,8.0,2021-08-01,0.6483860347829749
Kakamega,2021.0,8.0,2021-08-01,0.6047135103747695
Laikipia,2021.0,8.0,2021-08-01,0.3192431570488942
Busia,2021.0,8.0,2021-08-01,0.43113291217743865
Meru,2021.0,8.0,2021-08-01,0.2993505671786248
Nandi,2021.0,8.0,2021-08-01,0.6648826192036492
Siaya,2021.0,8.0,2021-08-01,0.27823906800261433
Nakuru,2021.0,8.0,2021-08-01,0.5298015693786672
Vihiga,2021.0,8.0,2021-08-01,0.5818760156252402
Nyandarua,2021.0,8.0,2021-08-01,0.5248744643413594
Tharaka,2021.0,8.0,2021-08-01,0.2911296798373315
Kericho,2021.0,8.0,2021-08-01,0.5956501783141436
Kisumu,2021.0,8.0,2021-08-01,0.3208011971879598
Nyeri,2021.0,8.0,2021-08-01,0.4429837162459022
Tana River,2021.0,8.0,2021-08-01,0.1526884321384254
Kitui,2021.0,8.0,2021-08-01,0.19516428379941675
Kirinyaga,2021.0,8.0,2021-08-01,0.37986567045619674
Embu,2021.0,8.0,2021-08-01,0.2815896938236979
Homa Bay,2021.0,8.0,2021-08-01,0.2419685236063722
Bomet,2021.0,8.0,2021-08-01,0.6046320615383572
Nyamira,2021.0,8.0,2021-08-01,0.6171667016212325
Narok,2021.0,8.0,2021-08-01,0.4024936900753723
Kisii,2021.0,8.0,2021-08-01,0.5651154090817943
Murang'a,2021.0,8.0,2021-08-01,0.2911976257835788
Migori,2021.0,8.0,2021-08-01,0.3515142952720847
Kiambu,2021.0,8.0,2021-08-01,0.3790300029939847
Machakos,2021.0,8.0,2021-08-01,0.2644470005161354
Kajiado,2021.0,8.0,2021-08-01,0.181568264751518
Nairobi,2021.0,8.0,2021-08-01,0.251639346296043
Makueni,2021.0,8.0,2021-08-01,0.25345027894706507
Lamu,2021.0,8.0,2021-08-01,0.4129649050996619
Kilifi,2021.0,8.0,2021-08-01,0.2570461323596369
Taita Taveta,2021.0,8.0,2021-08-01,0.1859973299592378
Kwale,2021.0,8.0,2021-08-01,0.2498264081306136
Mombasa,2021.0,8.0,2021-08-01,0.28329072897527996
Turkana,2021.0,9.0,2021-09-01,0.16730440633523594
Marsabit,2021.0,9.0,2021-09-01,0.08558466543026043
Mandera,2021.0,9.0,2021-09-01,0.16255372361230686
Wajir,2021.0,9.0,2021-09-01,0.13282236130385433
West Pokot,2021.0,9.0,2021-09-01,0.4798813631306253
Samburu,2021.0,9.0,2021-09-01,0.21052742876270264
Isiolo,2021.0,9.0,2021-09-01,0.11381953337306883
Baringo,2021.0,9.0,2021-09-01,0.48739238696958537
Elgeyo-Marakwet,2021.0,9.0,2021-09-01,0.6553365782600074
Trans Nzoia,2021.0,9.0,2021-09-01,0.5788223538281186
Bungoma,2021.0,9.0,2021-09-01,0.5781632348928273
Garissa,2021.0,9.0,2021-09-01,0.1678873979438277
Uasin Gishu,2021.0,9.0,2021-09-01,0.6299678258445088
Kakamega,2021.0,9.0,2021-09-01,0.5911858962549308
Laikipia,2021.0,9.0,2021-09-01,0.32079501888432377
Busia,2021.0,9.0,2021-09-01,0.4716869988370798
Meru,2021.0,9.0,2021-09-01,0.2588944134654244
Nandi,2021.0,9.0,2021-09-01,0.6822322962120018
Siaya,2021.0,9.0,2021-09-01,0.3280762717907379
Nakuru,2021.0,9.0,2021-09-01,0.4794018466333889
Vihiga,2021.0,9.0,2021-09-01,0.5769933946493484
Nyandarua,2021.0,9.0,2021-09-01,0.5236843000748918
Tharaka,2021.0,9.0,2021-09-01,0.2534058962115348
Kericho,2021.0,9.0,2021-09-01,0.6489099687632844
Kisumu,2021.0,9.0,2021-09-01,0.3599336337527364
Nyeri,2021.0,9.0,2021-09-01,0.43055419162800684
Tana River,2021.0,9.0,2021-09-01,0.14376209797932293
Kitui,2021.0,9.0,2021-09-01,0.18054747734386492
Kirinyaga,2021.0,9.0,2021-09-01,0.2780818460214747
Embu,2021.0,9.0,2021-09-01,0.2637274160074384
Homa Bay,2021.0,9.0,2021-09-01,0.2708274183796365
Bomet,2021.0,9.0,2021-09-01,0.659091325543683
Nyamira,2021.0,9.0,2021-09-01,0.6787419940299125
Narok,2021.0,9.0,2021-09-01,0.400092247942841
Kisii,2021.0,9.0,2021-09-01,0.6171545626926765
Murang'a,2021.0,9.0,2021-09-01,0.3201754835152331
Migori,2021.0,9.0,2021-09-01,0.34766556124553916
Kiambu,2021.0,9.0,2021-09-01,0.3848892221449664
Machakos,2021.0,9.0,2021-09-01,0.1807310657361735
Kajiado,2021.0,9.0,2021-09-01,0.15790642362202137
Nairobi,2021.0,9.0,2021-09-01,0.2360350834006148
Makueni,2021.0,9.0,2021-09-01,0.1973364243949428
Lamu,2021.0,9.0,2021-09-01,0.32921267149458067
Kilifi,2021.0,9.0,2021-09-01,0.2218544487663177
Taita Taveta,2021.0,9.0,2021-09-01,0.16038884260017214
Kwale,2021.0,9.0,2021-09-01,0.2225310340495074
Mombasa,2021.0,9.0,2021-09-01,0.21228869499798428
Turkana,2021.0,10.0,2021-10-01,0.17105390367558415
Marsabit,2021.0,10.0,2021-10-01,0.0813759111762068
Mandera,2021.0,10.0,2021-10-01,0.16680105852061267
Wajir,2021.0,10.0,2021-10-01,0.13254335985169666
West Pokot,2021.0,10.0,2021-10-01,0.47870012105559817
Samburu,2021.0,10.0,2021-10-01,0.24318511736515783
Isiolo,2021.0,10.0,2021-10-01,0.11637880247377605
Baringo,2021.0,10.0,2021-10-01,0.39535747510486036
Elgeyo-Marakwet,2021.0,10.0,2021-10-01,0.5542164065851151
Trans Nzoia,2021.0,10.0,2021-10-01,0.5323250654033269
Bungoma,2021.0,10.0,2021-10-01,0.5497643780617334
Garissa,2021.0,10.0,2021-10-01,0.1597354762898641
Uasin Gishu,2021.0,10.0,2021-10-01,0.5051748292726037
Kakamega,2021.0,10.0,2021-10-01,0.5781905905652419
Laikipia,2021.0,10.0,2021-10-01,0.34079965788885647
Busia,2021.0,10.0,2021-10-01,0.549989984816688
Meru,2021.0,10.0,2021-10-01,0.2883753942673409
Nandi,2021.0,10.0,2021-10-01,0.5767514795080678
Siaya,2021.0,10.0,2021-10-01,0.3974926621779527
Nakuru,2021.0,10.0,2021-10-01,0.449350149259357
Vihiga,2021.0,10.0,2021-10-01,0.6158997307505367
Nyandarua,2021.0,10.0,2021-10-01,0.5390880946296065
Tharaka,2021.0,10.0,2021-10-01,0.30788700349101084
Kericho,2021.0,10.0,2021-10-01,0.6328826292989839
Kisumu,2021.0,10.0,2021-10-01,0.3961571374388607
Nyeri,2021.0,10.0,2021-10-01,0.4516163291537795
Tana River,2021.0,10.0,2021-10-01,0.14003774451826256
Kitui,2021.0,10.0,2021-10-01,0.19232657864535774
Kirinyaga,2021.0,10.0,2021-10-01,0.4111778651283159
Embu,2021.0,10.0,2021-10-01,0.30786876153080206
Homa Bay,2021.0,10.0,2021-10-01,0.3199543785160712
Bomet,2021.0,10.0,2021-10-01,0.6449803996349233
Nyamira,2021.0,10.0,2021-10-01,0.6700598479290603
Narok,2021.0,10.0,2021-10-01,0.3750920671888374
Kisii,2021.0,10.0,2021-10-01,0.6473528315638158
Murang'a,2021.0,10.0,2021-10-01,0.42996880512603386
Migori,2021.0,10.0,2021-10-01,0.3737556334975102
Kiambu,2021.0,10.0,2021-10-01,0.41394419791237413
Machakos,2021.0,10.0,2021-10-01,0.21146686698836573
Kajiado,2021.0,10.0,2021-10-01,0.1654749978037719
Nairobi,2021.0,10.0,2021-10-01,0.2545475487857012
Makueni,2021.0,10.0,2021-10-01,0.22395163811584654
Lamu,2021.0,10.0,2021-10-01,0.3078032951819245
Kilifi,2021.0,10.0,2021-10-01,0.20143511346766027
Taita Taveta,2021.0,10.0,2021-10-01,0.1744615781463243
Kwale,2021.0,10.0,2021-10-01,0.22765992020603282
Mombasa,2021.0,10.0,2021-10-01,0.19966881666777694
Turkana,2021.0,11.0,2021-11-01,0.1403501203679343
Marsabit,2021.0,11.0,2021-11-01,0.08856932091316921
Mandera,2021.0,11.0,2021-11-01,0.2028534293310185
Wajir,2021.0,11.0,2021-11-01,0.12727875291080024
West Pokot,2021.0,11.0,2021-11-01,0.4379922035498257
Samburu,2021.0,11.0,2021-11-01,0.22978659304512994
Isiolo,2021.0,11.0,2021-11-01,0.11414973459418223
Baringo,2021.0,11.0,2021-11-01,0.3596493406957005
Elgeyo-Marakwet,2021.0,11.0,2021-11-01,0.5821073574696725
Trans Nzoia,2021.0,11.0,2021-11-01,0.5970691762291354
Bungoma,2021.0,11.0,2021-11-01,0.6215917024709791
Garissa,2021.0,11.0,2021-11-01,0.1623487476997295
Uasin Gishu,2021.0,11.0,2021-11-01,0.47625380362623293
Kakamega,2021.0,11.0,2021-11-01,0.6053953100602484
Laikipia,2021.0,11.0,2021-11-01,0.3050994165885315
Busia,2021.0,11.0,2021-11-01,0.5439252481895598
Meru,2021.0,11.0,2021-11-01,0.3730489202626689
Nandi,2021.0,11.0,2021-11-01,0.610359679489014
Siaya,2021.0,11.0,2021-11-01,0.3817645228212528
Nakuru,2021.0,11.0,2021-11-01,0.436179420446335
Vihiga,2021.0,11.0,2021-11-01,0.6289963500983746
Nyandarua,2021.0,11.0,2021-11-01,0.5369131257256052
Tharaka,2021.0,11.0,2021-11-01,0.3975790739363889
Kericho,2021.0,11.0,2021-11-01,0.6139325715156081
Kisumu,2021.0,11.0,2021-11-01,0.35084250615836815
Nyeri,2021.0,11.0,2021-11-01,0.5197064028350484
Tana River,2021.0,11.0,2021-11-01,0.13995090711078814
Kitui,2021.0,11.0,2021-11-01,0.19030349503321078
Kirinyaga,2021.0,11.0,2021-11-01,0.5093979813202923
Embu,2021.0,11.0,2021-11-01,0.4081599628647641
Homa Bay,2021.0,11.0,2021-11-01,0.3085262404206509
Bomet,2021.0,11.0,2021-11-01,0.6453448131509614
Nyamira,2021.0,11.0,2021-11-01,0.6644725613178075
Narok,2021.0,11.0,2021-11-01,0.4012811247730418
Kisii,2021.0,11.0,2021-11-01,0.63968133021747
Murang'a,2021.0,11.0,2021-11-01,0.5856782598186805
Migori,2021.0,11.0,2021-11-01,0.44382214868058845
Kiambu,2021.0,11.0,2021-11-01,0.4727878029197723
Machakos,2021.0,11.0,2021-11-01,0.22770763128048022
Kajiado,2021.0,11.0,2021-11-01,0.17838744602192955
Nairobi,2021.0,11.0,2021-11-01,0.2679817126003287
Makueni,2021.0,11.0,2021-11-01,0.21160194287500855
Lamu,2021.0,11.0,2021-11-01,0.27808132325640383
Kilifi,2021.0,11.0,2021-11-01,0.1997389735605194
Taita Taveta,2021.0,11.0,2021-11-01,0.1786881959516362
Kwale,2021.0,11.0,2021-11-01,0.20712838064233752
Mombasa,2021.0,11.0,2021-11-01,0.19853258002802726
Turkana,2021.0,12.0,2021-12-01,0.12719937793220282
Marsabit,2021.0,12.0,2021-12-01,0.0810250913819326
Mandera,2021.0,12.0,2021-12-01,0.24998633525300168
Wajir,2021.0,12.0,2021-12-01,0.18904373634833313
West Pokot,2021.0,12.0,2021-12-01,0.37202769718160683
Samburu,2021.0,12.0,2021-12-01,0.2306766559652549
Isiolo,2021.0,12.0,2021-12-01,0.16616752344381563
Baringo,2021.0,12.0,2021-12-01,0.3214327571761753
Elgeyo-Marakwet,2021.0,12.0,2021-12-01,0.5659319197992567
Trans Nzoia,2021.0,12.0,2021-12-01,0.5380926005729996
Bungoma,2021.0,12.0,2021-12-01,0.565382924851151
Garissa,2021.0,12.0,2021-12-01,0.2844680066592703
Uasin Gishu,2021.0,12.0,2021-12-01,0.4187132890563948
Kakamega,2021.0,12.0,2021-12-01,0.5795511442594535
Laikipia,2021.0,12.0,2021-12-01,0.3121407499740411
Busia,2021.0,12.0,2021-12-01,0.5161466266206657
Meru,2021.0,12.0,2021-12-01,0.45539689582562753
Nandi,2021.0,12.0,2021-12-01,0.6069929161997567
Siaya,2021.0,12.0,2021-12-01,0.37141787189425884
Nakuru,2021.0,12.0,2021-12-01,0.398008976277239
Vihiga,2021.0,12.0,2021-12-01,0.6427204957067028
Nyandarua,2021.0,12.0,2021-12-01,0.501763906252252
Tharaka,2021.0,12.0,2021-12-01,0.5061887742184046
Kericho,2021.0,12.0,2021-12-01,0.6118233555760456
Kisumu,2021.0,12.0,2021-12-01,0.33423349410158004
Nyeri,2021.0,12.0,2021-12-01,0.5601973093752117
Tana River,2021.0,12.0,2021-12-01,0.2625210772680981
Kitui,2021.0,12.0,2021-12-01,0.43713375686428746
Kirinyaga,2021.0,12.0,2021-12-01,0.5764995863713713
Embu,2021.0,12.0,2021-12-01,0.5588858970878782
Homa Bay,2021.0,12.0,2021-12-01,0.23552605144292715
Bomet,2021.0,12.0,2021-12-01,0.6836446614235632
Nyamira,2021.0,12.0,2021-12-01,0.7090646783615228
Narok,2021.0,12.0,2021-12-01,0.3970833746183953
Kisii,2021.0,12.0,2021-12-01,0.7111011540891304
Murang'a,2021.0,12.0,2021-12-01,0.5902616794458374
Migori,2021.0,12.0,2021-12-01,0.4667203643215814
Kiambu,2021.0,12.0,2021-12-01,0.45916845652939176
Machakos,2021.0,12.0,2021-12-01,0.4407279846891692
Kajiado,2021.0,12.0,2021-12-01,0.31380138011495795
Nairobi,2021.0,12.0,2021-12-01,0.36181556773703216
Makueni,2021.0,12.0,2021-12-01,0.4924127414204009
Lamu,2021.0,12.0,2021-12-01,0.40149649221206346
Kilifi,2021.0,12.0,2021-12-01,0.3040949169920516
Taita Taveta,2021.0,12.0,2021-12-01,0.27970410997314354
Kwale,2021.0,12.0,2021-12-01,0.2735437159280236
Mombasa,2021.0,12.0,2021-12-01,0.22467004105199445
Turkana,2022.0,1.0,2022-01-01,0.13058567791054562
Marsabit,2022.0,1.0,2022-01-01,0.11171168306551037
Mandera,2022.0,1.0,2022-01-01,0.19485051944105236
Wajir,2022.0,1.0,2022-01-01,0.17431391937449195
West Pokot,2022.0,1.0,2022-01-01,0.3222058773341591
Samburu,2022.0,1.0,2022-01-01,0.253529397211746
Isiolo,2022.0,1.0,2022-01-01,0.21442051850824334
Baringo,2022.0,1.0,2022-01-01,0.28695198214952156
Elgeyo-Marakwet,2022.0,1.0,2022-01-01,0.5216905048915484
Trans Nzoia,2022.0,1.0,2022-01-01,0.42187437429812086
Bungoma,2022.0,1.0,2022-01-01,0.4872687292805834
Garissa,2022.0,1.0,2022-01-01,0.3418042742293911
Uasin Gishu,2022.0,1.0,2022-01-01,0.3654794255020501
Kakamega,2022.0,1.0,2022-01-01,0.4901065867511198
Laikipia,2022.0,1.0,2022-01-01,0.32132664509572384
Busia,2022.0,1.0,2022-01-01,0.4618581098584069
Meru,2022.0,1.0,2022-01-01,0.5893510262294875
Nandi,2022.0,1.0,2022-01-01,0.5611538521623428
Siaya,2022.0,1.0,2022-01-01,0.3528932055998771
Nakuru,2022.0,1.0,2022-01-01,0.3712906257083829
Vihiga,2022.0,1.0,2022-01-01,0.5531423737214444
Nyandarua,2022.0,1.0,2022-01-01,0.5006046016987554
Tharaka,2022.0,1.0,2022-01-01,0.6406051487858445
Kericho,2022.0,1.0,2022-01-01,0.5246183697348967
Kisumu,2022.0,1.0,2022-01-01,0.3204692245530773
Nyeri,2022.0,1.0,2022-01-01,0.6426426839500734
Tana River,2022.0,1.0,2022-01-01,0.352670978370967
Kitui,2022.0,1.0,2022-01-01,0.5688862237941742
Kirinyaga,2022.0,1.0,2022-01-01,0.6873626007151329
Embu,2022.0,1.0,2022-01-01,0.6621155463916252
Homa Bay,2022.0,1.0,2022-01-01,0.30631294155338396
Bomet,2022.0,1.0,2022-01-01,0.6837080343416774
Nyamira,2022.0,1.0,2022-01-01,0.6049085226440537
Narok,2022.0,1.0,2022-01-01,0.4005633970706183
Kisii,2022.0,1.0,2022-01-01,0.6324715707010538
Murang'a,2022.0,1.0,2022-01-01,0.6753146208464884
Migori,2022.0,1.0,2022-01-01,0.4447982890208327
Kiambu,2022.0,1.0,2022-01-01,0.5769099137613389
Machakos,2022.0,1.0,2022-01-01,0.5607935842297332
Kajiado,2022.0,1.0,2022-01-01,0.3175950480573379
Nairobi,2022.0,1.0,2022-01-01,0.418218707362439
Makueni,2022.0,1.0,2022-01-01,0.6038409700236747
Lamu,2022.0,1.0,2022-01-01,0.5630687205446623
Kilifi,2022.0,1.0,2022-01-01,0.4503333996701297
Taita Taveta,2022.0,1.0,2022-01-01,0.4156006627498988
Kwale,2022.0,1.0,2022-01-01,0.34009995667535964
Mombasa,2022.0,1.0,2022-01-01,0.24998978315421147
Turkana,2022.0,2.0,2022-02-01,0.12813726435097877
Marsabit,2022.0,2.0,2022-02-01,0.10518696832077891
Mandera,2022.0,2.0,2022-02-01,0.1626027751730015
Wajir,2022.0,2.0,2022-02-01,0.1470489691569184
West Pokot,2022.0,2.0,2022-02-01,0.2993581975083677
Samburu,2022.0,2.0,2022-02-01,0.19592920777436973
Isiolo,2022.0,2.0,2022-02-01,0.14779016286951283
Baringo,2022.0,2.0,2022-02-01,0.279829385476996
Elgeyo-Marakwet,2022.0,2.0,2022-02-01,0.4376523630286503
Trans Nzoia,2022.0,2.0,2022-02-01,0.35008400603750545
Bungoma,2022.0,2.0,2022-02-01,0.33703738935043925
Garissa,2022.0,2.0,2022-02-01,0.26815139554291567
Uasin Gishu,2022.0,2.0,2022-02-01,0.30316994347270737
Kakamega,2022.0,2.0,2022-02-01,0.5063154186680384
Laikipia,2022.0,2.0,2022-02-01,0.2404697876869858
Busia,2022.0,2.0,2022-02-01,0.165351547422061
Meru,2022.0,2.0,2022-02-01,0.4333006055022578
Nandi,2022.0,2.0,2022-02-01,0.5148154736554037
Siaya,2022.0,2.0,2022-02-01,0.37981075860481894
Nakuru,2022.0,2.0,2022-02-01,0.3568172767038881
Vihiga,2022.0,2.0,2022-02-01,0.5191330800912576
Nyandarua,2022.0,2.0,2022-02-01,0.40400383510644927
Tharaka,2022.0,2.0,2022-02-01,0.4547571935938663
Kericho,2022.0,2.0,2022-02-01,0.47657502162583654
Kisumu,2022.0,2.0,2022-02-01,0.38646478346411395
Nyeri,2022.0,2.0,2022-02-01,0.590429972348923
Tana River,2022.0,2.0,2022-02-01,0.23653749322380246
Kitui,2022.0,2.0,2022-02-01,0.33441105310763
Kirinyaga,2022.0,2.0,2022-02-01,0.5024560093407081
Embu,2022.0,2.0,2022-02-01,0.46159425078679855
Homa Bay,2022.0,2.0,2022-02-01,0.3319054428222868
Bomet,2022.0,2.0,2022-02-01,0.5864027073092113
Nyamira,2022.0,2.0,2022-02-01,0.34880079066643693
Narok,2022.0,2.0,2022-02-01,0.48947530535094713
Kisii,2022.0,2.0,2022-02-01,0.3896771744879046
Murang'a,2022.0,2.0,2022-02-01,0.5714535907666928
Migori,2022.0,2.0,2022-02-01,0.40337422757898594
Kiambu,2022.0,2.0,2022-02-01,0.5488354125062195
Machakos,2022.0,2.0,2022-02-01,0.4016521090910377
Kajiado,2022.0,2.0,2022-02-01,0.3294056144771453
Nairobi,2022.0,2.0,2022-02-01,0.38198004273262476
Makueni,2022.0,2.0,2022-02-01,0.41102605401347225
Lamu,2022.0,2.0,2022-02-01,0.44516323601724755
Kilifi,2022.0,2.0,2022-02-01,0.3368759123047649
Taita Taveta,2022.0,2.0,2022-02-01,0.2893654055238327
Kwale,2022.0,2.0,2022-02-01,0.2833691308545124
Mombasa,2022.0,2.0,2022-02-01,0.1521890305161263
Turkana,2022.0,3.0,2022-03-01,0.114545365594773
Marsabit,2022.0,3.0,2022-03-01,0.09017985647531654
Mandera,2022.0,3.0,2022-03-01,0.1531112249153307
Wajir,2022.0,3.0,2022-03-01,0.1310533863332154
West Pokot,2022.0,3.0,2022-03-01,0.2600243046652821
Samburu,2022.0,3.0,2022-03-01,0.17404960167955563
Isiolo,2022.0,3.0,2022-03-01,0.11770526633214137
Baringo,2022.0,3.0,2022-03-01,0.25805654152386626
Elgeyo-Marakwet,2022.0,3.0,2022-03-01,0.41345368571477625
Trans Nzoia,2022.0,3.0,2022-03-01,0.32407855815603326
Bungoma,2022.0,3.0,2022-03-01,0.41922389518193426
Garissa,2022.0,3.0,2022-03-01,0.17626882920070777
Uasin Gishu,2022.0,3.0,2022-03-01,0.3265725091399852
Kakamega,2022.0,3.0,2022-03-01,0.47800239439017944
Laikipia,2022.0,3.0,2022-03-01,0.21916935553116243
Busia,2022.0,3.0,2022-03-01,0.4273745896973487
Meru,2022.0,3.0,2022-03-01,0.34873660593134886
Nandi,2022.0,3.0,2022-03-01,0.58385690568714
Siaya,2022.0,3.0,2022-03-01,0.310367592672465
Nakuru,2022.0,3.0,2022-03-01,0.3234903374089705
Vihiga,2022.0,3.0,2022-03-01,0.5524010561046124
Nyandarua,2022.0,3.0,2022-03-01,0.35803038848201435
Tharaka,2022.0,3.0,2022-03-01,0.3639440595112698
Kericho,2022.0,3.0,2022-03-01,0.5680300958951816
Kisumu,2022.0,3.0,2022-03-01,0.32110982152745055
Nyeri,2022.0,3.0,2022-03-01,0.4964578735805491
Tana River,2022.0,3.0,2022-03-01,0.1518627100210627
Kitui,2022.0,3.0,2022-03-01,0.25266454253811704
Kirinyaga,2022.0,3.0,2022-03-01,0.40880650541907504
Embu,2022.0,3.0,2022-03-01,0.379879823446181
Homa Bay,2022.0,3.0,2022-03-01,0.25455927777241444
Bomet,2022.0,3.0,2022-03-01,0.7175397142782192
Nyamira,2022.0,3.0,2022-03-01,0.6487929928679651
Narok,2022.0,3.0,2022-03-01,0.5599006981585507
Kisii,2022.0,3.0,2022-03-01,0.6111311584189582
Murang'a,2022.0,3.0,2022-03-01,0.5004089509552363
Migori,2022.0,3.0,2022-03-01,0.40158040066798145
Kiambu,2022.0,3.0,2022-03-01,0.4315565419106744
Machakos,2022.0,3.0,2022-03-01,0.30168352998272857
Kajiado,2022.0,3.0,2022-03-01,0.2629975380122531
Nairobi,2022.0,3.0,2022-03-01,0.26295084536422136
Makueni,2022.0,3.0,2022-03-01,0.3142401041809547
Lamu,2022.0,3.0,2022-03-01,0.3054264001564403
Kilifi,2022.0,3.0,2022-03-01,0.1939549962715563
Taita Taveta,2022.0,3.0,2022-03-01,0.24242312028605487
Kwale,2022.0,3.0,2022-03-01,0.224308948680483
Mombasa,2022.0,3.0,2022-03-01,0.18701639165058617
Turkana,2022.0,4.0,2022-04-01,0.11031203948796182
Marsabit,2022.0,4.0,2022-04-01,0.05153171803250337
Mandera,2022.0,4.0,2022-04-01,0.17614056020011318
Wajir,2022.0,4.0,2022-04-01,0.13542682036816497
West Pokot,2022.0,4.0,2022-04-01,0.24168961205890852
Samburu,2022.0,4.0,2022-04-01,0.15533829941583094
Isiolo,2022.0,4.0,2022-04-01,0.10750020229325874
Baringo,2022.0,4.0,2022-04-01,0.22714354854937316
Elgeyo-Marakwet,2022.0,4.0,2022-04-01,0.35831707804435364
Trans Nzoia,2022.0,4.0,2022-04-01,0.3133116552805072
Bungoma,2022.0,4.0,2022-04-01,0.4020004900483383
Garissa,2022.0,4.0,2022-04-01,0.19837381725586703
Uasin Gishu,2022.0,4.0,2022-04-01,0.25484622880398755
Kakamega,2022.0,4.0,2022-04-01,0.49663966194026865
Laikipia,2022.0,4.0,2022-04-01,0.1921230751220249
Busia,2022.0,4.0,2022-04-01,0.4819396629841128
Meru,2022.0,4.0,2022-04-01,0.3461542121206054
Nandi,2022.0,4.0,2022-04-01,0.4486418325636364
Siaya,2022.0,4.0,2022-04-01,0.31987910470677655
Nakuru,2022.0,4.0,2022-04-01,0.2504177137186002
Vihiga,2022.0,4.0,2022-04-01,0.5517069970146949
Nyandarua,2022.0,4.0,2022-04-01,0.3247660006896911
Tharaka,2022.0,4.0,2022-04-01,0.3673287920122634
Kericho,2022.0,4.0,2022-04-01,0.4785212232338151
Kisumu,2022.0,4.0,2022-04-01,0.32439290839611684
Nyeri,2022.0,4.0,2022-04-01,0.34235494392810084
Tana River,2022.0,4.0,2022-04-01,0.16197622281072094
Kitui,2022.0,4.0,2022-04-01,0.2411764367569904
Kirinyaga,2022.0,4.0,2022-04-01,0.28688464463323043
Embu,2022.0,4.0,2022-04-01,0.39586195816772607
Homa Bay,2022.0,4.0,2022-04-01,0.2920349338267333
Bomet,2022.0,4.0,2022-04-01,0.564752794498028
Nyamira,2022.0,4.0,2022-04-01,0.5682509162256384
Narok,2022.0,4.0,2022-04-01,0.42346060037040445
Kisii,2022.0,4.0,2022-04-01,0.6029756005079229
Murang'a,2022.0,4.0,2022-04-01,0.34614265391791893
Migori,2022.0,4.0,2022-04-01,0.41152135685725166
Kiambu,2022.0,4.0,2022-04-01,0.30703464335137104
Machakos,2022.0,4.0,2022-04-01,0.24271785181285702
Kajiado,2022.0,4.0,2022-04-01,0.19982486959599674
Nairobi,2022.0,4.0,2022-04-01,0.16014568368369023
Makueni,2022.0,4.0,2022-04-01,0.2749549309908343
Lamu,2022.0,4.0,2022-04-01,0.27700576363285967
Kilifi,2022.0,4.0,2022-04-01,0.2135986331413273
Taita Taveta,2022.0,4.0,2022-04-01,0.21186688237446719
Kwale,2022.0,4.0,2022-04-01,0.193558714708124
Mombasa,2022.0,4.0,2022-04-01,0.1708102186980646
Turkana,2022.0,5.0,2022-05-01,0.2289814757665513
Marsabit,2022.0,5.0,2022-05-01,0.12421934769089649
Mandera,2022.0,5.0,2022-05-01,0.2964393757271431
Wajir,2022.0,5.0,2022-05-01,0.18016627340630578
West Pokot,2022.0,5.0,2022-05-01,0.4535626261411035
Samburu,2022.0,5.0,2022-05-01,0.28177839768539154
Isiolo,2022.0,5.0,2022-05-01,0.16284029530021946
Baringo,2022.0,5.0,2022-05-01,0.47035367140782314
Elgeyo-Marakwet,2022.0,5.0,2022-05-01,0.5995704633271313
Trans Nzoia,2022.0,5.0,2022-05-01,0.5480969481440091
Bungoma,2022.0,5.0,2022-05-01,0.5844372953961333
Garissa,2022.0,5.0,2022-05-01,0.21661753077245047
Uasin Gishu,2022.0,5.0,2022-05-01,0.5078186566657624
Kakamega,2022.0,5.0,2022-05-01,0.6431442107681125
Laikipia,2022.0,5.0,2022-05-01,0.2821617738058728
Busia,2022.0,5.0,2022-05-01,0.5826444941647732
Meru,2022.0,5.0,2022-05-01,0.39897447538192976
Nandi,2022.0,5.0,2022-05-01,0.5975894350714022
Siaya,2022.0,5.0,2022-05-01,0.4329827318764712
Nakuru,2022.0,5.0,2022-05-01,0.4621131837699623
Vihiga,2022.0,5.0,2022-05-01,0.6373103929894774
Nyandarua,2022.0,5.0,2022-05-01,0.4290498852868197
Tharaka,2022.0,5.0,2022-05-01,0.5310166978983052
Kericho,2022.0,5.0,2022-05-01,0.6215739746211294
Kisumu,2022.0,5.0,2022-05-01,0.40707101460977235
Nyeri,2022.0,5.0,2022-05-01,0.6347929667313942
Tana River,2022.0,5.0,2022-05-01,0.17545105224364402
Kitui,2022.0,5.0,2022-05-01,0.3171562021931268
Kirinyaga,2022.0,5.0,2022-05-01,0.611003039964616
Embu,2022.0,5.0,2022-05-01,0.5561314203083116
Homa Bay,2022.0,5.0,2022-05-01,0.3882616154089847
Bomet,2022.0,5.0,2022-05-01,0.6483018962055385
Nyamira,2022.0,5.0,2022-05-01,0.6524721391025602
Narok,2022.0,5.0,2022-05-01,0.5097981605304215
Kisii,2022.0,5.0,2022-05-01,0.6408539973849685
Murang'a,2022.0,5.0,2022-05-01,0.6617733753712352
Migori,2022.0,5.0,2022-05-01,0.5074148227188245
Kiambu,2022.0,5.0,2022-05-01,0.542178281346609
Machakos,2022.0,5.0,2022-05-01,0.4383351976889506
Kajiado,2022.0,5.0,2022-05-01,0.288602366675495
Nairobi,2022.0,5.0,2022-05-01,0.3997326630041552
Makueni,2022.0,5.0,2022-05-01,0.3862946491449899
Lamu,2022.0,5.0,2022-05-01,0.3933707323314905
Kilifi,2022.0,5.0,2022-05-01,0.24994518073211802
Taita Taveta,2022.0,5.0,2022-05-01,0.20183753461185658
Kwale,2022.0,5.0,2022-05-01,0.258106771724717
Mombasa,2022.0,5.0,2022-05-01,0.32128974677438216
Turkana,2022.0,6.0,2022-06-01,0.19343575540383628
Marsabit,2022.0,6.0,2022-06-01,0.08717920301845841
Mandera,2022.0,6.0,2022-06-01,0.16887980182104168
Wajir,2022.0,6.0,2022-06-01,0.1428987559513642
West Pokot,2022.0,6.0,2022-06-01,0.38758824250466256
Samburu,2022.0,6.0,2022-06-01,0.2249778400225091
Isiolo,2022.0,6.0,2022-06-01,0.12663763429743324
Baringo,2022.0,6.0,2022-06-01,0.43167520994275943
Elgeyo-Marakwet,2022.0,6.0,2022-06-01,0.5116772675121452
Trans Nzoia,2022.0,6.0,2022-06-01,0.5995263965705071
Bungoma,2022.0,6.0,2022-06-01,0.5444134247637925
Garissa,2022.0,6.0,2022-06-01,0.18958560088531942
Uasin Gishu,2022.0,6.0,2022-06-01,0.4878789766165355
Kakamega,2022.0,6.0,2022-06-01,0.642766963941201
Laikipia,2022.0,6.0,2022-06-01,0.26918115161182526
Busia,2022.0,6.0,2022-06-01,0.5390957297790367
Meru,2022.0,6.0,2022-06-01,0.24888464641343766
Nandi,2022.0,6.0,2022-06-01,0.6398360511385504
Siaya,2022.0,6.0,2022-06-01,0.43282706002066906
Nakuru,2022.0,6.0,2022-06-01,0.5034913168950449
Vihiga,2022.0,6.0,2022-06-01,0.6237065441121011
Nyandarua,2022.0,6.0,2022-06-01,0.48510080888813073
Tharaka,2022.0,6.0,2022-06-01,0.2356894371982925
Kericho,2022.0,6.0,2022-06-01,0.6052770895169974
Kisumu,2022.0,6.0,2022-06-01,0.4601704193406305
Nyeri,2022.0,6.0,2022-06-01,0.41601726388252663
Tana River,2022.0,6.0,2022-06-01,0.14027674982432564
Kitui,2022.0,6.0,2022-06-01,0.22999328609791234
Kirinyaga,2022.0,6.0,2022-06-01,0.23155045209817965
Embu,2022.0,6.0,2022-06-01,0.4343160897085111
Homa Bay,2022.0,6.0,2022-06-01,0.4004670014503132
Bomet,2022.0,6.0,2022-06-01,0.6506862229785657
Nyamira,2022.0,6.0,2022-06-01,0.6416102676305477
Narok,2022.0,6.0,2022-06-01,0.5119579366978741
Kisii,2022.0,6.0,2022-06-01,0.6672907161516325
Murang'a,2022.0,6.0,2022-06-01,0.23844708057550626
Migori,2022.0,6.0,2022-06-01,0.4848089427414409
Kiambu,2022.0,6.0,2022-06-01,0.3050546541572225
Machakos,2022.0,6.0,2022-06-01,0.3203240401825736
Kajiado,2022.0,6.0,2022-06-01,0.23000009191885015
Nairobi,2022.0,6.0,2022-06-01,0.19951245379092947
Makueni,2022.0,6.0,2022-06-01,0.19459408815351648
Lamu,2022.0,6.0,2022-06-01,0.5108836999950144
Kilifi,2022.0,6.0,2022-06-01,0.27149744954730626
Taita Taveta,2022.0,6.0,2022-06-01,0.17989158540998243
Kwale,2022.0,6.0,2022-06-01,0.31963284423920657
Mombasa,2022.0,6.0,2022-06-01,0.34050471977719654
Turkana,2022.0,7.0,2022-07-01,0.14154820053125386
Marsabit,2022.0,7.0,2022-07-01,0.07241432176879777
Mandera,2022.0,7.0,2022-07-01,0.13238090349417447
Wajir,2022.0,7.0,2022-07-01,0.10472105435342201
West Pokot,2022.0,7.0,2022-07-01,0.36159768898484834
Samburu,2022.0,7.0,2022-07-01,0.17954920340968397
Isiolo,2022.0,7.0,2022-07-01,0.11491910487966822
Baringo,2022.0,7.0,2022-07-01,0.32585914138474154
Elgeyo-Marakwet,2022.0,7.0,2022-07-01,0.4129514000138334
Trans Nzoia,2022.0,7.0,2022-07-01,0.4813646744085765
Bungoma,2022.0,7.0,2022-07-01,0.5113296481996294
Garissa,2022.0,7.0,2022-07-01,0.14111211685665936
Uasin Gishu,2022.0,7.0,2022-07-01,0.48116694727391385
Kakamega,2022.0,7.0,2022-07-01,0.5787074165554211
Laikipia,2022.0,7.0,2022-07-01,0.2364543226959816
Busia,2022.0,7.0,2022-07-01,0.46527574067127747
Meru,2022.0,7.0,2022-07-01,0.20561949106503116
Nandi,2022.0,7.0,2022-07-01,0.5585958974699018
Siaya,2022.0,7.0,2022-07-01,0.26520446841102974
Nakuru,2022.0,7.0,2022-07-01,0.4138659947387622
Vihiga,2022.0,7.0,2022-07-01,0.4754941920513588
Nyandarua,2022.0,7.0,2022-07-01,0.2755401522020395
Tharaka,2022.0,7.0,2022-07-01,0.19818605463421318
Kericho,2022.0,7.0,2022-07-01,0.592372957241019
Kisumu,2022.0,7.0,2022-07-01,0.3543702045482348
Nyeri,2022.0,7.0,2022-07-01,0.17031755635424584
Tana River,2022.0,7.0,2022-07-01,0.13636046194478402
Kitui,2022.0,7.0,2022-07-01,0.224813419282232
Kirinyaga,2022.0,7.0,2022-07-01,
Embu,2022.0,7.0,2022-07-01,-0.28815742917623083
Homa Bay,2022.0,7.0,2022-07-01,0.2925306507437205
Bomet,2022.0,7.0,2022-07-01,0.5915159390099376
Nyamira,2022.0,7.0,2022-07-01,0.634086644113778
Narok,2022.0,7.0,2022-07-01,0.4000715256123885
Kisii,2022.0,7.0,2022-07-01,0.6134421255123327
Murang'a,2022.0,7.0,2022-07-01,0.49244056665616537
Migori,2022.0,7.0,2022-07-01,0.3894802020080736
Kiambu,2022.0,7.0,2022-07-01,0.38010904798767553
Machakos,2022.0,7.0,2022-07-01,0.2596052268800125
Kajiado,2022.0,7.0,2022-07-01,0.19429572467631703
Nairobi,2022.0,7.0,2022-07-01,0.302576817662737
Makueni,2022.0,7.0,2022-07-01,0.25843814281760213
Lamu,2022.0,7.0,2022-07-01,0.46943615050661447
Kilifi,2022.0,7.0,2022-07-01,0.2896304684550059
Taita Taveta,2022.0,7.0,2022-07-01,0.1564104172850256
Kwale,2022.0,7.0,2022-07-01,0.20391475394497832
Mombasa,2022.0,7.0,2022-07-01,
Turkana,2022.0,8.0,2022-08-01,0.17208660345440357
Marsabit,2022.0,8.0,2022-08-01,0.06872973807090009
Mandera,2022.0,8.0,2022-08-01,0.14300815858664215
Wajir,2022.0,8.0,2022-08-01,0.10373467305815756
West Pokot,2022.0,8.0,2022-08-01,0.41860208712059216
Samburu,2022.0,8.0,2022-08-01,0.16331068013845598
Isiolo,2022.0,8.0,2022-08-01,0.10174846522161878
Baringo,2022.0,8.0,2022-08-01,0.4283269271056798
Elgeyo-Marakwet,2022.0,8.0,2022-08-01,0.41235974936188846
Trans Nzoia,2022.0,8.0,2022-08-01,0.5007488452987764
Bungoma,2022.0,8.0,2022-08-01,0.49917938082298274
Garissa,2022.0,8.0,2022-08-01,0.1557003661499905
Uasin Gishu,2022.0,8.0,2022-08-01,0.464670064802082
Kakamega,2022.0,8.0,2022-08-01,0.6034759585554949
Laikipia,2022.0,8.0,2022-08-01,0.240359958653564
Busia,2022.0,8.0,2022-08-01,0.4350627699667759
Meru,2022.0,8.0,2022-08-01,0.1671059138379787
Nandi,2022.0,8.0,2022-08-01,0.5837238786314527
Siaya,2022.0,8.0,2022-08-01,0.308180028987032
Nakuru,2022.0,8.0,2022-08-01,0.4085082638003268
Vihiga,2022.0,8.0,2022-08-01,0.5468991126142039
Nyandarua,2022.0,8.0,2022-08-01,0.33591977393061623
Tharaka,2022.0,8.0,2022-08-01,0.2587401152733138
Kericho,2022.0,8.0,2022-08-01,0.5752125951612194
Kisumu,2022.0,8.0,2022-08-01,0.38456342936495136
Nyeri,2022.0,8.0,2022-08-01,0.2715276179086812
Tana River,2022.0,8.0,2022-08-01,0.13558610989127945
Kitui,2022.0,8.0,2022-08-01,0.16106823765343448
Kirinyaga,2022.0,8.0,2022-08-01,0.35206189642716523
Embu,2022.0,8.0,2022-08-01,0.32835768614643046
Homa Bay,2022.0,8.0,2022-08-01,0.2657028446714203
Bomet,2022.0,8.0,2022-08-01,0.49886116020106047
Nyamira,2022.0,8.0,2022-08-01,0.5840581178344129
Narok,2022.0,8.0,2022-08-01,0.3273429211121121
Kisii,2022.0,8.0,2022-08-01,0.5020160827239849
Murang'a,2022.0,8.0,2022-08-01,0.3906617244543731
Migori,2022.0,8.0,2022-08-01,0.3371206565588202
Kiambu,2022.0,8.0,2022-08-01,0.33255942433521757
Machakos,2022.0,8.0,2022-08-01,0.22930233766552555
Kajiado,2022.0,8.0,2022-08-01,0.16176286562732511
Nairobi,2022.0,8.0,2022-08-01,0.2733152422113897
Makueni,2022.0,8.0,2022-08-01,0.17183074448325897
Lamu,2022.0,8.0,2022-08-01,0.3864654654853645
Kilifi,2022.0,8.0,2022-08-01,0.31947691819897717
Taita Taveta,2022.0,8.0,2022-08-01,0.12374214134111673
Kwale,2022.0,8.0,2022-08-01,0.2530148816807756
Mombasa,2022.0,8.0,2022-08-01,0.35534805841613915
Turkana,2022.0,9.0,2022-09-01,0.17413557643999433
Marsabit,2022.0,9.0,2022-09-01,0.07453430276956233
Mandera,2022.0,9.0,2022-09-01,0.13495282915047566
Wajir,2022.0,9.0,2022-09-01,0.11781058093142781
West Pokot,2022.0,9.0,2022-09-01,0.4835674087952007
Samburu,2022.0,9.0,2022-09-01,0.19947989966703072
Isiolo,2022.0,9.0,2022-09-01,0.10996633555904721
Baringo,2022.0,9.0,2022-09-01,0.47790938267245336
Elgeyo-Marakwet,2022.0,9.0,2022-09-01,0.6426241235829676
Trans Nzoia,2022.0,9.0,2022-09-01,0.5955134129888601
Bungoma,2022.0,9.0,2022-09-01,0.5082306514119362
Garissa,2022.0,9.0,2022-09-01,0.13529431447172194
Uasin Gishu,2022.0,9.0,2022-09-01,0.5556396525636909
Kakamega,2022.0,9.0,2022-09-01,0.6101680123243567
Laikipia,2022.0,9.0,2022-09-01,0.3113674654366753
Busia,2022.0,9.0,2022-09-01,0.47184215214423053
Meru,2022.0,9.0,2022-09-01,0.20202775843387671
Nandi,2022.0,9.0,2022-09-01,0.638803570467592
Siaya,2022.0,9.0,2022-09-01,0.34219652837951353
Nakuru,2022.0,9.0,2022-09-01,0.48370368849464535
Vihiga,2022.0,9.0,2022-09-01,0.6015229696503231
Nyandarua,2022.0,9.0,2022-09-01,0.440193229954569
Tharaka,2022.0,9.0,2022-09-01,0.23291296641148487
Kericho,2022.0,9.0,2022-09-01,0.6619561933414448
Kisumu,2022.0,9.0,2022-09-01,0.4023480911325104
Nyeri,2022.0,9.0,2022-09-01,0.39321807768156297
Tana River,2022.0,9.0,2022-09-01,0.11794764502512912
Kitui,2022.0,9.0,2022-09-01,0.1850938774310125
Kirinyaga,2022.0,9.0,2022-09-01,0.09442243723364847
Embu,2022.0,9.0,2022-09-01,0.1889278299339171
Homa Bay,2022.0,9.0,2022-09-01,0.2917729008062909
Bomet,2022.0,9.0,2022-09-01,0.6483101971406059
Nyamira,2022.0,9.0,2022-09-01,0.6403107835095827
Narok,2022.0,9.0,2022-09-01,0.37559965575302107
Kisii,2022.0,9.0,2022-09-01,0.48883573133810093
Murang'a,2022.0,9.0,2022-09-01,0.2726647518916886
Migori,2022.0,9.0,2022-09-01,0.3430659571762556
Kiambu,2022.0,9.0,2022-09-01,0.21076997244965998
Machakos,2022.0,9.0,2022-09-01,0.13786096328460726
Kajiado,2022.0,9.0,2022-09-01,0.14498434151164366
Nairobi,2022.0,9.0,2022-09-01,0.1419948682104537
Makueni,2022.0,9.0,2022-09-01,0.19698923773231702
Lamu,2022.0,9.0,2022-09-01,0.3372948211272616
Kilifi,2022.0,9.0,2022-09-01,0.2399414276247402
Taita Taveta,2022.0,9.0,2022-09-01,0.14675422960159823
Kwale,2022.0,9.0,2022-09-01,0.16531837437741062
Mombasa,2022.0,9.0,2022-09-01,0.2820137248436685
Turkana,2022.0,10.0,2022-10-01,0.12213882385382277
Marsabit,2022.0,10.0,2022-10-01,0.07005317868349797
Mandera,2022.0,10.0,2022-10-01,0.1527377695083895
Wajir,2022.0,10.0,2022-10-01,0.11997015340539924
West Pokot,2022.0,10.0,2022-10-01,0.358418127422725
Samburu,2022.0,10.0,2022-10-01,0.19032172527790694
Isiolo,2022.0,10.0,2022-10-01,0.11386777430727285
Baringo,2022.0,10.0,2022-10-01,0.3747706836893245
Elgeyo-Marakwet,2022.0,10.0,2022-10-01,0.48115271177208224
Trans Nzoia,2022.0,10.0,2022-10-01,0.5129819268005288
Bungoma,2022.0,10.0,2022-10-01,0.539018715936811
Garissa,2022.0,10.0,2022-10-01,0.12381028962614934
Uasin Gishu,2022.0,10.0,2022-10-01,0.4628809144429848
Kakamega,2022.0,10.0,2022-10-01,0.5980677155552375
Laikipia,2022.0,10.0,2022-10-01,0.29336256006643924
Busia,2022.0,10.0,2022-10-01,0.46387797989753
Meru,2022.0,10.0,2022-10-01,0.26520216982341316
Nandi,2022.0,10.0,2022-10-01,0.5681055764535421
Siaya,2022.0,10.0,2022-10-01,0.30378663045664966
Nakuru,2022.0,10.0,2022-10-01,0.41783036380471195
Vihiga,2022.0,10.0,2022-10-01,0.6608707266066373
Nyandarua,2022.0,10.0,2022-10-01,0.47720378862198837
Tharaka,2022.0,10.0,2022-10-01,0.277024770865654
Kericho,2022.0,10.0,2022-10-01,0.5699548872338406
Kisumu,2022.0,10.0,2022-10-01,0.37452136624673715
Nyeri,2022.0,10.0,2022-10-01,0.4037297222124326
Tana River,2022.0,10.0,2022-10-01,0.14551588961607856
Kitui,2022.0,10.0,2022-10-01,0.18838017556796738
Kirinyaga,2022.0,10.0,2022-10-01,0.3221181964849288
Embu,2022.0,10.0,2022-10-01,0.2615077965463
Homa Bay,2022.0,10.0,2022-10-01,0.2073014579425461
Bomet,2022.0,10.0,2022-10-01,0.5492956753789653
Nyamira,2022.0,10.0,2022-10-01,0.5639513601778784
Narok,2022.0,10.0,2022-10-01,0.3561575194942044
Kisii,2022.0,10.0,2022-10-01,0.6004707921836568
Murang'a,2022.0,10.0,2022-10-01,0.357664924537063
Migori,2022.0,10.0,2022-10-01,0.3298944513159018
Kiambu,2022.0,10.0,2022-10-01,0.34304837911558733
Machakos,2022.0,10.0,2022-10-01,0.16824516679258658
Kajiado,2022.0,10.0,2022-10-01,0.14341346420088996
Nairobi,2022.0,10.0,2022-10-01,0.18928237813963075
Makueni,2022.0,10.0,2022-10-01,0.17934224587445924
Lamu,2022.0,10.0,2022-10-01,0.336898611463904
Kilifi,2022.0,10.0,2022-10-01,0.18382611329469903
Taita Taveta,2022.0,10.0,2022-10-01,0.1525392728769161
Kwale,2022.0,10.0,2022-10-01,0.23643256572117033
Mombasa,2022.0,10.0,2022-10-01,0.2778046319459769
Turkana,2022.0,11.0,2022-11-01,0.09493554140323576
Marsabit,2022.0,11.0,2022-11-01,0.01752110412368954
Mandera,2022.0,11.0,2022-11-01,0.14452738607611068
Wajir,2022.0,11.0,2022-11-01,
West Pokot,2022.0,11.0,2022-11-01,0.2813253608136266
Samburu,2022.0,11.0,2022-11-01,0.16044956322447076
Isiolo,2022.0,11.0,2022-11-01,0.10949959504682283
Baringo,2022.0,11.0,2022-11-01,0.2724201240309886
Elgeyo-Marakwet,2022.0,11.0,2022-11-01,0.3879589830134692
Trans Nzoia,2022.0,11.0,2022-11-01,0.3661015521218015
Bungoma,2022.0,11.0,2022-11-01,0.3900745727381195
Garissa,2022.0,11.0,2022-11-01,0.3147602673022627
Uasin Gishu,2022.0,11.0,2022-11-01,0.4028529979087115
Kakamega,2022.0,11.0,2022-11-01,0.5324322132036825
Laikipia,2022.0,11.0,2022-11-01,0.20873044801935378
Busia,2022.0,11.0,2022-11-01,0.17035222432623293
Meru,2022.0,11.0,2022-11-01,0.21738873545054424
Nandi,2022.0,11.0,2022-11-01,0.5429193405277473
Siaya,2022.0,11.0,2022-11-01,0.22122103615225627
Nakuru,2022.0,11.0,2022-11-01,0.36056280076498176
Vihiga,2022.0,11.0,2022-11-01,0.6983999118314068
Nyandarua,2022.0,11.0,2022-11-01,0.5229894362082703
Tharaka,2022.0,11.0,2022-11-01,0.1697411933117429
Kericho,2022.0,11.0,2022-11-01,0.5201012390778829
Kisumu,2022.0,11.0,2022-11-01,0.33454773612742444
Nyeri,2022.0,11.0,2022-11-01,0.3103906571210916
Tana River,2022.0,11.0,2022-11-01,0.2355354581805246
Kitui,2022.0,11.0,2022-11-01,0.2897547416286409
Kirinyaga,2022.0,11.0,2022-11-01,0.09712159346992728
Embu,2022.0,11.0,2022-11-01,0.28895223246075075
Homa Bay,2022.0,11.0,2022-11-01,0.24369622833040466
Bomet,2022.0,11.0,2022-11-01,0.49968495500695725
Nyamira,2022.0,11.0,2022-11-01,0.6182623928030722
Narok,2022.0,11.0,2022-11-01,0.30361333141570473
Kisii,2022.0,11.0,2022-11-01,0.3610055894410193
Murang'a,2022.0,11.0,2022-11-01,0.3156788504083432
Migori,2022.0,11.0,2022-11-01,0.298595585875182
Kiambu,2022.0,11.0,2022-11-01,0.35873777336071744
Machakos,2022.0,11.0,2022-11-01,0.3187231618911353
Kajiado,2022.0,11.0,2022-11-01,0.14154257489088481
Nairobi,2022.0,11.0,2022-11-01,0.06529957945856708
Makueni,2022.0,11.0,2022-11-01,0.19585442113683588
Lamu,2022.0,11.0,2022-11-01,0.38770910148276555
Kilifi,2022.0,11.0,2022-11-01,0.2780388683873461
Taita Taveta,2022.0,11.0,2022-11-01,0.1522780389761684
Kwale,2022.0,11.0,2022-11-01,0.23721750334799377
Mombasa,2022.0,11.0,2022-11-01,
Turkana,2022.0,12.0,2022-12-01,0.10647850082064406
Marsabit,2022.0,12.0,2022-12-01,0.07349241884433852
Mandera,2022.0,12.0,2022-12-01,0.16178091911198786
Wajir,2022.0,12.0,2022-12-01,0.14903798096940815
West Pokot,2022.0,12.0,2022-12-01,0.2822114964665335
Samburu,2022.0,12.0,2022-12-01,0.21243131685365957
Isiolo,2022.0,12.0,2022-12-01,0.11043686888063446
Baringo,2022.0,12.0,2022-12-01,0.26668942121762373
Elgeyo-Marakwet,2022.0,12.0,2022-12-01,0.43466412169797497
Trans Nzoia,2022.0,12.0,2022-12-01,0.4906478645219228
Bungoma,2022.0,12.0,2022-12-01,0.46373363129599565
Garissa,2022.0,12.0,2022-12-01,0.3015313368491361
Uasin Gishu,2022.0,12.0,2022-12-01,0.33938717567201515
Kakamega,2022.0,12.0,2022-12-01,0.5500275537223789
Laikipia,2022.0,12.0,2022-12-01,0.26424568042654784
Busia,2022.0,12.0,2022-12-01,0.4195426358728285
Meru,2022.0,12.0,2022-12-01,0.40326631595998924
Nandi,2022.0,12.0,2022-12-01,0.5168044956032717
Siaya,2022.0,12.0,2022-12-01,0.2859876777273014
Nakuru,2022.0,12.0,2022-12-01,0.3719448403773925
Vihiga,2022.0,12.0,2022-12-01,0.5986552874554346
Nyandarua,2022.0,12.0,2022-12-01,0.38501145700298467
Tharaka,2022.0,12.0,2022-12-01,0.48081219581344425
Kericho,2022.0,12.0,2022-12-01,0.6035860216431479
Kisumu,2022.0,12.0,2022-12-01,0.391104452887497
Nyeri,2022.0,12.0,2022-12-01,0.43703536532721815
Tana River,2022.0,12.0,2022-12-01,0.2268888768302342
Kitui,2022.0,12.0,2022-12-01,0.4121743317529191
Kirinyaga,2022.0,12.0,2022-12-01,0.4619887193699167
Embu,2022.0,12.0,2022-12-01,0.5338540070656298
Homa Bay,2022.0,12.0,2022-12-01,0.24919481568713175
Bomet,2022.0,12.0,2022-12-01,0.6542438665497271
Nyamira,2022.0,12.0,2022-12-01,0.7170174664469505
Narok,2022.0,12.0,2022-12-01,0.3470433207598922
Kisii,2022.0,12.0,2022-12-01,0.5526551715809611
Murang'a,2022.0,12.0,2022-12-01,0.5565756776082147
Migori,2022.0,12.0,2022-12-01,0.41204520777724324
Kiambu,2022.0,12.0,2022-12-01,0.37669054166165145
Machakos,2022.0,12.0,2022-12-01,0.3888460364933689
Kajiado,2022.0,12.0,2022-12-01,0.1880629223886074
Nairobi,2022.0,12.0,2022-12-01,0.23290788963958464
Makueni,2022.0,12.0,2022-12-01,0.477557818683911
Lamu,2022.0,12.0,2022-12-01,0.4642969951570015
Kilifi,2022.0,12.0,2022-12-01,0.27486663548220763
Taita Taveta,2022.0,12.0,2022-12-01,0.2518125984383899
Kwale,2022.0,12.0,2022-12-01,0.24071739162741376
Mombasa,2022.0,12.0,2022-12-01,0.24381414568876328
Turkana,2023.0,1.0,2023-01-01,0.1185824602695471
Marsabit,2023.0,1.0,2023-01-01,0.08754008117590978
Mandera,2023.0,1.0,2023-01-01,0.16665208552053803
Wajir,2023.0,1.0,2023-01-01,0.14863226328771045
West Pokot,2023.0,1.0,2023-01-01,0.28981526752140163
Samburu,2023.0,1.0,2023-01-01,0.2260645321252531
Isiolo,2023.0,1.0,2023-01-01,0.138459558068133
Baringo,2023.0,1.0,2023-01-01,0.3097548539046
Elgeyo-Marakwet,2023.0,1.0,2023-01-01,0.5337304235609833
Trans Nzoia,2023.0,1.0,2023-01-01,0.4573377668088198
Bungoma,2023.0,1.0,2023-01-01,0.5116265791061873
Garissa,2023.0,1.0,2023-01-01,0.22747214225721651
Uasin Gishu,2023.0,1.0,2023-01-01,0.3982463161016754
Kakamega,2023.0,1.0,2023-01-01,0.5680169691325515
Laikipia,2023.0,1.0,2023-01-01,0.27172073974893307
Busia,2023.0,1.0,2023-01-01,0.48394551308428324
Meru,2023.0,1.0,2023-01-01,0.4687325654407324
Nandi,2023.0,1.0,2023-01-01,0.6430179916750162
Siaya,2023.0,1.0,2023-01-01,0.34271685415726055
Nakuru,2023.0,1.0,2023-01-01,0.39371054887685
Vihiga,2023.0,1.0,2023-01-01,0.6358098411126938
Nyandarua,2023.0,1.0,2023-01-01,0.51410986091632
Tharaka,2023.0,1.0,2023-01-01,0.4917795194583823
Kericho,2023.0,1.0,2023-01-01,0.6030756968812471
Kisumu,2023.0,1.0,2023-01-01,0.36639284207032924
Nyeri,2023.0,1.0,2023-01-01,0.6337040894694511
Tana River,2023.0,1.0,2023-01-01,0.18555562053185795
Kitui,2023.0,1.0,2023-01-01,0.31990033166650167
Kirinyaga,2023.0,1.0,2023-01-01,0.6065639790646389
Embu,2023.0,1.0,2023-01-01,0.4895525263299498
Homa Bay,2023.0,1.0,2023-01-01,0.26378429676654747
Bomet,2023.0,1.0,2023-01-01,0.7000558403264837
Nyamira,2023.0,1.0,2023-01-01,0.6740435661684823
Narok,2023.0,1.0,2023-01-01,0.47220456655302545
Kisii,2023.0,1.0,2023-01-01,0.6551902298882016
Murang'a,2023.0,1.0,2023-01-01,0.6859224996006836
Migori,2023.0,1.0,2023-01-01,0.44611425497670487
Kiambu,2023.0,1.0,2023-01-01,0.5591536564453233
Machakos,2023.0,1.0,2023-01-01,0.3454688816377125
Kajiado,2023.0,1.0,2023-01-01,0.2567775500725004
Nairobi,2023.0,1.0,2023-01-01,0.32253371813440435
Makueni,2023.0,1.0,2023-01-01,0.3874194922280493
Lamu,2023.0,1.0,2023-01-01,0.41016631723195224
Kilifi,2023.0,1.0,2023-01-01,0.2961298434342311
Taita Taveta,2023.0,1.0,2023-01-01,0.2520772649372547
Kwale,2023.0,1.0,2023-01-01,0.3132522898622326
Mombasa,2023.0,1.0,2023-01-01,0.19443130013652957
Turkana,2023.0,2.0,2023-02-01,0.10530511390819983
Marsabit,2023.0,2.0,2023-02-01,0.08560295380038681
Mandera,2023.0,2.0,2023-02-01,0.1625039189015613
Wajir,2023.0,2.0,2023-02-01,0.12906924927895433
West Pokot,2023.0,2.0,2023-02-01,0.24979148280108676
Samburu,2023.0,2.0,2023-02-01,0.18924590317650147
Isiolo,2023.0,2.0,2023-02-01,0.1188393687349319
Baringo,2023.0,2.0,2023-02-01,0.2647186386209197
Elgeyo-Marakwet,2023.0,2.0,2023-02-01,0.45794231922373524
Trans Nzoia,2023.0,2.0,2023-02-01,0.3584188938876489
Bungoma,2023.0,2.0,2023-02-01,0.3997397779900898
Garissa,2023.0,2.0,2023-02-01,0.1705166211143145
Uasin Gishu,2023.0,2.0,2023-02-01,0.3037188499898767
Kakamega,2023.0,2.0,2023-02-01,0.43500799603638485
Laikipia,2023.0,2.0,2023-02-01,0.21963825040728704
Busia,2023.0,2.0,2023-02-01,0.349721519371767
Meru,2023.0,2.0,2023-02-01,0.36217563916494183
Nandi,2023.0,2.0,2023-02-01,0.4928876381641477
Siaya,2023.0,2.0,2023-02-01,0.20458459820071556
Nakuru,2023.0,2.0,2023-02-01,0.2943365966558809
Vihiga,2023.0,2.0,2023-02-01,0.5047439938380581
Nyandarua,2023.0,2.0,2023-02-01,0.3960027746230259
Tharaka,2023.0,2.0,2023-02-01,0.3650499726773514
Kericho,2023.0,2.0,2023-02-01,0.4747104309037581
Kisumu,2023.0,2.0,2023-02-01,0.25468897059217194
Nyeri,2023.0,2.0,2023-02-01,0.507441242994351
Tana River,2023.0,2.0,2023-02-01,0.16899248605257036
Kitui,2023.0,2.0,2023-02-01,0.23544486339656465
Kirinyaga,2023.0,2.0,2023-02-01,0.4490660228348226
Embu,2023.0,2.0,2023-02-01,0.3603067160294554
Homa Bay,2023.0,2.0,2023-02-01,0.15924190324280182
Bomet,2023.0,2.0,2023-02-01,0.5699007305839046
Nyamira,2023.0,2.0,2023-02-01,0.5601825061548238
Narok,2023.0,2.0,2023-02-01,0.38521198744963103
Kisii,2023.0,2.0,2023-02-01,0.5018979536415823
Murang'a,2023.0,2.0,2023-02-01,0.4908326277158311
Migori,2023.0,2.0,2023-02-01,0.3169537890103612
Kiambu,2023.0,2.0,2023-02-01,0.4035630855203441
Machakos,2023.0,2.0,2023-02-01,0.23251873258303937
Kajiado,2023.0,2.0,2023-02-01,0.1786979826039296
Nairobi,2023.0,2.0,2023-02-01,0.21292443619058443
Makueni,2023.0,2.0,2023-02-01,0.2947786216498488
Lamu,2023.0,2.0,2023-02-01,0.2849662017292148
Kilifi,2023.0,2.0,2023-02-01,0.24286181565224718
Taita Taveta,2023.0,2.0,2023-02-01,0.19415565739984744
Kwale,2023.0,2.0,2023-02-01,0.22703593661096644
Mombasa,2023.0,2.0,2023-02-01,0.1797322552619275
Turkana,2023.0,3.0,2023-03-01,0.11632821328307542
Marsabit,2023.0,3.0,2023-03-01,0.0783785481130564
Mandera,2023.0,3.0,2023-03-01,0.1510873560554548
Wajir,2023.0,3.0,2023-03-01,0.14384449011033412
West Pokot,2023.0,3.0,2023-03-01,0.19647069057214492
Samburu,2023.0,3.0,2023-03-01,0.1532887528193912
Isiolo,2023.0,3.0,2023-03-01,0.11572571338081865
Baringo,2023.0,3.0,2023-03-01,0.21194071914552323
Elgeyo-Marakwet,2023.0,3.0,2023-03-01,0.3141783728662161
Trans Nzoia,2023.0,3.0,2023-03-01,0.2566079589254227
Bungoma,2023.0,3.0,2023-03-01,0.365510383814882
Garissa,2023.0,3.0,2023-03-01,0.18417231203874068
Uasin Gishu,2023.0,3.0,2023-03-01,0.24532744595807066
Kakamega,2023.0,3.0,2023-03-01,0.39449745112984175
Laikipia,2023.0,3.0,2023-03-01,0.19142512930848904
Busia,2023.0,3.0,2023-03-01,0.26537619076199276
Meru,2023.0,3.0,2023-03-01,0.3025258478969172
Nandi,2023.0,3.0,2023-03-01,0.3810492352905213
Siaya,2023.0,3.0,2023-03-01,0.18055070023103667
Nakuru,2023.0,3.0,2023-03-01,0.2379331202932122
Vihiga,2023.0,3.0,2023-03-01,0.40533256334820594
Nyandarua,2023.0,3.0,2023-03-01,0.34348767462867286
Tharaka,2023.0,3.0,2023-03-01,0.3497230643926749
Kericho,2023.0,3.0,2023-03-01,0.4320496418807884
Kisumu,2023.0,3.0,2023-03-01,0.22712552632676405
Nyeri,2023.0,3.0,2023-03-01,0.4405017436067183
Tana River,2023.0,3.0,2023-03-01,0.16085266866041412
Kitui,2023.0,3.0,2023-03-01,0.2204416566020453
Kirinyaga,2023.0,3.0,2023-03-01,0.3341431946278826
Embu,2023.0,3.0,2023-03-01,0.332926730031983
Homa Bay,2023.0,3.0,2023-03-01,0.2010511918741291
Bomet,2023.0,3.0,2023-03-01,0.48032696340377945
Nyamira,2023.0,3.0,2023-03-01,0.5760303968342319
Narok,2023.0,3.0,2023-03-01,0.34682089186637793
Kisii,2023.0,3.0,2023-03-01,0.5500023053901861
Murang'a,2023.0,3.0,2023-03-01,0.3830429318145959
Migori,2023.0,3.0,2023-03-01,0.3364009916383842
Kiambu,2023.0,3.0,2023-03-01,0.3456441825615111
Machakos,2023.0,3.0,2023-03-01,0.2017731576232508
Kajiado,2023.0,3.0,2023-03-01,0.1675596051688144
Nairobi,2023.0,3.0,2023-03-01,0.1844666710557679
Makueni,2023.0,3.0,2023-03-01,0.25289702815740644
Lamu,2023.0,3.0,2023-03-01,0.2769772875804196
Kilifi,2023.0,3.0,2023-03-01,0.23055341779996097
Taita Taveta,2023.0,3.0,2023-03-01,0.17066642035716645
Kwale,2023.0,3.0,2023-03-01,0.17748026811668993
Mombasa,2023.0,3.0,2023-03-01,0.19782754202108968
Turkana,2023.0,4.0,2023-04-01,0.18119989470547812
Marsabit,2023.0,4.0,2023-04-01,0.07587583815228403
Mandera,2023.0,4.0,2023-04-01,0.26772487235911546
Wajir,2023.0,4.0,2023-04-01,0.234404018312289
West Pokot,2023.0,4.0,2023-04-01,0.34942595792359604
Samburu,2023.0,4.0,2023-04-01,0.21883947704134846
Isiolo,2023.0,4.0,2023-04-01,0.24775932400013412
Baringo,2023.0,4.0,2023-04-01,0.36287323466775606
Elgeyo-Marakwet,2023.0,4.0,2023-04-01,0.4864557378900274
Trans Nzoia,2023.0,4.0,2023-04-01,0.383350957191188
Bungoma,2023.0,4.0,2023-04-01,0.4915922007703927
Garissa,2023.0,4.0,2023-04-01,0.28207992816376043
Uasin Gishu,2023.0,4.0,2023-04-01,0.3437057973269218
Kakamega,2023.0,4.0,2023-04-01,0.5018728537250944
Laikipia,2023.0,4.0,2023-04-01,0.28073861798774974
Busia,2023.0,4.0,2023-04-01,0.4795955317768114
Meru,2023.0,4.0,2023-04-01,0.4154665746492033
Nandi,2023.0,4.0,2023-04-01,0.4726120601794432
Siaya,2023.0,4.0,2023-04-01,0.36778090548764464
Nakuru,2023.0,4.0,2023-04-01,0.33989763983223825
Vihiga,2023.0,4.0,2023-04-01,0.5575315684231051
Nyandarua,2023.0,4.0,2023-04-01,0.24097021976069605
Tharaka,2023.0,4.0,2023-04-01,0.3963757404075821
Kericho,2023.0,4.0,2023-04-01,0.45707669758818964
Kisumu,2023.0,4.0,2023-04-01,0.29240410040076864
Nyeri,2023.0,4.0,2023-04-01,0.4747975688146607
Tana River,2023.0,4.0,2023-04-01,0.2620247661772529
Kitui,2023.0,4.0,2023-04-01,0.48827683018623586
Kirinyaga,2023.0,4.0,2023-04-01,0.41587977283170163
Embu,2023.0,4.0,2023-04-01,0.37666256156363037
Homa Bay,2023.0,4.0,2023-04-01,0.37601126101470406
Bomet,2023.0,4.0,2023-04-01,0.5955595089218704
Nyamira,2023.0,4.0,2023-04-01,0.585789482655769
Narok,2023.0,4.0,2023-04-01,0.3927445217102838
Kisii,2023.0,4.0,2023-04-01,0.5745658205377193
Murang'a,2023.0,4.0,2023-04-01,0.5342163156163793
Migori,2023.0,4.0,2023-04-01,0.3876684970559045
Kiambu,2023.0,4.0,2023-04-01,0.4392608396058868
Machakos,2023.0,4.0,2023-04-01,0.4642751868810986
Kajiado,2023.0,4.0,2023-04-01,0.25265285029081774
Nairobi,2023.0,4.0,2023-04-01,0.11241760003084353
Makueni,2023.0,4.0,2023-04-01,0.4040728213450837
Lamu,2023.0,4.0,2023-04-01,0.3732303234732039
Kilifi,2023.0,4.0,2023-04-01,0.2364849411721456
Taita Taveta,2023.0,4.0,2023-04-01,0.22192519618829978
Kwale,2023.0,4.0,2023-04-01,0.2591747380935697
Mombasa,2023.0,4.0,2023-04-01,0.24900773777860785
Turkana,2023.0,5.0,2023-05-01,0.23087864249925363
Marsabit,2023.0,5.0,2023-05-01,0.2241701471752843
Mandera,2023.0,5.0,2023-05-01,0.30353808979499974
Wajir,2023.0,5.0,2023-05-01,0.29317387432494785
West Pokot,2023.0,5.0,2023-05-01,0.4457827117513774
Samburu,2023.0,5.0,2023-05-01,0.35470049720003416
Isiolo,2023.0,5.0,2023-05-01,0.3875423849635541
Baringo,2023.0,5.0,2023-05-01,0.47439063838617174
Elgeyo-Marakwet,2023.0,5.0,2023-05-01,0.5049156842118511
Trans Nzoia,2023.0,5.0,2023-05-01,0.5612939311576348
Bungoma,2023.0,5.0,2023-05-01,0.589428386667643
Garissa,2023.0,5.0,2023-05-01,0.2928572722930982
Uasin Gishu,2023.0,5.0,2023-05-01,0.48562013910807567
Kakamega,2023.0,5.0,2023-05-01,0.6822144955934408
Laikipia,2023.0,5.0,2023-05-01,0.4396530824666339
Busia,2023.0,5.0,2023-05-01,0.5884489900131785
Meru,2023.0,5.0,2023-05-01,0.529441573078558
Nandi,2023.0,5.0,2023-05-01,0.6444421743100173
Siaya,2023.0,5.0,2023-05-01,0.43513450313227703
Nakuru,2023.0,5.0,2023-05-01,0.5087309462214553
Vihiga,2023.0,5.0,2023-05-01,0.7213461716352141
Nyandarua,2023.0,5.0,2023-05-01,0.5482851809097754
Tharaka,2023.0,5.0,2023-05-01,0.5788815005543219
Kericho,2023.0,5.0,2023-05-01,0.6155281141874522
Kisumu,2023.0,5.0,2023-05-01,0.45283666738853606
Nyeri,2023.0,5.0,2023-05-01,0.5695842549816509
Tana River,2023.0,5.0,2023-05-01,0.24175187547483637
Kitui,2023.0,5.0,2023-05-01,0.3916996786642932
Kirinyaga,2023.0,5.0,2023-05-01,0.4593440383022921
Embu,2023.0,5.0,2023-05-01,0.48408005311122604
Homa Bay,2023.0,5.0,2023-05-01,0.36069574501445145
Bomet,2023.0,5.0,2023-05-01,0.6325129056589108
Nyamira,2023.0,5.0,2023-05-01,0.6840904950083663
Narok,2023.0,5.0,2023-05-01,0.5209189840815284
Kisii,2023.0,5.0,2023-05-01,0.656685135121792
Murang'a,2023.0,5.0,2023-05-01,0.43508360534735835
Migori,2023.0,5.0,2023-05-01,0.49638785734852675
Kiambu,2023.0,5.0,2023-05-01,0.4629400234160512
Machakos,2023.0,5.0,2023-05-01,0.33896723125815525
Kajiado,2023.0,5.0,2023-05-01,0.3003484828766439
Nairobi,2023.0,5.0,2023-05-01,0.1113211618992254
Makueni,2023.0,5.0,2023-05-01,0.28930341665288867
Lamu,2023.0,5.0,2023-05-01,0.48288901407297286
Kilifi,2023.0,5.0,2023-05-01,0.35443385813742506
Taita Taveta,2023.0,5.0,2023-05-01,0.28270545886589926
Kwale,2023.0,5.0,2023-05-01,0.38634792955189323
Mombasa,2023.0,5.0,2023-05-01,0.3602129571821808
Turkana,2023.0,6.0,2023-06-01,0.1745498754224008
Marsabit,2023.0,6.0,2023-06-01,0.1454952570294444
Mandera,2023.0,6.0,2023-06-01,0.25135232804266533
Wajir,2023.0,6.0,2023-06-01,0.2183461895080782
West Pokot,2023.0,6.0,2023-06-01,0.41716705768099344
Samburu,2023.0,6.0,2023-06-01,0.2524313161888266
Isiolo,2023.0,6.0,2023-06-01,0.23553122986513433
Baringo,2023.0,6.0,2023-06-01,0.44462742185568355
Elgeyo-Marakwet,2023.0,6.0,2023-06-01,0.5246835218733896
Trans Nzoia,2023.0,6.0,2023-06-01,0.5281244123593848
Bungoma,2023.0,6.0,2023-06-01,0.4873131892691263
Garissa,2023.0,6.0,2023-06-01,0.22697894727402967
Uasin Gishu,2023.0,6.0,2023-06-01,0.4365430406965253
Kakamega,2023.0,6.0,2023-06-01,0.6070076288476249
Laikipia,2023.0,6.0,2023-06-01,0.34213516146840467
Busia,2023.0,6.0,2023-06-01,0.57359204206573
Meru,2023.0,6.0,2023-06-01,0.3989600665320989
Nandi,2023.0,6.0,2023-06-01,0.5053465662956657
Siaya,2023.0,6.0,2023-06-01,0.4007739642996676
Nakuru,2023.0,6.0,2023-06-01,0.5388720612749904
Vihiga,2023.0,6.0,2023-06-01,0.6220032515008933
Nyandarua,2023.0,6.0,2023-06-01,0.6179858298334957
Tharaka,2023.0,6.0,2023-06-01,0.4605157427768983
Kericho,2023.0,6.0,2023-06-01,0.6295130100910142
Kisumu,2023.0,6.0,2023-06-01,0.369076767896709
Nyeri,2023.0,6.0,2023-06-01,0.6482773163068043
Tana River,2023.0,6.0,2023-06-01,0.2021185051525357
Kitui,2023.0,6.0,2023-06-01,0.3634352534440872
Kirinyaga,2023.0,6.0,2023-06-01,0.44923606283585754
Embu,2023.0,6.0,2023-06-01,0.45615249254780105
Homa Bay,2023.0,6.0,2023-06-01,0.30108251134963737
Bomet,2023.0,6.0,2023-06-01,0.6624110392671079
Nyamira,2023.0,6.0,2023-06-01,0.6977671171497029
Narok,2023.0,6.0,2023-06-01,0.4685933981726529
Kisii,2023.0,6.0,2023-06-01,0.6576094084131261
Murang'a,2023.0,6.0,2023-06-01,0.5493278040754617
Migori,2023.0,6.0,2023-06-01,0.4118479342805619
Kiambu,2023.0,6.0,2023-06-01,0.4221943559808261
Machakos,2023.0,6.0,2023-06-01,0.4050871411871958
Kajiado,2023.0,6.0,2023-06-01,0.28395623804885584
Nairobi,2023.0,6.0,2023-06-01,0.32402269132906986
Makueni,2023.0,6.0,2023-06-01,0.43906916829508263
Lamu,2023.0,6.0,2023-06-01,0.49793359241109775
Kilifi,2023.0,6.0,2023-06-01,0.36216002830076044
Taita Taveta,2023.0,6.0,2023-06-01,0.22914263896479944
Kwale,2023.0,6.0,2023-06-01,0.4921492331607722
Mombasa,2023.0,6.0,2023-06-01,0.3817837711373931
Turkana,2023.0,7.0,2023-07-01,0.1405486345900128
Marsabit,2023.0,7.0,2023-07-01,0.11079168356256248
Mandera,2023.0,7.0,2023-07-01,0.1395300596563386
Wajir,2023.0,7.0,2023-07-01,0.1465607043752392
West Pokot,2023.0,7.0,2023-07-01,0.32103084177272206
Samburu,2023.0,7.0,2023-07-01,0.19953110630968712
Isiolo,2023.0,7.0,2023-07-01,0.16258290847314316
Baringo,2023.0,7.0,2023-07-01,0.3375909845821598
Elgeyo-Marakwet,2023.0,7.0,2023-07-01,0.4008109082668505
Trans Nzoia,2023.0,7.0,2023-07-01,0.46186518195645876
Bungoma,2023.0,7.0,2023-07-01,0.46529806464067375
Garissa,2023.0,7.0,2023-07-01,0.17416809900620023
Uasin Gishu,2023.0,7.0,2023-07-01,0.4670811556181855
Kakamega,2023.0,7.0,2023-07-01,0.5664986841822913
Laikipia,2023.0,7.0,2023-07-01,0.29713425661684184
Busia,2023.0,7.0,2023-07-01,0.4455900920612143
Meru,2023.0,7.0,2023-07-01,0.26277255405616456
Nandi,2023.0,7.0,2023-07-01,0.5677932951395204
Siaya,2023.0,7.0,2023-07-01,0.39341118375507955
Nakuru,2023.0,7.0,2023-07-01,0.4242732549995262
Vihiga,2023.0,7.0,2023-07-01,0.5511347720653215
Nyandarua,2023.0,7.0,2023-07-01,0.5799113983408098
Tharaka,2023.0,7.0,2023-07-01,0.19502770373716027
Kericho,2023.0,7.0,2023-07-01,0.5030361519808917
Kisumu,2023.0,7.0,2023-07-01,0.3492850660968014
Nyeri,2023.0,7.0,2023-07-01,0.39810642404466773
Tana River,2023.0,7.0,2023-07-01,0.12822881183684248
Kitui,2023.0,7.0,2023-07-01,0.22315920302966089
Kirinyaga,2023.0,7.0,2023-07-01,0.27839064652269097
Embu,2023.0,7.0,2023-07-01,0.18447523019775644
Homa Bay,2023.0,7.0,2023-07-01,0.33000140348613993
Bomet,2023.0,7.0,2023-07-01,0.5814586347433328
Nyamira,2023.0,7.0,2023-07-01,0.6171463047640847
Narok,2023.0,7.0,2023-07-01,0.4086682821505969
Kisii,2023.0,7.0,2023-07-01,0.5868535895925528
Murang'a,2023.0,7.0,2023-07-01,0.11763840927495213
Migori,2023.0,7.0,2023-07-01,0.41447550399452626
Kiambu,2023.0,7.0,2023-07-01,0.17685445347474832
Machakos,2023.0,7.0,2023-07-01,0.17735233494182398
Kajiado,2023.0,7.0,2023-07-01,0.10245733024096935
Nairobi,2023.0,7.0,2023-07-01,
Makueni,2023.0,7.0,2023-07-01,0.22702483386353814
Lamu,2023.0,7.0,2023-07-01,0.48456674359432744
Kilifi,2023.0,7.0,2023-07-01,0.34896457515293156
Taita Taveta,2023.0,7.0,2023-07-01,0.1415394996161433
Kwale,2023.0,7.0,2023-07-01,0.38188704346556024
Mombasa,2023.0,7.0,2023-07-01,
Turkana,2023.0,8.0,2023-08-01,0.14127151772635962
Marsabit,2023.0,8.0,2023-08-01,0.09307209027378449
Mandera,2023.0,8.0,2023-08-01,0.177216427609266
Wajir,2023.0,8.0,2023-08-01,0.13282724110343294
West Pokot,2023.0,8.0,2023-08-01,0.3569467629978293
Samburu,2023.0,8.0,2023-08-01,0.18027362425414287
Isiolo,2023.0,8.0,2023-08-01,0.13766337917728091
Baringo,2023.0,8.0,2023-08-01,0.395349862269142
Elgeyo-Marakwet,2023.0,8.0,2023-08-01,0.5486100212011152
Trans Nzoia,2023.0,8.0,2023-08-01,0.5455183750419202
Bungoma,2023.0,8.0,2023-08-01,0.4936780219645899
Garissa,2023.0,8.0,2023-08-01,0.16274644303178837
Uasin Gishu,2023.0,8.0,2023-08-01,0.5920178037322046
Kakamega,2023.0,8.0,2023-08-01,0.6132481256392767
Laikipia,2023.0,8.0,2023-08-01,0.2542758793276766
Busia,2023.0,8.0,2023-08-01,0.4623321991036307
Meru,2023.0,8.0,2023-08-01,0.3066353016944669
Nandi,2023.0,8.0,2023-08-01,0.6553704958893238
Siaya,2023.0,8.0,2023-08-01,0.3165649857399121
Nakuru,2023.0,8.0,2023-08-01,0.4343063257389821
Vihiga,2023.0,8.0,2023-08-01,0.5513721955472909
Nyandarua,2023.0,8.0,2023-08-01,0.45136653780677227
Tharaka,2023.0,8.0,2023-08-01,0.34358400086212865
Kericho,2023.0,8.0,2023-08-01,0.6356350093501559
Kisumu,2023.0,8.0,2023-08-01,0.31206521276714
Nyeri,2023.0,8.0,2023-08-01,0.46957030669143124
Tana River,2023.0,8.0,2023-08-01,0.1557978694350528
Kitui,2023.0,8.0,2023-08-01,0.21330159089092468
Kirinyaga,2023.0,8.0,2023-08-01,0.4899871956072874
Embu,2023.0,8.0,2023-08-01,0.36681124682972127
Homa Bay,2023.0,8.0,2023-08-01,0.21853543737852257
Bomet,2023.0,8.0,2023-08-01,0.5999165423135799
Nyamira,2023.0,8.0,2023-08-01,0.6641801381542535
Narok,2023.0,8.0,2023-08-01,0.3572895185469289
Kisii,2023.0,8.0,2023-08-01,0.5897876028153656
Murang'a,2023.0,8.0,2023-08-01,0.44576909284419136
Migori,2023.0,8.0,2023-08-01,0.31401161336957545
Kiambu,2023.0,8.0,2023-08-01,0.44159779109443437
Machakos,2023.0,8.0,2023-08-01,0.23507200305535308
Kajiado,2023.0,8.0,2023-08-01,0.16335984883351234
Nairobi,2023.0,8.0,2023-08-01,0.2629855037122668
Makueni,2023.0,8.0,2023-08-01,0.24442571379175138
Lamu,2023.0,8.0,2023-08-01,0.40583631118253677
Kilifi,2023.0,8.0,2023-08-01,0.2821126254496213
Taita Taveta,2023.0,8.0,2023-08-01,0.15242970711888953
Kwale,2023.0,8.0,2023-08-01,0.3028787305694376
Mombasa,2023.0,8.0,2023-08-01,0.31875417750686685
Turkana,2023.0,9.0,2023-09-01,0.12807576638634283
Marsabit,2023.0,9.0,2023-09-01,0.09640853073083107
Mandera,2023.0,9.0,2023-09-01,0.15867501750086835
Wajir,2023.0,9.0,2023-09-01,0.1428079646516808
West Pokot,2023.0,9.0,2023-09-01,0.3385323496127315
Samburu,2023.0,9.0,2023-09-01,0.1844962575343846
Isiolo,2023.0,9.0,2023-09-01,0.14098832724557525
Baringo,2023.0,9.0,2023-09-01,0.3773980471254478
Elgeyo-Marakwet,2023.0,9.0,2023-09-01,0.5445425114707919
Trans Nzoia,2023.0,9.0,2023-09-01,0.5115096460227548
Bungoma,2023.0,9.0,2023-09-01,0.5297383339949041
Garissa,2023.0,9.0,2023-09-01,0.17088132321274363
Uasin Gishu,2023.0,9.0,2023-09-01,0.5595730413669286
Kakamega,2023.0,9.0,2023-09-01,0.6066341360363653
Laikipia,2023.0,9.0,2023-09-01,0.24841245916989776
Busia,2023.0,9.0,2023-09-01,0.4680244731693471
Meru,2023.0,9.0,2023-09-01,0.2636311138179937
Nandi,2023.0,9.0,2023-09-01,0.6543994719696672
Siaya,2023.0,9.0,2023-09-01,0.3104071281192416
Nakuru,2023.0,9.0,2023-09-01,0.4059746400685543
Vihiga,2023.0,9.0,2023-09-01,0.6271681055987326
Nyandarua,2023.0,9.0,2023-09-01,0.43388435295317196
Tharaka,2023.0,9.0,2023-09-01,0.2853470529658974
Kericho,2023.0,9.0,2023-09-01,0.649532601822203
Kisumu,2023.0,9.0,2023-09-01,0.34374461937804096
Nyeri,2023.0,9.0,2023-09-01,0.34470050072504355
Tana River,2023.0,9.0,2023-09-01,0.14051294367374415
Kitui,2023.0,9.0,2023-09-01,0.20053499951061776
Kirinyaga,2023.0,9.0,2023-09-01,0.2939536216838581
Embu,2023.0,9.0,2023-09-01,0.2674700762754759
Homa Bay,2023.0,9.0,2023-09-01,0.2543070397382149
Bomet,2023.0,9.0,2023-09-01,0.6519423959679974
Nyamira,2023.0,9.0,2023-09-01,0.6828960215421583
Narok,2023.0,9.0,2023-09-01,0.3672237259078179
Kisii,2023.0,9.0,2023-09-01,0.6198610235605507
Murang'a,2023.0,9.0,2023-09-01,0.25290032283895014
Migori,2023.0,9.0,2023-09-01,0.37026286387644647
Kiambu,2023.0,9.0,2023-09-01,0.276325070464329
Machakos,2023.0,9.0,2023-09-01,0.16698079286990197
Kajiado,2023.0,9.0,2023-09-01,0.15791001725423265
Nairobi,2023.0,9.0,2023-09-01,0.21711002670156593
Makueni,2023.0,9.0,2023-09-01,0.2257817707816713
Lamu,2023.0,9.0,2023-09-01,0.4210989064287512
Kilifi,2023.0,9.0,2023-09-01,0.24240234361274218
Taita Taveta,2023.0,9.0,2023-09-01,0.14906672113422542
Kwale,2023.0,9.0,2023-09-01,0.2411009101528776
Mombasa,2023.0,9.0,2023-09-01,0.32091350157607235
Turkana,2023.0,10.0,2023-10-01,0.13622080967036426
Marsabit,2023.0,10.0,2023-10-01,0.0821266943790777
Mandera,2023.0,10.0,2023-10-01,0.1647284753763175
Wajir,2023.0,10.0,2023-10-01,0.14282159229675787
West Pokot,2023.0,10.0,2023-10-01,0.37979093214768306
Samburu,2023.0,10.0,2023-10-01,0.1809515792130428
Isiolo,2023.0,10.0,2023-10-01,0.1308465894215673
Baringo,2023.0,10.0,2023-10-01,0.3713467465202641
Elgeyo-Marakwet,2023.0,10.0,2023-10-01,0.5390884751238719
Trans Nzoia,2023.0,10.0,2023-10-01,0.5138365800241728
Bungoma,2023.0,10.0,2023-10-01,0.5351646647143907
Garissa,2023.0,10.0,2023-10-01,0.19027284848319945
Uasin Gishu,2023.0,10.0,2023-10-01,0.5301423526922894
Kakamega,2023.0,10.0,2023-10-01,0.6154977722090959
Laikipia,2023.0,10.0,2023-10-01,0.2264062166081598
Busia,2023.0,10.0,2023-10-01,0.5275662630354999
Meru,2023.0,10.0,2023-10-01,0.2402952558537326
Nandi,2023.0,10.0,2023-10-01,0.6287117902587634
Siaya,2023.0,10.0,2023-10-01,0.2993393497759118
Nakuru,2023.0,10.0,2023-10-01,0.39159413151531747
Vihiga,2023.0,10.0,2023-10-01,0.6538820163888006
Nyandarua,2023.0,10.0,2023-10-01,0.3874538700512847
Tharaka,2023.0,10.0,2023-10-01,0.29568101274236874
Kericho,2023.0,10.0,2023-10-01,0.5774544951959696
Kisumu,2023.0,10.0,2023-10-01,0.35796927065410705
Nyeri,2023.0,10.0,2023-10-01,0.39766231565081395
Tana River,2023.0,10.0,2023-10-01,0.16438030094586342
Kitui,2023.0,10.0,2023-10-01,0.19538707307997186
Kirinyaga,2023.0,10.0,2023-10-01,0.2444836817373229
Embu,2023.0,10.0,2023-10-01,0.2502624220060898
Homa Bay,2023.0,10.0,2023-10-01,0.2869404154655692
Bomet,2023.0,10.0,2023-10-01,0.5866691674773926
Nyamira,2023.0,10.0,2023-10-01,0.652782023214873
Narok,2023.0,10.0,2023-10-01,0.39509425771749324
Kisii,2023.0,10.0,2023-10-01,0.5837838393596566
Murang'a,2023.0,10.0,2023-10-01,0.3960926393751349
Migori,2023.0,10.0,2023-10-01,0.39511764647608777
Kiambu,2023.0,10.0,2023-10-01,0.3540188834187881
Machakos,2023.0,10.0,2023-10-01,0.17743087371294672
Kajiado,2023.0,10.0,2023-10-01,0.13915286166103108
Nairobi,2023.0,10.0,2023-10-01,0.1857111460866179
Makueni,2023.0,10.0,2023-10-01,0.19417264444346796
Lamu,2023.0,10.0,2023-10-01,0.4352066333154793
Kilifi,2023.0,10.0,2023-10-01,0.25960544958099796
Taita Taveta,2023.0,10.0,2023-10-01,0.16116159524259227
Kwale,2023.0,10.0,2023-10-01,0.2917390349346161
Mombasa,2023.0,10.0,2023-10-01,0.32868401906617484
Turkana,2023.0,11.0,2023-11-01,0.22873922416482856
Marsabit,2023.0,11.0,2023-11-01,0.33703777965696896
Mandera,2023.0,11.0,2023-11-01,0.36781173869629735
Wajir,2023.0,11.0,2023-11-01,0.39702827371649757
West Pokot,2023.0,11.0,2023-11-01,0.41421524863227954
Samburu,2023.0,11.0,2023-11-01,0.372790815231822
Isiolo,2023.0,11.0,2023-11-01,0.3261864480116567
Baringo,2023.0,11.0,2023-11-01,0.44297072163569534
Elgeyo-Marakwet,2023.0,11.0,2023-11-01,0.505295017547718
Trans Nzoia,2023.0,11.0,2023-11-01,0.5280024488745408
Bungoma,2023.0,11.0,2023-11-01,0.4409925307241852
Garissa,2023.0,11.0,2023-11-01,0.3831828212478471
Uasin Gishu,2023.0,11.0,2023-11-01,0.37109972951639897
Kakamega,2023.0,11.0,2023-11-01,0.4274056156563623
Laikipia,2023.0,11.0,2023-11-01,0.45367922548347145
Busia,2023.0,11.0,2023-11-01,0.42744723142053687
Meru,2023.0,11.0,2023-11-01,0.6163029199836332
Nandi,2023.0,11.0,2023-11-01,0.43109373647884014
Siaya,2023.0,11.0,2023-11-01,0.3436472174176278
Nakuru,2023.0,11.0,2023-11-01,0.4433526389193682
Vihiga,2023.0,11.0,2023-11-01,0.39583462179320617
Nyandarua,2023.0,11.0,2023-11-01,0.47538890933049704
Tharaka,2023.0,11.0,2023-11-01,0.6345938318875125
Kericho,2023.0,11.0,2023-11-01,0.5263717039628513
Kisumu,2023.0,11.0,2023-11-01,0.3458151259631348
Nyeri,2023.0,11.0,2023-11-01,0.5648055590160139
Tana River,2023.0,11.0,2023-11-01,0.33217838062458294
Kitui,2023.0,11.0,2023-11-01,0.4397674213398447
Kirinyaga,2023.0,11.0,2023-11-01,0.5456714788349769
Embu,2023.0,11.0,2023-11-01,0.6559005491436282
Homa Bay,2023.0,11.0,2023-11-01,0.24546811364503973
Bomet,2023.0,11.0,2023-11-01,0.5746649728644442
Nyamira,2023.0,11.0,2023-11-01,0.6383332209961466
Narok,2023.0,11.0,2023-11-01,0.3833108269706906
Kisii,2023.0,11.0,2023-11-01,0.47998593672984796
Murang'a,2023.0,11.0,2023-11-01,0.620812518539223
Migori,2023.0,11.0,2023-11-01,0.3346238622271078
Kiambu,2023.0,11.0,2023-11-01,0.5793186636254126
Machakos,2023.0,11.0,2023-11-01,0.5560338492663225
Kajiado,2023.0,11.0,2023-11-01,0.4002912027248759
Nairobi,2023.0,11.0,2023-11-01,0.5025087306687206
Makueni,2023.0,11.0,2023-11-01,0.5043585692479144
Lamu,2023.0,11.0,2023-11-01,0.4083096868493692
Kilifi,2023.0,11.0,2023-11-01,0.27635452247405623
Taita Taveta,2023.0,11.0,2023-11-01,0.24239860971287908
Kwale,2023.0,11.0,2023-11-01,0.3303955174255019
Mombasa,2023.0,11.0,2023-11-01,0.310281900431229
Turkana,2023.0,12.0,2023-12-01,0.19014845876344091
Marsabit,2023.0,12.0,2023-12-01,0.37972238900226557
Mandera,2023.0,12.0,2023-12-01,0.4884517128443573
Wajir,2023.0,12.0,2023-12-01,0.4772947859645149
West Pokot,2023.0,12.0,2023-12-01,0.45292933333796614
Samburu,2023.0,12.0,2023-12-01,0.34445681870603123
Isiolo,2023.0,12.0,2023-12-01,0.46251303442665687
Baringo,2023.0,12.0,2023-12-01,0.3975245226850159
Elgeyo-Marakwet,2023.0,12.0,2023-12-01,0.6040046084745873
Trans Nzoia,2023.0,12.0,2023-12-01,0.6026384812289116
Bungoma,2023.0,12.0,2023-12-01,0.5989391715493192
Garissa,2023.0,12.0,2023-12-01,0.4409644089672927
Uasin Gishu,2023.0,12.0,2023-12-01,0.4963467056291658
Kakamega,2023.0,12.0,2023-12-01,0.6770208964980777
Laikipia,2023.0,12.0,2023-12-01,0.45447258971709553
Busia,2023.0,12.0,2023-12-01,0.5913428780773233
Meru,2023.0,12.0,2023-12-01,0.4859554543764489
Nandi,2023.0,12.0,2023-12-01,0.6391317735164053
Siaya,2023.0,12.0,2023-12-01,0.42074526840661447
Nakuru,2023.0,12.0,2023-12-01,0.5067178138266417
Vihiga,2023.0,12.0,2023-12-01,0.7263032728007539
Nyandarua,2023.0,12.0,2023-12-01,0.45893470193106406
Tharaka,2023.0,12.0,2023-12-01,0.493881048305383
Kericho,2023.0,12.0,2023-12-01,0.6555862414808866
Kisumu,2023.0,12.0,2023-12-01,0.4419469050122689
Nyeri,2023.0,12.0,2023-12-01,0.4488199337993986
Tana River,2023.0,12.0,2023-12-01,0.3970627410776304
Kitui,2023.0,12.0,2023-12-01,0.4626029973504145
Kirinyaga,2023.0,12.0,2023-12-01,0.4350720601153515
Embu,2023.0,12.0,2023-12-01,0.5044716482788953
Homa Bay,2023.0,12.0,2023-12-01,0.3439484902202953
Bomet,2023.0,12.0,2023-12-01,0.709628509567572
Nyamira,2023.0,12.0,2023-12-01,0.6727238202267072
Narok,2023.0,12.0,2023-12-01,0.5636971449986296
Kisii,2023.0,12.0,2023-12-01,0.6485332956371032
Murang'a,2023.0,12.0,2023-12-01,0.5532607418623245
Migori,2023.0,12.0,2023-12-01,0.4704595308822986
Kiambu,2023.0,12.0,2023-12-01,0.512426998408073
Machakos,2023.0,12.0,2023-12-01,0.4310111870044
Kajiado,2023.0,12.0,2023-12-01,0.39161703612286003
Nairobi,2023.0,12.0,2023-12-01,0.3902994015775683
Makueni,2023.0,12.0,2023-12-01,0.4643371743750267
Lamu,2023.0,12.0,2023-12-01,0.5066951654621412
Kilifi,2023.0,12.0,2023-12-01,0.4388198069987434
Taita Taveta,2023.0,12.0,2023-12-01,0.4891865699081654
Kwale,2023.0,12.0,2023-12-01,0.48138164175973536
Mombasa,2023.0,12.0,2023-12-01,0.2811446848589659
Turkana,2024.0,1.0,2024-01-01,0.1393894601092072
Marsabit,2024.0,1.0,2024-01-01,0.21917529602321076
Mandera,2024.0,1.0,2024-01-01,0.37769602691505544
Wajir,2024.0,1.0,2024-01-01,0.37157118881930107
West Pokot,2024.0,1.0,2024-01-01,0.31157722813687694
Samburu,2024.0,1.0,2024-01-01,0.3441819948725517
Isiolo,2024.0,1.0,2024-01-01,0.3491410725173263
Baringo,2024.0,1.0,2024-01-01,0.253426993785177
Elgeyo-Marakwet,2024.0,1.0,2024-01-01,0.4422981959048296
Trans Nzoia,2024.0,1.0,2024-01-01,0.4645794014032968
Bungoma,2024.0,1.0,2024-01-01,0.38620215048827766
Garissa,2024.0,1.0,2024-01-01,0.4262242137020183
Uasin Gishu,2024.0,1.0,2024-01-01,0.33986936685447955
Kakamega,2024.0,1.0,2024-01-01,0.6237136252176968
Laikipia,2024.0,1.0,2024-01-01,0.4074968517077756
Busia,2024.0,1.0,2024-01-01,0.5552054271168863
Meru,2024.0,1.0,2024-01-01,0.5723843425295361
Nandi,2024.0,1.0,2024-01-01,0.49993110123172363
Siaya,2024.0,1.0,2024-01-01,0.3800671784311537
Nakuru,2024.0,1.0,2024-01-01,0.4202685762564288
Vihiga,2024.0,1.0,2024-01-01,0.6500002879492519
Nyandarua,2024.0,1.0,2024-01-01,0.5058140907957082
Tharaka,2024.0,1.0,2024-01-01,0.5484006425842536
Kericho,2024.0,1.0,2024-01-01,0.5113682686327697
Kisumu,2024.0,1.0,2024-01-01,0.4061591142973297
Nyeri,2024.0,1.0,2024-01-01,0.605937761221361
Tana River,2024.0,1.0,2024-01-01,0.37337761588905144
Kitui,2024.0,1.0,2024-01-01,0.4801835093691645
Kirinyaga,2024.0,1.0,2024-01-01,0.4150240035934213
Embu,2024.0,1.0,2024-01-01,0.4918836292247185
Homa Bay,2024.0,1.0,2024-01-01,0.30449273607263366
Bomet,2024.0,1.0,2024-01-01,0.602233014847826
Nyamira,2024.0,1.0,2024-01-01,0.49239266634387757
Narok,2024.0,1.0,2024-01-01,0.5229882644376307
Kisii,2024.0,1.0,2024-01-01,0.4544616570766442
Murang'a,2024.0,1.0,2024-01-01,0.5389114356122805
Migori,2024.0,1.0,2024-01-01,0.47249504589622493
Kiambu,2024.0,1.0,2024-01-01,0.47125377540480984
Machakos,2024.0,1.0,2024-01-01,0.4522291973376109
Kajiado,2024.0,1.0,2024-01-01,0.5154729225571429
Nairobi,2024.0,1.0,2024-01-01,0.3599697289881942
Makueni,2024.0,1.0,2024-01-01,0.5846854318364071
Lamu,2024.0,1.0,2024-01-01,0.6061056115036072
Kilifi,2024.0,1.0,2024-01-01,0.4793494456481311
Taita Taveta,2024.0,1.0,2024-01-01,0.5908659805694181
Kwale,2024.0,1.0,2024-01-01,
Mombasa,2024.0,1.0,2024-01-01,
Turkana,2024.0,2.0,2024-02-01,0.11805988240540391
Marsabit,2024.0,2.0,2024-02-01,0.13918989238392376
Mandera,2024.0,2.0,2024-02-01,0.24863991056815316
Wajir,2024.0,2.0,2024-02-01,0.24274269502080462
West Pokot,2024.0,2.0,2024-02-01,0.29346064466958954
Samburu,2024.0,2.0,2024-02-01,0.263701694740825
Isiolo,2024.0,2.0,2024-02-01,0.23898991415274878
Baringo,2024.0,2.0,2024-02-01,0.31405387519929867
Elgeyo-Marakwet,2024.0,2.0,2024-02-01,0.5474754601221243
Trans Nzoia,2024.0,2.0,2024-02-01,0.4427005291375503
Bungoma,2024.0,2.0,2024-02-01,0.5391911181574723
Garissa,2024.0,2.0,2024-02-01,0.28454967832476413
Uasin Gishu,2024.0,2.0,2024-02-01,0.43326103003610705
Kakamega,2024.0,2.0,2024-02-01,0.5483591357546604
Laikipia,2024.0,2.0,2024-02-01,0.337153432066034
Busia,2024.0,2.0,2024-02-01,0.48214044927007954
Meru,2024.0,2.0,2024-02-01,0.45660730566730584
Nandi,2024.0,2.0,2024-02-01,0.6005199269955555
Siaya,2024.0,2.0,2024-02-01,0.29690522100925665
Nakuru,2024.0,2.0,2024-02-01,0.4680420647299158
Vihiga,2024.0,2.0,2024-02-01,0.5611376533789609
Nyandarua,2024.0,2.0,2024-02-01,0.5550555915304664
Tharaka,2024.0,2.0,2024-02-01,0.41630078520488667
Kericho,2024.0,2.0,2024-02-01,0.646372504673792
Kisumu,2024.0,2.0,2024-02-01,0.372546293384995
Nyeri,2024.0,2.0,2024-02-01,0.6168370090936536
Tana River,2024.0,2.0,2024-02-01,0.2055274114981134
Kitui,2024.0,2.0,2024-02-01,0.2875951444493624
Kirinyaga,2024.0,2.0,2024-02-01,0.4628324203139951
Embu,2024.0,2.0,2024-02-01,0.41837774018879575
Homa Bay,2024.0,2.0,2024-02-01,0.3081747000536933
Bomet,2024.0,2.0,2024-02-01,0.6717260594307828
Nyamira,2024.0,2.0,2024-02-01,0.6280043934574436
Narok,2024.0,2.0,2024-02-01,0.5915669193578353
Kisii,2024.0,2.0,2024-02-01,0.48775639652917185
Murang'a,2024.0,2.0,2024-02-01,0.5690743525737059
Migori,2024.0,2.0,2024-02-01,0.4522993817870274
Kiambu,2024.0,2.0,2024-02-01,0.5356195986654613
Machakos,2024.0,2.0,2024-02-01,0.34238273727838897
Kajiado,2024.0,2.0,2024-02-01,0.4114422337291969
Nairobi,2024.0,2.0,2024-02-01,0.36080936727734236
Makueni,2024.0,2.0,2024-02-01,0.4075340767368572
Lamu,2024.0,2.0,2024-02-01,0.4996897821142772
Kilifi,2024.0,2.0,2024-02-01,0.3399686649545352
Taita Taveta,2024.0,2.0,2024-02-01,0.39803094834601405
Kwale,2024.0,2.0,2024-02-01,0.482212087819964
Mombasa,2024.0,2.0,2024-02-01,0.2532578153919137
Turkana,2024.0,3.0,2024-03-01,0.14147964042160646
Marsabit,2024.0,3.0,2024-03-01,0.14390938785199253
Mandera,2024.0,3.0,2024-03-01,0.2072136772716282
Wajir,2024.0,3.0,2024-03-01,0.19573977152875222
West Pokot,2024.0,3.0,2024-03-01,0.3446627555235697
Samburu,2024.0,3.0,2024-03-01,0.29406914012878677
Isiolo,2024.0,3.0,2024-03-01,0.2082322302392635
Baringo,2024.0,3.0,2024-03-01,0.3148457669894998
Elgeyo-Marakwet,2024.0,3.0,2024-03-01,0.5241323236878032
Trans Nzoia,2024.0,3.0,2024-03-01,0.41836006945323195
Bungoma,2024.0,3.0,2024-03-01,0.5380633669172102
Garissa,2024.0,3.0,2024-03-01,0.2625586235491952
Uasin Gishu,2024.0,3.0,2024-03-01,0.3866058767046651
Kakamega,2024.0,3.0,2024-03-01,0.5520024254672055
Laikipia,2024.0,3.0,2024-03-01,0.30945629977546213
Busia,2024.0,3.0,2024-03-01,0.4842446673052437
Meru,2024.0,3.0,2024-03-01,0.4640173624740754
Nandi,2024.0,3.0,2024-03-01,0.5828397457909629
Siaya,2024.0,3.0,2024-03-01,0.28639822926120617
Nakuru,2024.0,3.0,2024-03-01,0.42655688316786095
Vihiga,2024.0,3.0,2024-03-01,0.6173148061450866
Nyandarua,2024.0,3.0,2024-03-01,0.4978645524812388
Tharaka,2024.0,3.0,2024-03-01,0.42104573053834793
Kericho,2024.0,3.0,2024-03-01,0.6001978012337547
Kisumu,2024.0,3.0,2024-03-01,0.3547943471915238
Nyeri,2024.0,3.0,2024-03-01,0.6109091816979351
Tana River,2024.0,3.0,2024-03-01,0.2383124596504806
Kitui,2024.0,3.0,2024-03-01,0.3477411289925413
Kirinyaga,2024.0,3.0,2024-03-01,0.48581063456526347
Embu,2024.0,3.0,2024-03-01,0.41494871187792687
Homa Bay,2024.0,3.0,2024-03-01,0.31182703408864465
Bomet,2024.0,3.0,2024-03-01,0.6963742888666439
Nyamira,2024.0,3.0,2024-03-01,0.6548538274123931
Narok,2024.0,3.0,2024-03-01,0.5525491990057988
Kisii,2024.0,3.0,2024-03-01,0.6371143797596432
Murang'a,2024.0,3.0,2024-03-01,0.544044734843147
Migori,2024.0,3.0,2024-03-01,0.42129366387300965
Kiambu,2024.0,3.0,2024-03-01,0.5349694939216197
Machakos,2024.0,3.0,2024-03-01,0.3289844076878487
Kajiado,2024.0,3.0,2024-03-01,0.41666563747891944
Nairobi,2024.0,3.0,2024-03-01,0.35444130569785115
Makueni,2024.0,3.0,2024-03-01,0.4518135037469075
Lamu,2024.0,3.0,2024-03-01,0.4943705756734066
Kilifi,2024.0,3.0,2024-03-01,0.42412954616335635
Taita Taveta,2024.0,3.0,2024-03-01,0.42339552595375635
Kwale,2024.0,3.0,2024-03-01,0.4693878576551566
Mombasa,2024.0,3.0,2024-03-01,0.3019505239078698
Turkana,2024.0,4.0,2024-04-01,0.21755981606827304
Marsabit,2024.0,4.0,2024-04-01,0.19639785548197367
Mandera,2024.0,4.0,2024-04-01,0.32470267719674856
Wajir,2024.0,4.0,2024-04-01,0.26951877223516
West Pokot,2024.0,4.0,2024-04-01,0.433742603014866
Samburu,2024.0,4.0,2024-04-01,0.43800715861052025
Isiolo,2024.0,4.0,2024-04-01,0.3232214712916378
Baringo,2024.0,4.0,2024-04-01,0.44585100291481267
Elgeyo-Marakwet,2024.0,4.0,2024-04-01,0.5659869823941034
Trans Nzoia,2024.0,4.0,2024-04-01,0.5026799739424407
Bungoma,2024.0,4.0,2024-04-01,0.5446674400092598
Garissa,2024.0,4.0,2024-04-01,0.39708762884857424
Uasin Gishu,2024.0,4.0,2024-04-01,0.4517975861910384
Kakamega,2024.0,4.0,2024-04-01,0.5530626982736644
Laikipia,2024.0,4.0,2024-04-01,0.43028156568622944
Busia,2024.0,4.0,2024-04-01,0.47898048577389324
Meru,2024.0,4.0,2024-04-01,0.5607566061284782
Nandi,2024.0,4.0,2024-04-01,0.638056144452498
Siaya,2024.0,4.0,2024-04-01,0.3224097514974973
Nakuru,2024.0,4.0,2024-04-01,0.4738400482482885
Vihiga,2024.0,4.0,2024-04-01,0.5859566308394718
Nyandarua,2024.0,4.0,2024-04-01,0.5397559563233915
Tharaka,2024.0,4.0,2024-04-01,0.5235928569858815
Kericho,2024.0,4.0,2024-04-01,0.6315702647905308
Kisumu,2024.0,4.0,2024-04-01,0.37481430481492434
Nyeri,2024.0,4.0,2024-04-01,0.6458071085477687
Tana River,2024.0,4.0,2024-04-01,0.37336431664559916
Kitui,2024.0,4.0,2024-04-01,0.5539190045287159
Kirinyaga,2024.0,4.0,2024-04-01,0.589164661368108
Embu,2024.0,4.0,2024-04-01,0.5740883405436612
Homa Bay,2024.0,4.0,2024-04-01,0.28134083655553965
Bomet,2024.0,4.0,2024-04-01,0.679704526179403
Nyamira,2024.0,4.0,2024-04-01,0.6874416028692193
Narok,2024.0,4.0,2024-04-01,0.5524451919743679
Kisii,2024.0,4.0,2024-04-01,0.6047440700504114
Murang'a,2024.0,4.0,2024-04-01,0.6463014597652859
Migori,2024.0,4.0,2024-04-01,0.4265410910173944
Kiambu,2024.0,4.0,2024-04-01,0.6546751963432147
Machakos,2024.0,4.0,2024-04-01,0.5466756680726949
Kajiado,2024.0,4.0,2024-04-01,0.42054704200090265
Nairobi,2024.0,4.0,2024-04-01,0.5116490195126555
Makueni,2024.0,4.0,2024-04-01,0.5186520216939183
Lamu,2024.0,4.0,2024-04-01,0.66235877979446
Kilifi,2024.0,4.0,2024-04-01,0.4969866680035284
Taita Taveta,2024.0,4.0,2024-04-01,0.5138453718106276
Kwale,2024.0,4.0,2024-04-01,0.542857836543834
Mombasa,2024.0,4.0,2024-04-01,0.4900232504685394
Turkana,2024.0,5.0,2024-05-01,0.29707506482570106
Marsabit,2024.0,5.0,2024-05-01,0.35874749958381014
Mandera,2024.0,5.0,2024-05-01,0.27077091533298653
Wajir,2024.0,5.0,2024-05-01,0.34734406644371746
West Pokot,2024.0,5.0,2024-05-01,0.5063381599647913
Samburu,2024.0,5.0,2024-05-01,0.5106733536011195
Isiolo,2024.0,5.0,2024-05-01,0.41186687496677166
Baringo,2024.0,5.0,2024-05-01,0.5397367472291664
Elgeyo-Marakwet,2024.0,5.0,2024-05-01,0.6226631880303218
Trans Nzoia,2024.0,5.0,2024-05-01,0.6327108808976736
Bungoma,2024.0,5.0,2024-05-01,0.6285072161172525
Garissa,2024.0,5.0,2024-05-01,0.3930114949995088
Uasin Gishu,2024.0,5.0,2024-05-01,0.5402708915474899
Kakamega,2024.0,5.0,2024-05-01,0.6156161174127388
Laikipia,2024.0,5.0,2024-05-01,0.6043419805419883
Busia,2024.0,5.0,2024-05-01,0.47439341544664476
Meru,2024.0,5.0,2024-05-01,0.5900764348003191
Nandi,2024.0,5.0,2024-05-01,0.6431402138966934
Siaya,2024.0,5.0,2024-05-01,0.3441163729721953
Nakuru,2024.0,5.0,2024-05-01,0.5754251702665779
Vihiga,2024.0,5.0,2024-05-01,0.5881030871058956
Nyandarua,2024.0,5.0,2024-05-01,0.6721336544025447
Tharaka,2024.0,5.0,2024-05-01,0.6114350607396317
Kericho,2024.0,5.0,2024-05-01,0.639429915229388
Kisumu,2024.0,5.0,2024-05-01,0.41935177100396404
Nyeri,2024.0,5.0,2024-05-01,0.6948234982257676
Tana River,2024.0,5.0,2024-05-01,0.3131212039681513
Kitui,2024.0,5.0,2024-05-01,0.5073057462029797
Kirinyaga,2024.0,5.0,2024-05-01,0.5235821586571783
Embu,2024.0,5.0,2024-05-01,0.5344734639344433
Homa Bay,2024.0,5.0,2024-05-01,0.33248691849325823
Bomet,2024.0,5.0,2024-05-01,0.5955629778293084
Nyamira,2024.0,5.0,2024-05-01,0.5856770370868827
Narok,2024.0,5.0,2024-05-01,0.559628328871336
Kisii,2024.0,5.0,2024-05-01,0.5868851561537743
Murang'a,2024.0,5.0,2024-05-01,0.6604783873389685
Migori,2024.0,5.0,2024-05-01,0.4617590748100914
Kiambu,2024.0,5.0,2024-05-01,0.612424713994925
Machakos,2024.0,5.0,2024-05-01,0.5470442232641752
Kajiado,2024.0,5.0,2024-05-01,0.5099148425899779
Nairobi,2024.0,5.0,2024-05-01,0.46136885966694774
Makueni,2024.0,5.0,2024-05-01,0.5437388254475904
Lamu,2024.0,5.0,2024-05-01,0.5656012269660264
Kilifi,2024.0,5.0,2024-05-01,0.4286606907867815
Taita Taveta,2024.0,5.0,2024-05-01,0.3972097248893893
Kwale,2024.0,5.0,2024-05-01,0.46881582398975064
Mombasa,2024.0,5.0,2024-05-01,0.4570453615404768
Turkana,2024.0,6.0,2024-06-01,0.22603469817450297
Marsabit,2024.0,6.0,2024-06-01,0.21646164883291094
Mandera,2024.0,6.0,2024-06-01,0.36726797358634916
Wajir,2024.0,6.0,2024-06-01,0.2687093349147849
West Pokot,2024.0,6.0,2024-06-01,0.4980213586928909
Samburu,2024.0,6.0,2024-06-01,0.4198089329645588
Isiolo,2024.0,6.0,2024-06-01,0.27723221145344706
Baringo,2024.0,6.0,2024-06-01,0.5343472301130161
Elgeyo-Marakwet,2024.0,6.0,2024-06-01,0.5683873098930066
Trans Nzoia,2024.0,6.0,2024-06-01,0.5785588252921653
Bungoma,2024.0,6.0,2024-06-01,0.6311465259116481
Garissa,2024.0,6.0,2024-06-01,0.31740863081252807
Uasin Gishu,2024.0,6.0,2024-06-01,0.503391196069107
Kakamega,2024.0,6.0,2024-06-01,0.6662877640961042
Laikipia,2024.0,6.0,2024-06-01,0.5420078830114207
Busia,2024.0,6.0,2024-06-01,0.5849026004026681
Meru,2024.0,6.0,2024-06-01,0.5443114557270496
Nandi,2024.0,6.0,2024-06-01,0.5867283831940775
Siaya,2024.0,6.0,2024-06-01,0.39383241460316143
Nakuru,2024.0,6.0,2024-06-01,0.5505723500911287
Vihiga,2024.0,6.0,2024-06-01,0.651073477519878
Nyandarua,2024.0,6.0,2024-06-01,0.6019079626981576
Tharaka,2024.0,6.0,2024-06-01,0.560245828582378
Kericho,2024.0,6.0,2024-06-01,0.5966138841041759
Kisumu,2024.0,6.0,2024-06-01,0.40898644059836814
Nyeri,2024.0,6.0,2024-06-01,0.6353826246222177
Tana River,2024.0,6.0,2024-06-01,0.2432524652231482
Kitui,2024.0,6.0,2024-06-01,0.40656939328283853
Kirinyaga,2024.0,6.0,2024-06-01,0.5680151590690982
Embu,2024.0,6.0,2024-06-01,0.5488453396597056
Homa Bay,2024.0,6.0,2024-06-01,0.39541581117171404
Bomet,2024.0,6.0,2024-06-01,0.6954490198572068
Nyamira,2024.0,6.0,2024-06-01,0.7192967687948126
Narok,2024.0,6.0,2024-06-01,0.611032888542284
Kisii,2024.0,6.0,2024-06-01,0.725094593195809
Murang'a,2024.0,6.0,2024-06-01,0.6230467740248663
Migori,2024.0,6.0,2024-06-01,0.5146071894139967
Kiambu,2024.0,6.0,2024-06-01,0.575376018664886
Machakos,2024.0,6.0,2024-06-01,0.5216357010954815
Kajiado,2024.0,6.0,2024-06-01,0.4639476682644542
Nairobi,2024.0,6.0,2024-06-01,0.45776564248323987
Makueni,2024.0,6.0,2024-06-01,0.49700567982868604
Lamu,2024.0,6.0,2024-06-01,0.5870737470150194
Kilifi,2024.0,6.0,2024-06-01,0.33690029851901154
Taita Taveta,2024.0,6.0,2024-06-01,0.2919241293986108
Kwale,2024.0,6.0,2024-06-01,0.3860716498282098
Mombasa,2024.0,6.0,2024-06-01,0.395928688539263
Turkana,2024.0,7.0,2024-07-01,0.18174900803640703
Marsabit,2024.0,7.0,2024-07-01,0.1381100412703605
Mandera,2024.0,7.0,2024-07-01,0.24369379718082637
Wajir,2024.0,7.0,2024-07-01,0.1914652146792682
West Pokot,2024.0,7.0,2024-07-01,0.4847751354611618
Samburu,2024.0,7.0,2024-07-01,0.32150078530697646
Isiolo,2024.0,7.0,2024-07-01,0.19387715514752457
Baringo,2024.0,7.0,2024-07-01,0.45775650157212056
Elgeyo-Marakwet,2024.0,7.0,2024-07-01,0.5740160388335805
Trans Nzoia,2024.0,7.0,2024-07-01,0.6234958572064013
Bungoma,2024.0,7.0,2024-07-01,0.5837032318860781
Garissa,2024.0,7.0,2024-07-01,0.2306366754693999
Uasin Gishu,2024.0,7.0,2024-07-01,0.5641488595050016
Kakamega,2024.0,7.0,2024-07-01,0.6598099664361489
Laikipia,2024.0,7.0,2024-07-01,0.45317933017531975
Busia,2024.0,7.0,2024-07-01,0.5394974854514564
Meru,2024.0,7.0,2024-07-01,0.43109698464487306
Nandi,2024.0,7.0,2024-07-01,0.6452312547430356
Siaya,2024.0,7.0,2024-07-01,0.3778435411585892
Nakuru,2024.0,7.0,2024-07-01,0.526423795925213
Vihiga,2024.0,7.0,2024-07-01,0.6664078545748247
Nyandarua,2024.0,7.0,2024-07-01,0.622550796984914
Tharaka,2024.0,7.0,2024-07-01,0.5438978093259496
Kericho,2024.0,7.0,2024-07-01,0.6269890777507624
Kisumu,2024.0,7.0,2024-07-01,0.3767563939747827
Nyeri,2024.0,7.0,2024-07-01,0.6294881800903244
Tana River,2024.0,7.0,2024-07-01,0.2175529011637636
Kitui,2024.0,7.0,2024-07-01,0.26366259717871116
Kirinyaga,2024.0,7.0,2024-07-01,0.510681659326663
Embu,2024.0,7.0,2024-07-01,0.5182491478904353
Homa Bay,2024.0,7.0,2024-07-01,0.28990177089737723
Bomet,2024.0,7.0,2024-07-01,0.623605191839857
Nyamira,2024.0,7.0,2024-07-01,0.646625986503169
Narok,2024.0,7.0,2024-07-01,0.5054591877479037
Kisii,2024.0,7.0,2024-07-01,0.6137636205178485
Murang'a,2024.0,7.0,2024-07-01,0.49381228122631354
Migori,2024.0,7.0,2024-07-01,0.3742790620299431
Kiambu,2024.0,7.0,2024-07-01,0.5062831677161648
Machakos,2024.0,7.0,2024-07-01,0.3523508269456992
Kajiado,2024.0,7.0,2024-07-01,0.38788554100835
Nairobi,2024.0,7.0,2024-07-01,0.395488712671945
Makueni,2024.0,7.0,2024-07-01,0.21868365598507403
Lamu,2024.0,7.0,2024-07-01,0.5847063373684299
Kilifi,2024.0,7.0,2024-07-01,0.29428347516256137
Taita Taveta,2024.0,7.0,2024-07-01,0.17138627140268445
Kwale,2024.0,7.0,2024-07-01,0.28652791587672466
Mombasa,2024.0,7.0,2024-07-01,
Turkana,2024.0,8.0,2024-08-01,0.27715279150029404
Marsabit,2024.0,8.0,2024-08-01,0.125373179176118
Mandera,2024.0,8.0,2024-08-01,0.20230487009500217
Wajir,2024.0,8.0,2024-08-01,0.15546183591933513
West Pokot,2024.0,8.0,2024-08-01,0.5607173022345396
Samburu,2024.0,8.0,2024-08-01,0.3406548990310737
Isiolo,2024.0,8.0,2024-08-01,0.17770135330062456
Baringo,2024.0,8.0,2024-08-01,0.5551110899424601
Elgeyo-Marakwet,2024.0,8.0,2024-08-01,0.6069192916953878
Trans Nzoia,2024.0,8.0,2024-08-01,0.6339517779499225
Bungoma,2024.0,8.0,2024-08-01,0.6078441906794099
Garissa,2024.0,8.0,2024-08-01,0.2135447481679293
Uasin Gishu,2024.0,8.0,2024-08-01,0.6156016565770662
Kakamega,2024.0,8.0,2024-08-01,0.6238880355780076
Laikipia,2024.0,8.0,2024-08-01,0.5160293433054796
Busia,2024.0,8.0,2024-08-01,0.5109671581487445
Meru,2024.0,8.0,2024-08-01,0.37378114288053765
Nandi,2024.0,8.0,2024-08-01,0.6467505827476491
Siaya,2024.0,8.0,2024-08-01,0.3148835380102408
Nakuru,2024.0,8.0,2024-08-01,0.5320549670639023
Vihiga,2024.0,8.0,2024-08-01,0.5884197397553107
Nyandarua,2024.0,8.0,2024-08-01,0.6110033339069267
Tharaka,2024.0,8.0,2024-08-01,0.3479168989514608
Kericho,2024.0,8.0,2024-08-01,0.5761789915629726
Kisumu,2024.0,8.0,2024-08-01,0.3124776672088582
Nyeri,2024.0,8.0,2024-08-01,0.6201755021752842
Tana River,2024.0,8.0,2024-08-01,0.1851714830757008
Kitui,2024.0,8.0,2024-08-01,0.21459157456147768
Kirinyaga,2024.0,8.0,2024-08-01,0.4101511462816681
Embu,2024.0,8.0,2024-08-01,0.33247000804769644
Homa Bay,2024.0,8.0,2024-08-01,0.24981838759740366
Bomet,2024.0,8.0,2024-08-01,0.6374449518163834
Nyamira,2024.0,8.0,2024-08-01,0.6504402358992872
Narok,2024.0,8.0,2024-08-01,0.4610320091552073
Kisii,2024.0,8.0,2024-08-01,0.551694929824131
Murang'a,2024.0,8.0,2024-08-01,0.5806914309416553
Migori,2024.0,8.0,2024-08-01,0.3026666139797357
Kiambu,2024.0,8.0,2024-08-01,0.5546311920504485
Machakos,2024.0,8.0,2024-08-01,0.35485402145042716
Kajiado,2024.0,8.0,2024-08-01,0.315698908230788
Nairobi,2024.0,8.0,2024-08-01,0.40813753669766195
Makueni,2024.0,8.0,2024-08-01,0.23050914727394914
Lamu,2024.0,8.0,2024-08-01,0.49255788427286157
Kilifi,2024.0,8.0,2024-08-01,0.2991362499215756
Taita Taveta,2024.0,8.0,2024-08-01,0.1933281636921765
Kwale,2024.0,8.0,2024-08-01,0.3184175928267255
Mombasa,2024.0,8.0,2024-08-01,0.37010991892840367
Turkana,2024.0,9.0,2024-09-01,0.23109157111687023
Marsabit,2024.0,9.0,2024-09-01,0.1209916025057424
Mandera,2024.0,9.0,2024-09-01,0.20605251192787186
Wajir,2024.0,9.0,2024-09-01,0.17637268903471948
West Pokot,2024.0,9.0,2024-09-01,0.5255334481788659
Samburu,2024.0,9.0,2024-09-01,0.31114015686452556
Isiolo,2024.0,9.0,2024-09-01,0.1754754995615719
Baringo,2024.0,9.0,2024-09-01,0.5484041732577738
Elgeyo-Marakwet,2024.0,9.0,2024-09-01,0.6327921751125197
Trans Nzoia,2024.0,9.0,2024-09-01,0.5798151972090545
Bungoma,2024.0,9.0,2024-09-01,0.5903781499411733
Garissa,2024.0,9.0,2024-09-01,0.21713410413130513
Uasin Gishu,2024.0,9.0,2024-09-01,0.5494726094755183
Kakamega,2024.0,9.0,2024-09-01,0.6065342808142394
Laikipia,2024.0,9.0,2024-09-01,0.4788516281896783
Busia,2024.0,9.0,2024-09-01,0.48312567457281785
Meru,2024.0,9.0,2024-09-01,0.36955477653598207
Nandi,2024.0,9.0,2024-09-01,0.6509759020657736
Siaya,2024.0,9.0,2024-09-01,0.2959575304587404
Nakuru,2024.0,9.0,2024-09-01,0.5151409604100822
Vihiga,2024.0,9.0,2024-09-01,0.5973748252183773
Nyandarua,2024.0,9.0,2024-09-01,0.59165728971402
Tharaka,2024.0,9.0,2024-09-01,0.345457688803138
Kericho,2024.0,9.0,2024-09-01,0.638683296058549
Kisumu,2024.0,9.0,2024-09-01,0.30484133523590645
Nyeri,2024.0,9.0,2024-09-01,0.575043327329543
Tana River,2024.0,9.0,2024-09-01,0.16990760549581246
Kitui,2024.0,9.0,2024-09-01,0.21632083840218744
Kirinyaga,2024.0,9.0,2024-09-01,0.5413194522385618
Embu,2024.0,9.0,2024-09-01,0.36513535672535374
Homa Bay,2024.0,9.0,2024-09-01,0.2144502303650491
Bomet,2024.0,9.0,2024-09-01,0.6083860446889288
Nyamira,2024.0,9.0,2024-09-01,0.6239022995648809
Narok,2024.0,9.0,2024-09-01,0.4160892091268505
Kisii,2024.0,9.0,2024-09-01,0.5747722064315187
Murang'a,2024.0,9.0,2024-09-01,0.5233802095832399
Migori,2024.0,9.0,2024-09-01,0.29918691877684916
Kiambu,2024.0,9.0,2024-09-01,0.5145901398977736
Machakos,2024.0,9.0,2024-09-01,0.2854726284248588
Kajiado,2024.0,9.0,2024-09-01,0.23907588677692085
Nairobi,2024.0,9.0,2024-09-01,0.3461385431364995
Makueni,2024.0,9.0,2024-09-01,0.28609834524092914
Lamu,2024.0,9.0,2024-09-01,0.4671727696781191
Kilifi,2024.0,9.0,2024-09-01,0.27373499908280413
Taita Taveta,2024.0,9.0,2024-09-01,0.18110319586960794
Kwale,2024.0,9.0,2024-09-01,0.30100399001517963
Mombasa,2024.0,9.0,2024-09-01,0.3235169288557492
Turkana,2024.0,10.0,2024-10-01,0.18319979599605365
Marsabit,2024.0,10.0,2024-10-01,0.11714906057312369
Mandera,2024.0,10.0,2024-10-01,0.21164925108724256
Wajir,2024.0,10.0,2024-10-01,0.16174317222483664
West Pokot,2024.0,10.0,2024-10-01,0.4650790415418771
Samburu,2024.0,10.0,2024-10-01,0.2854972516896928
Isiolo,2024.0,10.0,2024-10-01,0.16573678531339345
Baringo,2024.0,10.0,2024-10-01,0.47049927773295885
Elgeyo-Marakwet,2024.0,10.0,2024-10-01,0.5886828672657903
Trans Nzoia,2024.0,10.0,2024-10-01,0.5394820786533269
Bungoma,2024.0,10.0,2024-10-01,0.5815196216244778
Garissa,2024.0,10.0,2024-10-01,0.20674795052371314
Uasin Gishu,2024.0,10.0,2024-10-01,0.49743641010587
Kakamega,2024.0,10.0,2024-10-01,0.6229229755589699
Laikipia,2024.0,10.0,2024-10-01,0.39991820883599344
Busia,2024.0,10.0,2024-10-01,0.5303070509815386
Meru,2024.0,10.0,2024-10-01,0.3644905903377626
Nandi,2024.0,10.0,2024-10-01,0.6119287514608979
Siaya,2024.0,10.0,2024-10-01,0.31853110874299534
Nakuru,2024.0,10.0,2024-10-01,0.5159270705158523
Vihiga,2024.0,10.0,2024-10-01,0.5764285271154623
Nyandarua,2024.0,10.0,2024-10-01,0.5501854949406281
Tharaka,2024.0,10.0,2024-10-01,0.3478348797162257
Kericho,2024.0,10.0,2024-10-01,0.6442383657564335
Kisumu,2024.0,10.0,2024-10-01,0.3298165918807884
Nyeri,2024.0,10.0,2024-10-01,0.5642714706243013
Tana River,2024.0,10.0,2024-10-01,0.18213496187855455
Kitui,2024.0,10.0,2024-10-01,0.2178796352350206
Kirinyaga,2024.0,10.0,2024-10-01,0.5316844040569222
Embu,2024.0,10.0,2024-10-01,0.3595091939329437
Homa Bay,2024.0,10.0,2024-10-01,0.25414243418953386
Bomet,2024.0,10.0,2024-10-01,0.6466130054631051
Nyamira,2024.0,10.0,2024-10-01,0.6503512465680942
Narok,2024.0,10.0,2024-10-01,0.4322303759098622
Kisii,2024.0,10.0,2024-10-01,0.6445102153762845
Murang'a,2024.0,10.0,2024-10-01,0.5152054369387347
Migori,2024.0,10.0,2024-10-01,0.3699005231357307
Kiambu,2024.0,10.0,2024-10-01,0.4939715374010341
Machakos,2024.0,10.0,2024-10-01,0.27777875448726014
Kajiado,2024.0,10.0,2024-10-01,0.23759392859979195
Nairobi,2024.0,10.0,2024-10-01,0.3629147115433009
Makueni,2024.0,10.0,2024-10-01,0.2515844867594781
Lamu,2024.0,10.0,2024-10-01,0.40461542405576406
Kilifi,2024.0,10.0,2024-10-01,0.2903852705248953
Taita Taveta,2024.0,10.0,2024-10-01,0.19141434156098205
Kwale,2024.0,10.0,2024-10-01,0.26807718030965605
Mombasa,2024.0,10.0,2024-10-01,0.28873421371618574
Turkana,2024.0,11.0,2024-11-01,0.18421465547913582
Marsabit,2024.0,11.0,2024-11-01,0.08612686938402654
Mandera,2024.0,11.0,2024-11-01,0.34746688750846483
Wajir,2024.0,11.0,2024-11-01,0.29324384864096537
West Pokot,2024.0,11.0,2024-11-01,0.39400176972754986
Samburu,2024.0,11.0,2024-11-01,0.2813845183856817
Isiolo,2024.0,11.0,2024-11-01,0.19522764551826827
Baringo,2024.0,11.0,2024-11-01,0.39388761580653014
Elgeyo-Marakwet,2024.0,11.0,2024-11-01,0.5378791610763141
Trans Nzoia,2024.0,11.0,2024-11-01,0.5657485034140051
Bungoma,2024.0,11.0,2024-11-01,0.6059829569740801
Garissa,2024.0,11.0,2024-11-01,0.42374202586786586
Uasin Gishu,2024.0,11.0,2024-11-01,0.509075846392539
Kakamega,2024.0,11.0,2024-11-01,0.6074530927250001
Laikipia,2024.0,11.0,2024-11-01,0.38840412446059364
Busia,2024.0,11.0,2024-11-01,0.5647895545860491
Meru,2024.0,11.0,2024-11-01,0.42697045891824403
Nandi,2024.0,11.0,2024-11-01,0.5445905334826993
Siaya,2024.0,11.0,2024-11-01,0.2622807246557452
Nakuru,2024.0,11.0,2024-11-01,0.4689788837835904
Vihiga,2024.0,11.0,2024-11-01,0.6133996941794408
Nyandarua,2024.0,11.0,2024-11-01,0.5458160185951042
Tharaka,2024.0,11.0,2024-11-01,0.404562320657701
Kericho,2024.0,11.0,2024-11-01,0.6091233402909935
Kisumu,2024.0,11.0,2024-11-01,0.35166382157103027
Nyeri,2024.0,11.0,2024-11-01,0.5617709127891697
Tana River,2024.0,11.0,2024-11-01,0.36425568649197404
Kitui,2024.0,11.0,2024-11-01,0.3879293220295719
Kirinyaga,2024.0,11.0,2024-11-01,0.4700359939813715
Embu,2024.0,11.0,2024-11-01,0.3771922899866344
Homa Bay,2024.0,11.0,2024-11-01,0.2536759542017289
Bomet,2024.0,11.0,2024-11-01,0.6295723653067173
Nyamira,2024.0,11.0,2024-11-01,0.647843531747865
Narok,2024.0,11.0,2024-11-01,0.4390355887514871
Kisii,2024.0,11.0,2024-11-01,0.6204166033865334
Murang'a,2024.0,11.0,2024-11-01,0.5443555624585283
Migori,2024.0,11.0,2024-11-01,0.40224808332585155
Kiambu,2024.0,11.0,2024-11-01,0.4966208439189718
Machakos,2024.0,11.0,2024-11-01,0.3632736456889134
Kajiado,2024.0,11.0,2024-11-01,0.2604480948031848
Nairobi,2024.0,11.0,2024-11-01,0.3586464282669602
Makueni,2024.0,11.0,2024-11-01,0.3321580603705067
Lamu,2024.0,11.0,2024-11-01,0.477746270656102
Kilifi,2024.0,11.0,2024-11-01,0.354510264165447
Taita Taveta,2024.0,11.0,2024-11-01,0.2335244969956488
Kwale,2024.0,11.0,2024-11-01,0.278357092097898
Mombasa,2024.0,11.0,2024-11-01,0.2573948494324525
Turkana,2024.0,12.0,2024-12-01,0.2460890630330207
Marsabit,2024.0,12.0,2024-12-01,0.1984108120810092
Mandera,2024.0,12.0,2024-12-01,0.28367774111650146
Wajir,2024.0,12.0,2024-12-01,0.23154951615321415
West Pokot,2024.0,12.0,2024-12-01,0.4646467569051571
Samburu,2024.0,12.0,2024-12-01,0.3994528365237471
Isiolo,2024.0,12.0,2024-12-01,0.22832100583481085
Baringo,2024.0,12.0,2024-12-01,0.4778992564527328
Elgeyo-Marakwet,2024.0,12.0,2024-12-01,0.6062013285253925
Trans Nzoia,2024.0,12.0,2024-12-01,0.5677619399764557
Bungoma,2024.0,12.0,2024-12-01,0.5794224317188678
Garissa,2024.0,12.0,2024-12-01,0.30985142212153044
Uasin Gishu,2024.0,12.0,2024-12-01,0.5336766561737234
Kakamega,2024.0,12.0,2024-12-01,0.6293055030427336
Laikipia,2024.0,12.0,2024-12-01,0.4370685891430196
Busia,2024.0,12.0,2024-12-01,0.5457798930539556
Meru,2024.0,12.0,2024-12-01,0.5631117611264235
Nandi,2024.0,12.0,2024-12-01,0.6828881192797934
Siaya,2024.0,12.0,2024-12-01,0.3952893067199873
Nakuru,2024.0,12.0,2024-12-01,0.5256218619359991
Vihiga,2024.0,12.0,2024-12-01,0.655494752187111
Nyandarua,2024.0,12.0,2024-12-01,0.5544338575849546
Tharaka,2024.0,12.0,2024-12-01,0.5571488968772091
Kericho,2024.0,12.0,2024-12-01,0.6674250607397112
Kisumu,2024.0,12.0,2024-12-01,0.40738277626340774
Nyeri,2024.0,12.0,2024-12-01,0.6155516730858955
Tana River,2024.0,12.0,2024-12-01,0.34449609147233945
Kitui,2024.0,12.0,2024-12-01,0.5382351715061992
Kirinyaga,2024.0,12.0,2024-12-01,0.5546297415838878
Embu,2024.0,12.0,2024-12-01,0.5564599145972675
Homa Bay,2024.0,12.0,2024-12-01,0.34731306940171774
Bomet,2024.0,12.0,2024-12-01,0.700962503341562
Nyamira,2024.0,12.0,2024-12-01,0.6860038766390033
Narok,2024.0,12.0,2024-12-01,0.5908547573418692
Kisii,2024.0,12.0,2024-12-01,0.6449435254577985
Murang'a,2024.0,12.0,2024-12-01,0.6486098952093498
Migori,2024.0,12.0,2024-12-01,0.46811490888225926
Kiambu,2024.0,12.0,2024-12-01,0.6083256793515253
Machakos,2024.0,12.0,2024-12-01,0.5153533818774844
Kajiado,2024.0,12.0,2024-12-01,0.4649010843387626
Nairobi,2024.0,12.0,2024-12-01,0.43825492309817665
Makueni,2024.0,12.0,2024-12-01,0.5508991627427435
Lamu,2024.0,12.0,2024-12-01,0.5267052551969171
Kilifi,2024.0,12.0,2024-12-01,0.4534922208218105
Taita Taveta,2024.0,12.0,2024-12-01,0.44013876426965937
Kwale,2024.0,12.0,2024-12-01,0.44608360657176505
Mombasa,2024.0,12.0,2024-12-01,0.3165233278471081
