Country Name,Country ISO3,Year,Indicator Name,Indicator Code,Value
Kenya,KEN,1967,Fertilizer consumption (% of fertilizer production),AG.CON.FERT.PT.ZS,5550
Kenya,KEN,1966,Fertilizer consumption (% of fertilizer production),AG.CON.FERT.PT.ZS,5112
Kenya,KEN,1965,Fertilizer consumption (% of fertilizer production),AG.CON.FERT.PT.ZS,4004
Kenya,KEN,1964,Fertilizer consumption (% of fertilizer production),AG.CON.FERT.PT.ZS,3210.83333333333
Kenya,KEN,1963,Fertilizer consumption (% of fertilizer production),AG.CON.FERT.PT.ZS,2670.33333333333
Kenya,KEN,1962,Fertilizer consumption (% of fertilizer production),AG.CON.FERT.PT.ZS,2016.66666666667
Kenya,KEN,1961,Fertilizer consumption (% of fertilizer production),AG.CON.FERT.PT.ZS,1850
Kenya,KEN,2023,Fertilizer consumption (kilograms per hectare of arable land),AG.CON.FERT.ZS,50.4610949535603
Kenya,KEN,2022,Fertilizer consumption (kilograms per hectare of arable land),AG.CON.FERT.ZS,33.2472432166847
Kenya,KEN,2021,Fertilizer consumption (kilograms per hectare of arable land),AG.CON.FERT.ZS,53.0505986519714
Kenya,KEN,2020,Fertilizer consumption (kilograms per hectare of arable land),AG.CON.FERT.ZS,57.5569743963764
Kenya,KEN,2019,Fertilizer consumption (kilograms per hectare of arable land),AG.CON.FERT.ZS,50.0995233995374
Kenya,KEN,2018,Fertilizer consumption (kilograms per hectare of arable land),AG.CON.FERT.ZS,42.433646895819
Kenya,KEN,2017,Fertilizer consumption (kilograms per hectare of arable land),AG.CON.FERT.ZS,59.545726435811
Kenya,KEN,2016,Fertilizer consumption (kilograms per hectare of arable land),AG.CON.FERT.ZS,43.2307357271419
Kenya,KEN,2015,Fertilizer consumption (kilograms per hectare of arable land),AG.CON.FERT.ZS,35.4638528641881
Kenya,KEN,2014,Fertilizer consumption (kilograms per hectare of arable land),AG.CON.FERT.ZS,43.3216278656533
Kenya,KEN,2013,Fertilizer consumption (kilograms per hectare of arable land),AG.CON.FERT.ZS,50.9644659896399
Kenya,KEN,2012,Fertilizer consumption (kilograms per hectare of arable land),AG.CON.FERT.ZS,43.6346590452593
Kenya,KEN,2011,Fertilizer consumption (kilograms per hectare of arable land),AG.CON.FERT.ZS,37.8021110087196
Kenya,KEN,2010,Fertilizer consumption (kilograms per hectare of arable land),AG.CON.FERT.ZS,32.4772837373386
Kenya,KEN,2009,Fertilizer consumption (kilograms per hectare of arable land),AG.CON.FERT.ZS,34.0429090909091
Kenya,KEN,2008,Fertilizer consumption (kilograms per hectare of arable land),AG.CON.FERT.ZS,33.2875471698113
Kenya,KEN,2007,Fertilizer consumption (kilograms per hectare of arable land),AG.CON.FERT.ZS,36.3952830188679
Kenya,KEN,2006,Fertilizer consumption (kilograms per hectare of arable land),AG.CON.FERT.ZS,33.154802259887
Kenya,KEN,2005,Fertilizer consumption (kilograms per hectare of arable land),AG.CON.FERT.ZS,34.3265577507599
Kenya,KEN,2004,Fertilizer consumption (kilograms per hectare of arable land),AG.CON.FERT.ZS,27.6808672499049
Kenya,KEN,2003,Fertilizer consumption (kilograms per hectare of arable land),AG.CON.FERT.ZS,33.0967741935484
Kenya,KEN,2002,Fertilizer consumption (kilograms per hectare of arable land),AG.CON.FERT.ZS,27.313101551758
Kenya,KEN,2001,Fertilizer consumption (kilograms per hectare of arable land),AG.CON.FERT.ZS,29.2492199687988
Kenya,KEN,2000,Fertilizer consumption (kilograms per hectare of arable land),AG.CON.FERT.ZS,29.7904314046207
Kenya,KEN,1999,Fertilizer consumption (kilograms per hectare of arable land),AG.CON.FERT.ZS,29.0620094191523
Kenya,KEN,1998,Fertilizer consumption (kilograms per hectare of arable land),AG.CON.FERT.ZS,27.1697306541257
Kenya,KEN,1997,Fertilizer consumption (kilograms per hectare of arable land),AG.CON.FERT.ZS,27.9185708350644
Kenya,KEN,1996,Fertilizer consumption (kilograms per hectare of arable land),AG.CON.FERT.ZS,34.4251766217084
Kenya,KEN,1995,Fertilizer consumption (kilograms per hectare of arable land),AG.CON.FERT.ZS,14.4170650974623
Kenya,KEN,1994,Fertilizer consumption (kilograms per hectare of arable land),AG.CON.FERT.ZS,23.8077769625825
Kenya,KEN,1993,Fertilizer consumption (kilograms per hectare of arable land),AG.CON.FERT.ZS,19.7628458498024
Kenya,KEN,1992,Fertilizer consumption (kilograms per hectare of arable land),AG.CON.FERT.ZS,19.2554799697657
Kenya,KEN,1991,Fertilizer consumption (kilograms per hectare of arable land),AG.CON.FERT.ZS,22.1110457131646
Kenya,KEN,1990,Fertilizer consumption (kilograms per hectare of arable land),AG.CON.FERT.ZS,21.3827655310621
Kenya,KEN,1989,Fertilizer consumption (kilograms per hectare of arable land),AG.CON.FERT.ZS,20.1213730324294
Kenya,KEN,1988,Fertilizer consumption (kilograms per hectare of arable land),AG.CON.FERT.ZS,24.8054076198279
Kenya,KEN,1987,Fertilizer consumption (kilograms per hectare of arable land),AG.CON.FERT.ZS,23.7084854994629
Kenya,KEN,1986,Fertilizer consumption (kilograms per hectare of arable land),AG.CON.FERT.ZS,21.4239059438276
Kenya,KEN,1985,Fertilizer consumption (kilograms per hectare of arable land),AG.CON.FERT.ZS,22.4311324879755
Kenya,KEN,1984,Fertilizer consumption (kilograms per hectare of arable land),AG.CON.FERT.ZS,21.9481879194631
Kenya,KEN,1983,Fertilizer consumption (kilograms per hectare of arable land),AG.CON.FERT.ZS,19.7631578947368
Kenya,KEN,1982,Fertilizer consumption (kilograms per hectare of arable land),AG.CON.FERT.ZS,16.5
Kenya,KEN,1981,Fertilizer consumption (kilograms per hectare of arable land),AG.CON.FERT.ZS,21.7894736842105
Kenya,KEN,1980,Fertilizer consumption (kilograms per hectare of arable land),AG.CON.FERT.ZS,16.2105263157895
Kenya,KEN,1979,Fertilizer consumption (kilograms per hectare of arable land),AG.CON.FERT.ZS,10.0789473684211
Kenya,KEN,1978,Fertilizer consumption (kilograms per hectare of arable land),AG.CON.FERT.ZS,13.4215789473684
Kenya,KEN,1977,Fertilizer consumption (kilograms per hectare of arable land),AG.CON.FERT.ZS,13.5584210526316
Kenya,KEN,1976,Fertilizer consumption (kilograms per hectare of arable land),AG.CON.FERT.ZS,14.1831578947368
Kenya,KEN,1975,Fertilizer consumption (kilograms per hectare of arable land),AG.CON.FERT.ZS,11.7089473684211
Kenya,KEN,1974,Fertilizer consumption (kilograms per hectare of arable land),AG.CON.FERT.ZS,15.0857142857143
Kenya,KEN,1973,Fertilizer consumption (kilograms per hectare of arable land),AG.CON.FERT.ZS,14.5605714285714
Kenya,KEN,1972,Fertilizer consumption (kilograms per hectare of arable land),AG.CON.FERT.ZS,15.1968571428571
Kenya,KEN,1971,Fertilizer consumption (kilograms per hectare of arable land),AG.CON.FERT.ZS,13.4857142857143
Kenya,KEN,1970,Fertilizer consumption (kilograms per hectare of arable land),AG.CON.FERT.ZS,14.1428571428571
Kenya,KEN,1969,Fertilizer consumption (kilograms per hectare of arable land),AG.CON.FERT.ZS,12.0857142857143
Kenya,KEN,1968,Fertilizer consumption (kilograms per hectare of arable land),AG.CON.FERT.ZS,9.37142857142857
Kenya,KEN,1967,Fertilizer consumption (kilograms per hectare of arable land),AG.CON.FERT.ZS,9.51428571428571
Kenya,KEN,1966,Fertilizer consumption (kilograms per hectare of arable land),AG.CON.FERT.ZS,8.76342857142857
Kenya,KEN,1965,Fertilizer consumption (kilograms per hectare of arable land),AG.CON.FERT.ZS,6.864
Kenya,KEN,1964,Fertilizer consumption (kilograms per hectare of arable land),AG.CON.FERT.ZS,5.50428571428571
Kenya,KEN,1963,Fertilizer consumption (kilograms per hectare of arable land),AG.CON.FERT.ZS,4.57771428571429
Kenya,KEN,1962,Fertilizer consumption (kilograms per hectare of arable land),AG.CON.FERT.ZS,3.45714285714286
Kenya,KEN,1961,Fertilizer consumption (kilograms per hectare of arable land),AG.CON.FERT.ZS,3.17142857142857
Kenya,KEN,2023,Agricultural land (sq. km),AG.LND.AGRI.K2,287686.669
Kenya,KEN,2022,Agricultural land (sq. km),AG.LND.AGRI.K2,287435.283
Kenya,KEN,2021,Agricultural land (sq. km),AG.LND.AGRI.K2,286961.01
Kenya,KEN,2020,Agricultural land (sq. km),AG.LND.AGRI.K2,286890.222
Kenya,KEN,2019,Agricultural land (sq. km),AG.LND.AGRI.K2,286666.749
Kenya,KEN,2018,Agricultural land (sq. km),AG.LND.AGRI.K2,285898.261
Kenya,KEN,2017,Agricultural land (sq. km),AG.LND.AGRI.K2,281345.106
Kenya,KEN,2016,Agricultural land (sq. km),AG.LND.AGRI.K2,284586.194
Kenya,KEN,2015,Agricultural land (sq. km),AG.LND.AGRI.K2,283046.441
Kenya,KEN,2014,Agricultural land (sq. km),AG.LND.AGRI.K2,283130.975
Kenya,KEN,2013,Agricultural land (sq. km),AG.LND.AGRI.K2,283391.139
Kenya,KEN,2012,Agricultural land (sq. km),AG.LND.AGRI.K2,282693.798
Kenya,KEN,2011,Agricultural land (sq. km),AG.LND.AGRI.K2,279300.273
Kenya,KEN,2010,Agricultural land (sq. km),AG.LND.AGRI.K2,273867.788
Kenya,KEN,2009,Agricultural land (sq. km),AG.LND.AGRI.K2,273110.421
Kenya,KEN,2008,Agricultural land (sq. km),AG.LND.AGRI.K2,270886.948
Kenya,KEN,2007,Agricultural land (sq. km),AG.LND.AGRI.K2,270663.474
Kenya,KEN,2006,Agricultural land (sq. km),AG.LND.AGRI.K2,270540
Kenya,KEN,2005,Agricultural land (sq. km),AG.LND.AGRI.K2,270020
Kenya,KEN,2004,Agricultural land (sq. km),AG.LND.AGRI.K2,269920
Kenya,KEN,2003,Agricultural land (sq. km),AG.LND.AGRI.K2,268740
Kenya,KEN,2002,Agricultural land (sq. km),AG.LND.AGRI.K2,268180
Kenya,KEN,2001,Agricultural land (sq. km),AG.LND.AGRI.K2,268390
Kenya,KEN,2000,Agricultural land (sq. km),AG.LND.AGRI.K2,267307.723
Kenya,KEN,1999,Agricultural land (sq. km),AG.LND.AGRI.K2,269275.213
Kenya,KEN,1998,Agricultural land (sq. km),AG.LND.AGRI.K2,265012.703
Kenya,KEN,1997,Agricultural land (sq. km),AG.LND.AGRI.K2,266290.193
Kenya,KEN,1996,Agricultural land (sq. km),AG.LND.AGRI.K2,264777.684
Kenya,KEN,1995,Agricultural land (sq. km),AG.LND.AGRI.K2,272365.174
Kenya,KEN,1994,Agricultural land (sq. km),AG.LND.AGRI.K2,272422.664
Kenya,KEN,1993,Agricultural land (sq. km),AG.LND.AGRI.K2,268420.155
Kenya,KEN,1992,Agricultural land (sq. km),AG.LND.AGRI.K2,270657.645
Kenya,KEN,1991,Agricultural land (sq. km),AG.LND.AGRI.K2,268625.135
Kenya,KEN,1990,Agricultural land (sq. km),AG.LND.AGRI.K2,267472.626
Kenya,KEN,1989,Agricultural land (sq. km),AG.LND.AGRI.K2,270220.116
Kenya,KEN,1988,Agricultural land (sq. km),AG.LND.AGRI.K2,266227.606
Kenya,KEN,1987,Agricultural land (sq. km),AG.LND.AGRI.K2,263875.097
Kenya,KEN,1986,Agricultural land (sq. km),AG.LND.AGRI.K2,263172.587
Kenya,KEN,1985,Agricultural land (sq. km),AG.LND.AGRI.K2,262900.077
Kenya,KEN,1984,Agricultural land (sq. km),AG.LND.AGRI.K2,254327.568
Kenya,KEN,1983,Agricultural land (sq. km),AG.LND.AGRI.K2,254995.058
Kenya,KEN,1982,Agricultural land (sq. km),AG.LND.AGRI.K2,254912.548
Kenya,KEN,1981,Agricultural land (sq. km),AG.LND.AGRI.K2,254830.039
Kenya,KEN,1980,Agricultural land (sq. km),AG.LND.AGRI.K2,254747.529
Kenya,KEN,1979,Agricultural land (sq. km),AG.LND.AGRI.K2,254665.019
Kenya,KEN,1978,Agricultural land (sq. km),AG.LND.AGRI.K2,254582.51
Kenya,KEN,1977,Agricultural land (sq. km),AG.LND.AGRI.K2,255800
Kenya,KEN,1976,Agricultural land (sq. km),AG.LND.AGRI.K2,255780
Kenya,KEN,1975,Agricultural land (sq. km),AG.LND.AGRI.K2,255720
Kenya,KEN,1974,Agricultural land (sq. km),AG.LND.AGRI.K2,251342.835
Kenya,KEN,1973,Agricultural land (sq. km),AG.LND.AGRI.K2,251260.326
Kenya,KEN,1972,Agricultural land (sq. km),AG.LND.AGRI.K2,251177.816
Kenya,KEN,1971,Agricultural land (sq. km),AG.LND.AGRI.K2,251095.306
Kenya,KEN,1970,Agricultural land (sq. km),AG.LND.AGRI.K2,251012.797
Kenya,KEN,1969,Agricultural land (sq. km),AG.LND.AGRI.K2,250930.287
Kenya,KEN,1968,Agricultural land (sq. km),AG.LND.AGRI.K2,250847.777
Kenya,KEN,1967,Agricultural land (sq. km),AG.LND.AGRI.K2,250765.268
Kenya,KEN,1966,Agricultural land (sq. km),AG.LND.AGRI.K2,250682.758
Kenya,KEN,1965,Agricultural land (sq. km),AG.LND.AGRI.K2,250600.248
Kenya,KEN,1964,Agricultural land (sq. km),AG.LND.AGRI.K2,250517.739
Kenya,KEN,1963,Agricultural land (sq. km),AG.LND.AGRI.K2,250435.229
Kenya,KEN,1962,Agricultural land (sq. km),AG.LND.AGRI.K2,250352.719
Kenya,KEN,1961,Agricultural land (sq. km),AG.LND.AGRI.K2,250270.21
Kenya,KEN,2023,Agricultural land (% of land area),AG.LND.AGRI.ZS,49.5263223856783
Kenya,KEN,2022,Agricultural land (% of land area),AG.LND.AGRI.ZS,49.4830453575056
Kenya,KEN,2021,Agricultural land (% of land area),AG.LND.AGRI.ZS,49.4013975092459
Kenya,KEN,2020,Agricultural land (% of land area),AG.LND.AGRI.ZS,49.3892110936528
Kenya,KEN,2019,Agricultural land (% of land area),AG.LND.AGRI.ZS,49.5174851803854
Kenya,KEN,2018,Agricultural land (% of land area),AG.LND.AGRI.ZS,49.5521664949056
Kenya,KEN,2017,Agricultural land (% of land area),AG.LND.AGRI.ZS,48.9288901383398
Kenya,KEN,2016,Agricultural land (% of land area),AG.LND.AGRI.ZS,49.6614869747445
Kenya,KEN,2015,Agricultural land (% of land area),AG.LND.AGRI.ZS,49.5619679036477
Kenya,KEN,2014,Agricultural land (% of land area),AG.LND.AGRI.ZS,49.747157992761
Kenya,KEN,2013,Agricultural land (% of land area),AG.LND.AGRI.ZS,49.7928697684225
Kenya,KEN,2012,Agricultural land (% of land area),AG.LND.AGRI.ZS,49.6703443792388
Kenya,KEN,2011,Agricultural land (% of land area),AG.LND.AGRI.ZS,49.0740895034614
Kenya,KEN,2010,Agricultural land (% of land area),AG.LND.AGRI.ZS,48.11958182521
Kenya,KEN,2009,Agricultural land (% of land area),AG.LND.AGRI.ZS,47.9865096461328
Kenya,KEN,2008,Agricultural land (% of land area),AG.LND.AGRI.ZS,47.5958372280985
Kenya,KEN,2007,Agricultural land (% of land area),AG.LND.AGRI.ZS,47.5565720209439
Kenya,KEN,2006,Agricultural land (% of land area),AG.LND.AGRI.ZS,47.5348771831184
Kenya,KEN,2005,Agricultural land (% of land area),AG.LND.AGRI.ZS,47.4435112626067
Kenya,KEN,2004,Agricultural land (% of land area),AG.LND.AGRI.ZS,47.4259408932776
Kenya,KEN,2003,Agricultural land (% of land area),AG.LND.AGRI.ZS,47.2186105351934
Kenya,KEN,2002,Agricultural land (% of land area),AG.LND.AGRI.ZS,47.1202164669501
Kenya,KEN,2001,Agricultural land (% of land area),AG.LND.AGRI.ZS,47.1571142425414
Kenya,KEN,2000,Agricultural land (% of land area),AG.LND.AGRI.ZS,46.9669541764768
Kenya,KEN,1999,Agricultural land (% of land area),AG.LND.AGRI.ZS,47.3126494359911
Kenya,KEN,1998,Agricultural land (% of land area),AG.LND.AGRI.ZS,46.5637106862986
Kenya,KEN,1997,Agricultural land (% of land area),AG.LND.AGRI.ZS,46.7881703974418
Kenya,KEN,1996,Agricultural land (% of land area),AG.LND.AGRI.ZS,46.5224169800049
Kenya,KEN,1995,Agricultural land (% of land area),AG.LND.AGRI.ZS,47.8555669958183
Kenya,KEN,1994,Agricultural land (% of land area),AG.LND.AGRI.ZS,47.8656682011456
Kenya,KEN,1993,Agricultural land (% of land area),AG.LND.AGRI.ZS,47.1624125874126
Kenya,KEN,1992,Agricultural land (% of land area),AG.LND.AGRI.ZS,47.5555478441157
Kenya,KEN,1991,Agricultural land (% of land area),AG.LND.AGRI.ZS,47.1984283304635
Kenya,KEN,1990,Agricultural land (% of land area),AG.LND.AGRI.ZS,46.9959282426117
Kenya,KEN,1989,Agricultural land (% of land area),AG.LND.AGRI.ZS,47.4786723828935
Kenya,KEN,1988,Agricultural land (% of land area),AG.LND.AGRI.ZS,46.7771736303897
Kenya,KEN,1987,Agricultural land (% of land area),AG.LND.AGRI.ZS,46.3638291105879
Kenya,KEN,1986,Agricultural land (% of land area),AG.LND.AGRI.ZS,46.2403955090136
Kenya,KEN,1985,Agricultural land (% of land area),AG.LND.AGRI.ZS,46.1925144955547
Kenya,KEN,1984,Agricultural land (% of land area),AG.LND.AGRI.ZS,44.6862930034789
Kenya,KEN,1983,Agricultural land (% of land area),AG.LND.AGRI.ZS,44.8035734617142
Kenya,KEN,1982,Agricultural land (% of land area),AG.LND.AGRI.ZS,44.7890761499807
Kenya,KEN,1981,Agricultural land (% of land area),AG.LND.AGRI.ZS,44.7745790139509
Kenya,KEN,1980,Agricultural land (% of land area),AG.LND.AGRI.ZS,44.7600817022174
Kenya,KEN,1979,Agricultural land (% of land area),AG.LND.AGRI.ZS,44.7455843904839
Kenya,KEN,1978,Agricultural land (% of land area),AG.LND.AGRI.ZS,44.7310872544541
Kenya,KEN,1977,Agricultural land (% of land area),AG.LND.AGRI.ZS,44.9450047439997
Kenya,KEN,1976,Agricultural land (% of land area),AG.LND.AGRI.ZS,44.9414906701339
Kenya,KEN,1975,Agricultural land (% of land area),AG.LND.AGRI.ZS,44.9309484485364
Kenya,KEN,1974,Agricultural land (% of land area),AG.LND.AGRI.ZS,44.1618643918895
Kenya,KEN,1973,Agricultural land (% of land area),AG.LND.AGRI.ZS,44.1473672558597
Kenya,KEN,1972,Agricultural land (% of land area),AG.LND.AGRI.ZS,44.1328699441262
Kenya,KEN,1971,Agricultural land (% of land area),AG.LND.AGRI.ZS,44.1183726323927
Kenya,KEN,1970,Agricultural land (% of land area),AG.LND.AGRI.ZS,44.1038754963629
Kenya,KEN,1969,Agricultural land (% of land area),AG.LND.AGRI.ZS,44.0893781846294
Kenya,KEN,1968,Agricultural land (% of land area),AG.LND.AGRI.ZS,44.0748808728959
Kenya,KEN,1967,Agricultural land (% of land area),AG.LND.AGRI.ZS,44.0603837368662
Kenya,KEN,1966,Agricultural land (% of land area),AG.LND.AGRI.ZS,44.0458864251327
Kenya,KEN,1965,Agricultural land (% of land area),AG.LND.AGRI.ZS,44.0313891133992
Kenya,KEN,1964,Agricultural land (% of land area),AG.LND.AGRI.ZS,44.0168919773694
Kenya,KEN,1963,Agricultural land (% of land area),AG.LND.AGRI.ZS,44.0023946656359
Kenya,KEN,1962,Agricultural land (% of land area),AG.LND.AGRI.ZS,43.9878973539024
Kenya,KEN,1961,Agricultural land (% of land area),AG.LND.AGRI.ZS,43.9734002178726
Kenya,KEN,2023,Arable land (hectares),AG.LND.ARBL.HA,6632158.9
Kenya,KEN,2022,Arable land (hectares),AG.LND.ARBL.HA,6632158.9
Kenya,KEN,2021,Arable land (hectares),AG.LND.ARBL.HA,6632158.9
Kenya,KEN,2020,Arable land (hectares),AG.LND.ARBL.HA,6632158.9
Kenya,KEN,2019,Arable land (hectares),AG.LND.ARBL.HA,6632158.9
Kenya,KEN,2018,Arable land (hectares),AG.LND.ARBL.HA,6577657.6
Kenya,KEN,2017,Arable land (hectares),AG.LND.ARBL.HA,6144689.5
Kenya,KEN,2016,Arable land (hectares),AG.LND.ARBL.HA,6491145.6
Kenya,KEN,2015,Arable land (hectares),AG.LND.ARBL.HA,6359517.7
Kenya,KEN,2014,Arable land (hectares),AG.LND.ARBL.HA,6390318.5
Kenya,KEN,2013,Arable land (hectares),AG.LND.ARBL.HA,6438682.2
Kenya,KEN,2012,Arable land (hectares),AG.LND.ARBL.HA,6391295.5
Kenya,KEN,2011,Arable land (hectares),AG.LND.ARBL.HA,6074290.4
Kenya,KEN,2010,Arable land (hectares),AG.LND.ARBL.HA,5553389.3
Kenya,KEN,2009,Arable land (hectares),AG.LND.ARBL.HA,5500000
Kenya,KEN,2008,Arable land (hectares),AG.LND.ARBL.HA,5300000
Kenya,KEN,2007,Arable land (hectares),AG.LND.ARBL.HA,5300000
Kenya,KEN,2006,Arable land (hectares),AG.LND.ARBL.HA,5310000
Kenya,KEN,2005,Arable land (hectares),AG.LND.ARBL.HA,5264000
Kenya,KEN,2004,Arable land (hectares),AG.LND.ARBL.HA,5258000
Kenya,KEN,2003,Arable land (hectares),AG.LND.ARBL.HA,5146000
Kenya,KEN,2002,Arable land (hectares),AG.LND.ARBL.HA,5091000
Kenya,KEN,2001,Arable land (hectares),AG.LND.ARBL.HA,5128000
Kenya,KEN,2000,Arable land (hectares),AG.LND.ARBL.HA,4891000
Kenya,KEN,1999,Arable land (hectares),AG.LND.ARBL.HA,5096000
Kenya,KEN,1998,Arable land (hectares),AG.LND.ARBL.HA,4678000
Kenya,KEN,1997,Arable land (hectares),AG.LND.ARBL.HA,4814000
Kenya,KEN,1996,Arable land (hectares),AG.LND.ARBL.HA,4671000
Kenya,KEN,1995,Arable land (hectares),AG.LND.ARBL.HA,5438000
Kenya,KEN,1994,Arable land (hectares),AG.LND.ARBL.HA,5452000
Kenya,KEN,1993,Arable land (hectares),AG.LND.ARBL.HA,5060000
Kenya,KEN,1992,Arable land (hectares),AG.LND.ARBL.HA,5292000
Kenya,KEN,1991,Arable land (hectares),AG.LND.ARBL.HA,5097000
Kenya,KEN,1990,Arable land (hectares),AG.LND.ARBL.HA,4990000
Kenya,KEN,1989,Arable land (hectares),AG.LND.ARBL.HA,5273000
Kenya,KEN,1988,Arable land (hectares),AG.LND.ARBL.HA,4882000
Kenya,KEN,1987,Arable land (hectares),AG.LND.ARBL.HA,4655000
Kenya,KEN,1986,Arable land (hectares),AG.LND.ARBL.HA,4593000
Kenya,KEN,1985,Arable land (hectares),AG.LND.ARBL.HA,4574000
Kenya,KEN,1984,Arable land (hectares),AG.LND.ARBL.HA,3725000
Kenya,KEN,1983,Arable land (hectares),AG.LND.ARBL.HA,3800000
Kenya,KEN,1982,Arable land (hectares),AG.LND.ARBL.HA,3800000
Kenya,KEN,1981,Arable land (hectares),AG.LND.ARBL.HA,3800000
Kenya,KEN,1980,Arable land (hectares),AG.LND.ARBL.HA,3800000
Kenya,KEN,1979,Arable land (hectares),AG.LND.ARBL.HA,3800000
Kenya,KEN,1978,Arable land (hectares),AG.LND.ARBL.HA,3800000
Kenya,KEN,1977,Arable land (hectares),AG.LND.ARBL.HA,3800000
Kenya,KEN,1976,Arable land (hectares),AG.LND.ARBL.HA,3800000
Kenya,KEN,1975,Arable land (hectares),AG.LND.ARBL.HA,3800000
Kenya,KEN,1974,Arable land (hectares),AG.LND.ARBL.HA,3500000
Kenya,KEN,1973,Arable land (hectares),AG.LND.ARBL.HA,3500000
Kenya,KEN,1972,Arable land (hectares),AG.LND.ARBL.HA,3500000
Kenya,KEN,1971,Arable land (hectares),AG.LND.ARBL.HA,3500000
Kenya,KEN,1970,Arable land (hectares),AG.LND.ARBL.HA,3500000
Kenya,KEN,1969,Arable land (hectares),AG.LND.ARBL.HA,3500000
Kenya,KEN,1968,Arable land (hectares),AG.LND.ARBL.HA,3500000
Kenya,KEN,1967,Arable land (hectares),AG.LND.ARBL.HA,3500000
Kenya,KEN,1966,Arable land (hectares),AG.LND.ARBL.HA,3500000
Kenya,KEN,1965,Arable land (hectares),AG.LND.ARBL.HA,3500000
Kenya,KEN,1964,Arable land (hectares),AG.LND.ARBL.HA,3500000
Kenya,KEN,1963,Arable land (hectares),AG.LND.ARBL.HA,3500000
Kenya,KEN,1962,Arable land (hectares),AG.LND.ARBL.HA,3500000
Kenya,KEN,1961,Arable land (hectares),AG.LND.ARBL.HA,3500000
Kenya,KEN,2023,Arable land (hectares per person),AG.LND.ARBL.HA.PC,0.119846013488895
Kenya,KEN,2022,Arable land (hectares per person),AG.LND.ARBL.HA.PC,0.122246231373725
Kenya,KEN,2021,Arable land (hectares per person),AG.LND.ARBL.HA.PC,0.124619745074547
Kenya,KEN,2020,Arable land (hectares per person),AG.LND.ARBL.HA.PC,0.127010676186571
Kenya,KEN,2019,Arable land (hectares per person),AG.LND.ARBL.HA.PC,0.129527201691422
Kenya,KEN,2018,Arable land (hectares per person),AG.LND.ARBL.HA.PC,0.13101048821634
Kenya,KEN,2017,Arable land (hectares per person),AG.LND.ARBL.HA.PC,0.124897734177605
Kenya,KEN,2016,Arable land (hectares per person),AG.LND.ARBL.HA.PC,0.134839796527967
Kenya,KEN,2015,Arable land (hectares per person),AG.LND.ARBL.HA.PC,0.135054507758429
Kenya,KEN,2014,Arable land (hectares per person),AG.LND.ARBL.HA.PC,0.138764792154165
Kenya,KEN,2013,Arable land (hectares per person),AG.LND.ARBL.HA.PC,0.143123838283998
Kenya,KEN,2012,Arable land (hectares per person),AG.LND.ARBL.HA.PC,0.14562639845063
Kenya,KEN,2011,Arable land (hectares per person),AG.LND.ARBL.HA.PC,0.142060547969676
Kenya,KEN,2010,Arable land (hectares per person),AG.LND.ARBL.HA.PC,0.133499533769997
Kenya,KEN,2009,Arable land (hectares per person),AG.LND.ARBL.HA.PC,0.136108659849141
Kenya,KEN,2008,Arable land (hectares per person),AG.LND.ARBL.HA.PC,0.13518218005037
Kenya,KEN,2007,Arable land (hectares per person),AG.LND.ARBL.HA.PC,0.139340397786339
Kenya,KEN,2006,Arable land (hectares per person),AG.LND.ARBL.HA.PC,0.143886810343202
Kenya,KEN,2005,Arable land (hectares per person),AG.LND.ARBL.HA.PC,0.147053548611087
Kenya,KEN,2004,Arable land (hectares per person),AG.LND.ARBL.HA.PC,0.151468645227045
Kenya,KEN,2003,Arable land (hectares per person),AG.LND.ARBL.HA.PC,0.152917089608018
Kenya,KEN,2002,Arable land (hectares per person),AG.LND.ARBL.HA.PC,0.156022983647345
Kenya,KEN,2001,Arable land (hectares per person),AG.LND.ARBL.HA.PC,0.162180095176439
Kenya,KEN,2000,Arable land (hectares per person),AG.LND.ARBL.HA.PC,0.159612882466373
Kenya,KEN,1999,Arable land (hectares per person),AG.LND.ARBL.HA.PC,0.171389704133478
Kenya,KEN,1998,Arable land (hectares per person),AG.LND.ARBL.HA.PC,0.161935432348392
Kenya,KEN,1997,Arable land (hectares per person),AG.LND.ARBL.HA.PC,0.171305947725424
Kenya,KEN,1996,Arable land (hectares per person),AG.LND.ARBL.HA.PC,0.170822262891403
Kenya,KEN,1995,Arable land (hectares per person),AG.LND.ARBL.HA.PC,0.204422633683023
Kenya,KEN,1994,Arable land (hectares per person),AG.LND.ARBL.HA.PC,0.210850933572287
Kenya,KEN,1993,Arable land (hectares per person),AG.LND.ARBL.HA.PC,0.201455672506015
Kenya,KEN,1992,Arable land (hectares per person),AG.LND.ARBL.HA.PC,0.217041266549807
Kenya,KEN,1991,Arable land (hectares per person),AG.LND.ARBL.HA.PC,0.215549742342571
Kenya,KEN,1990,Arable land (hectares per person),AG.LND.ARBL.HA.PC,0.217973881661849
Kenya,KEN,1989,Arable land (hectares per person),AG.LND.ARBL.HA.PC,0.238398432728104
Kenya,KEN,1988,Arable land (hectares per person),AG.LND.ARBL.HA.PC,0.228598517368641
Kenya,KEN,1987,Arable land (hectares per person),AG.LND.ARBL.HA.PC,0.225794447212508
Kenya,KEN,1986,Arable land (hectares per person),AG.LND.ARBL.HA.PC,0.230784931055451
Kenya,KEN,1985,Arable land (hectares per person),AG.LND.ARBL.HA.PC,0.238207231750743
Kenya,KEN,1984,Arable land (hectares per person),AG.LND.ARBL.HA.PC,0.201189247193586
Kenya,KEN,1983,Arable land (hectares per person),AG.LND.ARBL.HA.PC,0.212928407753866
Kenya,KEN,1982,Arable land (hectares per person),AG.LND.ARBL.HA.PC,0.220850944501029
Kenya,KEN,1981,Arable land (hectares per person),AG.LND.ARBL.HA.PC,0.228894882856117
Kenya,KEN,1980,Arable land (hectares per person),AG.LND.ARBL.HA.PC,0.237226314965753
Kenya,KEN,1979,Arable land (hectares per person),AG.LND.ARBL.HA.PC,0.245785013401104
Kenya,KEN,1978,Arable land (hectares per person),AG.LND.ARBL.HA.PC,0.254450779376041
Kenya,KEN,1977,Arable land (hectares per person),AG.LND.ARBL.HA.PC,0.263361817762077
Kenya,KEN,1976,Arable land (hectares per person),AG.LND.ARBL.HA.PC,0.272252660786153
Kenya,KEN,1975,Arable land (hectares per person),AG.LND.ARBL.HA.PC,0.281238345723486
Kenya,KEN,1974,Arable land (hectares per person),AG.LND.ARBL.HA.PC,0.267787231262124
Kenya,KEN,1973,Arable land (hectares per person),AG.LND.ARBL.HA.PC,0.277011927737877
Kenya,KEN,1972,Arable land (hectares per person),AG.LND.ARBL.HA.PC,0.286742814634698
Kenya,KEN,1971,Arable land (hectares per person),AG.LND.ARBL.HA.PC,0.296889346117332
Kenya,KEN,1970,Arable land (hectares per person),AG.LND.ARBL.HA.PC,0.307860352081413
Kenya,KEN,1969,Arable land (hectares per person),AG.LND.ARBL.HA.PC,0.319935793456765
Kenya,KEN,1968,Arable land (hectares per person),AG.LND.ARBL.HA.PC,0.332736847078803
Kenya,KEN,1967,Arable land (hectares per person),AG.LND.ARBL.HA.PC,0.34615569865742
Kenya,KEN,1966,Arable land (hectares per person),AG.LND.ARBL.HA.PC,0.360163230092029
Kenya,KEN,1965,Arable land (hectares per person),AG.LND.ARBL.HA.PC,0.374809462932308
Kenya,KEN,1964,Arable land (hectares per person),AG.LND.ARBL.HA.PC,0.390035810859377
Kenya,KEN,1963,Arable land (hectares per person),AG.LND.ARBL.HA.PC,0.405657367184011
Kenya,KEN,1962,Arable land (hectares per person),AG.LND.ARBL.HA.PC,0.421721907416859
Kenya,KEN,1961,Arable land (hectares per person),AG.LND.ARBL.HA.PC,0.438169852161492
Kenya,KEN,2023,Arable land (% of land area),AG.LND.ARBL.ZS,11.4175064467254
Kenya,KEN,2022,Arable land (% of land area),AG.LND.ARBL.ZS,11.4175064467254
Kenya,KEN,2021,Arable land (% of land area),AG.LND.ARBL.ZS,11.4175064467254
Kenya,KEN,2020,Arable land (% of land area),AG.LND.ARBL.ZS,11.4175064467254
Kenya,KEN,2019,Arable land (% of land area),AG.LND.ARBL.ZS,11.4560838042891
Kenya,KEN,2018,Arable land (% of land area),AG.LND.ARBL.ZS,11.4004605485054
Kenya,KEN,2017,Arable land (% of land area),AG.LND.ARBL.ZS,10.6862650555475
Kenya,KEN,2016,Arable land (% of land area),AG.LND.ARBL.ZS,11.3273218962115
Kenya,KEN,2015,Arable land (% of land area),AG.LND.ARBL.ZS,11.1356359407494
Kenya,KEN,2014,Arable land (% of land area),AG.LND.ARBL.ZS,11.2280256175985
Kenya,KEN,2013,Arable land (% of land area),AG.LND.ARBL.ZS,11.313002424711
Kenya,KEN,2012,Arable land (% of land area),AG.LND.ARBL.ZS,11.2297422426819
Kenya,KEN,2011,Arable land (% of land area),AG.LND.ARBL.ZS,10.6727525740591
Kenya,KEN,2010,Arable land (% of land area),AG.LND.ARBL.ZS,9.75751010296236
Kenya,KEN,2009,Arable land (% of land area),AG.LND.ARBL.ZS,9.66370313103982
Kenya,KEN,2008,Arable land (% of land area),AG.LND.ARBL.ZS,9.31229574445655
Kenya,KEN,2007,Arable land (% of land area),AG.LND.ARBL.ZS,9.31229574445655
Kenya,KEN,2006,Arable land (% of land area),AG.LND.ARBL.ZS,9.32986611378571
Kenya,KEN,2005,Arable land (% of land area),AG.LND.ARBL.ZS,9.24904241487156
Kenya,KEN,2004,Arable land (% of land area),AG.LND.ARBL.ZS,9.23850019327406
Kenya,KEN,2003,Arable land (% of land area),AG.LND.ARBL.ZS,9.04171205678743
Kenya,KEN,2002,Arable land (% of land area),AG.LND.ARBL.ZS,8.94507502547703
Kenya,KEN,2001,Arable land (% of land area),AG.LND.ARBL.ZS,9.01008539199494
Kenya,KEN,2000,Arable land (% of land area),AG.LND.ARBL.ZS,8.59366763889377
Kenya,KEN,1999,Arable land (% of land area),AG.LND.ARBL.ZS,8.95386021014162
Kenya,KEN,1998,Arable land (% of land area),AG.LND.ARBL.ZS,8.21941877218259
Kenya,KEN,1997,Arable land (% of land area),AG.LND.ARBL.ZS,8.45837579505921
Kenya,KEN,1996,Arable land (% of land area),AG.LND.ARBL.ZS,8.20711951365218
Kenya,KEN,1995,Arable land (% of land area),AG.LND.ARBL.ZS,9.554766841199
Kenya,KEN,1994,Arable land (% of land area),AG.LND.ARBL.ZS,9.57936535825983
Kenya,KEN,1993,Arable land (% of land area),AG.LND.ARBL.ZS,8.89060688055663
Kenya,KEN,1992,Arable land (% of land area),AG.LND.ARBL.ZS,9.29823944899322
Kenya,KEN,1991,Arable land (% of land area),AG.LND.ARBL.ZS,8.95561724707453
Kenya,KEN,1990,Arable land (% of land area),AG.LND.ARBL.ZS,8.76761429525249
Kenya,KEN,1989,Arable land (% of land area),AG.LND.ARBL.ZS,9.26485574726781
Kenya,KEN,1988,Arable land (% of land area),AG.LND.ARBL.ZS,8.57785430649752
Kenya,KEN,1987,Arable land (% of land area),AG.LND.ARBL.ZS,8.17900692272551
Kenya,KEN,1986,Arable land (% of land area),AG.LND.ARBL.ZS,8.0700706328847
Kenya,KEN,1985,Arable land (% of land area),AG.LND.ARBL.ZS,8.03668693115929
Kenya,KEN,1984,Arable land (% of land area),AG.LND.ARBL.ZS,6.54496257511333
Kenya,KEN,1983,Arable land (% of land area),AG.LND.ARBL.ZS,6.67674034508205
Kenya,KEN,1982,Arable land (% of land area),AG.LND.ARBL.ZS,6.67674034508205
Kenya,KEN,1981,Arable land (% of land area),AG.LND.ARBL.ZS,6.67674034508205
Kenya,KEN,1980,Arable land (% of land area),AG.LND.ARBL.ZS,6.67674034508205
Kenya,KEN,1979,Arable land (% of land area),AG.LND.ARBL.ZS,6.67674034508205
Kenya,KEN,1978,Arable land (% of land area),AG.LND.ARBL.ZS,6.67674034508205
Kenya,KEN,1977,Arable land (% of land area),AG.LND.ARBL.ZS,6.67674034508205
Kenya,KEN,1976,Arable land (% of land area),AG.LND.ARBL.ZS,6.67674034508205
Kenya,KEN,1975,Arable land (% of land area),AG.LND.ARBL.ZS,6.67674034508205
Kenya,KEN,1974,Arable land (% of land area),AG.LND.ARBL.ZS,6.14962926520715
Kenya,KEN,1973,Arable land (% of land area),AG.LND.ARBL.ZS,6.14962926520715
Kenya,KEN,1972,Arable land (% of land area),AG.LND.ARBL.ZS,6.14962926520715
Kenya,KEN,1971,Arable land (% of land area),AG.LND.ARBL.ZS,6.14962926520715
Kenya,KEN,1970,Arable land (% of land area),AG.LND.ARBL.ZS,6.14962926520715
Kenya,KEN,1969,Arable land (% of land area),AG.LND.ARBL.ZS,6.14962926520715
Kenya,KEN,1968,Arable land (% of land area),AG.LND.ARBL.ZS,6.14962926520715
Kenya,KEN,1967,Arable land (% of land area),AG.LND.ARBL.ZS,6.14962926520715
Kenya,KEN,1966,Arable land (% of land area),AG.LND.ARBL.ZS,6.14962926520715
Kenya,KEN,1965,Arable land (% of land area),AG.LND.ARBL.ZS,6.14962926520715
Kenya,KEN,1964,Arable land (% of land area),AG.LND.ARBL.ZS,6.14962926520715
Kenya,KEN,1963,Arable land (% of land area),AG.LND.ARBL.ZS,6.14962926520715
Kenya,KEN,1962,Arable land (% of land area),AG.LND.ARBL.ZS,6.14962926520715
Kenya,KEN,1961,Arable land (% of land area),AG.LND.ARBL.ZS,6.14962926520715
Kenya,KEN,2023,Land under cereal production (hectares),AG.LND.CREL.HA,2928050
Kenya,KEN,2022,Land under cereal production (hectares),AG.LND.CREL.HA,2603863
Kenya,KEN,2021,Land under cereal production (hectares),AG.LND.CREL.HA,2676346
Kenya,KEN,2020,Land under cereal production (hectares),AG.LND.CREL.HA,2649087
Kenya,KEN,2019,Land under cereal production (hectares),AG.LND.CREL.HA,2863448
Kenya,KEN,2018,Land under cereal production (hectares),AG.LND.CREL.HA,2811780
Kenya,KEN,2017,Land under cereal production (hectares),AG.LND.CREL.HA,2602578
Kenya,KEN,2016,Land under cereal production (hectares),AG.LND.CREL.HA,2814068
Kenya,KEN,2015,Land under cereal production (hectares),AG.LND.CREL.HA,2551453
Kenya,KEN,2014,Land under cereal production (hectares),AG.LND.CREL.HA,2669565
Kenya,KEN,2013,Land under cereal production (hectares),AG.LND.CREL.HA,2730562
Kenya,KEN,2012,Land under cereal production (hectares),AG.LND.CREL.HA,2700291
Kenya,KEN,2011,Land under cereal production (hectares),AG.LND.CREL.HA,2679558
Kenya,KEN,2010,Land under cereal production (hectares),AG.LND.CREL.HA,2542199
Kenya,KEN,2009,Land under cereal production (hectares),AG.LND.CREL.HA,2332573
Kenya,KEN,2008,Land under cereal production (hectares),AG.LND.CREL.HA,2021880
Kenya,KEN,2007,Land under cereal production (hectares),AG.LND.CREL.HA,2038151
Kenya,KEN,2006,Land under cereal production (hectares),AG.LND.CREL.HA,2390855
Kenya,KEN,2005,Land under cereal production (hectares),AG.LND.CREL.HA,2177936
Kenya,KEN,2004,Land under cereal production (hectares),AG.LND.CREL.HA,1771599
Kenya,KEN,2003,Land under cereal production (hectares),AG.LND.CREL.HA,2102634
Kenya,KEN,2002,Land under cereal production (hectares),AG.LND.CREL.HA,2046310
Kenya,KEN,2001,Land under cereal production (hectares),AG.LND.CREL.HA,2055178
Kenya,KEN,2000,Land under cereal production (hectares),AG.LND.CREL.HA,1884669
Kenya,KEN,1999,Land under cereal production (hectares),AG.LND.CREL.HA,1962713
Kenya,KEN,1998,Land under cereal production (hectares),AG.LND.CREL.HA,1841097
Kenya,KEN,1997,Land under cereal production (hectares),AG.LND.CREL.HA,1932660
Kenya,KEN,1996,Land under cereal production (hectares),AG.LND.CREL.HA,1903025
Kenya,KEN,1995,Land under cereal production (hectares),AG.LND.CREL.HA,1842401
Kenya,KEN,1994,Land under cereal production (hectares),AG.LND.CREL.HA,1889290
Kenya,KEN,1993,Land under cereal production (hectares),AG.LND.CREL.HA,1737790
Kenya,KEN,1992,Land under cereal production (hectares),AG.LND.CREL.HA,1804764
Kenya,KEN,1991,Land under cereal production (hectares),AG.LND.CREL.HA,1707540
Kenya,KEN,1990,Land under cereal production (hectares),AG.LND.CREL.HA,1785368
Kenya,KEN,1989,Land under cereal production (hectares),AG.LND.CREL.HA,1834500
Kenya,KEN,1988,Land under cereal production (hectares),AG.LND.CREL.HA,1890731
Kenya,KEN,1987,Land under cereal production (hectares),AG.LND.CREL.HA,1846906
Kenya,KEN,1986,Land under cereal production (hectares),AG.LND.CREL.HA,1794808
Kenya,KEN,1985,Land under cereal production (hectares),AG.LND.CREL.HA,1784513
Kenya,KEN,1984,Land under cereal production (hectares),AG.LND.CREL.HA,1295163
Kenya,KEN,1983,Land under cereal production (hectares),AG.LND.CREL.HA,1619035
Kenya,KEN,1982,Land under cereal production (hectares),AG.LND.CREL.HA,1501439
Kenya,KEN,1981,Land under cereal production (hectares),AG.LND.CREL.HA,1427630
Kenya,KEN,1980,Land under cereal production (hectares),AG.LND.CREL.HA,1796750
Kenya,KEN,1979,Land under cereal production (hectares),AG.LND.CREL.HA,1853700
Kenya,KEN,1978,Land under cereal production (hectares),AG.LND.CREL.HA,1971500
Kenya,KEN,1977,Land under cereal production (hectares),AG.LND.CREL.HA,2048900
Kenya,KEN,1976,Land under cereal production (hectares),AG.LND.CREL.HA,2044704
Kenya,KEN,1975,Land under cereal production (hectares),AG.LND.CREL.HA,1881305
Kenya,KEN,1974,Land under cereal production (hectares),AG.LND.CREL.HA,1879861
Kenya,KEN,1973,Land under cereal production (hectares),AG.LND.CREL.HA,1872408
Kenya,KEN,1972,Land under cereal production (hectares),AG.LND.CREL.HA,1721646
Kenya,KEN,1971,Land under cereal production (hectares),AG.LND.CREL.HA,1580733
Kenya,KEN,1970,Land under cereal production (hectares),AG.LND.CREL.HA,1635144
Kenya,KEN,1969,Land under cereal production (hectares),AG.LND.CREL.HA,1783814
Kenya,KEN,1968,Land under cereal production (hectares),AG.LND.CREL.HA,1811404
Kenya,KEN,1967,Land under cereal production (hectares),AG.LND.CREL.HA,1623708
Kenya,KEN,1966,Land under cereal production (hectares),AG.LND.CREL.HA,1419048
Kenya,KEN,1965,Land under cereal production (hectares),AG.LND.CREL.HA,1569770
Kenya,KEN,1964,Land under cereal production (hectares),AG.LND.CREL.HA,1432536
Kenya,KEN,1963,Land under cereal production (hectares),AG.LND.CREL.HA,1369115
Kenya,KEN,1962,Land under cereal production (hectares),AG.LND.CREL.HA,1260197
Kenya,KEN,1961,Land under cereal production (hectares),AG.LND.CREL.HA,1105697
Kenya,KEN,2023,Permanent cropland (% of land area),AG.LND.CROP.ZS,1.44007941105533
Kenya,KEN,2022,Permanent cropland (% of land area),AG.LND.CROP.ZS,1.39680238288255
Kenya,KEN,2021,Permanent cropland (% of land area),AG.LND.CROP.ZS,1.31515453462295
Kenya,KEN,2020,Permanent cropland (% of land area),AG.LND.CROP.ZS,1.30296811902982
Kenya,KEN,2019,Permanent cropland (% of land area),AG.LND.CROP.ZS,1.26876871209808
Kenya,KEN,2018,Permanent cropland (% of land area),AG.LND.CROP.ZS,1.23433741642896
Kenya,KEN,2017,Permanent cropland (% of land area),AG.LND.CROP.ZS,1.19967203943109
Kenya,KEN,2016,Permanent cropland (% of land area),AG.LND.CROP.ZS,1.16476983506386
Kenya,KEN,2015,Permanent cropland (% of land area),AG.LND.CROP.ZS,1.12962854497068
Kenya,KEN,2014,Permanent cropland (% of land area),AG.LND.CROP.ZS,1.0942457040447
Kenya,KEN,2013,Permanent cropland (% of land area),AG.LND.CROP.ZS,1.05498049689004
Kenya,KEN,2012,Permanent cropland (% of land area),AG.LND.CROP.ZS,1.01571546543908
Kenya,KEN,2011,Permanent cropland (% of land area),AG.LND.CROP.ZS,0.976450258284429
Kenya,KEN,2010,Permanent cropland (% of land area),AG.LND.CROP.ZS,0.937185051129775
Kenya,KEN,2009,Permanent cropland (% of land area),AG.LND.CROP.ZS,0.89791984397512
Kenya,KEN,2008,Permanent cropland (% of land area),AG.LND.CROP.ZS,0.858654812524159
Kenya,KEN,2007,Permanent cropland (% of land area),AG.LND.CROP.ZS,0.819389605369505
Kenya,KEN,2006,Permanent cropland (% of land area),AG.LND.CROP.ZS,0.78012439821485
Kenya,KEN,2005,Permanent cropland (% of land area),AG.LND.CROP.ZS,0.769582176617353
Kenya,KEN,2004,Permanent cropland (% of land area),AG.LND.CROP.ZS,0.762554028885687
Kenya,KEN,2003,Permanent cropland (% of land area),AG.LND.CROP.ZS,0.752011807288189
Kenya,KEN,2002,Permanent cropland (% of land area),AG.LND.CROP.ZS,0.750254770355273
Kenya,KEN,2001,Permanent cropland (% of land area),AG.LND.CROP.ZS,0.722142179428612
Kenya,KEN,2000,Permanent cropland (% of land area),AG.LND.CROP.ZS,0.9483996907615
Kenya,KEN,1999,Permanent cropland (% of land area),AG.LND.CROP.ZS,0.9339025547317
Kenya,KEN,1998,Permanent cropland (% of land area),AG.LND.CROP.ZS,0.919405242998208
Kenya,KEN,1997,Permanent cropland (% of land area),AG.LND.CROP.ZS,0.904907931264715
Kenya,KEN,1996,Permanent cropland (% of land area),AG.LND.CROP.ZS,0.890410795234916
Kenya,KEN,1995,Permanent cropland (% of land area),AG.LND.CROP.ZS,0.875913483501423
Kenya,KEN,1994,Permanent cropland (% of land area),AG.LND.CROP.ZS,0.861416171767931
Kenya,KEN,1993,Permanent cropland (% of land area),AG.LND.CROP.ZS,0.846919035738131
Kenya,KEN,1992,Permanent cropland (% of land area),AG.LND.CROP.ZS,0.832421724004639
Kenya,KEN,1991,Permanent cropland (% of land area),AG.LND.CROP.ZS,0.817924412271146
Kenya,KEN,1990,Permanent cropland (% of land area),AG.LND.CROP.ZS,0.803427276241347
Kenya,KEN,1989,Permanent cropland (% of land area),AG.LND.CROP.ZS,0.788929964507854
Kenya,KEN,1988,Permanent cropland (% of land area),AG.LND.CROP.ZS,0.774432652774361
Kenya,KEN,1987,Permanent cropland (% of land area),AG.LND.CROP.ZS,0.759935516744562
Kenya,KEN,1986,Permanent cropland (% of land area),AG.LND.CROP.ZS,0.745438205011069
Kenya,KEN,1985,Permanent cropland (% of land area),AG.LND.CROP.ZS,0.730940893277577
Kenya,KEN,1984,Permanent cropland (% of land area),AG.LND.CROP.ZS,0.716443757247777
Kenya,KEN,1983,Permanent cropland (% of land area),AG.LND.CROP.ZS,0.701946445514285
Kenya,KEN,1982,Permanent cropland (% of land area),AG.LND.CROP.ZS,0.687449133780792
Kenya,KEN,1981,Permanent cropland (% of land area),AG.LND.CROP.ZS,0.672951997750993
Kenya,KEN,1980,Permanent cropland (% of land area),AG.LND.CROP.ZS,0.6584546860175
Kenya,KEN,1979,Permanent cropland (% of land area),AG.LND.CROP.ZS,0.643957374284007
Kenya,KEN,1978,Permanent cropland (% of land area),AG.LND.CROP.ZS,0.629460238254208
Kenya,KEN,1977,Permanent cropland (% of land area),AG.LND.CROP.ZS,0.843377727799838
Kenya,KEN,1976,Permanent cropland (% of land area),AG.LND.CROP.ZS,0.839863653934006
Kenya,KEN,1975,Permanent cropland (% of land area),AG.LND.CROP.ZS,0.829321432336508
Kenya,KEN,1974,Permanent cropland (% of land area),AG.LND.CROP.ZS,0.587348455564536
Kenya,KEN,1973,Permanent cropland (% of land area),AG.LND.CROP.ZS,0.572851319534737
Kenya,KEN,1972,Permanent cropland (% of land area),AG.LND.CROP.ZS,0.558354007801244
Kenya,KEN,1971,Permanent cropland (% of land area),AG.LND.CROP.ZS,0.543856696067751
Kenya,KEN,1970,Permanent cropland (% of land area),AG.LND.CROP.ZS,0.529359560037952
Kenya,KEN,1969,Permanent cropland (% of land area),AG.LND.CROP.ZS,0.514862248304459
Kenya,KEN,1968,Permanent cropland (% of land area),AG.LND.CROP.ZS,0.500364936570967
Kenya,KEN,1967,Permanent cropland (% of land area),AG.LND.CROP.ZS,0.485867800541167
Kenya,KEN,1966,Permanent cropland (% of land area),AG.LND.CROP.ZS,0.471370488807675
Kenya,KEN,1965,Permanent cropland (% of land area),AG.LND.CROP.ZS,0.456873177074182
Kenya,KEN,1964,Permanent cropland (% of land area),AG.LND.CROP.ZS,0.442376041044383
Kenya,KEN,1963,Permanent cropland (% of land area),AG.LND.CROP.ZS,0.42787872931089
Kenya,KEN,1962,Permanent cropland (% of land area),AG.LND.CROP.ZS,0.413381417577397
Kenya,KEN,1961,Permanent cropland (% of land area),AG.LND.CROP.ZS,0.398884281547598
Kenya,KEN,2015,Rural land area where elevation is below 5 meters (sq. km),AG.LND.EL5M.RU.K2,1573.69292005
Kenya,KEN,2000,Rural land area where elevation is below 5 meters (sq. km),AG.LND.EL5M.RU.K2,1579.20661128
Kenya,KEN,1990,Rural land area where elevation is below 5 meters (sq. km),AG.LND.EL5M.RU.K2,1582.88888712
Kenya,KEN,2015,Rural land area where elevation is below 5 meters (% of total land area),AG.LND.EL5M.RU.ZS,0.269785333419863
Kenya,KEN,2000,Rural land area where elevation is below 5 meters (% of total land area),AG.LND.EL5M.RU.ZS,0.270730570580242
Kenya,KEN,1990,Rural land area where elevation is below 5 meters (% of total land area),AG.LND.EL5M.RU.ZS,0.271361839871935
Kenya,KEN,2023,Forest area (sq. km),AG.LND.FRST.K2,36110.9
Kenya,KEN,2022,Forest area (sq. km),AG.LND.FRST.K2,36110.9
Kenya,KEN,2021,Forest area (sq. km),AG.LND.FRST.K2,36110.9
Kenya,KEN,2020,Forest area (sq. km),AG.LND.FRST.K2,36110.9
Kenya,KEN,2019,Forest area (sq. km),AG.LND.FRST.K2,36110.9
Kenya,KEN,2018,Forest area (sq. km),AG.LND.FRST.K2,36110.9
Kenya,KEN,2017,Forest area (sq. km),AG.LND.FRST.K2,35815.3
Kenya,KEN,2016,Forest area (sq. km),AG.LND.FRST.K2,35519.7
Kenya,KEN,2015,Forest area (sq. km),AG.LND.FRST.K2,35224.1
Kenya,KEN,2014,Forest area (sq. km),AG.LND.FRST.K2,35411.96
Kenya,KEN,2013,Forest area (sq. km),AG.LND.FRST.K2,35599.82
Kenya,KEN,2012,Forest area (sq. km),AG.LND.FRST.K2,35787.68
Kenya,KEN,2011,Forest area (sq. km),AG.LND.FRST.K2,35975.54
Kenya,KEN,2010,Forest area (sq. km),AG.LND.FRST.K2,36163.4
Kenya,KEN,2009,Forest area (sq. km),AG.LND.FRST.K2,36508.25
Kenya,KEN,2008,Forest area (sq. km),AG.LND.FRST.K2,36853.1
Kenya,KEN,2007,Forest area (sq. km),AG.LND.FRST.K2,37197.95
Kenya,KEN,2006,Forest area (sq. km),AG.LND.FRST.K2,37542.8
Kenya,KEN,2005,Forest area (sq. km),AG.LND.FRST.K2,37887.65
Kenya,KEN,2004,Forest area (sq. km),AG.LND.FRST.K2,38232.5
Kenya,KEN,2003,Forest area (sq. km),AG.LND.FRST.K2,38577.35
Kenya,KEN,2002,Forest area (sq. km),AG.LND.FRST.K2,38922.2
Kenya,KEN,2001,Forest area (sq. km),AG.LND.FRST.K2,39267.05
Kenya,KEN,2000,Forest area (sq. km),AG.LND.FRST.K2,39611.9
Kenya,KEN,1999,Forest area (sq. km),AG.LND.FRST.K2,39509.25
Kenya,KEN,1998,Forest area (sq. km),AG.LND.FRST.K2,39406.6
Kenya,KEN,1997,Forest area (sq. km),AG.LND.FRST.K2,39303.95
Kenya,KEN,1996,Forest area (sq. km),AG.LND.FRST.K2,39201.3
Kenya,KEN,1995,Forest area (sq. km),AG.LND.FRST.K2,39098.65
Kenya,KEN,1994,Forest area (sq. km),AG.LND.FRST.K2,38996
Kenya,KEN,1993,Forest area (sq. km),AG.LND.FRST.K2,38893.35
Kenya,KEN,1992,Forest area (sq. km),AG.LND.FRST.K2,38790.7
Kenya,KEN,1991,Forest area (sq. km),AG.LND.FRST.K2,38688.05
Kenya,KEN,1990,Forest area (sq. km),AG.LND.FRST.K2,38585.4
Kenya,KEN,2023,Forest area (% of land area),AG.LND.FRST.ZS,6.21662477880402
Kenya,KEN,2022,Forest area (% of land area),AG.LND.FRST.ZS,6.21662477880402
Kenya,KEN,2021,Forest area (% of land area),AG.LND.FRST.ZS,6.21662477880402
Kenya,KEN,2020,Forest area (% of land area),AG.LND.FRST.ZS,6.21662477880402
Kenya,KEN,2019,Forest area (% of land area),AG.LND.FRST.ZS,6.23762944896123
Kenya,KEN,2018,Forest area (% of land area),AG.LND.FRST.ZS,6.25877654107482
Kenya,KEN,2017,Forest area (% of land area),AG.LND.FRST.ZS,6.22865954160824
Kenya,KEN,2016,Forest area (% of land area),AG.LND.FRST.ZS,6.19833694004437
Kenya,KEN,2015,Forest area (% of land area),AG.LND.FRST.ZS,6.16780662377195
Kenya,KEN,2014,Forest area (% of land area),AG.LND.FRST.ZS,6.22201215869558
Kenya,KEN,2013,Forest area (% of land area),AG.LND.FRST.ZS,6.25501985451734
Kenya,KEN,2012,Forest area (% of land area),AG.LND.FRST.ZS,6.28802755033911
Kenya,KEN,2011,Forest area (% of land area),AG.LND.FRST.ZS,6.32103524616087
Kenya,KEN,2010,Forest area (% of land area),AG.LND.FRST.ZS,6.35404294198264
Kenya,KEN,2009,Forest area (% of land area),AG.LND.FRST.ZS,6.41463436061426
Kenya,KEN,2008,Forest area (% of land area),AG.LND.FRST.ZS,6.47522577924588
Kenya,KEN,2007,Forest area (% of land area),AG.LND.FRST.ZS,6.5358171978775
Kenya,KEN,2006,Forest area (% of land area),AG.LND.FRST.ZS,6.59640861650912
Kenya,KEN,2005,Forest area (% of land area),AG.LND.FRST.ZS,6.65700003514074
Kenya,KEN,2004,Forest area (% of land area),AG.LND.FRST.ZS,6.71759145377236
Kenya,KEN,2003,Forest area (% of land area),AG.LND.FRST.ZS,6.77818287240398
Kenya,KEN,2002,Forest area (% of land area),AG.LND.FRST.ZS,6.8387742910356
Kenya,KEN,2001,Forest area (% of land area),AG.LND.FRST.ZS,6.89936570966722
Kenya,KEN,2000,Forest area (% of land area),AG.LND.FRST.ZS,6.95995712829884
Kenya,KEN,1999,Forest area (% of land area),AG.LND.FRST.ZS,6.94192114418245
Kenya,KEN,1998,Forest area (% of land area),AG.LND.FRST.ZS,6.92388516006606
Kenya,KEN,1997,Forest area (% of land area),AG.LND.FRST.ZS,6.90584917594968
Kenya,KEN,1996,Forest area (% of land area),AG.LND.FRST.ZS,6.88781319183329
Kenya,KEN,1995,Forest area (% of land area),AG.LND.FRST.ZS,6.86977720771691
Kenya,KEN,1994,Forest area (% of land area),AG.LND.FRST.ZS,6.85174122360052
Kenya,KEN,1993,Forest area (% of land area),AG.LND.FRST.ZS,6.83370523948413
Kenya,KEN,1992,Forest area (% of land area),AG.LND.FRST.ZS,6.81566925536775
Kenya,KEN,1991,Forest area (% of land area),AG.LND.FRST.ZS,6.79763327125136
Kenya,KEN,1990,Forest area (% of land area),AG.LND.FRST.ZS,6.77959728713498
Kenya,KEN,2023,Agricultural irrigated land (% of total agricultural land),AG.LND.IRIG.AG.ZS,0.964591098240982
Kenya,KEN,2022,Average precipitation in depth (mm per year),AG.LND.PRCP.MM,630
Kenya,KEN,2021,Average precipitation in depth (mm per year),AG.LND.PRCP.MM,630
Kenya,KEN,2020,Average precipitation in depth (mm per year),AG.LND.PRCP.MM,630
Kenya,KEN,2019,Average precipitation in depth (mm per year),AG.LND.PRCP.MM,630
Kenya,KEN,2018,Average precipitation in depth (mm per year),AG.LND.PRCP.MM,630
Kenya,KEN,2017,Average precipitation in depth (mm per year),AG.LND.PRCP.MM,630
Kenya,KEN,2016,Average precipitation in depth (mm per year),AG.LND.PRCP.MM,630
Kenya,KEN,2015,Average precipitation in depth (mm per year),AG.LND.PRCP.MM,630
Kenya,KEN,2014,Average precipitation in depth (mm per year),AG.LND.PRCP.MM,630
Kenya,KEN,2013,Average precipitation in depth (mm per year),AG.LND.PRCP.MM,630
Kenya,KEN,2012,Average precipitation in depth (mm per year),AG.LND.PRCP.MM,630
Kenya,KEN,2011,Average precipitation in depth (mm per year),AG.LND.PRCP.MM,630
Kenya,KEN,2010,Average precipitation in depth (mm per year),AG.LND.PRCP.MM,630
Kenya,KEN,2009,Average precipitation in depth (mm per year),AG.LND.PRCP.MM,630
Kenya,KEN,2008,Average precipitation in depth (mm per year),AG.LND.PRCP.MM,630
Kenya,KEN,2007,Average precipitation in depth (mm per year),AG.LND.PRCP.MM,630
Kenya,KEN,2006,Average precipitation in depth (mm per year),AG.LND.PRCP.MM,630
Kenya,KEN,2005,Average precipitation in depth (mm per year),AG.LND.PRCP.MM,630
Kenya,KEN,2004,Average precipitation in depth (mm per year),AG.LND.PRCP.MM,630
Kenya,KEN,2003,Average precipitation in depth (mm per year),AG.LND.PRCP.MM,630
Kenya,KEN,2002,Average precipitation in depth (mm per year),AG.LND.PRCP.MM,630
Kenya,KEN,2001,Average precipitation in depth (mm per year),AG.LND.PRCP.MM,630
Kenya,KEN,2000,Average precipitation in depth (mm per year),AG.LND.PRCP.MM,692
Kenya,KEN,1999,Average precipitation in depth (mm per year),AG.LND.PRCP.MM,630
Kenya,KEN,1998,Average precipitation in depth (mm per year),AG.LND.PRCP.MM,630
Kenya,KEN,1997,Average precipitation in depth (mm per year),AG.LND.PRCP.MM,630
Kenya,KEN,1996,Average precipitation in depth (mm per year),AG.LND.PRCP.MM,630
Kenya,KEN,1995,Average precipitation in depth (mm per year),AG.LND.PRCP.MM,630
Kenya,KEN,1994,Average precipitation in depth (mm per year),AG.LND.PRCP.MM,630
Kenya,KEN,1993,Average precipitation in depth (mm per year),AG.LND.PRCP.MM,630
Kenya,KEN,1992,Average precipitation in depth (mm per year),AG.LND.PRCP.MM,630
Kenya,KEN,1991,Average precipitation in depth (mm per year),AG.LND.PRCP.MM,630
Kenya,KEN,1990,Average precipitation in depth (mm per year),AG.LND.PRCP.MM,630
Kenya,KEN,1989,Average precipitation in depth (mm per year),AG.LND.PRCP.MM,630
Kenya,KEN,1988,Average precipitation in depth (mm per year),AG.LND.PRCP.MM,630
Kenya,KEN,1987,Average precipitation in depth (mm per year),AG.LND.PRCP.MM,630
Kenya,KEN,1986,Average precipitation in depth (mm per year),AG.LND.PRCP.MM,630
Kenya,KEN,1985,Average precipitation in depth (mm per year),AG.LND.PRCP.MM,630
Kenya,KEN,1984,Average precipitation in depth (mm per year),AG.LND.PRCP.MM,630
Kenya,KEN,1983,Average precipitation in depth (mm per year),AG.LND.PRCP.MM,630
Kenya,KEN,1982,Average precipitation in depth (mm per year),AG.LND.PRCP.MM,630
Kenya,KEN,1981,Average precipitation in depth (mm per year),AG.LND.PRCP.MM,630
Kenya,KEN,1980,Average precipitation in depth (mm per year),AG.LND.PRCP.MM,630
Kenya,KEN,1979,Average precipitation in depth (mm per year),AG.LND.PRCP.MM,630
Kenya,KEN,1978,Average precipitation in depth (mm per year),AG.LND.PRCP.MM,630
Kenya,KEN,1977,Average precipitation in depth (mm per year),AG.LND.PRCP.MM,630
Kenya,KEN,1976,Average precipitation in depth (mm per year),AG.LND.PRCP.MM,630
Kenya,KEN,1975,Average precipitation in depth (mm per year),AG.LND.PRCP.MM,630
Kenya,KEN,1974,Average precipitation in depth (mm per year),AG.LND.PRCP.MM,630
Kenya,KEN,1973,Average precipitation in depth (mm per year),AG.LND.PRCP.MM,630
Kenya,KEN,1972,Average precipitation in depth (mm per year),AG.LND.PRCP.MM,630
Kenya,KEN,1971,Average precipitation in depth (mm per year),AG.LND.PRCP.MM,630
Kenya,KEN,1970,Average precipitation in depth (mm per year),AG.LND.PRCP.MM,630
Kenya,KEN,1969,Average precipitation in depth (mm per year),AG.LND.PRCP.MM,630
Kenya,KEN,1968,Average precipitation in depth (mm per year),AG.LND.PRCP.MM,630
Kenya,KEN,1967,Average precipitation in depth (mm per year),AG.LND.PRCP.MM,630
Kenya,KEN,1966,Average precipitation in depth (mm per year),AG.LND.PRCP.MM,630
Kenya,KEN,1965,Average precipitation in depth (mm per year),AG.LND.PRCP.MM,630
Kenya,KEN,1964,Average precipitation in depth (mm per year),AG.LND.PRCP.MM,630
Kenya,KEN,1963,Average precipitation in depth (mm per year),AG.LND.PRCP.MM,630
Kenya,KEN,1962,Average precipitation in depth (mm per year),AG.LND.PRCP.MM,630
Kenya,KEN,1961,Average precipitation in depth (mm per year),AG.LND.PRCP.MM,630
Kenya,KEN,2023,Land area (sq. km),AG.LND.TOTL.K2,580876.3
Kenya,KEN,2022,Land area (sq. km),AG.LND.TOTL.K2,580876.3
Kenya,KEN,2021,Land area (sq. km),AG.LND.TOTL.K2,580876.3
Kenya,KEN,2020,Land area (sq. km),AG.LND.TOTL.K2,580876.3
Kenya,KEN,2019,Land area (sq. km),AG.LND.TOTL.K2,578920.25
Kenya,KEN,2018,Land area (sq. km),AG.LND.TOTL.K2,576964.2
Kenya,KEN,2017,Land area (sq. km),AG.LND.TOTL.K2,575008.15
Kenya,KEN,2016,Land area (sq. km),AG.LND.TOTL.K2,573052.1
Kenya,KEN,2015,Land area (sq. km),AG.LND.TOTL.K2,571096.05
Kenya,KEN,2014,Land area (sq. km),AG.LND.TOTL.K2,569140
Kenya,KEN,2013,Land area (sq. km),AG.LND.TOTL.K2,569140
Kenya,KEN,2012,Land area (sq. km),AG.LND.TOTL.K2,569140
Kenya,KEN,2011,Land area (sq. km),AG.LND.TOTL.K2,569140
Kenya,KEN,2010,Land area (sq. km),AG.LND.TOTL.K2,569140
Kenya,KEN,2009,Land area (sq. km),AG.LND.TOTL.K2,569140
Kenya,KEN,2008,Land area (sq. km),AG.LND.TOTL.K2,569140
Kenya,KEN,2007,Land area (sq. km),AG.LND.TOTL.K2,569140
Kenya,KEN,2006,Land area (sq. km),AG.LND.TOTL.K2,569140
Kenya,KEN,2005,Land area (sq. km),AG.LND.TOTL.K2,569140
Kenya,KEN,2004,Land area (sq. km),AG.LND.TOTL.K2,569140
Kenya,KEN,2003,Land area (sq. km),AG.LND.TOTL.K2,569140
Kenya,KEN,2002,Land area (sq. km),AG.LND.TOTL.K2,569140
Kenya,KEN,2001,Land area (sq. km),AG.LND.TOTL.K2,569140
Kenya,KEN,2000,Land area (sq. km),AG.LND.TOTL.K2,569140
Kenya,KEN,1999,Land area (sq. km),AG.LND.TOTL.K2,569140
Kenya,KEN,1998,Land area (sq. km),AG.LND.TOTL.K2,569140
Kenya,KEN,1997,Land area (sq. km),AG.LND.TOTL.K2,569140
Kenya,KEN,1996,Land area (sq. km),AG.LND.TOTL.K2,569140
Kenya,KEN,1995,Land area (sq. km),AG.LND.TOTL.K2,569140
Kenya,KEN,1994,Land area (sq. km),AG.LND.TOTL.K2,569140
Kenya,KEN,1993,Land area (sq. km),AG.LND.TOTL.K2,569140
Kenya,KEN,1992,Land area (sq. km),AG.LND.TOTL.K2,569140
Kenya,KEN,1991,Land area (sq. km),AG.LND.TOTL.K2,569140
Kenya,KEN,1990,Land area (sq. km),AG.LND.TOTL.K2,569140
Kenya,KEN,1989,Land area (sq. km),AG.LND.TOTL.K2,569140
Kenya,KEN,1988,Land area (sq. km),AG.LND.TOTL.K2,569140
Kenya,KEN,1987,Land area (sq. km),AG.LND.TOTL.K2,569140
Kenya,KEN,1986,Land area (sq. km),AG.LND.TOTL.K2,569140
Kenya,KEN,1985,Land area (sq. km),AG.LND.TOTL.K2,569140
Kenya,KEN,1984,Land area (sq. km),AG.LND.TOTL.K2,569140
Kenya,KEN,1983,Land area (sq. km),AG.LND.TOTL.K2,569140
Kenya,KEN,1982,Land area (sq. km),AG.LND.TOTL.K2,569140
Kenya,KEN,1981,Land area (sq. km),AG.LND.TOTL.K2,569140
Kenya,KEN,1980,Land area (sq. km),AG.LND.TOTL.K2,569140
Kenya,KEN,1979,Land area (sq. km),AG.LND.TOTL.K2,569140
Kenya,KEN,1978,Land area (sq. km),AG.LND.TOTL.K2,569140
Kenya,KEN,1977,Land area (sq. km),AG.LND.TOTL.K2,569140
Kenya,KEN,1976,Land area (sq. km),AG.LND.TOTL.K2,569140
Kenya,KEN,1975,Land area (sq. km),AG.LND.TOTL.K2,569140
Kenya,KEN,1974,Land area (sq. km),AG.LND.TOTL.K2,569140
Kenya,KEN,1973,Land area (sq. km),AG.LND.TOTL.K2,569140
Kenya,KEN,1972,Land area (sq. km),AG.LND.TOTL.K2,569140
Kenya,KEN,1971,Land area (sq. km),AG.LND.TOTL.K2,569140
Kenya,KEN,1970,Land area (sq. km),AG.LND.TOTL.K2,569140
Kenya,KEN,1969,Land area (sq. km),AG.LND.TOTL.K2,569140
Kenya,KEN,1968,Land area (sq. km),AG.LND.TOTL.K2,569140
Kenya,KEN,1967,Land area (sq. km),AG.LND.TOTL.K2,569140
Kenya,KEN,1966,Land area (sq. km),AG.LND.TOTL.K2,569140
Kenya,KEN,1965,Land area (sq. km),AG.LND.TOTL.K2,569140
Kenya,KEN,1964,Land area (sq. km),AG.LND.TOTL.K2,569140
Kenya,KEN,1963,Land area (sq. km),AG.LND.TOTL.K2,569140
Kenya,KEN,1962,Land area (sq. km),AG.LND.TOTL.K2,569140
Kenya,KEN,1961,Land area (sq. km),AG.LND.TOTL.K2,569140
Kenya,KEN,2015,Rural land area (sq. km),AG.LND.TOTL.RU.K2,579896.16241093
Kenya,KEN,2000,Rural land area (sq. km),AG.LND.TOTL.RU.K2,581115.20926921
Kenya,KEN,1990,Rural land area (sq. km),AG.LND.TOTL.RU.K2,581894.56873241
Kenya,KEN,2023,Cereal production (metric tons),AG.PRD.CREL.MT,5146069.64
Kenya,KEN,2022,Cereal production (metric tons),AG.PRD.CREL.MT,3846912.71
Kenya,KEN,2021,Cereal production (metric tons),AG.PRD.CREL.MT,4074461.28
Kenya,KEN,2020,Cereal production (metric tons),AG.PRD.CREL.MT,4881250.72
Kenya,KEN,2019,Cereal production (metric tons),AG.PRD.CREL.MT,4595021.63
Kenya,KEN,2018,Cereal production (metric tons),AG.PRD.CREL.MT,4805995.66
Kenya,KEN,2017,Cereal production (metric tons),AG.PRD.CREL.MT,3711200.84
Kenya,KEN,2016,Cereal production (metric tons),AG.PRD.CREL.MT,3892022.42
Kenya,KEN,2015,Cereal production (metric tons),AG.PRD.CREL.MT,4523082.62
Kenya,KEN,2014,Cereal production (metric tons),AG.PRD.CREL.MT,4227112.63
Kenya,KEN,2013,Cereal production (metric tons),AG.PRD.CREL.MT,4536942
Kenya,KEN,2012,Cereal production (metric tons),AG.PRD.CREL.MT,4711585
Kenya,KEN,2011,Cereal production (metric tons),AG.PRD.CREL.MT,4058581
Kenya,KEN,2010,Cereal production (metric tons),AG.PRD.CREL.MT,4347437
Kenya,KEN,2009,Cereal production (metric tons),AG.PRD.CREL.MT,2898883.86
Kenya,KEN,2008,Cereal production (metric tons),AG.PRD.CREL.MT,2866110.72
Kenya,KEN,2007,Cereal production (metric tons),AG.PRD.CREL.MT,3613833.84
Kenya,KEN,2006,Cereal production (metric tons),AG.PRD.CREL.MT,3936250.35
Kenya,KEN,2005,Cereal production (metric tons),AG.PRD.CREL.MT,3585080
Kenya,KEN,2004,Cereal production (metric tons),AG.PRD.CREL.MT,3199022
Kenya,KEN,2003,Cereal production (metric tons),AG.PRD.CREL.MT,3351497
Kenya,KEN,2002,Cereal production (metric tons),AG.PRD.CREL.MT,3045518
Kenya,KEN,2001,Cereal production (metric tons),AG.PRD.CREL.MT,3369648.3
Kenya,KEN,2000,Cereal production (metric tons),AG.PRD.CREL.MT,2591351
Kenya,KEN,1999,Cereal production (metric tons),AG.PRD.CREL.MT,2802247
Kenya,KEN,1998,Cereal production (metric tons),AG.PRD.CREL.MT,2927285
Kenya,KEN,1997,Cereal production (metric tons),AG.PRD.CREL.MT,2700368
Kenya,KEN,1996,Cereal production (metric tons),AG.PRD.CREL.MT,2669157
Kenya,KEN,1995,Cereal production (metric tons),AG.PRD.CREL.MT,3229877
Kenya,KEN,1994,Cereal production (metric tons),AG.PRD.CREL.MT,3624079
Kenya,KEN,1993,Cereal production (metric tons),AG.PRD.CREL.MT,2539301
Kenya,KEN,1992,Cereal production (metric tons),AG.PRD.CREL.MT,2997899
Kenya,KEN,1991,Cereal production (metric tons),AG.PRD.CREL.MT,2923992
Kenya,KEN,1990,Cereal production (metric tons),AG.PRD.CREL.MT,2788475
Kenya,KEN,1989,Cereal production (metric tons),AG.PRD.CREL.MT,3160756
Kenya,KEN,1988,Cereal production (metric tons),AG.PRD.CREL.MT,3300425
Kenya,KEN,1987,Cereal production (metric tons),AG.PRD.CREL.MT,2896914
Kenya,KEN,1986,Cereal production (metric tons),AG.PRD.CREL.MT,3385292
Kenya,KEN,1985,Cereal production (metric tons),AG.PRD.CREL.MT,2915624
Kenya,KEN,1984,Cereal production (metric tons),AG.PRD.CREL.MT,1739552
Kenya,KEN,1983,Cereal production (metric tons),AG.PRD.CREL.MT,2713320
Kenya,KEN,1982,Cereal production (metric tons),AG.PRD.CREL.MT,2946815
Kenya,KEN,1981,Cereal production (metric tons),AG.PRD.CREL.MT,2229399
Kenya,KEN,1980,Cereal production (metric tons),AG.PRD.CREL.MT,2231089
Kenya,KEN,1979,Cereal production (metric tons),AG.PRD.CREL.MT,2377734
Kenya,KEN,1978,Cereal production (metric tons),AG.PRD.CREL.MT,2778901
Kenya,KEN,1977,Cereal production (metric tons),AG.PRD.CREL.MT,3177352
Kenya,KEN,1976,Cereal production (metric tons),AG.PRD.CREL.MT,3236349
Kenya,KEN,1975,Cereal production (metric tons),AG.PRD.CREL.MT,2627749
Kenya,KEN,1974,Cereal production (metric tons),AG.PRD.CREL.MT,2541882
Kenya,KEN,1973,Cereal production (metric tons),AG.PRD.CREL.MT,2445860
Kenya,KEN,1972,Cereal production (metric tons),AG.PRD.CREL.MT,2214950
Kenya,KEN,1971,Cereal production (metric tons),AG.PRD.CREL.MT,2007843
Kenya,KEN,1970,Cereal production (metric tons),AG.PRD.CREL.MT,2089966
Kenya,KEN,1969,Cereal production (metric tons),AG.PRD.CREL.MT,2324274
Kenya,KEN,1968,Cereal production (metric tons),AG.PRD.CREL.MT,2330767
Kenya,KEN,1967,Cereal production (metric tons),AG.PRD.CREL.MT,2005760
Kenya,KEN,1966,Cereal production (metric tons),AG.PRD.CREL.MT,1617546
Kenya,KEN,1965,Cereal production (metric tons),AG.PRD.CREL.MT,1794258
Kenya,KEN,1964,Cereal production (metric tons),AG.PRD.CREL.MT,1718408
Kenya,KEN,1963,Cereal production (metric tons),AG.PRD.CREL.MT,1711045
Kenya,KEN,1962,Cereal production (metric tons),AG.PRD.CREL.MT,1520717
Kenya,KEN,1961,Cereal production (metric tons),AG.PRD.CREL.MT,1376218
Kenya,KEN,2022,Crop production index (2014-2016 = 100),AG.PRD.CROP.XD,116.97
Kenya,KEN,2021,Crop production index (2014-2016 = 100),AG.PRD.CROP.XD,133.91
Kenya,KEN,2020,Crop production index (2014-2016 = 100),AG.PRD.CROP.XD,137.6
Kenya,KEN,2019,Crop production index (2014-2016 = 100),AG.PRD.CROP.XD,108.66
Kenya,KEN,2018,Crop production index (2014-2016 = 100),AG.PRD.CROP.XD,108.89
Kenya,KEN,2017,Crop production index (2014-2016 = 100),AG.PRD.CROP.XD,97.26
Kenya,KEN,2016,Crop production index (2014-2016 = 100),AG.PRD.CROP.XD,100.15
Kenya,KEN,2015,Crop production index (2014-2016 = 100),AG.PRD.CROP.XD,98.27
Kenya,KEN,2014,Crop production index (2014-2016 = 100),AG.PRD.CROP.XD,101.59
Kenya,KEN,2013,Crop production index (2014-2016 = 100),AG.PRD.CROP.XD,100.34
Kenya,KEN,2012,Crop production index (2014-2016 = 100),AG.PRD.CROP.XD,92.55
Kenya,KEN,2011,Crop production index (2014-2016 = 100),AG.PRD.CROP.XD,86.46
Kenya,KEN,2010,Crop production index (2014-2016 = 100),AG.PRD.CROP.XD,93.82
Kenya,KEN,2009,Crop production index (2014-2016 = 100),AG.PRD.CROP.XD,80.75
Kenya,KEN,2008,Crop production index (2014-2016 = 100),AG.PRD.CROP.XD,81.69
Kenya,KEN,2007,Crop production index (2014-2016 = 100),AG.PRD.CROP.XD,83.84
Kenya,KEN,2006,Crop production index (2014-2016 = 100),AG.PRD.CROP.XD,79.15
Kenya,KEN,2005,Crop production index (2014-2016 = 100),AG.PRD.CROP.XD,78.4
Kenya,KEN,2004,Crop production index (2014-2016 = 100),AG.PRD.CROP.XD,69.09
Kenya,KEN,2003,Crop production index (2014-2016 = 100),AG.PRD.CROP.XD,67.58
Kenya,KEN,2002,Crop production index (2014-2016 = 100),AG.PRD.CROP.XD,66.41
Kenya,KEN,2001,Crop production index (2014-2016 = 100),AG.PRD.CROP.XD,66.82
Kenya,KEN,2000,Crop production index (2014-2016 = 100),AG.PRD.CROP.XD,57.92
Kenya,KEN,1999,Crop production index (2014-2016 = 100),AG.PRD.CROP.XD,62.19
Kenya,KEN,1998,Crop production index (2014-2016 = 100),AG.PRD.CROP.XD,62.78
Kenya,KEN,1997,Crop production index (2014-2016 = 100),AG.PRD.CROP.XD,53.37
Kenya,KEN,1996,Crop production index (2014-2016 = 100),AG.PRD.CROP.XD,55.96
Kenya,KEN,1995,Crop production index (2014-2016 = 100),AG.PRD.CROP.XD,58.7
Kenya,KEN,1994,Crop production index (2014-2016 = 100),AG.PRD.CROP.XD,55.37
Kenya,KEN,1993,Crop production index (2014-2016 = 100),AG.PRD.CROP.XD,53.74
Kenya,KEN,1992,Crop production index (2014-2016 = 100),AG.PRD.CROP.XD,53.83
Kenya,KEN,1991,Crop production index (2014-2016 = 100),AG.PRD.CROP.XD,52.99
Kenya,KEN,1990,Crop production index (2014-2016 = 100),AG.PRD.CROP.XD,36.73
Kenya,KEN,1989,Crop production index (2014-2016 = 100),AG.PRD.CROP.XD,36.83
Kenya,KEN,1988,Crop production index (2014-2016 = 100),AG.PRD.CROP.XD,34.04
Kenya,KEN,1987,Crop production index (2014-2016 = 100),AG.PRD.CROP.XD,31.34
Kenya,KEN,1986,Crop production index (2014-2016 = 100),AG.PRD.CROP.XD,33.56
Kenya,KEN,1985,Crop production index (2014-2016 = 100),AG.PRD.CROP.XD,30.41
Kenya,KEN,1984,Crop production index (2014-2016 = 100),AG.PRD.CROP.XD,25.27
Kenya,KEN,1983,Crop production index (2014-2016 = 100),AG.PRD.CROP.XD,29.69
Kenya,KEN,1982,Crop production index (2014-2016 = 100),AG.PRD.CROP.XD,29.68
Kenya,KEN,1981,Crop production index (2014-2016 = 100),AG.PRD.CROP.XD,26.74
Kenya,KEN,1980,Crop production index (2014-2016 = 100),AG.PRD.CROP.XD,25.36
Kenya,KEN,1979,Crop production index (2014-2016 = 100),AG.PRD.CROP.XD,26.17
Kenya,KEN,1978,Crop production index (2014-2016 = 100),AG.PRD.CROP.XD,24.54
Kenya,KEN,1977,Crop production index (2014-2016 = 100),AG.PRD.CROP.XD,24.91
Kenya,KEN,1976,Crop production index (2014-2016 = 100),AG.PRD.CROP.XD,23.44
Kenya,KEN,1975,Crop production index (2014-2016 = 100),AG.PRD.CROP.XD,21.34
Kenya,KEN,1974,Crop production index (2014-2016 = 100),AG.PRD.CROP.XD,21.18
Kenya,KEN,1973,Crop production index (2014-2016 = 100),AG.PRD.CROP.XD,20.49
Kenya,KEN,1972,Crop production index (2014-2016 = 100),AG.PRD.CROP.XD,19.07
Kenya,KEN,1971,Crop production index (2014-2016 = 100),AG.PRD.CROP.XD,17.85
Kenya,KEN,1970,Crop production index (2014-2016 = 100),AG.PRD.CROP.XD,17.83
Kenya,KEN,1969,Crop production index (2014-2016 = 100),AG.PRD.CROP.XD,17.62
Kenya,KEN,1968,Crop production index (2014-2016 = 100),AG.PRD.CROP.XD,16.77
Kenya,KEN,1967,Crop production index (2014-2016 = 100),AG.PRD.CROP.XD,15.63
Kenya,KEN,1966,Crop production index (2014-2016 = 100),AG.PRD.CROP.XD,14.9
Kenya,KEN,1965,Crop production index (2014-2016 = 100),AG.PRD.CROP.XD,14.59
Kenya,KEN,1964,Crop production index (2014-2016 = 100),AG.PRD.CROP.XD,14.74
Kenya,KEN,1963,Crop production index (2014-2016 = 100),AG.PRD.CROP.XD,14.2
Kenya,KEN,1962,Crop production index (2014-2016 = 100),AG.PRD.CROP.XD,13.71
Kenya,KEN,1961,Crop production index (2014-2016 = 100),AG.PRD.CROP.XD,12.62
Kenya,KEN,2022,Food production index (2014-2016 = 100),AG.PRD.FOOD.XD,112.38
Kenya,KEN,2021,Food production index (2014-2016 = 100),AG.PRD.FOOD.XD,123.29
Kenya,KEN,2020,Food production index (2014-2016 = 100),AG.PRD.FOOD.XD,125.82
Kenya,KEN,2019,Food production index (2014-2016 = 100),AG.PRD.FOOD.XD,107.28
Kenya,KEN,2018,Food production index (2014-2016 = 100),AG.PRD.FOOD.XD,100.31
Kenya,KEN,2017,Food production index (2014-2016 = 100),AG.PRD.FOOD.XD,90.64
Kenya,KEN,2016,Food production index (2014-2016 = 100),AG.PRD.FOOD.XD,95.67
Kenya,KEN,2015,Food production index (2014-2016 = 100),AG.PRD.FOOD.XD,102.07
Kenya,KEN,2014,Food production index (2014-2016 = 100),AG.PRD.FOOD.XD,102.26
Kenya,KEN,2013,Food production index (2014-2016 = 100),AG.PRD.FOOD.XD,101.73
Kenya,KEN,2012,Food production index (2014-2016 = 100),AG.PRD.FOOD.XD,96.4
Kenya,KEN,2011,Food production index (2014-2016 = 100),AG.PRD.FOOD.XD,93.55
Kenya,KEN,2010,Food production index (2014-2016 = 100),AG.PRD.FOOD.XD,98.14
Kenya,KEN,2009,Food production index (2014-2016 = 100),AG.PRD.FOOD.XD,89.82
Kenya,KEN,2008,Food production index (2014-2016 = 100),AG.PRD.FOOD.XD,88.32
Kenya,KEN,2007,Food production index (2014-2016 = 100),AG.PRD.FOOD.XD,87.81
Kenya,KEN,2006,Food production index (2014-2016 = 100),AG.PRD.FOOD.XD,82.95
Kenya,KEN,2005,Food production index (2014-2016 = 100),AG.PRD.FOOD.XD,81.11
Kenya,KEN,2004,Food production index (2014-2016 = 100),AG.PRD.FOOD.XD,72.96
Kenya,KEN,2003,Food production index (2014-2016 = 100),AG.PRD.FOOD.XD,69.79
Kenya,KEN,2002,Food production index (2014-2016 = 100),AG.PRD.FOOD.XD,67.9
Kenya,KEN,2001,Food production index (2014-2016 = 100),AG.PRD.FOOD.XD,66.11
Kenya,KEN,2000,Food production index (2014-2016 = 100),AG.PRD.FOOD.XD,58.55
Kenya,KEN,1999,Food production index (2014-2016 = 100),AG.PRD.FOOD.XD,62.02
Kenya,KEN,1998,Food production index (2014-2016 = 100),AG.PRD.FOOD.XD,60.8
Kenya,KEN,1997,Food production index (2014-2016 = 100),AG.PRD.FOOD.XD,54.56
Kenya,KEN,1996,Food production index (2014-2016 = 100),AG.PRD.FOOD.XD,55.29
Kenya,KEN,1995,Food production index (2014-2016 = 100),AG.PRD.FOOD.XD,57.13
Kenya,KEN,1994,Food production index (2014-2016 = 100),AG.PRD.FOOD.XD,54.88
Kenya,KEN,1993,Food production index (2014-2016 = 100),AG.PRD.FOOD.XD,53.68
Kenya,KEN,1992,Food production index (2014-2016 = 100),AG.PRD.FOOD.XD,54.09
Kenya,KEN,1991,Food production index (2014-2016 = 100),AG.PRD.FOOD.XD,53.64
Kenya,KEN,1990,Food production index (2014-2016 = 100),AG.PRD.FOOD.XD,42.71
Kenya,KEN,1989,Food production index (2014-2016 = 100),AG.PRD.FOOD.XD,43.1
Kenya,KEN,1988,Food production index (2014-2016 = 100),AG.PRD.FOOD.XD,41.33
Kenya,KEN,1987,Food production index (2014-2016 = 100),AG.PRD.FOOD.XD,37.93
Kenya,KEN,1986,Food production index (2014-2016 = 100),AG.PRD.FOOD.XD,37.85
Kenya,KEN,1985,Food production index (2014-2016 = 100),AG.PRD.FOOD.XD,34.44
Kenya,KEN,1984,Food production index (2014-2016 = 100),AG.PRD.FOOD.XD,30.5
Kenya,KEN,1983,Food production index (2014-2016 = 100),AG.PRD.FOOD.XD,32.82
Kenya,KEN,1982,Food production index (2014-2016 = 100),AG.PRD.FOOD.XD,31.93
Kenya,KEN,1981,Food production index (2014-2016 = 100),AG.PRD.FOOD.XD,28.65
Kenya,KEN,1980,Food production index (2014-2016 = 100),AG.PRD.FOOD.XD,28.54
Kenya,KEN,1979,Food production index (2014-2016 = 100),AG.PRD.FOOD.XD,29.87
Kenya,KEN,1978,Food production index (2014-2016 = 100),AG.PRD.FOOD.XD,28.49
Kenya,KEN,1977,Food production index (2014-2016 = 100),AG.PRD.FOOD.XD,28.19
Kenya,KEN,1976,Food production index (2014-2016 = 100),AG.PRD.FOOD.XD,25.42
Kenya,KEN,1975,Food production index (2014-2016 = 100),AG.PRD.FOOD.XD,23.52
Kenya,KEN,1974,Food production index (2014-2016 = 100),AG.PRD.FOOD.XD,23.23
Kenya,KEN,1973,Food production index (2014-2016 = 100),AG.PRD.FOOD.XD,22.84
Kenya,KEN,1972,Food production index (2014-2016 = 100),AG.PRD.FOOD.XD,21.93
Kenya,KEN,1971,Food production index (2014-2016 = 100),AG.PRD.FOOD.XD,20.85
Kenya,KEN,1970,Food production index (2014-2016 = 100),AG.PRD.FOOD.XD,20.46
Kenya,KEN,1969,Food production index (2014-2016 = 100),AG.PRD.FOOD.XD,19.42
Kenya,KEN,1968,Food production index (2014-2016 = 100),AG.PRD.FOOD.XD,18.72
Kenya,KEN,1967,Food production index (2014-2016 = 100),AG.PRD.FOOD.XD,17.56
Kenya,KEN,1966,Food production index (2014-2016 = 100),AG.PRD.FOOD.XD,16.98
Kenya,KEN,1965,Food production index (2014-2016 = 100),AG.PRD.FOOD.XD,16.84
Kenya,KEN,1964,Food production index (2014-2016 = 100),AG.PRD.FOOD.XD,16.6
Kenya,KEN,1963,Food production index (2014-2016 = 100),AG.PRD.FOOD.XD,15.79
Kenya,KEN,1962,Food production index (2014-2016 = 100),AG.PRD.FOOD.XD,15.91
Kenya,KEN,1961,Food production index (2014-2016 = 100),AG.PRD.FOOD.XD,15.22
Kenya,KEN,2022,Livestock production index (2014-2016 = 100),AG.PRD.LVSK.XD,103.71
Kenya,KEN,2021,Livestock production index (2014-2016 = 100),AG.PRD.LVSK.XD,103.55
Kenya,KEN,2020,Livestock production index (2014-2016 = 100),AG.PRD.LVSK.XD,104
Kenya,KEN,2019,Livestock production index (2014-2016 = 100),AG.PRD.LVSK.XD,104.51
Kenya,KEN,2018,Livestock production index (2014-2016 = 100),AG.PRD.LVSK.XD,84.64
Kenya,KEN,2017,Livestock production index (2014-2016 = 100),AG.PRD.LVSK.XD,78.8
Kenya,KEN,2016,Livestock production index (2014-2016 = 100),AG.PRD.LVSK.XD,87.68
Kenya,KEN,2015,Livestock production index (2014-2016 = 100),AG.PRD.LVSK.XD,108.91
Kenya,KEN,2014,Livestock production index (2014-2016 = 100),AG.PRD.LVSK.XD,103.41
Kenya,KEN,2013,Livestock production index (2014-2016 = 100),AG.PRD.LVSK.XD,104.19
Kenya,KEN,2012,Livestock production index (2014-2016 = 100),AG.PRD.LVSK.XD,103.41
Kenya,KEN,2011,Livestock production index (2014-2016 = 100),AG.PRD.LVSK.XD,106.79
Kenya,KEN,2010,Livestock production index (2014-2016 = 100),AG.PRD.LVSK.XD,106.04
Kenya,KEN,2009,Livestock production index (2014-2016 = 100),AG.PRD.LVSK.XD,106.27
Kenya,KEN,2008,Livestock production index (2014-2016 = 100),AG.PRD.LVSK.XD,100.31
Kenya,KEN,2007,Livestock production index (2014-2016 = 100),AG.PRD.LVSK.XD,95.36
Kenya,KEN,2006,Livestock production index (2014-2016 = 100),AG.PRD.LVSK.XD,90.72
Kenya,KEN,2005,Livestock production index (2014-2016 = 100),AG.PRD.LVSK.XD,87.22
Kenya,KEN,2004,Livestock production index (2014-2016 = 100),AG.PRD.LVSK.XD,81.12
Kenya,KEN,2003,Livestock production index (2014-2016 = 100),AG.PRD.LVSK.XD,74.9
Kenya,KEN,2002,Livestock production index (2014-2016 = 100),AG.PRD.LVSK.XD,71.77
Kenya,KEN,2001,Livestock production index (2014-2016 = 100),AG.PRD.LVSK.XD,66.06
Kenya,KEN,2000,Livestock production index (2014-2016 = 100),AG.PRD.LVSK.XD,60.85
Kenya,KEN,1999,Livestock production index (2014-2016 = 100),AG.PRD.LVSK.XD,62.92
Kenya,KEN,1998,Livestock production index (2014-2016 = 100),AG.PRD.LVSK.XD,58.07
Kenya,KEN,1997,Livestock production index (2014-2016 = 100),AG.PRD.LVSK.XD,58.22
Kenya,KEN,1996,Livestock production index (2014-2016 = 100),AG.PRD.LVSK.XD,55.55
Kenya,KEN,1995,Livestock production index (2014-2016 = 100),AG.PRD.LVSK.XD,55.49
Kenya,KEN,1994,Livestock production index (2014-2016 = 100),AG.PRD.LVSK.XD,55.08
Kenya,KEN,1993,Livestock production index (2014-2016 = 100),AG.PRD.LVSK.XD,54.75
Kenya,KEN,1992,Livestock production index (2014-2016 = 100),AG.PRD.LVSK.XD,55.7
Kenya,KEN,1991,Livestock production index (2014-2016 = 100),AG.PRD.LVSK.XD,56.23
Kenya,KEN,1990,Livestock production index (2014-2016 = 100),AG.PRD.LVSK.XD,54.88
Kenya,KEN,1989,Livestock production index (2014-2016 = 100),AG.PRD.LVSK.XD,55.82
Kenya,KEN,1988,Livestock production index (2014-2016 = 100),AG.PRD.LVSK.XD,55.55
Kenya,KEN,1987,Livestock production index (2014-2016 = 100),AG.PRD.LVSK.XD,50.94
Kenya,KEN,1986,Livestock production index (2014-2016 = 100),AG.PRD.LVSK.XD,46.72
Kenya,KEN,1985,Livestock production index (2014-2016 = 100),AG.PRD.LVSK.XD,43.37
Kenya,KEN,1984,Livestock production index (2014-2016 = 100),AG.PRD.LVSK.XD,41.79
Kenya,KEN,1983,Livestock production index (2014-2016 = 100),AG.PRD.LVSK.XD,40.41
Kenya,KEN,1982,Livestock production index (2014-2016 = 100),AG.PRD.LVSK.XD,37.64
Kenya,KEN,1981,Livestock production index (2014-2016 = 100),AG.PRD.LVSK.XD,33.55
Kenya,KEN,1980,Livestock production index (2014-2016 = 100),AG.PRD.LVSK.XD,35.78
Kenya,KEN,1979,Livestock production index (2014-2016 = 100),AG.PRD.LVSK.XD,37.6
Kenya,KEN,1978,Livestock production index (2014-2016 = 100),AG.PRD.LVSK.XD,36.58
Kenya,KEN,1977,Livestock production index (2014-2016 = 100),AG.PRD.LVSK.XD,35.05
Kenya,KEN,1976,Livestock production index (2014-2016 = 100),AG.PRD.LVSK.XD,29.9
Kenya,KEN,1975,Livestock production index (2014-2016 = 100),AG.PRD.LVSK.XD,28.47
Kenya,KEN,1974,Livestock production index (2014-2016 = 100),AG.PRD.LVSK.XD,28.35
Kenya,KEN,1973,Livestock production index (2014-2016 = 100),AG.PRD.LVSK.XD,28.15
Kenya,KEN,1972,Livestock production index (2014-2016 = 100),AG.PRD.LVSK.XD,28.14
Kenya,KEN,1971,Livestock production index (2014-2016 = 100),AG.PRD.LVSK.XD,27.23
Kenya,KEN,1970,Livestock production index (2014-2016 = 100),AG.PRD.LVSK.XD,26.03
Kenya,KEN,1969,Livestock production index (2014-2016 = 100),AG.PRD.LVSK.XD,23.67
Kenya,KEN,1968,Livestock production index (2014-2016 = 100),AG.PRD.LVSK.XD,23.33
Kenya,KEN,1967,Livestock production index (2014-2016 = 100),AG.PRD.LVSK.XD,22.09
Kenya,KEN,1966,Livestock production index (2014-2016 = 100),AG.PRD.LVSK.XD,21.86
Kenya,KEN,1965,Livestock production index (2014-2016 = 100),AG.PRD.LVSK.XD,22
Kenya,KEN,1964,Livestock production index (2014-2016 = 100),AG.PRD.LVSK.XD,20.99
Kenya,KEN,1963,Livestock production index (2014-2016 = 100),AG.PRD.LVSK.XD,19.81
Kenya,KEN,1962,Livestock production index (2014-2016 = 100),AG.PRD.LVSK.XD,20.89
Kenya,KEN,1961,Livestock production index (2014-2016 = 100),AG.PRD.LVSK.XD,21.01
Kenya,KEN,2023,Surface area (sq. km),AG.SRF.TOTL.K2,591969
Kenya,KEN,2022,Surface area (sq. km),AG.SRF.TOTL.K2,591969
Kenya,KEN,2021,Surface area (sq. km),AG.SRF.TOTL.K2,591969
Kenya,KEN,2020,Surface area (sq. km),AG.SRF.TOTL.K2,591969
Kenya,KEN,2019,Surface area (sq. km),AG.SRF.TOTL.K2,580370
Kenya,KEN,2018,Surface area (sq. km),AG.SRF.TOTL.K2,580370
Kenya,KEN,2017,Surface area (sq. km),AG.SRF.TOTL.K2,580370
Kenya,KEN,2016,Surface area (sq. km),AG.SRF.TOTL.K2,580370
Kenya,KEN,2015,Surface area (sq. km),AG.SRF.TOTL.K2,580370
Kenya,KEN,2014,Surface area (sq. km),AG.SRF.TOTL.K2,580370
Kenya,KEN,2013,Surface area (sq. km),AG.SRF.TOTL.K2,580370
Kenya,KEN,2012,Surface area (sq. km),AG.SRF.TOTL.K2,580370
Kenya,KEN,2011,Surface area (sq. km),AG.SRF.TOTL.K2,580370
Kenya,KEN,2010,Surface area (sq. km),AG.SRF.TOTL.K2,580370
Kenya,KEN,2009,Surface area (sq. km),AG.SRF.TOTL.K2,580370
Kenya,KEN,2008,Surface area (sq. km),AG.SRF.TOTL.K2,580370
Kenya,KEN,2007,Surface area (sq. km),AG.SRF.TOTL.K2,580370
Kenya,KEN,2006,Surface area (sq. km),AG.SRF.TOTL.K2,580370
Kenya,KEN,2005,Surface area (sq. km),AG.SRF.TOTL.K2,580370
Kenya,KEN,2004,Surface area (sq. km),AG.SRF.TOTL.K2,580370
Kenya,KEN,2003,Surface area (sq. km),AG.SRF.TOTL.K2,580370
Kenya,KEN,2002,Surface area (sq. km),AG.SRF.TOTL.K2,580370
Kenya,KEN,2001,Surface area (sq. km),AG.SRF.TOTL.K2,580370
Kenya,KEN,2000,Surface area (sq. km),AG.SRF.TOTL.K2,580370
Kenya,KEN,1999,Surface area (sq. km),AG.SRF.TOTL.K2,580370
Kenya,KEN,1998,Surface area (sq. km),AG.SRF.TOTL.K2,580370
Kenya,KEN,1997,Surface area (sq. km),AG.SRF.TOTL.K2,580370
Kenya,KEN,1996,Surface area (sq. km),AG.SRF.TOTL.K2,580370
Kenya,KEN,1995,Surface area (sq. km),AG.SRF.TOTL.K2,580370
Kenya,KEN,1994,Surface area (sq. km),AG.SRF.TOTL.K2,580370
Kenya,KEN,1993,Surface area (sq. km),AG.SRF.TOTL.K2,580370
Kenya,KEN,1992,Surface area (sq. km),AG.SRF.TOTL.K2,580370
Kenya,KEN,1991,Surface area (sq. km),AG.SRF.TOTL.K2,580370
Kenya,KEN,1990,Surface area (sq. km),AG.SRF.TOTL.K2,580370
Kenya,KEN,1989,Surface area (sq. km),AG.SRF.TOTL.K2,580370
Kenya,KEN,1988,Surface area (sq. km),AG.SRF.TOTL.K2,580370
Kenya,KEN,1987,Surface area (sq. km),AG.SRF.TOTL.K2,580370
Kenya,KEN,1986,Surface area (sq. km),AG.SRF.TOTL.K2,580370
Kenya,KEN,1985,Surface area (sq. km),AG.SRF.TOTL.K2,580370
Kenya,KEN,1984,Surface area (sq. km),AG.SRF.TOTL.K2,580370
Kenya,KEN,1983,Surface area (sq. km),AG.SRF.TOTL.K2,580370
Kenya,KEN,1982,Surface area (sq. km),AG.SRF.TOTL.K2,580370
Kenya,KEN,1981,Surface area (sq. km),AG.SRF.TOTL.K2,580370
Kenya,KEN,1980,Surface area (sq. km),AG.SRF.TOTL.K2,580370
Kenya,KEN,1979,Surface area (sq. km),AG.SRF.TOTL.K2,580370
Kenya,KEN,1978,Surface area (sq. km),AG.SRF.TOTL.K2,580370
Kenya,KEN,1977,Surface area (sq. km),AG.SRF.TOTL.K2,580370
Kenya,KEN,1976,Surface area (sq. km),AG.SRF.TOTL.K2,580370
Kenya,KEN,1975,Surface area (sq. km),AG.SRF.TOTL.K2,580370
Kenya,KEN,1974,Surface area (sq. km),AG.SRF.TOTL.K2,580370
Kenya,KEN,1973,Surface area (sq. km),AG.SRF.TOTL.K2,580370
Kenya,KEN,1972,Surface area (sq. km),AG.SRF.TOTL.K2,580370
Kenya,KEN,1971,Surface area (sq. km),AG.SRF.TOTL.K2,580370
Kenya,KEN,1970,Surface area (sq. km),AG.SRF.TOTL.K2,580370
Kenya,KEN,1969,Surface area (sq. km),AG.SRF.TOTL.K2,580370
Kenya,KEN,1968,Surface area (sq. km),AG.SRF.TOTL.K2,580370
Kenya,KEN,1967,Surface area (sq. km),AG.SRF.TOTL.K2,580370
Kenya,KEN,1966,Surface area (sq. km),AG.SRF.TOTL.K2,580370
Kenya,KEN,1965,Surface area (sq. km),AG.SRF.TOTL.K2,580370
Kenya,KEN,1964,Surface area (sq. km),AG.SRF.TOTL.K2,580370
Kenya,KEN,1963,Surface area (sq. km),AG.SRF.TOTL.K2,580370
Kenya,KEN,1962,Surface area (sq. km),AG.SRF.TOTL.K2,580370
Kenya,KEN,1961,Surface area (sq. km),AG.SRF.TOTL.K2,580370
Kenya,KEN,2023,Cereal yield (kg per hectare),AG.YLD.CREL.KG,1757.5
Kenya,KEN,2022,Cereal yield (kg per hectare),AG.YLD.CREL.KG,1477.4
Kenya,KEN,2021,Cereal yield (kg per hectare),AG.YLD.CREL.KG,1522.4
Kenya,KEN,2020,Cereal yield (kg per hectare),AG.YLD.CREL.KG,1842.6
Kenya,KEN,2019,Cereal yield (kg per hectare),AG.YLD.CREL.KG,1604.7
Kenya,KEN,2018,Cereal yield (kg per hectare),AG.YLD.CREL.KG,1709.2
Kenya,KEN,2017,Cereal yield (kg per hectare),AG.YLD.CREL.KG,1426
Kenya,KEN,2016,Cereal yield (kg per hectare),AG.YLD.CREL.KG,1383.1
Kenya,KEN,2015,Cereal yield (kg per hectare),AG.YLD.CREL.KG,1772.7
Kenya,KEN,2014,Cereal yield (kg per hectare),AG.YLD.CREL.KG,1583.4
Kenya,KEN,2013,Cereal yield (kg per hectare),AG.YLD.CREL.KG,1661.5
Kenya,KEN,2012,Cereal yield (kg per hectare),AG.YLD.CREL.KG,1744.8
Kenya,KEN,2011,Cereal yield (kg per hectare),AG.YLD.CREL.KG,1514.6
Kenya,KEN,2010,Cereal yield (kg per hectare),AG.YLD.CREL.KG,1710.1
Kenya,KEN,2009,Cereal yield (kg per hectare),AG.YLD.CREL.KG,1242.8
Kenya,KEN,2008,Cereal yield (kg per hectare),AG.YLD.CREL.KG,1417.5
Kenya,KEN,2007,Cereal yield (kg per hectare),AG.YLD.CREL.KG,1773.1
Kenya,KEN,2006,Cereal yield (kg per hectare),AG.YLD.CREL.KG,1646.4
Kenya,KEN,2005,Cereal yield (kg per hectare),AG.YLD.CREL.KG,1646.1
Kenya,KEN,2004,Cereal yield (kg per hectare),AG.YLD.CREL.KG,1805.7
Kenya,KEN,2003,Cereal yield (kg per hectare),AG.YLD.CREL.KG,1594
Kenya,KEN,2002,Cereal yield (kg per hectare),AG.YLD.CREL.KG,1488.3
Kenya,KEN,2001,Cereal yield (kg per hectare),AG.YLD.CREL.KG,1639.6
Kenya,KEN,2000,Cereal yield (kg per hectare),AG.YLD.CREL.KG,1375
Kenya,KEN,1999,Cereal yield (kg per hectare),AG.YLD.CREL.KG,1427.7
Kenya,KEN,1998,Cereal yield (kg per hectare),AG.YLD.CREL.KG,1590
Kenya,KEN,1997,Cereal yield (kg per hectare),AG.YLD.CREL.KG,1397.2
Kenya,KEN,1996,Cereal yield (kg per hectare),AG.YLD.CREL.KG,1402.6
Kenya,KEN,1995,Cereal yield (kg per hectare),AG.YLD.CREL.KG,1753.1
Kenya,KEN,1994,Cereal yield (kg per hectare),AG.YLD.CREL.KG,1918.2
Kenya,KEN,1993,Cereal yield (kg per hectare),AG.YLD.CREL.KG,1461.2
Kenya,KEN,1992,Cereal yield (kg per hectare),AG.YLD.CREL.KG,1661.1
Kenya,KEN,1991,Cereal yield (kg per hectare),AG.YLD.CREL.KG,1712.4
Kenya,KEN,1990,Cereal yield (kg per hectare),AG.YLD.CREL.KG,1561.8
Kenya,KEN,1989,Cereal yield (kg per hectare),AG.YLD.CREL.KG,1723
Kenya,KEN,1988,Cereal yield (kg per hectare),AG.YLD.CREL.KG,1745.6
Kenya,KEN,1987,Cereal yield (kg per hectare),AG.YLD.CREL.KG,1568.5
Kenya,KEN,1986,Cereal yield (kg per hectare),AG.YLD.CREL.KG,1886.2
Kenya,KEN,1985,Cereal yield (kg per hectare),AG.YLD.CREL.KG,1633.8
Kenya,KEN,1984,Cereal yield (kg per hectare),AG.YLD.CREL.KG,1343.1
Kenya,KEN,1983,Cereal yield (kg per hectare),AG.YLD.CREL.KG,1675.9
Kenya,KEN,1982,Cereal yield (kg per hectare),AG.YLD.CREL.KG,1962.7
Kenya,KEN,1981,Cereal yield (kg per hectare),AG.YLD.CREL.KG,1561.6
Kenya,KEN,1980,Cereal yield (kg per hectare),AG.YLD.CREL.KG,1241.7
Kenya,KEN,1979,Cereal yield (kg per hectare),AG.YLD.CREL.KG,1282.7
Kenya,KEN,1978,Cereal yield (kg per hectare),AG.YLD.CREL.KG,1409.5
Kenya,KEN,1977,Cereal yield (kg per hectare),AG.YLD.CREL.KG,1550.8
Kenya,KEN,1976,Cereal yield (kg per hectare),AG.YLD.CREL.KG,1582.8
Kenya,KEN,1975,Cereal yield (kg per hectare),AG.YLD.CREL.KG,1396.8
Kenya,KEN,1974,Cereal yield (kg per hectare),AG.YLD.CREL.KG,1352.2
Kenya,KEN,1973,Cereal yield (kg per hectare),AG.YLD.CREL.KG,1306.3
Kenya,KEN,1972,Cereal yield (kg per hectare),AG.YLD.CREL.KG,1286.5
Kenya,KEN,1971,Cereal yield (kg per hectare),AG.YLD.CREL.KG,1270.2
Kenya,KEN,1970,Cereal yield (kg per hectare),AG.YLD.CREL.KG,1278.2
Kenya,KEN,1969,Cereal yield (kg per hectare),AG.YLD.CREL.KG,1303
Kenya,KEN,1968,Cereal yield (kg per hectare),AG.YLD.CREL.KG,1286.7
Kenya,KEN,1967,Cereal yield (kg per hectare),AG.YLD.CREL.KG,1235.3
Kenya,KEN,1966,Cereal yield (kg per hectare),AG.YLD.CREL.KG,1139.9
Kenya,KEN,1965,Cereal yield (kg per hectare),AG.YLD.CREL.KG,1143
Kenya,KEN,1964,Cereal yield (kg per hectare),AG.YLD.CREL.KG,1199.6
Kenya,KEN,1963,Cereal yield (kg per hectare),AG.YLD.CREL.KG,1249.7
Kenya,KEN,1962,Cereal yield (kg per hectare),AG.YLD.CREL.KG,1206.7
Kenya,KEN,1961,Cereal yield (kg per hectare),AG.YLD.CREL.KG,1244.7
Kenya,KEN,2024,"Access to electricity, rural (% of rural population)",EG.ELC.ACCS.RU.ZS,67.1
Kenya,KEN,2023,"Access to electricity, rural (% of rural population)",EG.ELC.ACCS.RU.ZS,67.9
Kenya,KEN,2022,"Access to electricity, rural (% of rural population)",EG.ELC.ACCS.RU.ZS,68.4
Kenya,KEN,2021,"Access to electricity, rural (% of rural population)",EG.ELC.ACCS.RU.ZS,68.2
Kenya,KEN,2020,"Access to electricity, rural (% of rural population)",EG.ELC.ACCS.RU.ZS,62.7
Kenya,KEN,2019,"Access to electricity, rural (% of rural population)",EG.ELC.ACCS.RU.ZS,61.7
Kenya,KEN,2018,"Access to electricity, rural (% of rural population)",EG.ELC.ACCS.RU.ZS,51.6
Kenya,KEN,2017,"Access to electricity, rural (% of rural population)",EG.ELC.ACCS.RU.ZS,45.8
Kenya,KEN,2016,"Access to electricity, rural (% of rural population)",EG.ELC.ACCS.RU.ZS,42.1
Kenya,KEN,2015,"Access to electricity, rural (% of rural population)",EG.ELC.ACCS.RU.ZS,29
Kenya,KEN,2014,"Access to electricity, rural (% of rural population)",EG.ELC.ACCS.RU.ZS,25.1
Kenya,KEN,2013,"Access to electricity, rural (% of rural population)",EG.ELC.ACCS.RU.ZS,29.3
Kenya,KEN,2012,"Access to electricity, rural (% of rural population)",EG.ELC.ACCS.RU.ZS,27.5
Kenya,KEN,2011,"Access to electricity, rural (% of rural population)",EG.ELC.ACCS.RU.ZS,25.7
Kenya,KEN,2010,"Access to electricity, rural (% of rural population)",EG.ELC.ACCS.RU.ZS,7.2
Kenya,KEN,2009,"Access to electricity, rural (% of rural population)",EG.ELC.ACCS.RU.ZS,10.1
Kenya,KEN,2008,"Access to electricity, rural (% of rural population)",EG.ELC.ACCS.RU.ZS,20.4
Kenya,KEN,2007,"Access to electricity, rural (% of rural population)",EG.ELC.ACCS.RU.ZS,18.6
Kenya,KEN,2006,"Access to electricity, rural (% of rural population)",EG.ELC.ACCS.RU.ZS,16.9
Kenya,KEN,2005,"Access to electricity, rural (% of rural population)",EG.ELC.ACCS.RU.ZS,15.1
Kenya,KEN,2004,"Access to electricity, rural (% of rural population)",EG.ELC.ACCS.RU.ZS,13.4
Kenya,KEN,2003,"Access to electricity, rural (% of rural population)",EG.ELC.ACCS.RU.ZS,6.9
Kenya,KEN,2002,"Access to electricity, rural (% of rural population)",EG.ELC.ACCS.RU.ZS,10
Kenya,KEN,2001,"Access to electricity, rural (% of rural population)",EG.ELC.ACCS.RU.ZS,8.3
Kenya,KEN,2000,"Access to electricity, rural (% of rural population)",EG.ELC.ACCS.RU.ZS,6.6
Kenya,KEN,1999,"Access to electricity, rural (% of rural population)",EG.ELC.ACCS.RU.ZS,4.72589861048926
Kenya,KEN,1998,"Access to electricity, rural (% of rural population)",EG.ELC.ACCS.RU.ZS,6.64729225091167
Kenya,KEN,1997,"Access to electricity, rural (% of rural population)",EG.ELC.ACCS.RU.ZS,1.10441838046646
Kenya,KEN,1993,"Access to electricity, rural (% of rural population)",EG.ELC.ACCS.RU.ZS,4.12953124862802
Kenya,KEN,2015,Rural population living in areas where elevation is below 5 meters (% of total population),EN.POP.EL5M.RU.ZS,0.199028942753775
Kenya,KEN,2000,Rural population living in areas where elevation is below 5 meters (% of total population),EN.POP.EL5M.RU.ZS,0.244228135338107
Kenya,KEN,1990,Rural population living in areas where elevation is below 5 meters (% of total population),EN.POP.EL5M.RU.ZS,0.338162185735128
Kenya,KEN,2022,"Annual freshwater withdrawals, agriculture (% of total freshwater withdrawal)",ER.H2O.FWAG.ZS,80.20833333
Kenya,KEN,2021,"Annual freshwater withdrawals, agriculture (% of total freshwater withdrawal)",ER.H2O.FWAG.ZS,80.20833333
Kenya,KEN,2020,"Annual freshwater withdrawals, agriculture (% of total freshwater withdrawal)",ER.H2O.FWAG.ZS,80.20833333
Kenya,KEN,2019,"Annual freshwater withdrawals, agriculture (% of total freshwater withdrawal)",ER.H2O.FWAG.ZS,80.20833333
Kenya,KEN,2018,"Annual freshwater withdrawals, agriculture (% of total freshwater withdrawal)",ER.H2O.FWAG.ZS,80.20833333
Kenya,KEN,2017,"Annual freshwater withdrawals, agriculture (% of total freshwater withdrawal)",ER.H2O.FWAG.ZS,80.20833333
Kenya,KEN,2016,"Annual freshwater withdrawals, agriculture (% of total freshwater withdrawal)",ER.H2O.FWAG.ZS,80.20833333
Kenya,KEN,2015,"Annual freshwater withdrawals, agriculture (% of total freshwater withdrawal)",ER.H2O.FWAG.ZS,59.26041019
Kenya,KEN,2014,"Annual freshwater withdrawals, agriculture (% of total freshwater withdrawal)",ER.H2O.FWAG.ZS,59.26041019
Kenya,KEN,2013,"Annual freshwater withdrawals, agriculture (% of total freshwater withdrawal)",ER.H2O.FWAG.ZS,59.26041019
Kenya,KEN,2012,"Annual freshwater withdrawals, agriculture (% of total freshwater withdrawal)",ER.H2O.FWAG.ZS,59.26041019
Kenya,KEN,2011,"Annual freshwater withdrawals, agriculture (% of total freshwater withdrawal)",ER.H2O.FWAG.ZS,59.26041019
Kenya,KEN,2010,"Annual freshwater withdrawals, agriculture (% of total freshwater withdrawal)",ER.H2O.FWAG.ZS,59.26041019
Kenya,KEN,2009,"Annual freshwater withdrawals, agriculture (% of total freshwater withdrawal)",ER.H2O.FWAG.ZS,60.99500647
Kenya,KEN,2008,"Annual freshwater withdrawals, agriculture (% of total freshwater withdrawal)",ER.H2O.FWAG.ZS,62.87988423
Kenya,KEN,2007,"Annual freshwater withdrawals, agriculture (% of total freshwater withdrawal)",ER.H2O.FWAG.ZS,64.93545785
Kenya,KEN,2006,"Annual freshwater withdrawals, agriculture (% of total freshwater withdrawal)",ER.H2O.FWAG.ZS,67.18601458
Kenya,KEN,2005,"Annual freshwater withdrawals, agriculture (% of total freshwater withdrawal)",ER.H2O.FWAG.ZS,69.66067864
Kenya,KEN,2004,"Annual freshwater withdrawals, agriculture (% of total freshwater withdrawal)",ER.H2O.FWAG.ZS,72.39467849
Kenya,KEN,2003,"Annual freshwater withdrawals, agriculture (% of total freshwater withdrawal)",ER.H2O.FWAG.ZS,75.43103448
Kenya,KEN,2002,"Annual freshwater withdrawals, agriculture (% of total freshwater withdrawal)",ER.H2O.FWAG.ZS,72.742838
Kenya,KEN,2001,"Annual freshwater withdrawals, agriculture (% of total freshwater withdrawal)",ER.H2O.FWAG.ZS,69.30343053
Kenya,KEN,2000,"Annual freshwater withdrawals, agriculture (% of total freshwater withdrawal)",ER.H2O.FWAG.ZS,64.74678239
Kenya,KEN,1999,"Annual freshwater withdrawals, agriculture (% of total freshwater withdrawal)",ER.H2O.FWAG.ZS,66.23443686
Kenya,KEN,1998,"Annual freshwater withdrawals, agriculture (% of total freshwater withdrawal)",ER.H2O.FWAG.ZS,67.63431181
Kenya,KEN,1997,"Annual freshwater withdrawals, agriculture (% of total freshwater withdrawal)",ER.H2O.FWAG.ZS,68.95395377
Kenya,KEN,1996,"Annual freshwater withdrawals, agriculture (% of total freshwater withdrawal)",ER.H2O.FWAG.ZS,70.20006835
Kenya,KEN,1995,"Annual freshwater withdrawals, agriculture (% of total freshwater withdrawal)",ER.H2O.FWAG.ZS,71.37863415
Kenya,KEN,1994,"Annual freshwater withdrawals, agriculture (% of total freshwater withdrawal)",ER.H2O.FWAG.ZS,72.49499871
Kenya,KEN,1993,"Annual freshwater withdrawals, agriculture (% of total freshwater withdrawal)",ER.H2O.FWAG.ZS,73.55395963
Kenya,KEN,1992,"Annual freshwater withdrawals, agriculture (% of total freshwater withdrawal)",ER.H2O.FWAG.ZS,74.55983347
Kenya,KEN,1991,"Annual freshwater withdrawals, agriculture (% of total freshwater withdrawal)",ER.H2O.FWAG.ZS,75.51651462
Kenya,KEN,1990,"Annual freshwater withdrawals, agriculture (% of total freshwater withdrawal)",ER.H2O.FWAG.ZS,76.42752562
Kenya,KEN,2025,"Agriculture, forestry, and fishing, value added (current US$)",NV.AGR.TOTL.CD,31483983164.6968
Kenya,KEN,2024,"Agriculture, forestry, and fishing, value added (current US$)",NV.AGR.TOTL.CD,27019610668.3482
Kenya,KEN,2023,"Agriculture, forestry, and fishing, value added (current US$)",NV.AGR.TOTL.CD,23061311331.4392
Kenya,KEN,2022,"Agriculture, forestry, and fishing, value added (current US$)",NV.AGR.TOTL.CD,24075706860.611
Kenya,KEN,2021,"Agriculture, forestry, and fishing, value added (current US$)",NV.AGR.TOTL.CD,23561137205.7837
Kenya,KEN,2020,"Agriculture, forestry, and fishing, value added (current US$)",NV.AGR.TOTL.CD,22851997890.4805
Kenya,KEN,2019,"Agriculture, forestry, and fishing, value added (current US$)",NV.AGR.TOTL.CD,20940110008.2087
Kenya,KEN,2018,"Agriculture, forestry, and fishing, value added (current US$)",NV.AGR.TOTL.CD,18730952788.5519
Kenya,KEN,2017,"Agriculture, forestry, and fishing, value added (current US$)",NV.AGR.TOTL.CD,17140411123.6626
Kenya,KEN,2016,"Agriculture, forestry, and fishing, value added (current US$)",NV.AGR.TOTL.CD,14988852351.7643
Kenya,KEN,2015,"Agriculture, forestry, and fishing, value added (current US$)",NV.AGR.TOTL.CD,13652180891.463
Kenya,KEN,2014,"Agriculture, forestry, and fishing, value added (current US$)",NV.AGR.TOTL.CD,12528968236.0411
Kenya,KEN,2013,"Agriculture, forestry, and fishing, value added (current US$)",NV.AGR.TOTL.CD,11481095517.0228
Kenya,KEN,2012,"Agriculture, forestry, and fishing, value added (current US$)",NV.AGR.TOTL.CD,10619344924.8702
Kenya,KEN,2011,"Agriculture, forestry, and fishing, value added (current US$)",NV.AGR.TOTL.CD,8855851604.48446
Kenya,KEN,2010,"Agriculture, forestry, and fishing, value added (current US$)",NV.AGR.TOTL.CD,7976749429.32978
Kenya,KEN,2009,"Agriculture, forestry, and fishing, value added (current US$)",NV.AGR.TOTL.CD,6883532423.20819
Kenya,KEN,2008,"Agriculture, forestry, and fishing, value added (current US$)",NV.AGR.TOTL.CD,7967410332.87893
Kenya,KEN,2007,"Agriculture, forestry, and fishing, value added (current US$)",NV.AGR.TOTL.CD,6579126409.73534
Kenya,KEN,2006,"Agriculture, forestry, and fishing, value added (current US$)",NV.AGR.TOTL.CD,5299314494.76279
Kenya,KEN,2005,"Agriculture, forestry, and fishing, value added (current US$)",NV.AGR.TOTL.CD,4541367829.51143
Kenya,KEN,2004,"Agriculture, forestry, and fishing, value added (current US$)",NV.AGR.TOTL.CD,4012413197.29506
Kenya,KEN,2003,"Agriculture, forestry, and fishing, value added (current US$)",NV.AGR.TOTL.CD,3846027220.47
Kenya,KEN,2002,"Agriculture, forestry, and fishing, value added (current US$)",NV.AGR.TOTL.CD,3399211638.39474
Kenya,KEN,2001,"Agriculture, forestry, and fishing, value added (current US$)",NV.AGR.TOTL.CD,3616506986.10416
Kenya,KEN,2000,"Agriculture, forestry, and fishing, value added (current US$)",NV.AGR.TOTL.CD,3649202784.79935
Kenya,KEN,1999,"Agriculture, forestry, and fishing, value added (current US$)",NV.AGR.TOTL.CD,3706839513.34962
Kenya,KEN,1998,"Agriculture, forestry, and fishing, value added (current US$)",NV.AGR.TOTL.CD,3910367802.11607
Kenya,KEN,1997,"Agriculture, forestry, and fishing, value added (current US$)",NV.AGR.TOTL.CD,3632271570.84567
Kenya,KEN,1996,"Agriculture, forestry, and fishing, value added (current US$)",NV.AGR.TOTL.CD,3311712167.69182
Kenya,KEN,1995,"Agriculture, forestry, and fishing, value added (current US$)",NV.AGR.TOTL.CD,2383670971.67125
Kenya,KEN,1994,"Agriculture, forestry, and fishing, value added (current US$)",NV.AGR.TOTL.CD,2009727464.88328
Kenya,KEN,1993,"Agriculture, forestry, and fishing, value added (current US$)",NV.AGR.TOTL.CD,1541939734.38507
Kenya,KEN,1992,"Agriculture, forestry, and fishing, value added (current US$)",NV.AGR.TOTL.CD,2034325794.84147
Kenya,KEN,1991,"Agriculture, forestry, and fishing, value added (current US$)",NV.AGR.TOTL.CD,1982454150.29817
Kenya,KEN,1990,"Agriculture, forestry, and fishing, value added (current US$)",NV.AGR.TOTL.CD,2170018399.05245
Kenya,KEN,1989,"Agriculture, forestry, and fishing, value added (current US$)",NV.AGR.TOTL.CD,2150612272.21801
Kenya,KEN,1988,"Agriculture, forestry, and fishing, value added (current US$)",NV.AGR.TOTL.CD,2133981326.52659
Kenya,KEN,1987,"Agriculture, forestry, and fishing, value added (current US$)",NV.AGR.TOTL.CD,2165803720.95352
Kenya,KEN,1986,"Agriculture, forestry, and fishing, value added (current US$)",NV.AGR.TOTL.CD,2083245253.12926
Kenya,KEN,1985,"Agriculture, forestry, and fishing, value added (current US$)",NV.AGR.TOTL.CD,1755002109.58819
Kenya,KEN,1984,"Agriculture, forestry, and fishing, value added (current US$)",NV.AGR.TOTL.CD,1827086748.0119
Kenya,KEN,1983,"Agriculture, forestry, and fishing, value added (current US$)",NV.AGR.TOTL.CD,1785912154.11437
Kenya,KEN,1982,"Agriculture, forestry, and fishing, value added (current US$)",NV.AGR.TOTL.CD,1863009936.0713
Kenya,KEN,1981,"Agriculture, forestry, and fishing, value added (current US$)",NV.AGR.TOTL.CD,1910583456.33235
Kenya,KEN,1980,"Agriculture, forestry, and fishing, value added (current US$)",NV.AGR.TOTL.CD,2019086580.97161
Kenya,KEN,1979,"Agriculture, forestry, and fishing, value added (current US$)",NV.AGR.TOTL.CD,1881928894.17682
Kenya,KEN,1978,"Agriculture, forestry, and fishing, value added (current US$)",NV.AGR.TOTL.CD,1700601458.09827
Kenya,KEN,1977,"Agriculture, forestry, and fishing, value added (current US$)",NV.AGR.TOTL.CD,1663227033.5469
Kenya,KEN,1976,"Agriculture, forestry, and fishing, value added (current US$)",NV.AGR.TOTL.CD,1157957821.93329
Kenya,KEN,1975,"Agriculture, forestry, and fishing, value added (current US$)",NV.AGR.TOTL.CD,983441399.40214
Kenya,KEN,1974,"Agriculture, forestry, and fishing, value added (current US$)",NV.AGR.TOTL.CD,929571628.171349
Kenya,KEN,1973,"Agriculture, forestry, and fishing, value added (current US$)",NV.AGR.TOTL.CD,799806804.327035
Kenya,KEN,1972,"Agriculture, forestry, and fishing, value added (current US$)",NV.AGR.TOTL.CD,678774328.490269
Kenya,KEN,1971,"Agriculture, forestry, and fishing, value added (current US$)",NV.AGR.TOTL.CD,500835799.66568
Kenya,KEN,1970,"Agriculture, forestry, and fishing, value added (current US$)",NV.AGR.TOTL.CD,483755806.497677
Kenya,KEN,1969,"Agriculture, forestry, and fishing, value added (current US$)",NV.AGR.TOTL.CD,450603819.758472
Kenya,KEN,1968,"Agriculture, forestry, and fishing, value added (current US$)",NV.AGR.TOTL.CD,429071828.371269
Kenya,KEN,1967,"Agriculture, forestry, and fishing, value added (current US$)",NV.AGR.TOTL.CD,414847834.060866
Kenya,KEN,1966,"Agriculture, forestry, and fishing, value added (current US$)",NV.AGR.TOTL.CD,404179838.328065
Kenya,KEN,1965,"Agriculture, forestry, and fishing, value added (current US$)",NV.AGR.TOTL.CD,323511870.595252
Kenya,KEN,1964,"Agriculture, forestry, and fishing, value added (current US$)",NV.AGR.TOTL.CD,367863838.854464
Kenya,KEN,1963,"Agriculture, forestry, and fishing, value added (current US$)",NV.AGR.TOTL.CD,356271857.491257
Kenya,KEN,1962,"Agriculture, forestry, and fishing, value added (current US$)",NV.AGR.TOTL.CD,326185869.525652
Kenya,KEN,1961,"Agriculture, forestry, and fishing, value added (current US$)",NV.AGR.TOTL.CD,270185891.925643
Kenya,KEN,1960,"Agriculture, forestry, and fishing, value added (current US$)",NV.AGR.TOTL.CD,279691874.12325
Kenya,KEN,2025,"Agriculture, forestry, and fishing, value added (% of GDP)",NV.AGR.TOTL.ZS,23.1599874772131
Kenya,KEN,2024,"Agriculture, forestry, and fishing, value added (% of GDP)",NV.AGR.TOTL.ZS,22.4419960332165
Kenya,KEN,2023,"Agriculture, forestry, and fishing, value added (% of GDP)",NV.AGR.TOTL.ZS,21.4522060902205
Kenya,KEN,2022,"Agriculture, forestry, and fishing, value added (% of GDP)",NV.AGR.TOTL.ZS,21.0361920649933
Kenya,KEN,2021,"Agriculture, forestry, and fishing, value added (% of GDP)",NV.AGR.TOTL.ZS,21.4770750957252
Kenya,KEN,2020,"Agriculture, forestry, and fishing, value added (% of GDP)",NV.AGR.TOTL.ZS,22.7027261604451
Kenya,KEN,2019,"Agriculture, forestry, and fishing, value added (% of GDP)",NV.AGR.TOTL.ZS,20.8611638110686
Kenya,KEN,2018,"Agriculture, forestry, and fishing, value added (% of GDP)",NV.AGR.TOTL.ZS,20.314910419968
Kenya,KEN,2017,"Agriculture, forestry, and fishing, value added (% of GDP)",NV.AGR.TOTL.ZS,20.8936374065292
Kenya,KEN,2016,"Agriculture, forestry, and fishing, value added (% of GDP)",NV.AGR.TOTL.ZS,20.0345164328349
Kenya,KEN,2015,"Agriculture, forestry, and fishing, value added (% of GDP)",NV.AGR.TOTL.ZS,19.4696147780528
Kenya,KEN,2014,"Agriculture, forestry, and fishing, value added (% of GDP)",NV.AGR.TOTL.ZS,18.3478393393556
Kenya,KEN,2013,"Agriculture, forestry, and fishing, value added (% of GDP)",NV.AGR.TOTL.ZS,18.6165515854622
Kenya,KEN,2012,"Agriculture, forestry, and fishing, value added (% of GDP)",NV.AGR.TOTL.ZS,18.8297259329446
Kenya,KEN,2011,"Agriculture, forestry, and fishing, value added (% of GDP)",NV.AGR.TOTL.ZS,18.8947112249953
Kenya,KEN,2010,"Agriculture, forestry, and fishing, value added (% of GDP)",NV.AGR.TOTL.ZS,17.5677598863696
Kenya,KEN,2009,"Agriculture, forestry, and fishing, value added (% of GDP)",NV.AGR.TOTL.ZS,16.2549814662286
Kenya,KEN,2008,"Agriculture, forestry, and fishing, value added (% of GDP)",NV.AGR.TOTL.ZS,22.1963401579826
Kenya,KEN,2007,"Agriculture, forestry, and fishing, value added (% of GDP)",NV.AGR.TOTL.ZS,20.5866644602991
Kenya,KEN,2006,"Agriculture, forestry, and fishing, value added (% of GDP)",NV.AGR.TOTL.ZS,20.5196878049409
Kenya,KEN,2005,"Agriculture, forestry, and fishing, value added (% of GDP)",NV.AGR.TOTL.ZS,24.2362747002419
Kenya,KEN,2004,"Agriculture, forestry, and fishing, value added (% of GDP)",NV.AGR.TOTL.ZS,24.9290410875057
Kenya,KEN,2003,"Agriculture, forestry, and fishing, value added (% of GDP)",NV.AGR.TOTL.ZS,25.8044393708329
Kenya,KEN,2002,"Agriculture, forestry, and fishing, value added (% of GDP)",NV.AGR.TOTL.ZS,25.8539676039456
Kenya,KEN,2001,"Agriculture, forestry, and fishing, value added (% of GDP)",NV.AGR.TOTL.ZS,27.8492601112896
Kenya,KEN,2000,"Agriculture, forestry, and fishing, value added (% of GDP)",NV.AGR.TOTL.ZS,28.7217806412905
Kenya,KEN,1999,"Agriculture, forestry, and fishing, value added (% of GDP)",NV.AGR.TOTL.ZS,28.7440796130558
Kenya,KEN,1998,"Agriculture, forestry, and fishing, value added (% of GDP)",NV.AGR.TOTL.ZS,27.7449136009738
Kenya,KEN,1997,"Agriculture, forestry, and fishing, value added (% of GDP)",NV.AGR.TOTL.ZS,27.6939373994727
Kenya,KEN,1996,"Agriculture, forestry, and fishing, value added (% of GDP)",NV.AGR.TOTL.ZS,27.4925217805866
Kenya,KEN,1995,"Agriculture, forestry, and fishing, value added (% of GDP)",NV.AGR.TOTL.ZS,26.3496195621312
Kenya,KEN,1994,"Agriculture, forestry, and fishing, value added (% of GDP)",NV.AGR.TOTL.ZS,28.1153566812096
Kenya,KEN,1993,"Agriculture, forestry, and fishing, value added (% of GDP)",NV.AGR.TOTL.ZS,26.8080134088411
Kenya,KEN,1992,"Agriculture, forestry, and fishing, value added (% of GDP)",NV.AGR.TOTL.ZS,24.781287223819
Kenya,KEN,1991,"Agriculture, forestry, and fishing, value added (% of GDP)",NV.AGR.TOTL.ZS,24.3201481720275
Kenya,KEN,1990,"Agriculture, forestry, and fishing, value added (% of GDP)",NV.AGR.TOTL.ZS,25.3141333603755
Kenya,KEN,1989,"Agriculture, forestry, and fishing, value added (% of GDP)",NV.AGR.TOTL.ZS,25.9638119035868
Kenya,KEN,1988,"Agriculture, forestry, and fishing, value added (% of GDP)",NV.AGR.TOTL.ZS,25.5402040600799
Kenya,KEN,1987,"Agriculture, forestry, and fishing, value added (% of GDP)",NV.AGR.TOTL.ZS,27.1716538650978
Kenya,KEN,1986,"Agriculture, forestry, and fishing, value added (% of GDP)",NV.AGR.TOTL.ZS,28.7775774262261
Kenya,KEN,1985,"Agriculture, forestry, and fishing, value added (% of GDP)",NV.AGR.TOTL.ZS,28.6062318225284
Kenya,KEN,1984,"Agriculture, forestry, and fishing, value added (% of GDP)",NV.AGR.TOTL.ZS,29.5098977394204
Kenya,KEN,1983,"Agriculture, forestry, and fishing, value added (% of GDP)",NV.AGR.TOTL.ZS,29.8687559836265
Kenya,KEN,1982,"Agriculture, forestry, and fishing, value added (% of GDP)",NV.AGR.TOTL.ZS,28.9666010892868
Kenya,KEN,1981,"Agriculture, forestry, and fishing, value added (% of GDP)",NV.AGR.TOTL.ZS,27.8734520123839
Kenya,KEN,1980,"Agriculture, forestry, and fishing, value added (% of GDP)",NV.AGR.TOTL.ZS,27.7907613507416
Kenya,KEN,1979,"Agriculture, forestry, and fishing, value added (% of GDP)",NV.AGR.TOTL.ZS,30.1862501072869
Kenya,KEN,1978,"Agriculture, forestry, and fishing, value added (% of GDP)",NV.AGR.TOTL.ZS,32.0642230927976
Kenya,KEN,1977,"Agriculture, forestry, and fishing, value added (% of GDP)",NV.AGR.TOTL.ZS,37.0068283241034
Kenya,KEN,1976,"Agriculture, forestry, and fishing, value added (% of GDP)",NV.AGR.TOTL.ZS,33.3269159328564
Kenya,KEN,1975,"Agriculture, forestry, and fishing, value added (% of GDP)",NV.AGR.TOTL.ZS,30.1729756831286
Kenya,KEN,1974,"Agriculture, forestry, and fishing, value added (% of GDP)",NV.AGR.TOTL.ZS,31.2991420759876
Kenya,KEN,1973,"Agriculture, forestry, and fishing, value added (% of GDP)",NV.AGR.TOTL.ZS,31.8774962996698
Kenya,KEN,1972,"Agriculture, forestry, and fishing, value added (% of GDP)",NV.AGR.TOTL.ZS,32.2109354238639
Kenya,KEN,1971,"Agriculture, forestry, and fishing, value added (% of GDP)",NV.AGR.TOTL.ZS,28.1622949271027
Kenya,KEN,1970,"Agriculture, forestry, and fishing, value added (% of GDP)",NV.AGR.TOTL.ZS,30.16973422275
Kenya,KEN,1969,"Agriculture, forestry, and fishing, value added (% of GDP)",NV.AGR.TOTL.ZS,30.8975712777191
Kenya,KEN,1968,"Agriculture, forestry, and fishing, value added (% of GDP)",NV.AGR.TOTL.ZS,31.7057022262683
Kenya,KEN,1967,"Agriculture, forestry, and fishing, value added (% of GDP)",NV.AGR.TOTL.ZS,33.6574284416174
Kenya,KEN,1966,"Agriculture, forestry, and fishing, value added (% of GDP)",NV.AGR.TOTL.ZS,34.7078582943185
Kenya,KEN,1965,"Agriculture, forestry, and fishing, value added (% of GDP)",NV.AGR.TOTL.ZS,32.4186398481032
Kenya,KEN,1964,"Agriculture, forestry, and fishing, value added (% of GDP)",NV.AGR.TOTL.ZS,36.8320801767525
Kenya,KEN,1963,"Agriculture, forestry, and fishing, value added (% of GDP)",NV.AGR.TOTL.ZS,38.4498114224708
Kenya,KEN,1962,"Agriculture, forestry, and fishing, value added (% of GDP)",NV.AGR.TOTL.ZS,37.574194883491
Kenya,KEN,1961,"Agriculture, forestry, and fishing, value added (% of GDP)",NV.AGR.TOTL.ZS,34.073102243936
Kenya,KEN,1960,"Agriculture, forestry, and fishing, value added (% of GDP)",NV.AGR.TOTL.ZS,35.3474135345391
Kenya,KEN,2025,"Employment in agriculture, female (% of female employment) (modeled ILO estimate)",SL.AGR.EMPL.FE.ZS,53.3552284914178
Kenya,KEN,2024,"Employment in agriculture, female (% of female employment) (modeled ILO estimate)",SL.AGR.EMPL.FE.ZS,54.1023780170238
Kenya,KEN,2023,"Employment in agriculture, female (% of female employment) (modeled ILO estimate)",SL.AGR.EMPL.FE.ZS,54.8020238091417
Kenya,KEN,2022,"Employment in agriculture, female (% of female employment) (modeled ILO estimate)",SL.AGR.EMPL.FE.ZS,55.4998025231752
Kenya,KEN,2021,"Employment in agriculture, female (% of female employment) (modeled ILO estimate)",SL.AGR.EMPL.FE.ZS,57.9591153884423
Kenya,KEN,2020,"Employment in agriculture, female (% of female employment) (modeled ILO estimate)",SL.AGR.EMPL.FE.ZS,57.3891418715927
Kenya,KEN,2019,"Employment in agriculture, female (% of female employment) (modeled ILO estimate)",SL.AGR.EMPL.FE.ZS,55.4784727546129
Kenya,KEN,2018,"Employment in agriculture, female (% of female employment) (modeled ILO estimate)",SL.AGR.EMPL.FE.ZS,56.3779885559798
Kenya,KEN,2017,"Employment in agriculture, female (% of female employment) (modeled ILO estimate)",SL.AGR.EMPL.FE.ZS,57.4897154533984
Kenya,KEN,2016,"Employment in agriculture, female (% of female employment) (modeled ILO estimate)",SL.AGR.EMPL.FE.ZS,58.3102445716002
Kenya,KEN,2015,"Employment in agriculture, female (% of female employment) (modeled ILO estimate)",SL.AGR.EMPL.FE.ZS,59.2323688710785
Kenya,KEN,2014,"Employment in agriculture, female (% of female employment) (modeled ILO estimate)",SL.AGR.EMPL.FE.ZS,60.1496651425296
Kenya,KEN,2013,"Employment in agriculture, female (% of female employment) (modeled ILO estimate)",SL.AGR.EMPL.FE.ZS,61.1626939074672
Kenya,KEN,2012,"Employment in agriculture, female (% of female employment) (modeled ILO estimate)",SL.AGR.EMPL.FE.ZS,62.0224470798606
Kenya,KEN,2011,"Employment in agriculture, female (% of female employment) (modeled ILO estimate)",SL.AGR.EMPL.FE.ZS,62.9432703888085
Kenya,KEN,2010,"Employment in agriculture, female (% of female employment) (modeled ILO estimate)",SL.AGR.EMPL.FE.ZS,63.7065265680396
Kenya,KEN,2009,"Employment in agriculture, female (% of female employment) (modeled ILO estimate)",SL.AGR.EMPL.FE.ZS,64.663128518386
Kenya,KEN,2008,"Employment in agriculture, female (% of female employment) (modeled ILO estimate)",SL.AGR.EMPL.FE.ZS,65.1613851824464
Kenya,KEN,2007,"Employment in agriculture, female (% of female employment) (modeled ILO estimate)",SL.AGR.EMPL.FE.ZS,65.6222991164524
Kenya,KEN,2006,"Employment in agriculture, female (% of female employment) (modeled ILO estimate)",SL.AGR.EMPL.FE.ZS,66.5916444672188
Kenya,KEN,2005,"Employment in agriculture, female (% of female employment) (modeled ILO estimate)",SL.AGR.EMPL.FE.ZS,67.5128708515765
Kenya,KEN,2004,"Employment in agriculture, female (% of female employment) (modeled ILO estimate)",SL.AGR.EMPL.FE.ZS,68.3924211683571
Kenya,KEN,2003,"Employment in agriculture, female (% of female employment) (modeled ILO estimate)",SL.AGR.EMPL.FE.ZS,69.1703789528356
Kenya,KEN,2002,"Employment in agriculture, female (% of female employment) (modeled ILO estimate)",SL.AGR.EMPL.FE.ZS,69.8580714413501
Kenya,KEN,2001,"Employment in agriculture, female (% of female employment) (modeled ILO estimate)",SL.AGR.EMPL.FE.ZS,70.428693732622
Kenya,KEN,2000,"Employment in agriculture, female (% of female employment) (modeled ILO estimate)",SL.AGR.EMPL.FE.ZS,71.2329428686165
Kenya,KEN,1999,"Employment in agriculture, female (% of female employment) (modeled ILO estimate)",SL.AGR.EMPL.FE.ZS,71.550232737113
Kenya,KEN,1998,"Employment in agriculture, female (% of female employment) (modeled ILO estimate)",SL.AGR.EMPL.FE.ZS,71.7384463314828
Kenya,KEN,1997,"Employment in agriculture, female (% of female employment) (modeled ILO estimate)",SL.AGR.EMPL.FE.ZS,72.0269809885458
Kenya,KEN,1996,"Employment in agriculture, female (% of female employment) (modeled ILO estimate)",SL.AGR.EMPL.FE.ZS,72.1659313974201
Kenya,KEN,1995,"Employment in agriculture, female (% of female employment) (modeled ILO estimate)",SL.AGR.EMPL.FE.ZS,72.4866000801833
Kenya,KEN,1994,"Employment in agriculture, female (% of female employment) (modeled ILO estimate)",SL.AGR.EMPL.FE.ZS,72.7700296713515
Kenya,KEN,1993,"Employment in agriculture, female (% of female employment) (modeled ILO estimate)",SL.AGR.EMPL.FE.ZS,72.9665514522206
Kenya,KEN,1992,"Employment in agriculture, female (% of female employment) (modeled ILO estimate)",SL.AGR.EMPL.FE.ZS,72.9852362095343
Kenya,KEN,1991,"Employment in agriculture, female (% of female employment) (modeled ILO estimate)",SL.AGR.EMPL.FE.ZS,72.9133581054733
Kenya,KEN,2025,"Employment in agriculture, male (% of male employment) (modeled ILO estimate)",SL.AGR.EMPL.MA.ZS,39.1469941500391
Kenya,KEN,2024,"Employment in agriculture, male (% of male employment) (modeled ILO estimate)",SL.AGR.EMPL.MA.ZS,39.8646067108036
Kenya,KEN,2023,"Employment in agriculture, male (% of male employment) (modeled ILO estimate)",SL.AGR.EMPL.MA.ZS,40.4986844857385
Kenya,KEN,2022,"Employment in agriculture, male (% of male employment) (modeled ILO estimate)",SL.AGR.EMPL.MA.ZS,41.1848736655561
Kenya,KEN,2021,"Employment in agriculture, male (% of male employment) (modeled ILO estimate)",SL.AGR.EMPL.MA.ZS,45.4986581285859
Kenya,KEN,2020,"Employment in agriculture, male (% of male employment) (modeled ILO estimate)",SL.AGR.EMPL.MA.ZS,45.8688325632892
Kenya,KEN,2019,"Employment in agriculture, male (% of male employment) (modeled ILO estimate)",SL.AGR.EMPL.MA.ZS,44.6964958905342
Kenya,KEN,2018,"Employment in agriculture, male (% of male employment) (modeled ILO estimate)",SL.AGR.EMPL.MA.ZS,45.0164690762493
Kenya,KEN,2017,"Employment in agriculture, male (% of male employment) (modeled ILO estimate)",SL.AGR.EMPL.MA.ZS,45.5960920780776
Kenya,KEN,2016,"Employment in agriculture, male (% of male employment) (modeled ILO estimate)",SL.AGR.EMPL.MA.ZS,45.8292435730277
Kenya,KEN,2015,"Employment in agriculture, male (% of male employment) (modeled ILO estimate)",SL.AGR.EMPL.MA.ZS,46.1952365417141
Kenya,KEN,2014,"Employment in agriculture, male (% of male employment) (modeled ILO estimate)",SL.AGR.EMPL.MA.ZS,46.5591756077748
Kenya,KEN,2013,"Employment in agriculture, male (% of male employment) (modeled ILO estimate)",SL.AGR.EMPL.MA.ZS,47.0679277243726
Kenya,KEN,2012,"Employment in agriculture, male (% of male employment) (modeled ILO estimate)",SL.AGR.EMPL.MA.ZS,47.387710348008
Kenya,KEN,2011,"Employment in agriculture, male (% of male employment) (modeled ILO estimate)",SL.AGR.EMPL.MA.ZS,47.7861470701698
Kenya,KEN,2010,"Employment in agriculture, male (% of male employment) (modeled ILO estimate)",SL.AGR.EMPL.MA.ZS,48.0437338971803
Kenya,KEN,2009,"Employment in agriculture, male (% of male employment) (modeled ILO estimate)",SL.AGR.EMPL.MA.ZS,48.5606658534835
Kenya,KEN,2008,"Employment in agriculture, male (% of male employment) (modeled ILO estimate)",SL.AGR.EMPL.MA.ZS,48.4975178867802
Kenya,KEN,2007,"Employment in agriculture, male (% of male employment) (modeled ILO estimate)",SL.AGR.EMPL.MA.ZS,48.2366696938578
Kenya,KEN,2006,"Employment in agriculture, male (% of male employment) (modeled ILO estimate)",SL.AGR.EMPL.MA.ZS,48.7177959921897
Kenya,KEN,2005,"Employment in agriculture, male (% of male employment) (modeled ILO estimate)",SL.AGR.EMPL.MA.ZS,49.1743373552731
Kenya,KEN,2004,"Employment in agriculture, male (% of male employment) (modeled ILO estimate)",SL.AGR.EMPL.MA.ZS,49.5639722779009
Kenya,KEN,2003,"Employment in agriculture, male (% of male employment) (modeled ILO estimate)",SL.AGR.EMPL.MA.ZS,49.8484935058309
Kenya,KEN,2002,"Employment in agriculture, male (% of male employment) (modeled ILO estimate)",SL.AGR.EMPL.MA.ZS,49.8690916243654
Kenya,KEN,2001,"Employment in agriculture, male (% of male employment) (modeled ILO estimate)",SL.AGR.EMPL.MA.ZS,49.7345737701308
Kenya,KEN,2000,"Employment in agriculture, male (% of male employment) (modeled ILO estimate)",SL.AGR.EMPL.MA.ZS,49.9102242358926
Kenya,KEN,1999,"Employment in agriculture, male (% of male employment) (modeled ILO estimate)",SL.AGR.EMPL.MA.ZS,49.5967359632435
Kenya,KEN,1998,"Employment in agriculture, male (% of male employment) (modeled ILO estimate)",SL.AGR.EMPL.MA.ZS,49.6650608508674
Kenya,KEN,1997,"Employment in agriculture, male (% of male employment) (modeled ILO estimate)",SL.AGR.EMPL.MA.ZS,49.8580957406229
Kenya,KEN,1996,"Employment in agriculture, male (% of male employment) (modeled ILO estimate)",SL.AGR.EMPL.MA.ZS,49.8215705464691
Kenya,KEN,1995,"Employment in agriculture, male (% of male employment) (modeled ILO estimate)",SL.AGR.EMPL.MA.ZS,50.1525866673906
Kenya,KEN,1994,"Employment in agriculture, male (% of male employment) (modeled ILO estimate)",SL.AGR.EMPL.MA.ZS,50.3731431078844
Kenya,KEN,1993,"Employment in agriculture, male (% of male employment) (modeled ILO estimate)",SL.AGR.EMPL.MA.ZS,50.536034109225
Kenya,KEN,1992,"Employment in agriculture, male (% of male employment) (modeled ILO estimate)",SL.AGR.EMPL.MA.ZS,50.4202560206949
Kenya,KEN,1991,"Employment in agriculture, male (% of male employment) (modeled ILO estimate)",SL.AGR.EMPL.MA.ZS,50.2654116567124
Kenya,KEN,2025,Employment in agriculture (% of total employment) (modeled ILO estimate),SL.AGR.EMPL.ZS,45.7884267176803
Kenya,KEN,2024,Employment in agriculture (% of total employment) (modeled ILO estimate),SL.AGR.EMPL.ZS,46.5026257021267
Kenya,KEN,2023,Employment in agriculture (% of total employment) (modeled ILO estimate),SL.AGR.EMPL.ZS,47.1556460778454
Kenya,KEN,2022,Employment in agriculture (% of total employment) (modeled ILO estimate),SL.AGR.EMPL.ZS,47.8270916176174
Kenya,KEN,2021,Employment in agriculture (% of total employment) (modeled ILO estimate),SL.AGR.EMPL.ZS,51.2354676158147
Kenya,KEN,2020,Employment in agriculture (% of total employment) (modeled ILO estimate),SL.AGR.EMPL.ZS,51.2114910190421
Kenya,KEN,2019,Employment in agriculture (% of total employment) (modeled ILO estimate),SL.AGR.EMPL.ZS,49.7343373997981
Kenya,KEN,2018,Employment in agriculture (% of total employment) (modeled ILO estimate),SL.AGR.EMPL.ZS,50.3952893581909
Kenya,KEN,2017,Employment in agriculture (% of total employment) (modeled ILO estimate),SL.AGR.EMPL.ZS,51.2925547917114
Kenya,KEN,2016,Employment in agriculture (% of total employment) (modeled ILO estimate),SL.AGR.EMPL.ZS,51.8686819490656
Kenya,KEN,2015,Employment in agriculture (% of total employment) (modeled ILO estimate),SL.AGR.EMPL.ZS,52.5056917704688
Kenya,KEN,2014,Employment in agriculture (% of total employment) (modeled ILO estimate),SL.AGR.EMPL.ZS,53.1394976084014
Kenya,KEN,2013,Employment in agriculture (% of total employment) (modeled ILO estimate),SL.AGR.EMPL.ZS,53.8949569687129
Kenya,KEN,2012,Employment in agriculture (% of total employment) (modeled ILO estimate),SL.AGR.EMPL.ZS,54.4794911025406
Kenya,KEN,2011,Employment in agriculture (% of total employment) (modeled ILO estimate),SL.AGR.EMPL.ZS,55.1347071055523
Kenya,KEN,2010,Employment in agriculture (% of total employment) (modeled ILO estimate),SL.AGR.EMPL.ZS,55.6418954408442
Kenya,KEN,2009,Employment in agriculture (% of total employment) (modeled ILO estimate),SL.AGR.EMPL.ZS,56.3777817951041
Kenya,KEN,2008,Employment in agriculture (% of total employment) (modeled ILO estimate),SL.AGR.EMPL.ZS,56.5938741513426
Kenya,KEN,2007,Employment in agriculture (% of total employment) (modeled ILO estimate),SL.AGR.EMPL.ZS,56.6913178250642
Kenya,KEN,2006,Employment in agriculture (% of total employment) (modeled ILO estimate),SL.AGR.EMPL.ZS,57.4187025425707
Kenya,KEN,2005,Employment in agriculture (% of total employment) (modeled ILO estimate),SL.AGR.EMPL.ZS,58.112060585581
Kenya,KEN,2004,Employment in agriculture (% of total employment) (modeled ILO estimate),SL.AGR.EMPL.ZS,58.7525949327893
Kenya,KEN,2003,Employment in agriculture (% of total employment) (modeled ILO estimate),SL.AGR.EMPL.ZS,59.2917162608934
Kenya,KEN,2002,Employment in agriculture (% of total employment) (modeled ILO estimate),SL.AGR.EMPL.ZS,59.6533370603118
Kenya,KEN,2001,Employment in agriculture (% of total employment) (modeled ILO estimate),SL.AGR.EMPL.ZS,59.8806071008346
Kenya,KEN,2000,Employment in agriculture (% of total employment) (modeled ILO estimate),SL.AGR.EMPL.ZS,60.3829475943653
Kenya,KEN,1999,Employment in agriculture (% of total employment) (modeled ILO estimate),SL.AGR.EMPL.ZS,60.398770818959
Kenya,KEN,1998,Employment in agriculture (% of total employment) (modeled ILO estimate),SL.AGR.EMPL.ZS,60.5108428692924
Kenya,KEN,1997,Employment in agriculture (% of total employment) (modeled ILO estimate),SL.AGR.EMPL.ZS,60.7390547323274
Kenya,KEN,1996,Employment in agriculture (% of total employment) (modeled ILO estimate),SL.AGR.EMPL.ZS,60.7773944543691
Kenya,KEN,1995,Employment in agriculture (% of total employment) (modeled ILO estimate),SL.AGR.EMPL.ZS,61.0914126622584
Kenya,KEN,1994,Employment in agriculture (% of total employment) (modeled ILO estimate),SL.AGR.EMPL.ZS,61.3276541594862
Kenya,KEN,1993,Employment in agriculture (% of total employment) (modeled ILO estimate),SL.AGR.EMPL.ZS,61.4901469457677
Kenya,KEN,1992,Employment in agriculture (% of total employment) (modeled ILO estimate),SL.AGR.EMPL.ZS,61.4236759924137
Kenya,KEN,1991,Employment in agriculture (% of total employment) (modeled ILO estimate),SL.AGR.EMPL.ZS,61.2948718547656
Kenya,KEN,2025,Rural population,SP.RUR.TOTL,39000058
Kenya,KEN,2024,Rural population,SP.RUR.TOTL,38434343
Kenya,KEN,2023,Rural population,SP.RUR.TOTL,37833597
Kenya,KEN,2022,Rural population,SP.RUR.TOTL,37200488
Kenya,KEN,2021,Rural population,SP.RUR.TOTL,36567989
Kenya,KEN,2020,Rural population,SP.RUR.TOTL,35922210
Kenya,KEN,2019,Rural population,SP.RUR.TOTL,35232892
Kenya,KEN,2018,Rural population,SP.RUR.TOTL,34445086
Kenya,KEN,2017,Rural population,SP.RUR.TOTL,33681595
Kenya,KEN,2016,Rural population,SP.RUR.TOTL,32903355
Kenya,KEN,2015,Rural population,SP.RUR.TOTL,32145546
Kenya,KEN,2014,Rural population,SP.RUR.TOTL,31410235
Kenya,KEN,2013,Rural population,SP.RUR.TOTL,30666395
Kenya,KEN,2012,Rural population,SP.RUR.TOTL,29907327
Kenya,KEN,2011,Rural population,SP.RUR.TOTL,29132453
Kenya,KEN,2010,Rural population,SP.RUR.TOTL,28340551
Kenya,KEN,2009,Rural population,SP.RUR.TOTL,27534494
Kenya,KEN,2008,Rural population,SP.RUR.TOTL,26886528
Kenya,KEN,2007,Rural population,SP.RUR.TOTL,26467447
Kenya,KEN,2006,Rural population,SP.RUR.TOTL,26208091
Kenya,KEN,2005,Rural population,SP.RUR.TOTL,26035257
Kenya,KEN,2004,Rural population,SP.RUR.TOTL,25891116
Kenya,KEN,2003,Rural population,SP.RUR.TOTL,25722450
Kenya,KEN,2002,Rural population,SP.RUR.TOTL,25497370
Kenya,KEN,2001,Rural population,SP.RUR.TOTL,25155696
Kenya,KEN,2000,Rural population,SP.RUR.TOTL,24681198
Kenya,KEN,1999,Rural population,SP.RUR.TOTL,24075482
Kenya,KEN,1998,Rural population,SP.RUR.TOTL,23434029
Kenya,KEN,1997,Rural population,SP.RUR.TOTL,22830552
Kenya,KEN,1996,Rural population,SP.RUR.TOTL,22241480
Kenya,KEN,1995,Rural population,SP.RUR.TOTL,21658411
Kenya,KEN,1994,Rural population,SP.RUR.TOTL,21069698
Kenya,KEN,1993,Rural population,SP.RUR.TOTL,20483063
Kenya,KEN,1992,Rural population,SP.RUR.TOTL,19900878
Kenya,KEN,1991,Rural population,SP.RUR.TOTL,19319599
Kenya,KEN,1990,Rural population,SP.RUR.TOTL,18727037
Kenya,KEN,1989,Rural population,SP.RUR.TOTL,18122323
Kenya,KEN,1988,Rural population,SP.RUR.TOTL,17531493
Kenya,KEN,1987,Rural population,SP.RUR.TOTL,16961545
Kenya,KEN,1986,Rural population,SP.RUR.TOTL,16414831
Kenya,KEN,1985,Rural population,SP.RUR.TOTL,15881620
Kenya,KEN,1984,Rural population,SP.RUR.TOTL,15360054
Kenya,KEN,1983,Rural population,SP.RUR.TOTL,14854020
Kenya,KEN,1982,Rural population,SP.RUR.TOTL,14371429
Kenya,KEN,1981,Rural population,SP.RUR.TOTL,13918016
Kenya,KEN,1980,Rural population,SP.RUR.TOTL,13481898
Kenya,KEN,1979,Rural population,SP.RUR.TOTL,13066672
Kenya,KEN,1978,Rural population,SP.RUR.TOTL,12686850
Kenya,KEN,1977,Rural population,SP.RUR.TOTL,12337264
Kenya,KEN,1976,Rural population,SP.RUR.TOTL,12022698
Kenya,KEN,1975,Rural population,SP.RUR.TOTL,11730689
Kenya,KEN,1974,Rural population,SP.RUR.TOTL,11438682
Kenya,KEN,1973,Rural population,SP.RUR.TOTL,11144301
Kenya,KEN,1972,Rural population,SP.RUR.TOTL,10844110
Kenya,KEN,1971,Rural population,SP.RUR.TOTL,10539702
Kenya,KEN,1970,Rural population,SP.RUR.TOTL,10215549
Kenya,KEN,1969,Rural population,SP.RUR.TOTL,9864400
Kenya,KEN,1968,Rural population,SP.RUR.TOTL,9508354
Kenya,KEN,1967,Rural population,SP.RUR.TOTL,9158486
Kenya,KEN,1966,Rural population,SP.RUR.TOTL,8817725
Kenya,KEN,1965,Rural population,SP.RUR.TOTL,8486727
Kenya,KEN,1964,Rural population,SP.RUR.TOTL,8168402
Kenya,KEN,1963,Rural population,SP.RUR.TOTL,7867386
Kenya,KEN,1962,Rural population,SP.RUR.TOTL,7582739
Kenya,KEN,1961,Rural population,SP.RUR.TOTL,7313927
Kenya,KEN,1960,Rural population,SP.RUR.TOTL,7061712
Kenya,KEN,2025,Rural population growth (annual %),SP.RUR.TOTL.ZG,1.46117244477514
Kenya,KEN,2024,Rural population growth (annual %),SP.RUR.TOTL.ZG,1.57538914682176
Kenya,KEN,2023,Rural population growth (annual %),SP.RUR.TOTL.ZG,1.68756379194319
Kenya,KEN,2022,Rural population growth (annual %),SP.RUR.TOTL.ZG,1.71486392526798
Kenya,KEN,2021,Rural population growth (annual %),SP.RUR.TOTL.ZG,1.78174730660991
Kenya,KEN,2020,Rural population growth (annual %),SP.RUR.TOTL.ZG,1.93756890412465
Kenya,KEN,2019,Rural population growth (annual %),SP.RUR.TOTL.ZG,2.26137323366357
Kenya,KEN,2018,Rural population growth (annual %),SP.RUR.TOTL.ZG,2.2414800040985
Kenya,KEN,2017,Rural population growth (annual %),SP.RUR.TOTL.ZG,2.3376917478931
Kenya,KEN,2016,Rural population growth (annual %),SP.RUR.TOTL.ZG,2.3300725272355
Kenya,KEN,2015,Rural population growth (annual %),SP.RUR.TOTL.ZG,2.31401077673996
Kenya,KEN,2014,Rural population growth (annual %),SP.RUR.TOTL.ZG,2.39663655702556
Kenya,KEN,2013,Rural population growth (annual %),SP.RUR.TOTL.ZG,2.50639291020633
Kenya,KEN,2012,Rural population growth (annual %),SP.RUR.TOTL.ZG,2.62507243984556
Kenya,KEN,2011,Rural population growth (annual %),SP.RUR.TOTL.ZG,2.7559099587868
Kenya,KEN,2010,Rural population growth (annual %),SP.RUR.TOTL.ZG,2.88541306236455
Kenya,KEN,2009,Rural population growth (annual %),SP.RUR.TOTL.ZG,2.3814202621224
Kenya,KEN,2008,Rural population growth (annual %),SP.RUR.TOTL.ZG,1.57097805352329
Kenya,KEN,2007,Rural population growth (annual %),SP.RUR.TOTL.ZG,0.984738289069787
Kenya,KEN,2006,Rural population growth (annual %),SP.RUR.TOTL.ZG,0.661652199365214
Kenya,KEN,2005,Rural population growth (annual %),SP.RUR.TOTL.ZG,0.555175961264954
Kenya,KEN,2004,Rural population growth (annual %),SP.RUR.TOTL.ZG,0.653574683811319
Kenya,KEN,2003,Rural population growth (annual %),SP.RUR.TOTL.ZG,0.878884185197202
Kenya,KEN,2002,Rural population growth (annual %),SP.RUR.TOTL.ZG,1.34909575743735
Kenya,KEN,2001,Rural population growth (annual %),SP.RUR.TOTL.ZG,1.90426128279864
Kenya,KEN,2000,Rural population growth (annual %),SP.RUR.TOTL.ZG,2.48477609358978
Kenya,KEN,1999,Rural population growth (annual %),SP.RUR.TOTL.ZG,2.70047814888741
Kenya,KEN,1998,Rural population growth (annual %),SP.RUR.TOTL.ZG,2.60895578017095
Kenya,KEN,1997,Rural population growth (annual %),SP.RUR.TOTL.ZG,2.61406250307906
Kenya,KEN,1996,Rural population growth (annual %),SP.RUR.TOTL.ZG,2.65651360832061
Kenya,KEN,1995,Rural population growth (annual %),SP.RUR.TOTL.ZG,2.75579833093817
Kenya,KEN,1994,Rural population growth (annual %),SP.RUR.TOTL.ZG,2.82375450031277
Kenya,KEN,1993,Rural population growth (annual %),SP.RUR.TOTL.ZG,2.88344981749418
Kenya,KEN,1992,Rural population growth (annual %),SP.RUR.TOTL.ZG,2.96437784847888
Kenya,KEN,1991,Rural population growth (annual %),SP.RUR.TOTL.ZG,3.11517643420397
Kenya,KEN,1990,Rural population growth (annual %),SP.RUR.TOTL.ZG,3.28238152525435
Kenya,KEN,1989,Rural population growth (annual %),SP.RUR.TOTL.ZG,3.31456296913302
Kenya,KEN,1988,Rural population growth (annual %),SP.RUR.TOTL.ZG,3.30501406766564
Kenya,KEN,1987,Rural population growth (annual %),SP.RUR.TOTL.ZG,3.27634674737289
Kenya,KEN,1986,Rural population growth (annual %),SP.RUR.TOTL.ZG,3.30227897099373
Kenya,KEN,1985,Rural population growth (annual %),SP.RUR.TOTL.ZG,3.33922223908057
Kenya,KEN,1984,Rural population growth (annual %),SP.RUR.TOTL.ZG,3.34997076534784
Kenya,KEN,1983,Rural population growth (annual %),SP.RUR.TOTL.ZG,3.30283972534694
Kenya,KEN,1982,Rural population growth (annual %),SP.RUR.TOTL.ZG,3.20580224189427
Kenya,KEN,1981,Rural population growth (annual %),SP.RUR.TOTL.ZG,3.18362192529081
Kenya,KEN,1980,Rural population growth (annual %),SP.RUR.TOTL.ZG,3.12830304680586
Kenya,KEN,1979,Rural population growth (annual %),SP.RUR.TOTL.ZG,2.94988423289561
Kenya,KEN,1978,Rural population growth (annual %),SP.RUR.TOTL.ZG,2.79417480586341
Kenya,KEN,1977,Rural population growth (annual %),SP.RUR.TOTL.ZG,2.58279127494334
Kenya,KEN,1976,Rural population growth (annual %),SP.RUR.TOTL.ZG,2.45879639361866
Kenya,KEN,1975,Rural population growth (annual %),SP.RUR.TOTL.ZG,2.52076296939944
Kenya,KEN,1974,Rural population growth (annual %),SP.RUR.TOTL.ZG,2.60725233612934
Kenya,KEN,1973,Rural population growth (annual %),SP.RUR.TOTL.ZG,2.73061707196657
Kenya,KEN,1972,Rural population growth (annual %),SP.RUR.TOTL.ZG,2.84728059745866
Kenya,KEN,1971,Rural population growth (annual %),SP.RUR.TOTL.ZG,3.12382981499449
Kenya,KEN,1970,Rural population growth (annual %),SP.RUR.TOTL.ZG,3.4978654778535
Kenya,KEN,1969,Rural population growth (annual %),SP.RUR.TOTL.ZG,3.67615359306019
Kenya,KEN,1968,Rural population growth (annual %),SP.RUR.TOTL.ZG,3.74898994272925
Kenya,KEN,1967,Rural population growth (annual %),SP.RUR.TOTL.ZG,3.79169809429436
Kenya,KEN,1966,Rural population growth (annual %),SP.RUR.TOTL.ZG,3.82604866126528
Kenya,KEN,1965,Rural population growth (annual %),SP.RUR.TOTL.ZG,3.82301175210375
Kenya,KEN,1964,Rural population growth (annual %),SP.RUR.TOTL.ZG,3.7547436244754
Kenya,KEN,1963,Rural population growth (annual %),SP.RUR.TOTL.ZG,3.68513798298738
Kenya,KEN,1962,Rural population growth (annual %),SP.RUR.TOTL.ZG,3.60941412123499
Kenya,KEN,1961,Rural population growth (annual %),SP.RUR.TOTL.ZG,3.50928237924107
Kenya,KEN,2025,Rural population (% of total population),SP.RUR.TOTL.ZS,67.7878807128255
Kenya,KEN,2024,Rural population (% of total population),SP.RUR.TOTL.ZS,68.1062168278401
Kenya,KEN,2023,Rural population (% of total population),SP.RUR.TOTL.ZS,68.3669659183571
Kenya,KEN,2022,Rural population (% of total population),SP.RUR.TOTL.ZS,68.5692179933054
Kenya,KEN,2021,Rural population (% of total population),SP.RUR.TOTL.ZS,68.7120665978029
Kenya,KEN,2020,Rural population (% of total population),SP.RUR.TOTL.ZS,68.7936505367384
Kenya,KEN,2019,Rural population (% of total population),SP.RUR.TOTL.ZS,68.8104433578865
Kenya,KEN,2018,Rural population (% of total population),SP.RUR.TOTL.ZS,68.6059958360204
Kenya,KEN,2017,Rural population (% of total population),SP.RUR.TOTL.ZS,68.4616349152898
Kenya,KEN,2016,Rural population (% of total population),SP.RUR.TOTL.ZS,68.3497479894353
Kenya,KEN,2015,Rural population (% of total population),SP.RUR.TOTL.ZS,68.2661973960042
Kenya,KEN,2014,Rural population (% of total population),SP.RUR.TOTL.ZS,68.2068454725437
Kenya,KEN,2013,Rural population (% of total population),SP.RUR.TOTL.ZS,68.1675545566012
Kenya,KEN,2012,Rural population (% of total population),SP.RUR.TOTL.ZS,68.1441869857239
Kenya,KEN,2011,Rural population (% of total population),SP.RUR.TOTL.ZS,68.1326050974591
Kenya,KEN,2010,Rural population (% of total population),SP.RUR.TOTL.ZS,68.1286712293542
Kenya,KEN,2009,Rural population (% of total population),SP.RUR.TOTL.ZS,68.1396913292695
Kenya,KEN,2008,Rural population (% of total population),SP.RUR.TOTL.ZS,68.5769723740857
Kenya,KEN,2007,Rural population (% of total population),SP.RUR.TOTL.ZS,69.5846138803761
Kenya,KEN,2006,Rural population (% of total population),SP.RUR.TOTL.ZS,71.0169231448075
Kenya,KEN,2005,Rural population (% of total population),SP.RUR.TOTL.ZS,72.7313254374952
Kenya,KEN,2004,Rural population (% of total population),SP.RUR.TOTL.ZS,74.5852460285546
Kenya,KEN,2003,Rural population (% of total population),SP.RUR.TOTL.ZS,76.436110188101
Kenya,KEN,2002,Rural population (% of total population),SP.RUR.TOTL.ZS,78.1413431862499
Kenya,KEN,2001,Rural population (% of total population),SP.RUR.TOTL.ZS,79.5583702931167
Kenya,KEN,2000,Rural population (% of total population),SP.RUR.TOTL.ZS,80.5446167788166
Kenya,KEN,1999,Rural population (% of total population),SP.RUR.TOTL.ZS,80.9711476356692
Kenya,KEN,1998,Rural population (% of total population),SP.RUR.TOTL.ZS,81.1201302231024
Kenya,KEN,1997,Rural population (% of total population),SP.RUR.TOTL.ZS,81.2424047054029
Kenya,KEN,1996,Rural population (% of total population),SP.RUR.TOTL.ZS,81.3388979640705
Kenya,KEN,1995,Rural population (% of total population),SP.RUR.TOTL.ZS,81.4172395077623
Kenya,KEN,1994,Rural population (% of total population),SP.RUR.TOTL.ZS,81.4850588451353
Kenya,KEN,1993,Rural population (% of total population),SP.RUR.TOTL.ZS,81.5499854848464
Kenya,KEN,1992,Rural population (% of total population),SP.RUR.TOTL.ZS,81.6196489355525
Kenya,KEN,1991,Rural population (% of total population),SP.RUR.TOTL.ZS,81.7016787059107
Kenya,KEN,1990,Rural population (% of total population),SP.RUR.TOTL.ZS,81.8037043045779
Kenya,KEN,1989,Rural population (% of total population),SP.RUR.TOTL.ZS,81.9331217226004
Kenya,KEN,1988,Rural population (% of total population),SP.RUR.TOTL.ZS,82.0908078276007
Kenya,KEN,1987,Rural population (% of total population),SP.RUR.TOTL.ZS,82.2733128904183
Kenya,KEN,1986,Rural population (% of total population),SP.RUR.TOTL.ZS,82.4797665482189
Kenya,KEN,1985,Rural population (% of total population),SP.RUR.TOTL.ZS,82.7091572338194
Kenya,KEN,1984,Rural population (% of total population),SP.RUR.TOTL.ZS,82.9604733800361
Kenya,KEN,1983,Rural population (% of total population),SP.RUR.TOTL.ZS,83.2327034196858
Kenya,KEN,1982,Rural population (% of total population),SP.RUR.TOTL.ZS,83.5248357855849
Kenya,KEN,1981,Rural population (% of total population),SP.RUR.TOTL.ZS,83.83585891055
Kenya,KEN,1980,Rural population (% of total population),SP.RUR.TOTL.ZS,84.1647612273977
Kenya,KEN,1979,Rural population (% of total population),SP.RUR.TOTL.ZS,84.5155817534743
Kenya,KEN,1978,Rural population (% of total population),SP.RUR.TOTL.ZS,84.9520748692611
Kenya,KEN,1977,Rural population (% of total population),SP.RUR.TOTL.ZS,85.5043229256224
Kenya,KEN,1976,Rural population (% of total population),SP.RUR.TOTL.ZS,86.1371457994758
Kenya,KEN,1975,Rural population (% of total population),SP.RUR.TOTL.ZS,86.8189349079667
Kenya,KEN,1974,Rural population (% of total population),SP.RUR.TOTL.ZS,87.5180816682406
Kenya,KEN,1973,Rural population (% of total population),SP.RUR.TOTL.ZS,88.2029774974429
Kenya,KEN,1972,Rural population (% of total population),SP.RUR.TOTL.ZS,88.8420138127191
Kenya,KEN,1971,Rural population (% of total population),SP.RUR.TOTL.ZS,89.4035820312146
Kenya,KEN,1970,Rural population (% of total population),SP.RUR.TOTL.ZS,89.8560735700748
Kenya,KEN,1969,Rural population (% of total population),SP.RUR.TOTL.ZS,90.1707082817977
Kenya,KEN,1968,Rural population (% of total population),SP.RUR.TOTL.ZS,90.3937050478389
Kenya,KEN,1967,Rural population (% of total population),SP.RUR.TOTL.ZS,90.5789195420472
Kenya,KEN,1966,Rural population (% of total population),SP.RUR.TOTL.ZS,90.7377253251578
Kenya,KEN,1965,Rural population (% of total population),SP.RUR.TOTL.ZS,90.8830188512539
Kenya,KEN,1964,Rural population (% of total population),SP.RUR.TOTL.ZS,91.0276965744187
Kenya,KEN,1963,Rural population (% of total population),SP.RUR.TOTL.ZS,91.1846549487354
Kenya,KEN,1962,Rural population (% of total population),SP.RUR.TOTL.ZS,91.3659205040379
Kenya,KEN,1961,Rural population (% of total population),SP.RUR.TOTL.ZS,91.5640613318507
Kenya,KEN,1960,Rural population (% of total population),SP.RUR.TOTL.ZS,91.7664786933811
Kenya,KEN,2024,Agricultural raw materials imports (% of merchandise imports),TM.VAL.AGRI.ZS.UN,2.00839536647498
Kenya,KEN,2023,Agricultural raw materials imports (% of merchandise imports),TM.VAL.AGRI.ZS.UN,1.90917836030752
Kenya,KEN,2022,Agricultural raw materials imports (% of merchandise imports),TM.VAL.AGRI.ZS.UN,1.73210302563536
Kenya,KEN,2021,Agricultural raw materials imports (% of merchandise imports),TM.VAL.AGRI.ZS.UN,1.90620592948739
Kenya,KEN,2020,Agricultural raw materials imports (% of merchandise imports),TM.VAL.AGRI.ZS.UN,1.86324859476272
Kenya,KEN,2019,Agricultural raw materials imports (% of merchandise imports),TM.VAL.AGRI.ZS.UN,1.84765661935419
Kenya,KEN,2018,Agricultural raw materials imports (% of merchandise imports),TM.VAL.AGRI.ZS.UN,1.65922076142512
Kenya,KEN,2017,Agricultural raw materials imports (% of merchandise imports),TM.VAL.AGRI.ZS.UN,1.3210128579017
Kenya,KEN,2016,Agricultural raw materials imports (% of merchandise imports),TM.VAL.AGRI.ZS.UN,1.63802172891093
Kenya,KEN,2015,Agricultural raw materials imports (% of merchandise imports),TM.VAL.AGRI.ZS.UN,1.39038190829659
Kenya,KEN,2013,Agricultural raw materials imports (% of merchandise imports),TM.VAL.AGRI.ZS.UN,1.34717582019749
Kenya,KEN,2010,Agricultural raw materials imports (% of merchandise imports),TM.VAL.AGRI.ZS.UN,1.55345097781997
Kenya,KEN,2009,Agricultural raw materials imports (% of merchandise imports),TM.VAL.AGRI.ZS.UN,1.36515772585165
Kenya,KEN,2008,Agricultural raw materials imports (% of merchandise imports),TM.VAL.AGRI.ZS.UN,1.31631919181763
Kenya,KEN,2007,Agricultural raw materials imports (% of merchandise imports),TM.VAL.AGRI.ZS.UN,1.89767672016623
Kenya,KEN,2006,Agricultural raw materials imports (% of merchandise imports),TM.VAL.AGRI.ZS.UN,1.87835382766346
Kenya,KEN,2005,Agricultural raw materials imports (% of merchandise imports),TM.VAL.AGRI.ZS.UN,1.74827902312372
Kenya,KEN,2004,Agricultural raw materials imports (% of merchandise imports),TM.VAL.AGRI.ZS.UN,2.14000114995341
Kenya,KEN,2003,Agricultural raw materials imports (% of merchandise imports),TM.VAL.AGRI.ZS.UN,2.07194812040082
Kenya,KEN,2002,Agricultural raw materials imports (% of merchandise imports),TM.VAL.AGRI.ZS.UN,2.0379199634689
Kenya,KEN,2001,Agricultural raw materials imports (% of merchandise imports),TM.VAL.AGRI.ZS.UN,2.0832847004827
Kenya,KEN,2000,Agricultural raw materials imports (% of merchandise imports),TM.VAL.AGRI.ZS.UN,2.45192632456926
Kenya,KEN,1999,Agricultural raw materials imports (% of merchandise imports),TM.VAL.AGRI.ZS.UN,2.5939704850134
Kenya,KEN,1998,Agricultural raw materials imports (% of merchandise imports),TM.VAL.AGRI.ZS.UN,2.62922347242829
Kenya,KEN,1997,Agricultural raw materials imports (% of merchandise imports),TM.VAL.AGRI.ZS.UN,1.9800008924285
Kenya,KEN,1996,Agricultural raw materials imports (% of merchandise imports),TM.VAL.AGRI.ZS.UN,1.90927217122257
Kenya,KEN,1995,Agricultural raw materials imports (% of merchandise imports),TM.VAL.AGRI.ZS.UN,1.88302354671437
Kenya,KEN,1994,Agricultural raw materials imports (% of merchandise imports),TM.VAL.AGRI.ZS.UN,2.13977578512208
Kenya,KEN,1993,Agricultural raw materials imports (% of merchandise imports),TM.VAL.AGRI.ZS.UN,2.56782171245777
Kenya,KEN,1992,Agricultural raw materials imports (% of merchandise imports),TM.VAL.AGRI.ZS.UN,1.8542805171334
Kenya,KEN,1991,Agricultural raw materials imports (% of merchandise imports),TM.VAL.AGRI.ZS.UN,1.8168933574199
Kenya,KEN,1990,Agricultural raw materials imports (% of merchandise imports),TM.VAL.AGRI.ZS.UN,2.86502071852835
Kenya,KEN,1987,Agricultural raw materials imports (% of merchandise imports),TM.VAL.AGRI.ZS.UN,2.26144574960447
Kenya,KEN,1986,Agricultural raw materials imports (% of merchandise imports),TM.VAL.AGRI.ZS.UN,1.99982658823598
Kenya,KEN,1985,Agricultural raw materials imports (% of merchandise imports),TM.VAL.AGRI.ZS.UN,2.29985692937278
Kenya,KEN,1984,Agricultural raw materials imports (% of merchandise imports),TM.VAL.AGRI.ZS.UN,2.37770158034222
Kenya,KEN,1983,Agricultural raw materials imports (% of merchandise imports),TM.VAL.AGRI.ZS.UN,2.25807540398164
Kenya,KEN,1982,Agricultural raw materials imports (% of merchandise imports),TM.VAL.AGRI.ZS.UN,1.61562015153366
Kenya,KEN,1981,Agricultural raw materials imports (% of merchandise imports),TM.VAL.AGRI.ZS.UN,1.62840333854272
Kenya,KEN,1980,Agricultural raw materials imports (% of merchandise imports),TM.VAL.AGRI.ZS.UN,1.23751454091782
Kenya,KEN,1979,Agricultural raw materials imports (% of merchandise imports),TM.VAL.AGRI.ZS.UN,1.58914793986242
Kenya,KEN,1978,Agricultural raw materials imports (% of merchandise imports),TM.VAL.AGRI.ZS.UN,1.7507796153963
Kenya,KEN,1977,Agricultural raw materials imports (% of merchandise imports),TM.VAL.AGRI.ZS.UN,2.65596223603315
Kenya,KEN,1976,Agricultural raw materials imports (% of merchandise imports),TM.VAL.AGRI.ZS.UN,2.32275217187212
Kenya,KEN,2024,Agricultural raw materials exports (% of merchandise exports),TX.VAL.AGRI.ZS.UN,12.9437641682399
Kenya,KEN,2023,Agricultural raw materials exports (% of merchandise exports),TX.VAL.AGRI.ZS.UN,12.5710697931939
Kenya,KEN,2022,Agricultural raw materials exports (% of merchandise exports),TX.VAL.AGRI.ZS.UN,11.8660371916893
Kenya,KEN,2021,Agricultural raw materials exports (% of merchandise exports),TX.VAL.AGRI.ZS.UN,14.7598745177044
Kenya,KEN,2020,Agricultural raw materials exports (% of merchandise exports),TX.VAL.AGRI.ZS.UN,11.8211133524707
Kenya,KEN,2019,Agricultural raw materials exports (% of merchandise exports),TX.VAL.AGRI.ZS.UN,12.4877801838511
Kenya,KEN,2018,Agricultural raw materials exports (% of merchandise exports),TX.VAL.AGRI.ZS.UN,13.3078078950813
Kenya,KEN,2017,Agricultural raw materials exports (% of merchandise exports),TX.VAL.AGRI.ZS.UN,13.7811046565797
Kenya,KEN,2016,Agricultural raw materials exports (% of merchandise exports),TX.VAL.AGRI.ZS.UN,11.7379906746811
Kenya,KEN,2015,Agricultural raw materials exports (% of merchandise exports),TX.VAL.AGRI.ZS.UN,10.3502011484381
Kenya,KEN,2013,Agricultural raw materials exports (% of merchandise exports),TX.VAL.AGRI.ZS.UN,11.9809745102473
Kenya,KEN,2010,Agricultural raw materials exports (% of merchandise exports),TX.VAL.AGRI.ZS.UN,10.6947689077661
Kenya,KEN,2009,Agricultural raw materials exports (% of merchandise exports),TX.VAL.AGRI.ZS.UN,13.0963423927415
Kenya,KEN,2008,Agricultural raw materials exports (% of merchandise exports),TX.VAL.AGRI.ZS.UN,13.8812205009255
Kenya,KEN,2007,Agricultural raw materials exports (% of merchandise exports),TX.VAL.AGRI.ZS.UN,11.9198299152995
Kenya,KEN,2006,Agricultural raw materials exports (% of merchandise exports),TX.VAL.AGRI.ZS.UN,11.982478896263
Kenya,KEN,2005,Agricultural raw materials exports (% of merchandise exports),TX.VAL.AGRI.ZS.UN,9.99226666741733
Kenya,KEN,2004,Agricultural raw materials exports (% of merchandise exports),TX.VAL.AGRI.ZS.UN,15.837796865344
Kenya,KEN,2003,Agricultural raw materials exports (% of merchandise exports),TX.VAL.AGRI.ZS.UN,10.7904518449298
Kenya,KEN,2002,Agricultural raw materials exports (% of merchandise exports),TX.VAL.AGRI.ZS.UN,10.6975040081281
Kenya,KEN,2001,Agricultural raw materials exports (% of merchandise exports),TX.VAL.AGRI.ZS.UN,12.8747653970057
Kenya,KEN,2000,Agricultural raw materials exports (% of merchandise exports),TX.VAL.AGRI.ZS.UN,8.59701585605988
Kenya,KEN,1999,Agricultural raw materials exports (% of merchandise exports),TX.VAL.AGRI.ZS.UN,7.76491971681999
Kenya,KEN,1998,Agricultural raw materials exports (% of merchandise exports),TX.VAL.AGRI.ZS.UN,6.5277752513589
Kenya,KEN,1997,Agricultural raw materials exports (% of merchandise exports),TX.VAL.AGRI.ZS.UN,6.80423405869896
Kenya,KEN,1996,Agricultural raw materials exports (% of merchandise exports),TX.VAL.AGRI.ZS.UN,7.08846494202942
Kenya,KEN,1995,Agricultural raw materials exports (% of merchandise exports),TX.VAL.AGRI.ZS.UN,7.37256766393674
Kenya,KEN,1994,Agricultural raw materials exports (% of merchandise exports),TX.VAL.AGRI.ZS.UN,7.93129517363678
Kenya,KEN,1993,Agricultural raw materials exports (% of merchandise exports),TX.VAL.AGRI.ZS.UN,5.98074773764857
Kenya,KEN,1992,Agricultural raw materials exports (% of merchandise exports),TX.VAL.AGRI.ZS.UN,5.50834356261769
Kenya,KEN,1991,Agricultural raw materials exports (% of merchandise exports),TX.VAL.AGRI.ZS.UN,5.59026483607178
Kenya,KEN,1990,Agricultural raw materials exports (% of merchandise exports),TX.VAL.AGRI.ZS.UN,5.58772283457065
Kenya,KEN,1987,Agricultural raw materials exports (% of merchandise exports),TX.VAL.AGRI.ZS.UN,7.94047303511751
Kenya,KEN,1986,Agricultural raw materials exports (% of merchandise exports),TX.VAL.AGRI.ZS.UN,5.68182462652517
Kenya,KEN,1985,Agricultural raw materials exports (% of merchandise exports),TX.VAL.AGRI.ZS.UN,6.29766822606743
Kenya,KEN,1984,Agricultural raw materials exports (% of merchandise exports),TX.VAL.AGRI.ZS.UN,5.79407703032615
Kenya,KEN,1983,Agricultural raw materials exports (% of merchandise exports),TX.VAL.AGRI.ZS.UN,6.321373068601
Kenya,KEN,1982,Agricultural raw materials exports (% of merchandise exports),TX.VAL.AGRI.ZS.UN,6.7347726274583
Kenya,KEN,1981,Agricultural raw materials exports (% of merchandise exports),TX.VAL.AGRI.ZS.UN,6.70601523995529
Kenya,KEN,1980,Agricultural raw materials exports (% of merchandise exports),TX.VAL.AGRI.ZS.UN,8.0670572193047
Kenya,KEN,1979,Agricultural raw materials exports (% of merchandise exports),TX.VAL.AGRI.ZS.UN,8.83191434259259
Kenya,KEN,1978,Agricultural raw materials exports (% of merchandise exports),TX.VAL.AGRI.ZS.UN,7.64579782576273
Kenya,KEN,1977,Agricultural raw materials exports (% of merchandise exports),TX.VAL.AGRI.ZS.UN,5.62656142156951
Kenya,KEN,1976,Agricultural raw materials exports (% of merchandise exports),TX.VAL.AGRI.ZS.UN,9.12229567879556
Kenya,KEN,2012,Economically active population in agriculture (number),EN.AGR.EMPL,13770000
Kenya,KEN,2011,Economically active population in agriculture (number),EN.AGR.EMPL,13487000
Kenya,KEN,2010,Economically active population in agriculture (number),EN.AGR.EMPL,13220000
Kenya,KEN,2009,Economically active population in agriculture (number),EN.AGR.EMPL,12971000
Kenya,KEN,2008,Economically active population in agriculture (number),EN.AGR.EMPL,12737000
Kenya,KEN,2007,Economically active population in agriculture (number),EN.AGR.EMPL,12513000
Kenya,KEN,2006,Economically active population in agriculture (number),EN.AGR.EMPL,12302000
Kenya,KEN,2005,Economically active population in agriculture (number),EN.AGR.EMPL,12053000
Kenya,KEN,2004,Economically active population in agriculture (number),EN.AGR.EMPL,11797000
Kenya,KEN,2003,Economically active population in agriculture (number),EN.AGR.EMPL,11537000
Kenya,KEN,2002,Economically active population in agriculture (number),EN.AGR.EMPL,11275000
Kenya,KEN,2001,Economically active population in agriculture (number),EN.AGR.EMPL,11014000
Kenya,KEN,2000,Economically active population in agriculture (number),EN.AGR.EMPL,10757000
Kenya,KEN,1999,Economically active population in agriculture (number),EN.AGR.EMPL,10505000
Kenya,KEN,1998,Economically active population in agriculture (number),EN.AGR.EMPL,10236000
Kenya,KEN,1997,Economically active population in agriculture (number),EN.AGR.EMPL,9966000
Kenya,KEN,1996,Economically active population in agriculture (number),EN.AGR.EMPL,9686000
Kenya,KEN,1995,Economically active population in agriculture (number),EN.AGR.EMPL,9395000
Kenya,KEN,1994,Economically active population in agriculture (number),EN.AGR.EMPL,9089000
Kenya,KEN,1993,Economically active population in agriculture (number),EN.AGR.EMPL,8772000
Kenya,KEN,1992,Economically active population in agriculture (number),EN.AGR.EMPL,8452000
Kenya,KEN,1991,Economically active population in agriculture (number),EN.AGR.EMPL,8141000
Kenya,KEN,1990,Economically active population in agriculture (number),EN.AGR.EMPL,7846000
Kenya,KEN,1989,Economically active population in agriculture (number),EN.AGR.EMPL,7561000
Kenya,KEN,1988,Economically active population in agriculture (number),EN.AGR.EMPL,7297000
Kenya,KEN,1987,Economically active population in agriculture (number),EN.AGR.EMPL,7046000
Kenya,KEN,1986,Economically active population in agriculture (number),EN.AGR.EMPL,6804000
Kenya,KEN,1985,Economically active population in agriculture (number),EN.AGR.EMPL,6570000
Kenya,KEN,1984,Economically active population in agriculture (number),EN.AGR.EMPL,6344000
Kenya,KEN,1983,Economically active population in agriculture (number),EN.AGR.EMPL,6127000
Kenya,KEN,1982,Economically active population in agriculture (number),EN.AGR.EMPL,5918000
Kenya,KEN,1981,Economically active population in agriculture (number),EN.AGR.EMPL,5717000
Kenya,KEN,1980,Economically active population in agriculture (number),EN.AGR.EMPL,5523000
