county,year,season,rainfall_mm,rainfall_anomaly,mean_temp_c,ndvi_mean,ndvi_anomaly,yield_t_ha
Baringo,2009,short_rains,40.448685981333256,,22.588784269238065,,,4.315646408839779
Baringo,2010,long_rains,812.632226601243,,21.27379676440852,,,4.555320879120879
Baringo,2010,short_rains,135.90048382617533,,22.814180374361904,,,4.555320879120879
Baringo,2011,long_rains,674.0681614223868,,22.074059656218427,,,4.5769159340659336
Baringo,2011,short_rains,322.9935855185613,,21.392628096048426,,,4.5769159340659336
Baringo,2012,long_rains,921.2972423988394,,21.174423660262914,,,4.591999456521739
Baringo,2012,short_rains,286.617570258677,,21.68461902060883,,,4.591999456521739
Baringo,2013,long_rains,895.9098520465195,,21.1588959807887,,,4.71453152173913
Baringo,2013,short_rains,241.44144802261144,,22.106443562110062,,,4.71453152173913
Baringo,2014,long_rains,500.6535543743521,,21.891969160768475,,,
Baringo,2014,short_rains,211.40442148130387,,22.295161656267748,,,
Baringo,2015,long_rains,479.9338125111535,,22.270832280080914,,,
Baringo,2015,short_rains,294.78636515606195,,22.541072981660072,,,
Baringo,2016,long_rains,674.9760406073183,,22.061943250758365,,,
Baringo,2016,short_rains,138.77631328441203,,23.29131026659106,,,
Baringo,2017,long_rains,637.3289554705843,-0.8326637441373143,22.74705194641054,0.3296375221029157,-0.5446127926561374,
Baringo,2017,short_rains,244.51928839366883,0.2657954366579453,22.31043770088866,0.4773604728706328,0.6055082254021457,
Baringo,2018,long_rains,1135.2928181439638,1.591624174650816,20.643621081900932,0.5717213544202084,1.736939381467855,
Baringo,2018,short_rains,172.91553577408195,-0.5750712827844874,23.074332577046725,0.4765226340055733,0.654079201904099,
Baringo,2019,long_rains,645.2607639543712,-0.8626668956557927,22.684266936299313,0.2784176699779101,-1.0846273568506046,
Baringo,2019,short_rains,421.28294277144596,1.4282689355870473,21.37996029495181,0.47735805875809684,0.533384390925046,
Baringo,2020,long_rains,1118.8382060192525,0.6826698253449542,21.19844413549042,0.4900890096533785,1.098647809394871,
Baringo,2020,short_rains,258.5527820093557,0.13342558136527807,21.821737568538502,0.49131068869157984,0.8558163134899616,
Baringo,2021,long_rains,570.2211342956871,-0.28564692129621044,22.0801832659252,0.3684692900275319,-0.14342158018592707,
Baringo,2021,short_rains,137.97939695511013,-0.9538421879463926,22.995113442994917,0.35881319099224535,-0.925400029767522,
Baringo,2022,long_rains,530.0339968376793,-0.6237505063309176,22.32584618301317,0.3185179204936875,-0.6522485188076718,
Baringo,2022,short_rains,194.12780205812305,-0.2717544032660374,23.299728682170567,0.30462674297931225,-1.597884533022414,
Baringo,2023,long_rains,582.4371958188713,-0.08221041245581574,22.931668983822068,0.34973486406648363,-0.34698013623724683,
Baringo,2023,short_rains,269.52551056072116,-0.016553281996523377,23.284688031764066,0.4039473302803251,-0.4132581386184471,
Baringo,2024,long_rains,838.5159792676568,0.41264447988028063,22.364371208291228,0.43347783904449294,0.5152829876974804,
Baringo,2024,short_rains,210.15582134667784,-0.010268797616829972,23.106749241658264,0.44742871666407386,0.28775456968713065,
Bomet,2009,short_rains,96.94876717031002,,17.698805503439672,,,4.315646408839779
Bomet,2010,long_rains,1022.7478450387716,,17.389882943143835,,,4.555320879120879
Bomet,2010,short_rains,384.5290862172842,,17.59420888055037,,,4.555320879120879
Bomet,2011,long_rains,844.9818453416228,,17.46934155518397,,,4.5769159340659336
Bomet,2011,short_rains,496.605306815356,,17.42055659787369,,,4.5769159340659336
Bomet,2012,long_rains,1086.632115982473,,16.937370401337816,,,4.591999456521739
Bomet,2012,short_rains,538.2391226701438,,17.368289555972503,,,4.591999456521739
Bomet,2013,long_rains,1013.4216080456972,,16.99849916387962,,,4.71453152173913
Bomet,2013,short_rains,408.9386722110212,,17.497104440275198,,,4.71453152173913
Bomet,2014,long_rains,823.5042827613652,,17.38060409698999,,,
Bomet,2014,short_rains,311.28876911848783,,17.841075672295208,,,
Bomet,2015,long_rains,998.9897927120328,,17.691149665551862,,,
Bomet,2015,short_rains,601.5480139479041,,17.700400250156374,,,
Bomet,2016,long_rains,960.7440033257008,,17.756446488294337,,,
Bomet,2016,short_rains,303.0094832740724,,18.474618511569755,,,
Bomet,2017,long_rains,914.4679741337895,-0.9197078076100417,18.397405936454874,0.7162001759840037,0.8165338655440953,
Bomet,2017,short_rains,411.20865908265114,-0.5088295048441251,18.051635397123224,0.6801352985951293,0.32956442767885946,
Bomet,2018,long_rains,1330.3887554854155,1.455926824378342,16.677464464882966,0.7677554490833874,1.2849459129157208,
Bomet,2018,short_rains,416.821475120727,-0.4757149981756623,18.294149468417785,0.5581907813040773,-0.8103790849171079,
Bomet,2019,long_rains,921.7386914417148,-0.7969969651683376,18.342150919732465,0.6394419138109687,-0.35295482489985014,
Bomet,2019,short_rains,934.4812326133251,1.0428027490212908,17.327636022514092,0.7006623081215942,0.921017521290107,
Bomet,2020,long_rains,1215.4793666154146,0.4821067467373503,17.14151128762544,0.7007149991768101,0.558729039690914,
Bomet,2020,short_rains,743.1125003248453,0.9883487454976553,17.49887742338964,0.6831053569113944,0.9695033966191033,
Bomet,2021,long_rains,1040.2840323075652,0.017883151879985303,17.063959030100357,0.6766499578949086,0.10139355004049679,
Bomet,2021,short_rains,374.7105406820774,-1.1669028716082783,18.091150719199522,0.657989958069816,0.07231351440275875,
Bomet,2022,long_rains,996.9393981704488,-0.10988298437038546,17.414251672240827,0.6435314683272618,-0.498867545286423,
Bomet,2022,short_rains,611.6518317162991,0.13206468649553083,17.924971857410906,0.5677414989785499,-1.4024918906541197,
Bomet,2023,long_rains,1028.2336194738746,0.007717900434297764,17.570493311036813,0.5694664593281868,-1.3031130049087694,
Bomet,2023,short_rains,827.0329020917416,0.23117490001036986,17.921841776110092,0.6236542166364696,-0.3044959698883946,
Bomet,2024,long_rains,951.0276008620858,-0.13704686628121077,17.717658862876277,0.6572139309584518,-0.178351688790945,
Bomet,2024,short_rains,462.879480432719,-0.242943706396781,17.695209030100358,0.6590492913704614,0.2249680854687983,
Bungoma,2009,short_rains,49.86666590720415,,18.72663414634149,,,4.315646408839779
Bungoma,2010,long_rains,1148.5264512598515,,17.870082608695675,,,4.555320879120879
Bungoma,2010,short_rains,427.58766243234277,,18.675424390243926,,,4.555320879120879
Bungoma,2011,long_rains,1237.8537316732109,,17.958554347826112,,,4.5769159340659336
Bungoma,2011,short_rains,525.9931700713933,,18.34637723577238,,,4.5769159340659336
Bungoma,2012,long_rains,1186.8255943655968,,17.544371739130458,,,4.591999456521739
Bungoma,2012,short_rains,630.1098643429577,,18.3195642276423,,,4.591999456521739
Bungoma,2013,long_rains,1163.2004792280495,,17.720060869565238,,,4.71453152173913
Bungoma,2013,short_rains,427.30500540696084,,18.43606504065043,,,4.71453152173913
Bungoma,2014,long_rains,1121.2594799995422,,18.08080434782611,,,
Bungoma,2014,short_rains,457.07427851110697,,18.716721951219537,,,
Bungoma,2015,long_rains,1003.4074930492789,,18.341021739130458,,,
Bungoma,2015,short_rains,660.6837584916502,,18.579047154471567,,,
Bungoma,2016,long_rains,1039.971839953214,,18.534573913043502,,,
Bungoma,2016,short_rains,271.20526247657835,,19.6439479674797,,,
Bungoma,2017,long_rains,1094.3566497676075,-0.30643602628025507,18.64665434782611,0.577811012194545,0.8343591788885506,
Bungoma,2017,short_rains,370.6082194391638,-0.31643584347203313,18.9321398373984,0.5814752209184963,0.4895255177746998,
Bungoma,2018,long_rains,1386.8738937452435,1.5034780673015613,17.233650000000022,0.6128878592600416,1.2053266137237042,
Bungoma,2018,short_rains,300.9468791037798,-0.671350172999222,19.20406829268295,0.5535003434227961,-0.02826162529617617,
Bungoma,2019,long_rains,1027.1883179098368,-0.8721255662607853,18.676923913043503,0.4571593826503862,-1.1268709587132595,
Bungoma,2019,short_rains,818.0508262850344,1.5086276150220221,18.033073170731733,0.5896798950363481,0.6723794805619138,
Bungoma,2020,long_rains,1538.0719912275672,0.558832473703366,17.75766086956524,0.5679089065748398,0.5943397701764449,
Bungoma,2020,short_rains,620.1146475970745,0.6647942371296542,18.290000000000024,0.5826490053770595,0.4097704582317365,
Bungoma,2021,long_rains,1080.3950653634965,0.16545257854266152,18.113478260869588,0.5258353246865891,-0.04845659859683337,
Bungoma,2021,short_rains,309.68966994434595,-0.8488909852096045,19.089726829268315,0.5789130017946212,0.11518138691468038,
Bungoma,2022,long_rains,1071.166630288586,-0.6026073586864145,18.022647826086978,0.4685538935421352,-0.9432635578786951,
Bungoma,2022,short_rains,390.9706070162356,-0.237708580036044,18.657694308943114,0.46427563999030874,-1.6807301193372828,
Bungoma,2023,long_rains,1120.8064679056406,-0.19647157002131588,18.45992826086959,0.48217699041763923,-0.7669417267525459,
Bungoma,2023,short_rains,513.6618863027543,-0.1892305311862907,18.872039024390265,0.5250321223292983,-0.4937072063890186,
Bungoma,2024,long_rains,1055.3374172896147,-0.25012259829881844,18.67018043478263,0.5704126743479075,0.6532828170605326,
Bungoma,2024,short_rains,455.3259912423473,0.09019426075151783,18.725343478260893,0.5889750034391419,0.5158421075394563,
Busia,2009,short_rains,64.13348942250013,,21.70151567944253,,,4.315646408839779
Busia,2010,long_rains,1017.265055526048,,21.565803571428596,,,4.555320879120879
Busia,2010,short_rains,403.4212790876627,,21.73261324041814,,,4.555320879120879
Busia,2011,long_rains,1002.9840441122651,,21.426199534161515,,,4.5769159340659336
Busia,2011,short_rains,571.5893124863505,,21.558943089430915,,,4.5769159340659336
Busia,2012,long_rains,978.7686047255993,,21.172488354037288,,,4.591999456521739
Busia,2012,short_rains,720.674579102546,,21.66399535423928,,,4.591999456521739
Busia,2013,long_rains,974.2646250016987,,21.3599689440994,,,4.71453152173913
Busia,2013,short_rains,420.4304000660777,,21.853391405342645,,,4.71453152173913
Busia,2014,long_rains,1015.9750272296369,,21.617826086956544,,,
Busia,2014,short_rains,485.2296688333154,,22.18858885017424,,,
Busia,2015,long_rains,1016.1951665766537,,21.871327639751577,,,
Busia,2015,short_rains,835.0675781816244,,21.749082462253217,,,
Busia,2016,long_rains,959.4401085209101,,22.041902173913066,,,
Busia,2016,short_rains,291.46634563058615,,22.925197444831614,,,
Busia,2017,long_rains,1032.7931973934174,0.021516597721411568,22.066281055900646,0.4927685428966164,0.20809205300499167,
Busia,2017,short_rains,379.4192588850856,-0.65575562633216,22.28853658536588,0.5344719498394433,0.3899016233900368,
Busia,2018,long_rains,1137.3894138373435,0.6851770313365741,21.006579968944123,0.5487741163652905,1.0292908098563214,
Busia,2018,short_rains,454.74618543311954,-0.2788459038254097,22.208002322880393,0.5246075364308826,-0.02962405459280837,
Busia,2019,long_rains,976.8167358189821,-0.6189405462992961,21.99456133540375,0.42920559761382354,-1.2837824833391585,
Busia,2019,short_rains,1023.5832319632173,1.343078912783972,21.419622531939627,0.509813348327224,0.3485926594737888,
Busia,2020,long_rains,1334.4900014922023,0.37583932857207336,21.393610248447228,0.5143984780282828,0.48954479439623927,
Busia,2020,short_rains,862.4675972536206,0.6652144895093665,21.478844367015125,0.5116063978627623,-0.10232932222979653,
Busia,2021,long_rains,1052.2364632636309,0.40558953695839145,21.42728649068325,0.49683549894508755,0.34456207990690607,
Busia,2021,short_rains,369.42946611344814,-0.9493120720488369,22.240749128919884,0.5366872865423046,0.48412295956160234,
Busia,2022,long_rains,942.9194112122059,-0.7148608160304635,21.394666149068346,0.4973195822820782,0.25267805838903645,
Busia,2022,short_rains,454.3687384426594,-0.3278057802030548,21.495888501742186,0.35125761336553046,-1.9014725847570626,
Busia,2023,long_rains,1123.4287447817624,0.15947163237569484,21.719580745341638,0.44447357085066086,-0.44987869107650763,
Busia,2023,short_rains,743.8127740100026,0.18316419975763565,21.963763066202116,0.5154521241777866,0.41743800847777446,
Busia,2024,long_rains,967.6084412038326,-0.31379276463438593,22.157119565217414,0.4792061895085939,-0.24740968451905918,
Busia,2024,short_rains,573.919633647427,0.02026178035848734,21.827538819875798,0.5469588328738477,0.4996935789701274,
Elgeyo-Marakwet,2009,short_rains,51.53403854370117,,18.550870219813334,,,4.315646408839779
Elgeyo-Marakwet,2010,long_rains,1096.4832425154746,,17.71645933977458,,,4.555320879120879
Elgeyo-Marakwet,2010,short_rains,256.1411443464458,,18.682231255645913,,,4.555320879120879
Elgeyo-Marakwet,2011,long_rains,921.331132851541,,18.110491143317255,,,4.5769159340659336
Elgeyo-Marakwet,2011,short_rains,562.8182962816209,,17.926723878349918,,,4.5769159340659336
Elgeyo-Marakwet,2012,long_rains,1196.085861992091,,17.50543880837361,,,4.591999456521739
Elgeyo-Marakwet,2012,short_rains,464.0049684792757,,18.122968985245432,,,4.591999456521739
Elgeyo-Marakwet,2013,long_rains,1133.9138163924217,,17.546578099838992,,,4.71453152173913
Elgeyo-Marakwet,2013,short_rains,377.4851321801543,,18.18158386028307,,,4.71453152173913
Elgeyo-Marakwet,2014,long_rains,696.5223704054952,,17.920585748792295,,,
Elgeyo-Marakwet,2014,short_rains,361.39833994582295,,18.329951821740462,,,
Elgeyo-Marakwet,2015,long_rains,696.7697375118732,,18.28934782608698,,,
Elgeyo-Marakwet,2015,short_rains,437.44762812554836,,18.64016260162604,,,
Elgeyo-Marakwet,2016,long_rains,935.6301007606089,,18.21610507246379,,,
Elgeyo-Marakwet,2016,short_rains,221.75695106200874,,18.889632640770873,,,
Elgeyo-Marakwet,2017,long_rains,902.6968027055264,-0.7520199505569661,18.7134661835749,0.5091830386549697,-0.03186224551223793,
Elgeyo-Marakwet,2017,short_rains,391.21740104444325,0.16036492178490877,18.41827461607952,0.6370618549876353,0.9011632010571557,
Elgeyo-Marakwet,2018,long_rains,1458.8882951959968,1.4797965509032727,16.93283816425123,0.6610558700092324,1.4849190230228815,
Elgeyo-Marakwet,2018,short_rains,237.6083704084158,-0.6391929945677864,19.096196928635976,0.5644917659985986,-0.1369688908738608,
Elgeyo-Marakwet,2019,long_rains,861.7292273640633,-0.892092313121795,18.894861111111137,0.4464736014630309,-0.8821439526035006,
Elgeyo-Marakwet,2019,short_rains,656.6133502535522,1.4934834365870255,17.817229750075303,0.6108066047490944,0.4892688715387734,
Elgeyo-Marakwet,2020,long_rains,1503.7777174627408,0.7086323418909047,17.779645732689232,0.6121642430144454,0.9757888503181662,
Elgeyo-Marakwet,2020,short_rains,439.16852636262774,0.23678296401345955,18.413691659138838,0.6398350941230063,0.9927302381976514,
Elgeyo-Marakwet,2021,long_rains,796.7073145695031,-0.22776964787014983,18.144150563607106,0.5199123418368059,0.044206603078945104,
Elgeyo-Marakwet,2021,short_rains,253.51844238862395,-0.8506024188777644,18.882225233363467,0.5674185612846814,-0.10908052751709978,
Elgeyo-Marakwet,2022,long_rains,778.4914097139554,-0.6922890082442743,18.358387681159446,0.457113742362087,-0.6494208906218809,
Elgeyo-Marakwet,2022,short_rains,322.56301882863045,-0.13466758104544832,18.8217615176152,0.4345919388278421,-1.9313872554580829,
Elgeyo-Marakwet,2023,long_rains,821.1831187941134,-0.057585829691540434,18.467646940418703,0.4351832649893648,-1.0075952419843572,
Elgeyo-Marakwet,2023,short_rains,388.045823328197,-0.16669496583883772,18.947329117735645,0.549462700382059,-0.3028054278648219,
Elgeyo-Marakwet,2024,long_rains,1134.7327701970935,0.4333278566905485,18.361996779388107,0.5709274980374094,0.5610808619762735,
Elgeyo-Marakwet,2024,short_rains,331.38681326410733,-0.09947336205555694,18.83060386473432,0.577587785622499,0.0970797909202822,
Embu,2009,short_rains,28.990953147411346,,21.7217775314117,,,4.315646408839779
Embu,2010,long_rains,578.6240366101265,,21.2944046442688,,,4.555320879120879
Embu,2010,short_rains,345.29224264994264,,21.92258684405028,,,4.555320879120879
Embu,2011,long_rains,407.5830480195582,,21.79438735177868,,,4.5769159340659336
Embu,2011,short_rains,607.8978771418333,,21.738913525498912,,,4.5769159340659336
Embu,2012,long_rains,583.1145243076608,,21.648698122529666,,,4.591999456521739
Embu,2012,short_rains,536.7010507844388,,21.446980783444218,,,4.591999456521739
Embu,2013,long_rains,559.7406948283315,,20.925607707509904,,,4.71453152173913
Embu,2013,short_rains,294.09177749603987,,21.714120473022934,,,4.71453152173913
Embu,2014,long_rains,459.67297436110675,,21.508675889328085,,,
Embu,2014,short_rains,376.1695782504976,,22.150946045824117,,,
Embu,2015,long_rains,569.9171116277575,,21.62342638339923,,,
Embu,2015,short_rains,625.9560046643019,,21.96039541759056,,,
Embu,2016,long_rains,472.98928540199995,,21.533772233201603,,,
Embu,2016,short_rains,377.74752020835876,,22.060535846267577,,,
Embu,2017,long_rains,323.1942489147186,-0.8670009632292661,21.97813735177868,0.2014266163027486,-1.97137846489475,
Embu,2017,short_rains,423.1940490528941,-0.2841139552233398,22.186762749445702,0.4343388728308938,0.1859479752176902,
Embu,2018,long_rains,1030.989842131734,1.4385296007347368,20.737099802371564,0.4359816310779433,-0.9338410358190856,
Embu,2018,short_rains,444.52804389223456,-0.14649684364116985,21.866807095343702,0.4877532055743738,-1.4203974530155603,
Embu,2019,long_rains,378.430790707469,-0.69152152930298,22.25138586956524,0.3616363923839563,-0.9620909524333575,
Embu,2019,short_rains,1142.8140744268894,1.813568463916475,21.32789726533631,0.47426390654155187,0.4166870557793947,
Embu,2020,long_rains,856.7267755176872,0.7177420721694528,21.562257905138363,0.4915412295669542,0.8486122824101247,
Embu,2020,short_rains,383.40368159115314,-0.4193116605268228,21.92745750184777,0.4822221463955758,0.8901520487217667,
Embu,2021,long_rains,519.1859016977251,-0.09232863016600808,21.4879174901186,0.44946501099419217,0.26016283436052423,
Embu,2021,short_rains,249.05620325356722,-0.8555253000204264,22.146444937176668,0.4249715404944814,-0.026180530288760568,
Embu,2022,long_rains,354.62924237549305,-0.9242346831709489,21.648194169960497,0.44395773397407284,0.2221113045768249,
Embu,2022,short_rains,379.96835358813405,-0.41063894329810724,21.86300073909832,0.3614380120242268,-0.9346409694350455,
Embu,2023,long_rains,584.134201804176,-0.21721119823782975,21.844686264822155,0.39788978156894644,-0.426542882143587,
Embu,2023,short_rains,729.2485452741385,0.5230757386202259,22.314390243902462,0.4702115398095377,-0.3285651668495287,
Embu,2024,long_rains,826.0289074704051,0.636025331202843,22.045669466403186,0.5078368387853437,1.026153913467416,
Embu,2024,short_rains,418.6005784571171,-0.22055749982683512,22.540716403162076,0.43105379950561523,0.3320480629322357,
Garissa,2009,short_rains,1.839037201250903,,28.144188599513132,,,4.315646408839779
Garissa,2010,long_rains,361.9523473633453,,27.449419522230425,,,4.555320879120879
Garissa,2010,short_rains,132.91281798132695,,28.47337490239311,,,4.555320879120879
Garissa,2011,long_rains,159.64410162644344,,28.006874385900282,,,4.5769159340659336
Garissa,2011,short_rains,378.91583459393587,,27.571844885398022,,,4.5769159340659336
Garissa,2012,long_rains,132.42984642955707,,27.89550171947926,,,4.591999456521739
Garissa,2012,short_rains,238.63729411177337,,28.44905929906758,,,4.591999456521739
Garissa,2013,long_rains,296.2551508823526,,27.15678442028987,,,4.71453152173913
Garissa,2013,short_rains,156.37107073585503,,28.21160557622527,,,4.71453152173913
Garissa,2014,long_rains,298.17608963605016,,27.564212877671352,,,
Garissa,2014,short_rains,205.9147394867614,,28.643688392816145,,,
Garissa,2015,long_rains,292.7262396390288,,27.7380004912798,,,
Garissa,2015,short_rains,302.8371058795601,,28.38477286298288,,,
Garissa,2016,long_rains,185.52931976423133,,28.000615942029004,,,
Garissa,2016,short_rains,203.13505751919,,28.229316062652167,,,
Garissa,2017,long_rains,231.94899172335863,-0.1138451814740186,27.89691906165563,0.1810834249834312,-0.7185647850522913,
Garissa,2017,short_rains,174.94253292761277,-0.4466395567086308,28.544435717238542,0.2656371043510754,-0.4225159450097755,
Garissa,2018,long_rains,483.13838318013586,1.5719624410258197,26.745200503561794,0.3163202367540095,0.3100288544508512,
Garissa,2018,short_rains,255.6037875113543,0.31689775031100403,28.58571448256857,0.19930695736462442,-0.9149629139034555,
Garissa,2019,long_rains,185.28622279057163,-0.5385176071799299,28.294293631785816,0.20002918347187085,-0.5623331098609462,
Garissa,2019,short_rains,612.151302728802,1.5951593650489257,27.62914312617704,0.33097121512362315,1.0680168673478836,
Garissa,2020,long_rains,364.6250541567624,0.2769596726813867,27.42591792557113,0.3065418082442439,0.7153897682338384,
Garissa,2020,short_rains,142.2953346685972,-0.4912458675841634,28.505101740847934,0.2795116512536734,0.14819075753419922,
Garissa,2021,long_rains,142.67340302001685,-0.8911786985603536,27.556532178825858,0.22385883935481476,-0.27926849469758624,
Garissa,2021,short_rains,92.34490314492723,-0.8677725663435298,28.208746497634483,0.20218407688295462,-0.8295089794539442,
Garissa,2022,long_rains,157.4158508698165,-0.6411198208450187,27.253472887496944,0.19708672574300837,-0.6294846529772488,
Garissa,2022,short_rains,181.38665446767118,-0.43220442013404753,27.941434936383278,0.2467006312591827,-0.5590659929885118,
Garissa,2023,long_rains,351.1353778766934,0.302695483154571,27.582093005404094,0.25303650416519974,-0.03795739652580387,
Garissa,2023,short_rains,422.7440509038279,0.6202008014901655,28.059295163290628,0.3381400262327798,0.9469130607512805,
Garissa,2024,long_rains,277.63676365755964,0.03304371119754319,28.28079403095064,0.35088591579909273,1.2021898164291864,
Garissa,2024,short_rains,240.18305655010045,-0.29439550607972337,28.53238608450014,0.3134471328377031,0.5629331457223239,
Homa Bay,2009,short_rains,61.85463212430477,,22.319863766205252,,,4.315646408839779
Homa Bay,2010,long_rains,793.8630529101938,,22.316530552291447,,,4.555320879120879
Homa Bay,2010,short_rains,325.4326339205727,,22.33814106789719,,,4.555320879120879
Homa Bay,2011,long_rains,702.5666295979172,,22.11108401880143,,,4.5769159340659336
Homa Bay,2011,short_rains,515.4501730287448,,21.978969457262163,,,4.5769159340659336
Homa Bay,2012,long_rains,883.7478823326528,,21.88479435957699,,,4.591999456521739
Homa Bay,2012,short_rains,541.4242625958286,,22.121491979784686,,,4.591999456521739
Homa Bay,2013,long_rains,831.6972779966891,,22.071957990599316,,,4.71453152173913
Homa Bay,2013,short_rains,396.6804405739531,,22.37272028125689,,,4.71453152173913
Homa Bay,2014,long_rains,753.2461425177753,,22.369153936545263,,,
Homa Bay,2014,short_rains,358.7148325778544,,22.678264117776337,,,
Homa Bay,2015,long_rains,793.9563595782965,,22.52042890716806,,,
Homa Bay,2015,short_rains,671.2876003850251,,22.208406943528917,,,
Homa Bay,2016,long_rains,693.0734928958118,,22.73917596944773,,,
Homa Bay,2016,short_rains,255.47284713760018,,23.549953856295343,,,
Homa Bay,2017,long_rains,763.8574855588377,-0.579967423997905,22.848460634547614,0.28877586687773027,-0.3106147351312469,
Homa Bay,2017,short_rains,314.9605671130121,-0.7947218482558259,22.74455064820921,0.30864588961243894,0.31810047190655144,
Homa Bay,2018,long_rains,893.6120013929904,0.728633070144098,21.696680376028223,0.34761565555055507,0.9831892371514798,
Homa Bay,2018,short_rains,471.83840209431946,-0.09762893522132499,22.826769940672403,0.2955508493216604,-0.1991622288117735,
Homa Bay,2019,long_rains,773.4762967508286,-0.4573963975344504,22.736839012925994,0.2764643269619883,-0.6964357290984289,
Homa Bay,2019,short_rains,885.6484341397882,1.038230085746035,21.88289167215999,0.3482840083743659,0.9751800839966481,
Homa Bay,2020,long_rains,957.3648307770491,0.36804473831420276,22.163841069330225,0.3519587170665585,0.9313172835365657,
Homa Bay,2020,short_rains,852.0436713919044,0.8889464760462046,22.110733904636366,0.3323653450923198,0.8060273093572609,
Homa Bay,2021,long_rains,757.2204012367874,0.2793106891803779,22.219092244418356,0.2961205561855244,-0.45462175857221016,
Homa Bay,2021,short_rains,356.33533999696374,-1.0839261473952242,22.812617007251177,0.2880022234598831,-0.020214176647065967,
Homa Bay,2022,long_rains,798.8540456080809,-0.21415167566233784,22.32357226792012,0.3116186090027108,0.13238051127820405,
Homa Bay,2022,short_rains,497.79857554100454,-0.0656616569349487,22.307978466271173,0.23339750065336082,-1.3889645673717552,
Homa Bay,2023,long_rains,886.5553224273026,0.30543567886375467,22.602031433607543,0.3125860659677615,0.014331750602998608,
Homa Bay,2023,short_rains,718.1440383992158,0.35529761897456624,22.463126785321933,0.2921190064436347,-0.18532226789078785,
Homa Bay,2024,long_rains,726.2941577937454,-0.42990867930774,22.912322267920118,0.3085515963791475,-0.2718168140501995,
Homa Bay,2024,short_rains,438.9152446344833,-0.24053559295948188,22.486950646298496,0.2850438192643268,-0.3720320341430006,
Isiolo,2009,short_rains,14.00342426658608,,27.015398452535273,,,4.315646408839779
Isiolo,2010,long_rains,192.31288347542431,,27.18435123923548,,,4.555320879120879
Isiolo,2010,short_rains,88.82640272012213,,27.55395742508152,,,4.555320879120879
Isiolo,2011,long_rains,41.896407600119474,,27.956502047889124,,,4.5769159340659336
Isiolo,2011,short_rains,265.4677473981865,,26.247791917049632,,,4.5769159340659336
Isiolo,2012,long_rains,133.5253334196168,,27.634380119722767,,,4.591999456521739
Isiolo,2012,short_rains,155.45834314776585,,27.137262479871193,,,4.591999456521739
Isiolo,2013,long_rains,233.06601297459565,,26.899717758874207,,,4.71453152173913
Isiolo,2013,short_rains,115.71143223531544,,27.154724873335713,,,4.71453152173913
Isiolo,2014,long_rains,165.61859573307447,,27.485238657845013,,,
Isiolo,2014,short_rains,147.72525676665828,,27.59776324574842,,,
Isiolo,2015,long_rains,177.33018254014314,,27.58164146187778,,,
Isiolo,2015,short_rains,220.61634393176064,,27.533950748203157,,,
Isiolo,2016,long_rains,120.51203307555988,,27.7106025519849,,,
Isiolo,2016,short_rains,128.23394261905923,,27.115255096029244,,,
Isiolo,2017,long_rains,64.63197771389969,-0.4958316513033802,27.941252100399097,0.10753175925077459,-0.9059770043975819,
Isiolo,2017,short_rains,117.46492361521814,-0.41637936205177933,27.474707199245927,0.14094117043173698,-0.7749364829968417,
Isiolo,2018,long_rains,397.4480745510664,0.9054265317251025,26.134275362318867,0.26511665873493,0.26880517743485166,
Isiolo,2018,short_rains,171.31897565966938,0.09312998219654404,27.09471937473,0.18365824646628046,0.29097222021210495,
Isiolo,2019,long_rains,91.4221781558008,-0.6992683173228977,28.340255986137386,0.14252911325863193,-0.5558741048022428,
Isiolo,2019,short_rains,425.8247612249106,1.611694854047256,26.298631239935613,0.28311904547662836,0.7621581710900219,
Isiolo,2020,long_rains,276.3788772155531,0.12637188713239586,27.52929216551147,0.26425312292463815,0.7736474682384699,
Isiolo,2020,short_rains,125.13031759602018,-0.3120324814077087,27.35596795098388,0.19624990855582083,0.10310063145656272,
Isiolo,2021,long_rains,86.11908905324526,-0.3716798380724143,27.471256038647365,0.14413240550364304,-0.5620805470966079,
Isiolo,2021,short_rains,80.33782092982437,-0.8132724941517774,27.882705706767236,0.13223202017059127,-0.8712138121154968,
Isiolo,2022,long_rains,96.24156125821173,-0.6093368991224752,27.160954106280215,0.12934858797520646,-0.7575375382134649,
Isiolo,2022,short_rains,137.51910432241857,-0.33707670489597635,27.30264325831666,0.11126807941157667,-1.0768757703443848,
Isiolo,2023,long_rains,335.16401364607736,0.4760368889410885,26.99319654484354,0.2503424741148356,0.2785885140585405,
Isiolo,2023,short_rains,305.9709345428273,0.5886750015153362,27.030569498448624,0.30651535728662693,0.9657743445772589,
Isiolo,2024,long_rains,214.0751053491549,0.6682813980225806,27.904336011342174,0.314440192165891,1.4604280347780343,
Isiolo,2024,short_rains,136.13195811305195,-0.4147387952518948,27.86642407057343,0.19642847888882412,0.34270853712183197,
Kajiado,2009,short_rains,69.02429865766317,,21.995032382527253,,,4.315646408839779
Kajiado,2010,long_rains,334.88098899547185,,20.884080385654663,,,4.555320879120879
Kajiado,2010,short_rains,172.06610968057066,,22.294023701253998,,,4.555320879120879
Kajiado,2011,long_rains,177.1928119806107,,21.863419000245674,,,4.5769159340659336
Kajiado,2011,short_rains,278.0690206596628,,22.11196316200454,,,4.5769159340659336
Kajiado,2012,long_rains,376.7059905354399,,21.29133873741099,,,4.591999456521739
Kajiado,2012,short_rains,303.10718466108665,,21.761143723301675,,,4.591999456521739
Kajiado,2013,long_rains,391.75026761740446,,20.545982866617575,,,4.71453152173913
Kajiado,2013,short_rains,239.83431600406766,,21.886541729824113,,,4.71453152173913
Kajiado,2014,long_rains,211.18764781439677,,21.201821726848472,,,
Kajiado,2014,short_rains,212.43709477013908,,22.465203711359184,,,
Kajiado,2015,long_rains,324.85102183558047,,21.3006073446328,,,
Kajiado,2015,short_rains,389.31499747838825,,22.09170364246019,,,
Kajiado,2016,long_rains,278.3997170543298,,21.303570375829068,,,
Kajiado,2016,short_rains,183.876311623957,,22.58119287125078,,,
Kajiado,2017,long_rains,162.05789901176468,-0.7728827270310022,22.001030152296767,0.2553801415425474,-0.3749875818403489,
Kajiado,2017,short_rains,210.19434507517144,-0.551124417885554,22.501598456662567,0.20582486378135928,-0.702254468262823,
Kajiado,2018,long_rains,645.8544738688506,1.2792476335440999,20.139256018177385,0.5694253711754832,1.533991659226462,
Kajiado,2018,short_rains,283.7895440198481,-0.1214638031448626,22.135551880942575,0.3163003449832341,0.10371218625114775,
Kajiado,2019,long_rains,177.00311879767105,-0.7843946859801788,22.214769712601363,0.23386248135886775,-0.904435004688998,
Kajiado,2019,short_rains,669.2998945685104,1.7742986528323053,20.966640025722324,0.3318258836749631,0.6091973501420602,
Kajiado,2020,long_rains,465.47655009827577,0.3745703840217221,20.62696419798579,0.4243781286640494,0.9386463107013182,
Kajiado,2020,short_rains,233.11701126210392,-0.40543787080575083,22.324993799090567,0.27330147378828235,0.33499276642988574,
Kajiado,2021,long_rains,254.28026944585145,-0.11167511257746976,21.07643208056992,0.3257904866933216,-0.005159010649129825,
Kajiado,2021,short_rains,145.1540035547223,-0.7589410579842483,22.744737035505985,0.21922127464688643,-0.5360211896467263,
Kajiado,2022,long_rains,172.81837476231158,-0.746570567467685,21.492612380250584,0.2504749247612483,-0.7246599115566212,
Kajiado,2022,short_rains,199.15590543719009,-0.4551259576651809,22.304027835193637,0.15767298716012737,-1.2463128925315707,
Kajiado,2023,long_rains,259.89595295861363,-0.39849891147333755,21.62534082535007,0.24018697944542533,-0.858628405231916,
Kajiado,2023,short_rains,444.9224310759455,0.40077183539395017,22.436154517477405,0.31035370016958896,0.3617128375430032,
Kajiado,2024,long_rains,556.086896748282,1.1602039869638514,21.813136207320095,0.44904250735659995,1.1679013289633082,
Kajiado,2024,short_rains,297.0464448411949,0.11702261925934142,22.54984831736677,0.3209810359139131,0.8754593160711304,
Kakamega,2009,short_rains,62.076408460736275,,20.399881436314384,,,4.315646408839779
Kakamega,2010,long_rains,1272.1223742514849,,19.699096467391325,,,4.555320879120879
Kakamega,2010,short_rains,403.49309891834855,,20.30756097560978,,,4.555320879120879
Kakamega,2011,long_rains,1303.7594843432307,,19.7925158514493,,,4.5769159340659336
Kakamega,2011,short_rains,526.3040549382567,,19.84117886178864,,,4.5769159340659336
Kakamega,2012,long_rains,1330.433036699891,,19.40629302536234,,,4.591999456521739
Kakamega,2012,short_rains,654.0396482050419,,19.87934620596208,,,4.591999456521739
Kakamega,2013,long_rains,1257.005972482264,,19.487857789855095,,,4.71453152173913
Kakamega,2013,short_rains,423.3191699460149,,20.12877371273715,,,4.71453152173913
Kakamega,2014,long_rains,1299.3338674865663,,19.906770833333354,,,
Kakamega,2014,short_rains,421.9564321190119,,20.45990176151764,,,
Kakamega,2015,long_rains,1138.5787051115185,,20.148045742753645,,,
Kakamega,2015,short_rains,629.3503418937325,,20.140254065040676,,,
Kakamega,2016,long_rains,1185.2014466449618,,20.27762454710147,,,
Kakamega,2016,short_rains,271.92302269581705,,21.426060298103007,,,
Kakamega,2017,long_rains,1224.949239820242,-0.36011405294713356,20.54527400362321,0.5668044553786183,0.4009267472960534,
Kakamega,2017,short_rains,366.97530272603035,-0.5201311926501763,20.64534552845531,0.6056760939539348,0.22531253822650843,
Kakamega,2018,long_rains,1512.1805006489158,1.3390046767016919,19.041480978260893,0.633929606649672,1.2993807563780089,
Kakamega,2018,short_rains,382.896350229159,-0.4859786179033246,20.64323509485097,0.588961042695895,-0.11186407588127177,
Kakamega,2019,long_rains,1129.3646435402334,-0.9778021357104089,20.431664402173936,0.47536847640183927,-1.4524002631590622,
Kakamega,2019,short_rains,892.8732999414206,1.3562312959921616,19.647496612466146,0.6373555359715878,0.8989242939942637,
Kakamega,2020,long_rains,1737.076929859817,0.5930599706977298,19.646469655797123,0.5691777124629879,0.43706885956799396,
Kakamega,2020,short_rains,679.0029893256724,0.6490384918391497,20.05952913279135,0.6259311618730821,0.3941559979160562,
Kakamega,2021,long_rains,1289.7520564571023,0.3786465766635467,20.021802536231906,0.5371069438665961,-0.20222176082500645,
Kakamega,2021,short_rains,339.1960283815861,-0.9384820512649625,20.880514905149074,0.5877123482949812,-0.7184236639755502,
Kakamega,2022,long_rains,1209.8296860456467,-0.6289991087706915,19.93993432971017,0.5392620890328534,-0.17242312859707365,
Kakamega,2022,short_rains,496.52233811467886,-0.04532030307455485,20.40889227642279,0.5601758274937664,-0.9108417581770573,
Kakamega,2023,long_rains,1366.4747090935707,0.006685490951924611,20.24585824275365,0.5261949334827923,-0.3836270528433677,
Kakamega,2023,short_rains,629.7440057713538,0.06446480674175258,20.625287940379426,0.5733080947878453,-0.23133629788001006,
Kakamega,2024,long_rains,1199.5755039006472,-0.35048141758665885,20.60171875000002,0.5735604137178695,0.506422760975124,
Kakamega,2024,short_rains,465.15306545139174,-0.07982242968004594,20.5574864130435,0.6198938571089012,0.45407296577707035,
Kericho,2009,short_rains,68.67312535643578,,17.3221392276423,,,4.315646408839779
Kericho,2010,long_rains,1137.2068423703313,,16.8658457880435,,,4.555320879120879
Kericho,2010,short_rains,324.35106767714024,,17.458622967479698,,,4.555320879120879
Kericho,2011,long_rains,939.850494094193,,16.911759510869587,,,4.5769159340659336
Kericho,2011,short_rains,430.4712692797184,,17.02568597560978,,,4.5769159340659336
Kericho,2012,long_rains,1187.8803432285786,,16.56918817934785,,,4.591999456521739
Kericho,2012,short_rains,526.2861569188535,,16.99142784552848,,,4.591999456521739
Kericho,2013,long_rains,1161.7007893770933,,16.6453430706522,,,4.71453152173913
Kericho,2013,short_rains,406.23601837456226,,17.12136686991872,,,4.71453152173913
Kericho,2014,long_rains,932.8126495629549,,16.96887907608698,,,
Kericho,2014,short_rains,293.49612237140536,,17.455238821138234,,,
Kericho,2015,long_rains,916.7045654132962,,17.177187500000024,,,
Kericho,2015,short_rains,521.1434256061912,,17.268785569105713,,,
Kericho,2016,long_rains,1055.0106407478452,,17.441436820652196,,,
Kericho,2016,short_rains,240.29587246477604,,18.353536585365877,,,
Kericho,2017,long_rains,1039.2498124204576,-0.6802146635585117,17.77178668478263,0.6196291301514395,0.47538257701173087,
Kericho,2017,short_rains,353.3947489000857,-0.48817040244073867,17.682942073170754,0.6711192325098819,0.5563822382821284,
Kericho,2018,long_rains,1473.4531647861004,1.5520323657682351,16.263274456521764,0.7091053630997116,1.5027816557165732,
Kericho,2018,short_rains,365.50110653974116,-0.4336373431523847,17.90724593495937,0.6340112535198793,-0.11605850447846285,
Kericho,2019,long_rains,938.1857032179832,-1.1478115963575382,17.76335258152176,0.5187001372958743,-0.9711010878390433,
Kericho,2019,short_rains,752.3292286768556,1.0209065181796735,16.74765243902441,0.7034384301374331,1.2214841057675168,
Kericho,2020,long_rains,1388.8837467879057,0.37849590172051767,16.77670176630437,0.6537699373110809,0.812367501546702,
Kericho,2020,short_rains,647.1817379705608,0.8315736606525456,17.20317581300815,0.6852231310615619,0.9346208914032532,
Kericho,2021,long_rains,1086.5070094652474,0.34641876771988606,17.011131114130457,0.59119634432689,-0.002797155362164202,
Kericho,2021,short_rains,296.64136447012424,-1.2280083281824248,17.927942073170755,0.6195461854635459,-0.39951589108989,
Kericho,2022,long_rains,1034.3617917392403,-0.4875019013262461,17.112105978260892,0.5560417645833754,-0.4811901310141186,
Kericho,2022,short_rains,533.9864260703325,0.3189828925022566,17.52675304878051,0.5645473826516237,-1.3671150838258184,
Kericho,2023,long_rains,1048.749950118363,0.12388880515149307,17.30621263586959,0.5015514845521434,-1.2143775012399802,
Kericho,2023,short_rains,636.2472362145782,0.1080557634598547,17.604156504065063,0.5864708135465692,-0.8980480214520616,
Kericho,2024,long_rains,1058.3108967617154,-0.08530767911783614,17.559249320652196,0.6237326604178911,0.3798613597524881,
Kericho,2024,short_rains,415.0759364925325,-0.12970276101878206,17.498987771739152,0.6402622555957127,0.06825026539333244,
Kiambu,2009,short_rains,91.16705083847046,,17.251981172443326,,,4.315646408839779
Kiambu,2010,long_rains,722.1505302190781,,16.593667048054943,,,4.555320879120879
Kiambu,2010,short_rains,294.79054841026664,,17.157817715019277,,,4.555320879120879
Kiambu,2011,long_rains,399.4856617487967,,17.07379862700231,,,4.5769159340659336
Kiambu,2011,short_rains,504.55846160650253,,17.201647411210978,,,4.5769159340659336
Kiambu,2012,long_rains,870.901477150619,,16.68163043478263,,,4.591999456521739
Kiambu,2012,short_rains,543.1239971369505,,16.911553273427494,,,4.591999456521739
Kiambu,2013,long_rains,820.3020391464233,,16.30409610983984,,,4.71453152173913
Kiambu,2013,short_rains,319.38571406528354,,17.173786906290136,,,4.71453152173913
Kiambu,2014,long_rains,473.99669313058257,,16.652963386727713,,,
Kiambu,2014,short_rains,333.5895354896784,,17.43895592640139,,,
Kiambu,2015,long_rains,604.4902020730078,,16.81563501144167,,,
Kiambu,2015,short_rains,583.0574821382761,,17.53165596919129,,,
Kiambu,2016,long_rains,561.5387326721102,,16.950491990846704,,,
Kiambu,2016,short_rains,292.1441609300673,,17.631240907145937,,,
Kiambu,2017,long_rains,397.28221231512725,-0.7009912718269996,17.496444508009176,0.6115469541732536,1.8135257519779149,
Kiambu,2017,short_rains,312.08421001955867,-0.4683099114540002,17.752948224219107,0.5740258459500166,0.9050046996670623,
Kiambu,2018,long_rains,1340.5948859453201,1.378823384923064,16.164862700228856,0.6302894568780473,0.809058517752555,
Kiambu,2018,short_rains,356.04041919857264,-0.2579866948732692,17.377312794180597,0.5301100623750777,0.5443743561659586,
Kiambu,2019,long_rains,462.46234354376793,-0.8073862314006669,17.637479977116726,0.38554533055629275,-0.8461159790355658,
Kiambu,2019,short_rains,944.0279199331999,1.8247377104706066,17.009576379974348,0.526447195550871,0.3322616343012915,
Kiambu,2020,long_rains,933.7538990174653,0.45269924932594935,16.854834096109865,0.5429851935320409,0.3674563409214355,
Kiambu,2020,short_rains,345.7710790783167,-0.3976758349290798,17.347415489944396,0.5004438175306044,0.09498614422069616,
Kiambu,2021,long_rains,525.3423781618476,-0.38290549858222594,16.65921338672771,0.45251613368308546,-0.26005183839476964,
Kiambu,2021,short_rains,248.5547377690673,-0.7552162934339148,17.68814291827131,0.4486334857871794,-0.5368975268946089,
Kiambu,2022,long_rains,343.0442541416269,-0.772607100035443,16.83817791762016,0.42692315553621807,-0.5512815282070355,
Kiambu,2022,short_rains,310.3455274179578,-0.41697905512446604,17.331912708600793,0.3594922313793187,-1.6247782430797006,
Kiambu,2023,long_rains,483.4797721616924,-0.33561157159488597,17.13831235697943,0.41594834852781637,-0.7711887265111921,
Kiambu,2023,short_rains,604.5849788188934,0.3896222252034031,17.912550278134383,0.4819215151507579,-0.23679916560441408,
Kiambu,2024,long_rains,1373.7148516718298,1.1679790391912082,17.34242848970254,0.6006898014199198,0.9173008020661211,
Kiambu,2024,short_rains,393.4278249889612,0.08180785414072043,17.720017162471418,0.5329726868905104,0.5218481012237158,
Kilifi,2009,short_rains,11.162589944899082,,26.467888617886207,,,4.315646408839779
Kilifi,2010,long_rains,647.4251463029068,,25.690722826086986,,,4.555320879120879
Kilifi,2010,short_rains,220.35695386864245,,26.577119512195154,,,4.555320879120879
Kilifi,2011,long_rains,382.6995585281402,,26.069292934782638,,,4.5769159340659336
Kilifi,2011,short_rains,340.22830277401954,,26.19725528455287,,,4.5769159340659336
Kilifi,2012,long_rains,405.6947251348756,,25.978761956521765,,,4.591999456521739
Kilifi,2012,short_rains,409.83960633026436,,26.69180894308946,,,4.591999456521739
Kilifi,2013,long_rains,587.766859261319,,25.381056521739158,,,4.71453152173913
Kilifi,2013,short_rains,297.89956670440733,,26.335586178861817,,,4.71453152173913
Kilifi,2014,long_rains,585.6961113074794,,25.647153260869594,,,
Kilifi,2014,short_rains,424.4523529391736,,26.3747398373984,,,
Kilifi,2015,long_rains,752.1640567667782,,25.893027173913072,,,
Kilifi,2015,short_rains,420.57198657793924,,26.965925203252063,,,
Kilifi,2016,long_rains,421.6337699946016,,26.030741847826118,,,
Kilifi,2016,short_rains,200.30580017715693,,26.496357723577262,,,
Kilifi,2017,long_rains,592.5487959012389,0.08052678412196101,25.706604347826115,0.3952727000869203,0.43592204351991015,
Kilifi,2017,short_rains,311.8291297229007,-0.3487739770204971,26.110201626016288,0.3842717164039634,0.6206752846368218,
Kilifi,2018,long_rains,881.3159184651449,1.0916722000235575,25.258503260869592,0.4696197461831284,1.1025817718976796,
Kilifi,2018,short_rains,439.17757725622505,0.19937835562089967,26.53979349593499,0.4623490899123563,0.4951525813788066,
Kilifi,2019,long_rains,557.3934932700358,-0.22604677320721725,26.17456250000003,0.30293019187546727,-0.45773418867699417,
Kilifi,2019,short_rains,760.8959917463362,1.0993824426552699,26.2105991869919,0.44023936707317013,1.184471665032745,
Kilifi,2020,long_rains,772.0320871584117,0.6228161774965351,25.48461521739133,0.4753330659792705,1.1528450906359862,
Kilifi,2020,short_rains,308.45787867251784,-0.35561148047586993,26.496037398374014,0.36002178166683846,0.40502355304585347,
Kilifi,2021,long_rains,389.7307364186272,-0.9506666030737554,25.738996739130467,0.2983652508488237,-0.5366855179071837,
Kilifi,2021,short_rains,104.52488628216088,-1.0441860579885571,26.72338211382117,0.23508966800674372,-1.256329568398186,
Kilifi,2022,long_rains,518.8905693981797,-0.5719958910694363,25.533104347826114,0.21916627004833386,-1.3092094271659132,
Kilifi,2022,short_rains,219.38443613611162,-0.6564018381858286,26.314730081300844,0.24557720572141753,-1.2399660650363529,
Kilifi,2023,long_rains,685.6460141502321,0.15295839634567346,25.873930978260898,0.27382407236984385,-0.7558282538675186,
Kilifi,2023,short_rains,783.6370370509103,1.2329058855692638,26.783717886178888,0.32492659301793253,-0.09457519072340766,
Kilifi,2024,long_rains,470.7387524661608,-0.19926429063731832,26.353702717391332,0.44992563498455534,0.8809430867032318,
Kilifi,2024,short_rains,316.814960363321,-0.1266933301746805,26.91965217391307,0.36612925183738426,0.42254122252852994,
Kirinyaga,2009,short_rains,34.43126304447651,,17.603617886178885,,,4.315646408839779
Kirinyaga,2010,long_rains,728.6018986925483,,16.95677536231886,,,4.555320879120879
Kirinyaga,2010,short_rains,336.2454724833369,,17.436117886178884,,,4.555320879120879
Kirinyaga,2011,long_rains,531.7011954411864,,17.248134057971036,,,4.5769159340659336
Kirinyaga,2011,short_rains,588.282572247088,,17.534234417344198,,,4.5769159340659336
Kirinyaga,2012,long_rains,829.341494999826,,17.099506340579733,,,4.591999456521739
Kirinyaga,2012,short_rains,513.7887847051024,,17.28178184281845,,,4.591999456521739
Kirinyaga,2013,long_rains,703.2188561111689,,16.644619565217415,,,4.71453152173913
Kirinyaga,2013,short_rains,322.2841487824917,,17.5157859078591,,,4.71453152173913
Kirinyaga,2014,long_rains,624.2366009950638,,17.069293478260892,,,
Kirinyaga,2014,short_rains,391.1813658103347,,17.752574525745278,,,
Kirinyaga,2015,long_rains,709.9187706783414,,17.230516304347848,,,
Kirinyaga,2015,short_rains,637.3699242025614,,17.915813008130105,,,
Kirinyaga,2016,long_rains,611.5665412321687,,17.243722826086977,,,
Kirinyaga,2016,short_rains,355.29057620465755,,17.76621273712739,,,
Kirinyaga,2017,long_rains,434.83581394329667,-0.8737080367199282,17.53867753623191,0.3411847754698726,-1.2206425120593487,
Kirinyaga,2017,short_rains,407.4573070034385,-0.3737790071735958,17.81337398373986,0.5802482276838611,0.9882465055408289,
Kirinyaga,2018,long_rains,1357.358437255025,1.5571973915821975,16.645756340579734,0.7103585220331394,1.6612935570385554,
Kirinyaga,2018,short_rains,464.72162365168333,-0.10458241017980341,17.685995934959372,0.4770533600441324,-0.8895116878737214,
Kirinyaga,2019,long_rains,566.8865356519818,-0.5734264725736584,17.83732336956524,0.4127639524452209,-0.5532121260537056,
Kirinyaga,2019,short_rains,1130.2510383278131,1.800151166034377,17.568936314363164,0.5339896735982661,0.5256163061810292,
Kirinyaga,2020,long_rains,1139.9432304054499,0.8211400885511507,17.405330615942052,0.5114353992573415,0.5923664811621302,
Kirinyaga,2020,short_rains,434.13145207613707,-0.38136488214932784,17.667838753387556,0.5576490731307583,0.7394481356233061,
Kirinyaga,2021,long_rains,613.0073861628771,-0.29449304482962435,16.96727355072466,0.46043515289468706,0.07872939395726337,
Kirinyaga,2021,short_rains,255.79169011116028,-0.9555137722080755,17.843130081300835,0.4990251442733265,0.1843256338600657,
Kirinyaga,2022,long_rains,465.64925065939315,-0.8958489033823361,17.068238224637703,0.43556473000564044,-0.2713992742093338,
Kirinyaga,2022,short_rains,410.5346989259124,-0.3287645725699014,17.598651761517637,0.2937428364415909,-1.351752721513142,
Kirinyaga,2023,long_rains,734.4399560689926,-0.21540709993935991,17.465326086956544,0.40312233525395874,-0.8005493106686155,
Kirinyaga,2023,short_rains,679.0592814311385,0.3890632006425337,18.28829268292685,0.40840907356255046,-0.8422591313953616,
Kirinyaga,2024,long_rains,1086.4450528249145,0.4745460773115588,17.754538043478284,0.5328524848635166,0.8071811541525228,
Kirinyaga,2024,short_rains,452.4611090272665,-0.04520972239620663,18.275172101449296,0.5187833798740605,0.38229466950812535,
Kisii,2009,short_rains,85.06527300179005,,18.787943089430915,,,4.315646408839779
Kisii,2010,long_rains,1066.9291487783194,,18.828456521739152,,,4.555320879120879
Kisii,2010,short_rains,454.1435654684901,,18.642707317073192,,,4.555320879120879
Kisii,2011,long_rains,958.4453178048134,,18.474625000000024,,,4.5769159340659336
Kisii,2011,short_rains,597.9438826069236,,18.43410569105693,,,4.5769159340659336
Kisii,2012,long_rains,1251.0999715030193,,18.20063043478263,,,4.591999456521739
Kisii,2012,short_rains,664.2994744256139,,18.466642276422785,,,4.591999456521739
Kisii,2013,long_rains,1072.6258964911103,,18.427869565217414,,,4.71453152173913
Kisii,2013,short_rains,493.7157575786114,,18.671512195121974,,,4.71453152173913
Kisii,2014,long_rains,1006.3362799808383,,18.65970108695654,,,
Kisii,2014,short_rains,404.46150678396225,,18.94806504065043,,,
Kisii,2015,long_rains,1045.1012930124998,,18.9847336956522,,,
Kisii,2015,short_rains,763.5792280733585,,18.71388617886181,,,
Kisii,2016,long_rains,958.2809736430645,,19.045059782608718,,,
Kisii,2016,short_rains,346.4597204476595,,19.69490243902441,,,
Kisii,2017,long_rains,1006.6210258603096,-1.0078518194321477,19.41963586956524,0.6725593988125329,0.7860967190842575,
Kisii,2017,short_rains,457.6853224337101,-0.777753062779675,19.044504065040673,0.6742439156979135,0.7067608566992635,
Kisii,2018,long_rains,1205.4551184177399,1.1924160392881784,18.042076086956545,0.6951025085140758,1.0933910369491442,
Kisii,2018,short_rains,592.0444345697761,-0.19126845019377195,19.286252032520345,0.6445553481477143,-0.06343700534271622,
Kisii,2019,long_rains,990.5090638399124,-0.617752003247957,19.327788043478282,0.6035543389761521,-0.7035035011618506,
Kisii,2019,short_rains,1080.017104960978,0.9544922288819171,18.366032520325223,0.6717801741252766,0.7472587668440352,
Kisii,2020,long_rains,1187.8182981163263,0.44680641645956826,18.696320652173934,0.6782041907538813,0.9931684609939353,
Kisii,2020,short_rains,994.4084207862616,0.9424414402334635,18.620154471544737,0.6562273520162806,0.5265309076956495,
Kisii,2021,long_rains,1020.2220308706164,0.003990360310594261,18.62041847826089,0.6059088809496777,-0.4232574848352943,
Kisii,2021,short_rains,489.91968935728073,-1.084829876683514,19.320967479674817,0.6660451052901387,0.5952119038717846,
Kisii,2022,long_rains,1131.5511838421226,0.04712480069434122,18.861021739130457,0.6183202521039498,-0.22874505051484337,
Kisii,2022,short_rains,659.3192918300629,-0.09926562630084668,18.9017886178862,0.5047105177352124,-1.691534557495211,
Kisii,2023,long_rains,1154.2107749804854,0.25526358821239065,18.996891304347848,0.5937510870165658,-0.8512695449093123,
Kisii,2023,short_rains,1001.7987825721502,0.5505408034248999,19.015934959349615,0.5707676905755359,-0.9392557721778004,
Kisii,2024,long_rains,957.6303828582168,-0.3199973822849677,19.22184239130437,0.6095812019879431,-0.3014169566229939,
Kisii,2024,short_rains,558.8083279894618,-0.29435745658247275,18.89055434782611,0.6366234480735388,0.1184648999049945,
Kisumu,2009,short_rains,80.49400167167187,,22.105665188470088,,,4.315646408839779
Kisumu,2010,long_rains,921.3371006958187,,21.779458992094884,,,4.555320879120879
Kisumu,2010,short_rains,359.10274872370064,,22.292113821138237,,,4.555320879120879
Kisumu,2011,long_rains,850.3166052699089,,21.78152667984192,,,4.5769159340659336
Kisumu,2011,short_rains,489.281866395846,,21.65198447893572,,,4.5769159340659336
Kisumu,2012,long_rains,989.4542311131954,,21.433651185770774,,,4.591999456521739
Kisumu,2012,short_rains,583.2823080979288,,21.963407243163363,,,4.591999456521739
Kisumu,2013,long_rains,961.0770099461079,,21.55025691699607,,,4.71453152173913
Kisumu,2013,short_rains,414.9247942753136,,22.252036215816727,,,4.71453152173913
Kisumu,2014,long_rains,947.7904846742749,,22.05191452569172,,,
Kisumu,2014,short_rains,381.47653276473284,,22.681703621581693,,,
Kisumu,2015,long_rains,901.3248118236661,,22.10976778656129,,,
Kisumu,2015,short_rains,638.8420210555196,,21.914896526238014,,,
Kisumu,2016,long_rains,895.025854550302,,22.306116600790535,,,
Kisumu,2016,short_rains,265.0731354281306,,23.50458240946048,,,
Kisumu,2017,long_rains,927.6789663098752,-0.3419683373601122,22.69458992094864,0.38630295621950744,0.059284649127502274,
Kisumu,2017,short_rains,358.41649206727743,-0.6716651688413867,22.657243163340745,0.37374807558631806,-0.2759924888242205,
Kisumu,2018,long_rains,1158.3010004237294,0.9955896633507312,21.15029644268777,0.47892661867825914,1.7431193815048331,
Kisumu,2018,short_rains,470.06813265942037,-0.10134319284532887,22.629135254988938,0.44318194695747787,0.27273054683024883,
Kisumu,2019,long_rains,815.743293620646,-1.1289864089895791,22.4270553359684,0.34649657241968274,-0.6399924305445318,
Kisumu,2019,short_rains,858.4570901729167,0.9690537630212542,21.39347745750187,0.47400840887149015,1.1237384872121197,
Kisumu,2020,long_rains,1216.0255910530686,0.18230845521295258,21.463498023715438,0.44891727184364066,1.2125169058399596,
Kisumu,2020,short_rains,825.2937722019851,0.8020277099045368,21.852217294900242,0.43714990056476055,0.6995405302220813,
Kisumu,2021,long_rains,1005.1957272589207,0.5277714856054314,21.756855237154173,0.3749963780807655,-0.16197715363682988,
Kisumu,2021,short_rains,341.4150557294488,-1.1169078115480937,22.77568736141909,0.360411045899603,-0.38702566656181153,
Kisumu,2022,long_rains,963.4019920472056,-0.2971634268141718,21.84123023715417,0.35085791484444656,-0.6785051203338037,
Kisumu,2022,short_rains,546.2050956115127,0.02479571571327595,22.311345158906157,0.3667245184205528,-0.4194743903127762,
Kisumu,2023,long_rains,1049.8496618270874,0.32310733209383485,22.222443181818203,0.3241220980386895,-0.8454437522230767,
Kisumu,2023,short_rains,709.5421662852168,0.21412500537407606,22.182945306725816,0.3819104338765036,-0.3119928999613284,
Kisumu,2024,long_rains,952.7521773353219,-0.26065876309908687,22.448164525691723,0.3829868076701373,-0.10796268589911151,
Kisumu,2024,short_rains,492.1798539487645,-0.1200860207783337,22.3445553359684,0.3629543965717421,-0.7015241186043126,
Kitui,2009,short_rains,13.978906649863347,,24.908719840021003,,,4.315646408839779
Kitui,2010,long_rains,351.37423252523877,,24.63107073983172,,,4.555320879120879
Kitui,2010,short_rains,252.54068231466226,,25.40551763703123,,,4.555320879120879
Kitui,2011,long_rains,167.24885082780384,,25.275755610098198,,,4.5769159340659336
Kitui,2011,short_rains,390.28736457799096,,24.824424665617645,,,4.5769159340659336
Kitui,2012,long_rains,221.51192247658037,,25.28864919354841,,,4.591999456521739
Kitui,2012,short_rains,353.71919331280515,,25.014913126147412,,,4.591999456521739
Kitui,2013,long_rains,285.2215861626901,,24.363310615357666,,,4.71453152173913
Kitui,2013,short_rains,276.7075912526343,,24.976334906897478,,,4.71453152173913
Kitui,2014,long_rains,240.8430256471038,,24.653632976858365,,,
Kitui,2014,short_rains,287.3821619008668,,25.424581366378202,,,
Kitui,2015,long_rains,288.3198977210559,,25.050968180224423,,,
Kitui,2015,short_rains,533.8296555913985,,25.200683844741693,,,
Kitui,2016,long_rains,249.0474184108898,,24.997034537166922,,,
Kitui,2016,short_rains,309.6762745999731,,25.19993443482824,,,
Kitui,2017,long_rains,181.51567244366743,-0.4928207703716055,25.125223746493706,0.2696991911417056,-0.6512927984768655,
Kitui,2017,short_rains,248.08512912411243,-0.5013547901725108,25.61346511932863,0.2978592843518071,-0.9985127953731334,
Kitui,2018,long_rains,576.5284687613603,1.1290928668694533,24.074089235624143,0.4388243238479134,0.5005147359068575,
Kitui,2018,short_rains,376.0522849513218,-0.05111799494864799,25.09669027012853,0.3373899824497338,0.4919762541943293,
Kitui,2019,long_rains,160.6506130831549,-0.8513748917597748,25.611625175315588,0.24383719231283393,-0.9000020973249029,
Kitui,2019,short_rains,868.7753891590983,1.7399182976685656,24.47252130868085,0.3940636563067161,0.5909879572253655,
Kitui,2020,long_rains,412.17652033741615,0.21957501359931228,24.73104751051896,0.4843896409726552,1.1654219862175594,
Kitui,2020,short_rains,313.1199012924917,-0.3351257123327798,25.254332218725434,0.34295874618191985,0.3395061246921702,
Kitui,2021,long_rains,221.6690663448535,-0.14384385094691984,24.942494740532982,0.28938512354637685,-0.5456119869896588,
Kitui,2021,short_rains,152.39092605700716,-0.8805270309182273,25.4995335038028,0.27325461018095193,-0.9486598949730332,
Kitui,2022,long_rains,172.08905740780756,-0.8893515651932725,24.83022221248249,0.2703323938294114,-0.6736723780959651,
Kitui,2022,short_rains,278.682609481737,-0.4774328043515162,25.023126147390524,0.29676974964984243,-0.8222176147306781,
Kitui,2023,long_rains,360.95850029750727,0.09039491573235936,24.990572624474073,0.36680605515085807,-0.03795068403704301,
Kitui,2023,short_rains,618.5207855324261,0.6606520114173228,25.388804419092594,0.36591916392341034,0.16030202110541114,
Kitui,2024,long_rains,418.63844927144237,0.9383282820704478,25.61948018934083,0.46965529324141225,0.9254956233077296,
Kitui,2024,short_rains,373.47126374114305,-0.15501197636220643,25.78159887798038,0.3813480429235973,0.8537803494018581,
Kwale,2009,short_rains,27.04703140910715,,25.94616531165314,,,4.315646408839779
Kwale,2010,long_rains,637.2189566902816,,24.575348320158128,,,4.555320879120879
Kwale,2010,short_rains,202.02099536918104,,25.845317812269055,,,4.555320879120879
Kwale,2011,long_rains,430.3908142670989,,24.81418560606063,,,4.5769159340659336
Kwale,2011,short_rains,347.23365897126496,,25.692802414387803,,,4.5769159340659336
Kwale,2012,long_rains,410.33206716086715,,24.799053853754963,,,4.591999456521739
Kwale,2012,short_rains,308.09112607873976,,25.907139689578738,,,4.591999456521739
Kwale,2013,long_rains,616.2369817309082,,24.240717226613988,,,4.71453152173913
Kwale,2013,short_rains,347.85433051083237,,25.599806602611505,,,4.71453152173913
Kwale,2014,long_rains,656.7152844611555,,24.336854413702262,,,
Kwale,2014,short_rains,454.1004139748402,,25.876017491993125,,,
Kwale,2015,long_rains,697.090063049458,,24.5960342555995,,,
Kwale,2015,short_rains,467.89218929596245,,26.253738605567897,,,
Kwale,2016,long_rains,526.0675971247256,,24.862267786561286,,,
Kwale,2016,short_rains,260.6572030428797,,25.90203252032523,,,
Kwale,2017,long_rains,650.0379944322631,0.038825378486104865,24.58013092885378,0.2537561058446898,-0.8198299966330314,
Kwale,2017,short_rains,379.5829193070531,-0.2849432368089223,25.463218773096845,0.42887702992929805,1.158696361029237,
Kwale,2018,long_rains,877.1026681866497,0.8997465263106164,24.099745553359707,0.5999658125330651,1.3443315913696914,
Kwale,2018,short_rains,501.1258534793742,0.2774131521492298,25.656889627987212,0.38813901016879787,0.00032876522690711285,
Kwale,2019,long_rains,634.5314344018698,-0.14081107209019708,24.96062005928856,0.2932010187184612,-0.48368871540550434,
Kwale,2019,short_rains,846.8973997426219,1.1122312205844362,25.515896772604112,0.44268772214922797,0.9295064778412604,
Kwale,2020,long_rains,960.5620397891616,0.8369804144439383,24.357793972332036,0.5035880180939906,1.2212053502632336,
Kwale,2020,short_rains,388.80555246956646,-0.2585569439376879,25.738716432618897,0.3628711035870033,0.13269873373254268,
Kwale,2021,long_rains,472.1076031625271,-0.6171677425511027,24.579011034255622,0.3401893217751913,-0.07061029514404082,
Kwale,2021,short_rains,130.32533488422632,-1.0948666647437242,26.105795762503103,0.23611067225879798,-1.0427720756413932,
Kwale,2022,long_rains,558.2911368124187,-0.6053409403672858,24.65490612648224,0.22532481170444132,-1.033866069277744,
Kwale,2022,short_rains,259.471884611994,-0.585314104187184,25.71234663710276,0.23812248689885926,-1.0106173668225338,
Kwale,2023,long_rains,700.7801377773285,-0.07433923443305086,24.70905797101452,0.2743343119207176,-0.5977555334184989,
Kwale,2023,short_rains,860.102785602212,1.0369223114500472,25.922930524759817,0.36783873137328443,0.303062195830487,
Kwale,2024,long_rains,470.19096936658025,-0.337893329799023,25.176649374176574,0.4936871727295804,1.0631580636146774,
Kwale,2024,short_rains,306.5844010822475,-0.20288573450619488,25.91853754940714,0.3308392929931063,-0.08467097085342745,
Laikipia,2009,short_rains,39.33061355352401,,18.267241721197724,,,4.315646408839779
Laikipia,2010,long_rains,541.6329739233479,,18.043502120890796,,,4.555320879120879
Laikipia,2010,short_rains,152.48951270757243,,18.381910569105713,,,4.555320879120879
Laikipia,2011,long_rains,454.35255537647754,,18.240538176033958,,,4.5769159340659336
Laikipia,2011,short_rains,350.135848486796,,17.515006940313327,,,4.5769159340659336
Laikipia,2012,long_rains,557.0034830123186,,17.74926630434785,,,4.591999456521739
Laikipia,2012,short_rains,241.43292091507465,,17.491489192940733,,,4.591999456521739
Laikipia,2013,long_rains,571.3201066851616,,17.69793279427362,,,4.71453152173913
Laikipia,2013,short_rains,231.81334319803864,,17.937685901249278,,,4.71453152173913
Laikipia,2014,long_rains,402.9492361135781,,18.108126325556757,,,
Laikipia,2014,short_rains,236.88066389691085,,18.13901744993062,,,
Laikipia,2015,long_rains,366.2797935642302,,18.525687301166514,,,
Laikipia,2015,short_rains,368.45225323643535,,18.32091116398971,,,
Laikipia,2016,long_rains,379.40329197607934,,18.379466463414655,,,
Laikipia,2016,short_rains,174.09234369266778,,18.717476700376782,,,
Laikipia,2017,long_rains,359.4338308479637,-0.8071335578364452,18.83826153234361,0.3166868643894112,-0.24597067790735883,
Laikipia,2017,short_rains,261.9290184471756,0.1611290214427897,18.195408487011722,0.44253446959107484,0.7248580618291153,
Laikipia,2018,long_rains,866.8627172857523,1.4084204127099966,17.335169671261955,0.5577456235658491,1.6134120108202616,
Laikipia,2018,short_rains,256.77074851095676,-0.12055401044999418,18.416795558199507,0.3398168248544085,-0.40219125865780453,
Laikipia,2019,long_rains,407.0739969694987,-0.7752881282343601,19.083377518557818,0.2432163611492341,-0.8870360615534599,
Laikipia,2019,short_rains,515.9852006398141,1.7302172092403554,17.61256295855644,0.43572216192708907,0.7837516258595967,
Laikipia,2020,long_rains,786.6074489923194,0.887637904991379,18.10362871155888,0.4395991722249169,0.8918490621938663,
Laikipia,2020,short_rains,216.56373646762222,-0.4525675668510452,18.226192742415254,0.3926925330632846,0.35005912949131757,
Laikipia,2021,long_rains,361.2393175829202,-0.2096296900175887,18.35501988335103,0.3005968841213613,-0.4134708183976992,
Laikipia,2021,short_rains,148.74442832358181,-0.8870552371405785,18.76085167558995,0.31934660815047633,-0.5621405604923354,
Laikipia,2022,long_rains,306.42762749269605,-0.8260467384663016,18.62080196182399,0.23115140148635338,-1.0197804627832516,
Laikipia,2022,short_rains,207.16673586145043,-0.4495383739768324,18.528746777711703,0.25544622950411355,-1.3646616368135955,
Laikipia,2023,long_rains,460.83124019391835,-0.03052842444459906,18.798590270413598,0.3039389432542909,-0.36870308164725846,
Laikipia,2023,short_rains,347.4575259843841,0.4148254185504993,18.778747769185035,0.3781860106029089,-0.15976059916538457,
Laikipia,2024,long_rains,563.9134139097296,0.3525682212979187,18.6436002120891,0.44802661533455995,0.9675040328816568,
Laikipia,2024,short_rains,188.57145349495113,-0.39645646081519376,18.69830461293746,0.40846364081320213,0.6300852379490922,
Lamu,2009,short_rains,2.609819069504738,,27.249470715115336,,,4.315646408839779
Lamu,2010,long_rains,873.7379410229623,,26.537546583850954,,,4.555320879120879
Lamu,2010,short_rains,131.68447093106806,,27.45186991869921,,,4.555320879120879
Lamu,2011,long_rains,437.0371873509139,,26.929720496894433,,,4.5769159340659336
Lamu,2011,short_rains,361.99542558565736,,26.990847851335676,,,4.5769159340659336
Lamu,2012,long_rains,376.47864109184593,,26.809568544809252,,,4.591999456521739
Lamu,2012,short_rains,272.18319990765303,,27.61570267131245,,,4.591999456521739
Lamu,2013,long_rains,644.8235947005451,,26.21181566104705,,,4.71453152173913
Lamu,2013,short_rains,171.61906018480659,,27.322790774846546,,,4.71453152173913
Lamu,2014,long_rains,779.4171957047656,,26.5831710292813,,,
Lamu,2014,short_rains,233.18102433532476,,27.554133067861315,,,
Lamu,2015,long_rains,662.5751505671069,,26.742862688553704,,,
Lamu,2015,short_rains,283.6905474383384,,27.70870748299322,,,
Lamu,2016,long_rains,456.6969514284283,,26.95288819875779,,,
Lamu,2016,short_rains,108.51088995393366,,27.503026381284243,,,
Lamu,2017,long_rains,594.1654261425138,-0.1510522249612818,26.77147515527952,0.31631223079020077,-0.5780937965718054,
Lamu,2017,short_rains,130.19445113651454,-0.4817869287836511,27.463620374979282,0.5725563340047327,1.048073350138223,
Lamu,2018,long_rains,977.4059996446595,1.19679336364932,26.032705190771985,0.4459833749014795,0.924634729203024,
Lamu,2018,short_rains,181.45761591382325,-0.1864145613633784,27.43351418616229,0.5341789508305531,0.9301650271683864,
Lamu,2019,long_rains,541.7242539804429,-0.4264208022231227,27.051559449866925,0.3599889752820589,-0.5653654075565276,
Lamu,2019,short_rains,459.12862659603707,1.2177642640169248,27.049736187157812,0.5212402505790151,0.8780123986945791,
Lamu,2020,long_rains,724.4563238220289,0.6126526757945067,26.284149290150868,0.49710304299771546,0.8962731390067287,
Lamu,2020,short_rains,131.97318503633142,-0.5094969769599776,27.463930645428924,0.4396253471644644,-0.30783758346213996,
Lamu,2021,long_rains,305.7709436137229,-1.0205177956171814,26.463438331854505,0.3739972676835522,-0.4839722204597902,
Lamu,2021,short_rains,56.52386682713404,-0.9103811514286738,27.591539737846382,0.3291270368834639,-1.6732079682016792,
Lamu,2022,long_rains,498.2465768106049,-0.557858437596891,26.343371783496032,0.3252676320402635,-0.8924543890208018,
Lamu,2022,short_rains,136.2554771322757,-0.5173553018691356,27.294594325535115,0.39630156936789035,-0.7691327781208992,
Lamu,2023,long_rains,658.6130733862519,0.37825280975194003,26.795591171251136,0.3776988750421988,-0.4237507083015493,
Lamu,2023,short_rains,504.1712454594672,1.3713958455800002,27.66505060560812,0.4500704952089966,0.008589495935546346,
Lamu,2024,long_rains,519.2756624652538,-0.03184958879728976,27.196834516415286,0.574110194144631,1.5464538743121372,
Lamu,2024,short_rains,237.65462262928486,0.016274810807891543,27.877994676131344,0.4696889833029277,0.23469584122739065,
Machakos,2009,short_rains,38.12034237384796,,20.53491088180115,,,4.315646408839779
Machakos,2010,long_rains,391.65599721856415,,19.977664088628785,,,4.555320879120879
Machakos,2010,short_rains,271.4957957416773,,20.684712320200145,,,4.555320879120879
Machakos,2011,long_rains,230.59734043851495,,20.56573056020069,,,4.5769159340659336
Machakos,2011,short_rains,443.52183889225125,,20.784479362101337,,,4.5769159340659336
Machakos,2012,long_rains,438.91124174324796,,20.430199623745843,,,4.591999456521739
Machakos,2012,short_rains,400.4376164935529,,20.477609443402148,,,4.591999456521739
Machakos,2013,long_rains,430.8485745713115,,19.6738628762542,,,4.71453152173913
Machakos,2013,short_rains,259.1431026645005,,20.66611163227019,,,4.71453152173913
Machakos,2014,long_rains,290.54033219255507,,20.109977006688986,,,
Machakos,2014,short_rains,275.1753809368238,,21.067883051907465,,,
Machakos,2015,long_rains,396.18297848664224,,20.270275919732466,,,
Machakos,2015,short_rains,582.6312843300402,,20.933646028768003,,,
Machakos,2016,long_rains,324.41664302535355,,20.2431114130435,,,
Machakos,2016,short_rains,268.38705890625715,,20.934717010631665,,,
Machakos,2017,long_rains,224.59319374151528,-0.7326894936968179,20.71775292642143,0.2514150385473835,-0.6325941482370449,
Machakos,2017,short_rains,283.89500337280333,-0.46765465143268364,21.162761100687952,0.316943701429144,-0.4917065645810818,
Machakos,2018,long_rains,760.2770516518503,1.1413448759650342,19.533675794314405,0.6836656800679453,1.7340123489663324,
Machakos,2018,short_rains,376.1868846975267,-0.08210618104601101,20.672823639774883,0.33340766861975296,0.02601728658541395,
Machakos,2019,long_rains,235.9087728895247,-0.829063510891646,21.0130497491639,0.2559300250489033,-0.9167417990368586,
Machakos,2019,short_rains,963.3780886102468,1.839711970905352,20.27874140087557,0.4111987652711842,0.942082127761218,
Machakos,2020,long_rains,564.4163174306741,0.3378718645619239,20.17711642976591,0.4299829273165779,0.7638877561595345,
Machakos,2020,short_rains,294.45923902397044,-0.442291504280691,21.001411819887455,0.36239510078166165,0.23903110690054655,
Machakos,2021,long_rains,351.210178501904,-0.06838561612865675,20.136676421404704,0.3061756703299669,-0.3952364316581751,
Machakos,2021,short_rains,208.94542000070214,-0.7589269920207808,21.138472482801774,0.2933008276526717,-0.6598652122446425,
Machakos,2022,long_rains,240.3036570781842,-0.771679505054499,20.34734218227427,0.3275788598281787,-0.2226776464620317,
Machakos,2022,short_rains,296.4064707495272,-0.431636604945521,20.64957317073173,0.2919381217256969,-0.9921804314392558,
Machakos,2023,long_rains,337.73330210056156,-0.34956455887479393,20.509354096989988,0.33500519192083483,-0.5333561704715141,
Machakos,2023,short_rains,585.9920805171132,0.41893067172438636,21.228610068793017,0.3881586366612231,0.06949630423076741,
Machakos,2024,long_rains,830.8909350293884,1.2721659441194557,20.75674853678932,0.4742347663415729,0.9369848912259474,
Machakos,2024,short_rains,364.7348640728742,-0.07602670890405083,21.29696488294317,0.3854685940178859,0.7032231945933393,
Makueni,2009,short_rains,26.6859497949481,,22.300150467176337,,,4.315646408839779
Makueni,2010,long_rains,329.6730976551771,,21.900613238157064,,,4.555320879120879
Makueni,2010,short_rains,284.43999119102955,,22.58133600291229,,,4.555320879120879
Makueni,2011,long_rains,207.48069086717442,,22.454527092796905,,,4.5769159340659336
Makueni,2011,short_rains,368.55714789777994,,22.400958621526538,,,4.5769159340659336
Makueni,2012,long_rains,336.7019985774532,,22.361660447761214,,,4.591999456521739
Makueni,2012,short_rains,323.2420893451199,,22.42478582696277,,,4.591999456521739
Makueni,2013,long_rains,319.4062899276614,,21.590287962362126,,,4.71453152173913
Makueni,2013,short_rains,313.8081706184894,,22.329901710957433,,,4.71453152173913
Makueni,2014,long_rains,216.97805192694068,,21.751473069435455,,,
Makueni,2014,short_rains,289.7677577100694,,22.70940783885453,,,
Makueni,2015,long_rains,376.3007587338798,,22.05770279039587,,,
Makueni,2015,short_rains,494.55538774468005,,22.66015532095622,,,
Makueni,2016,long_rains,281.8473181175068,,22.182048182998077,,,
Makueni,2016,short_rains,287.4069801643491,,22.62378230797236,,,
Makueni,2017,long_rains,194.71240430977196,-0.55614838260641,22.35226476314084,0.27150875499364174,-0.8170342133584678,
Makueni,2017,short_rains,263.9026624057442,-0.5313757940285587,22.80315981070261,0.346120708558591,-0.6078215190159979,
Makueni,2018,long_rains,611.3998169759288,1.104078417733677,21.316741563919557,0.49256170267044386,0.8156636535281603,
Makueni,2018,short_rains,414.7724478626624,0.013823539542421104,22.368562067710254,0.3777376588816976,0.4131166138943267,
Makueni,2019,long_rains,186.1871995429974,-0.7340900605949575,22.804110155743047,0.23713432073425178,-1.0531129896972473,
Makueni,2019,short_rains,870.0884502455592,1.6465292889233754,22.008649435748115,0.4116880250288619,0.7091558866094156,
Makueni,2020,long_rains,424.1953104985878,0.13248243895535539,21.827919370538634,0.4631511299420797,0.8346800086967497,
Makueni,2020,short_rains,361.21595953870565,-0.22583831320202583,22.611299599563182,0.3972555991735631,0.7426911396577482,
Makueni,2021,long_rains,243.87319441977888,-0.0017003278216559299,22.006363562621697,0.3405451663353034,-0.2811518491875806,
Makueni,2021,short_rains,192.72096223011613,-0.779981199575218,23.00788617886181,0.30932210747041866,-0.6030781493715813,
Makueni,2022,long_rains,185.22161787562072,-0.8116200616350562,22.175971771576922,0.32516322810559295,-0.39638505355703796,
Makueni,2022,short_rains,250.1212757723406,-0.5950806141959726,22.406550175949544,0.2842514952317354,-1.106440244150152,
Makueni,2023,long_rains,279.13846569880843,-0.3144763322730299,22.345653796236235,0.31542442205179294,-0.49127248739209045,
Makueni,2023,short_rains,607.158451769501,0.5607753305167079,22.854368401893,0.38762279602213634,-0.128775428570854,
Makueni,2024,long_rains,538.893344211916,1.181474308242077,22.749717715769005,0.5047347836294721,1.1162681931813598,
Makueni,2024,short_rains,388.0419706366956,-0.08885223798072928,23.241192407527606,0.3782139032909095,0.3785445279417607,
Mandera,2009,short_rains,1.3737274780869484,,26.15357178978491,,,4.315646408839779
Mandera,2010,long_rains,222.74313371581957,,25.80763183898484,,,4.555320879120879
Mandera,2010,short_rains,58.310980662936345,,27.06410510755828,,,4.555320879120879
Mandera,2011,long_rains,74.10690085706301,,27.16446718327441,,,4.5769159340659336
Mandera,2011,short_rains,394.0157704243902,,25.051822460808367,,,4.5769159340659336
Mandera,2012,long_rains,137.90679256268777,,26.534479925109242,,,4.591999456521739
Mandera,2012,short_rains,144.34344573668204,,26.11359007274286,,,4.591999456521739
Mandera,2013,long_rains,315.5879738689255,,25.401965623049744,,,4.71453152173913
Mandera,2013,short_rains,174.3445548908785,,25.94076982922942,,,4.71453152173913
Mandera,2014,long_rains,186.38421274183202,,26.29475660495114,,,
Mandera,2014,short_rains,127.26673523080535,,26.138766483837113,,,
Mandera,2015,long_rains,203.1366496561095,,26.194364208446043,,,
Mandera,2015,short_rains,156.85440522502176,,26.602704321780088,,,
Mandera,2016,long_rains,212.64164412068203,,26.50293036197215,,,
Mandera,2016,short_rains,103.1929553290829,,26.32491033570625,,,
Mandera,2017,long_rains,150.463809968438,-0.46728729648449674,26.838716715207017,0.20525405022180188,-0.6230648283630696,
Mandera,2017,short_rains,149.48159834803573,-0.3511009035998103,26.541853191737683,0.24118702108979603,-0.30029440187134887,
Mandera,2018,long_rains,331.9542423840612,0.8912847354367758,25.339768826711076,0.21577116702425153,0.21826807158979478,
Mandera,2018,short_rains,201.98474251303196,0.5035900855101051,26.471333099933894,0.2889075644100767,0.13596967290328135,
Mandera,2019,long_rains,150.4876207151683,-0.13700157065116358,27.14882801123364,0.18242388900419215,-1.014345860380687,
Mandera,2019,short_rains,374.4737374416436,0.9356783407465473,25.514342786011618,0.42413607411390464,1.6633753637127,
Mandera,2020,long_rains,287.2017686748759,-0.13846253293674682,26.25129940711465,0.2602004287967168,0.8312874030438985,
Mandera,2020,short_rains,91.99977916222997,-0.4969731185041928,26.797385148014182,0.242485160448066,-0.3224229191458768,
Mandera,2021,long_rains,194.06378059461713,-0.31520063015056454,26.27542750156025,0.23355904832507904,0.09809201674933006,
Mandera,2021,short_rains,79.42307263647672,-0.6452734134896181,27.451522931497284,0.20654694103487756,-0.674080704220332,
Mandera,2022,long_rains,165.66422681467247,-0.6196442079363279,26.42614988558355,0.20856372028086226,-0.6482611459108434,
Mandera,2022,short_rains,92.80386201909278,-0.48703266605904066,27.10386781810404,0.15301535823216264,-1.191594381897614,
Mandera,2023,long_rains,294.4259650835302,0.2804562398603009,26.216151705845665,0.24078343940318994,-0.0409211794860986,
Mandera,2023,short_rains,529.1202646882739,1.1705398348269365,25.84091336989927,0.34033064230565735,0.5672080078596181,
Mandera,2024,long_rains,321.1157412136672,0.5058552628622229,26.763358643644704,0.26756242326712104,1.0440132704999188,
Mandera,2024,short_rains,81.83551798854023,-0.6294281594309269,27.11174277095904,0.2809312932374029,0.12183936265957322,
Marsabit,2009,short_rains,19.13511475874111,,27.42834295589334,,,4.315646408839779
Marsabit,2010,long_rains,181.18335052760085,,27.33594360428483,,,4.555320879120879
Marsabit,2010,short_rains,59.12745516287396,,28.28526831886677,,,4.555320879120879
Marsabit,2011,long_rains,73.09747053743922,,28.2985420604915,,,4.5769159340659336
Marsabit,2011,short_rains,334.02034092426766,,26.53678606496211,,,4.5769159340659336
Marsabit,2012,long_rains,198.75944794343377,,27.877520566407632,,,4.591999456521739
Marsabit,2012,short_rains,167.86061137134675,,27.380175955382754,,,4.591999456521739
Marsabit,2013,long_rains,284.8749982211739,,27.13787247076946,,,4.71453152173913
Marsabit,2013,short_rains,131.95016519236378,,28.040943272717758,,,4.71453152173913
Marsabit,2014,long_rains,154.61531286902027,,27.535251172722827,,,
Marsabit,2014,short_rains,101.98470182204619,,28.07077098307216,,,
Marsabit,2015,long_rains,201.18581509083742,,27.661346268290988,,,
Marsabit,2015,short_rains,159.41982676112093,,27.842825759658567,,,
Marsabit,2016,long_rains,192.51462600558443,,27.954092627599252,,,
Marsabit,2016,short_rains,87.31270565697923,,27.880120707487276,,,
Marsabit,2017,long_rains,133.04302978841588,-0.43184292919826756,28.29148139396486,0.0679107028441667,-0.9048587350505858,
Marsabit,2017,short_rains,143.4725796058774,-0.13679513346486807,27.980899545710436,0.15063387702893152,-0.046105424350673364,
Marsabit,2018,long_rains,355.1447043485241,1.022243656703506,26.19105545053562,0.27753392489827605,0.6025020128929818,
Marsabit,2018,short_rains,126.76881464821054,0.004785788569218556,27.877300184596056,0.11253596263457614,0.2621725816023733,
Marsabit,2019,long_rains,137.53647394139261,-0.8322713721340977,28.623568490513204,0.09959799270305357,-0.48025519677462913,
Marsabit,2019,short_rains,299.36961546796374,1.320638558760921,26.619820902556867,0.22455677253902495,0.7582362309530964,
Marsabit,2020,long_rains,283.32603712142736,0.13149977232067656,27.630923387943717,0.17831149941022076,0.46462366454558063,
Marsabit,2020,short_rains,115.41050916723907,-0.2297763499740418,28.090512024927015,0.11814462478107807,-0.3305902773817277,
Marsabit,2021,long_rains,125.7949981756974,-0.2164801337301249,27.70789863824128,0.11738281933103423,-0.11619775524272054,
Marsabit,2021,short_rains,69.36827832565177,-0.9533672199771744,28.570390270086282,0.0836567744904362,-0.6744508885780857,
Marsabit,2022,long_rains,142.5135543597862,-0.7620236857128456,27.67315427431212,0.08864364073290538,-0.545901520347463,
Marsabit,2022,short_rains,87.09476464078762,-0.5419079791040076,28.295694460809337,0.05368890055050864,-1.0378801645480136,
Marsabit,2023,long_rains,318.65656249737367,0.5218934691911782,27.227975652874054,0.1261415111468749,-0.2831034851243992,
Marsabit,2023,short_rains,278.05626612366177,0.9292145324775563,27.9311749996727,0.2662956210127707,0.9764335179985446,
Marsabit,2024,long_rains,279.93839619719074,0.5669812225599752,28.157600644122386,0.23301824763925874,1.2631910151012355,
Marsabit,2024,short_rains,117.976904183025,-0.392792197287604,28.460398900791148,0.13389558067938642,0.0921844243044857,
Meru,2009,short_rains,56.707707569003105,,19.94528455284555,,,4.315646408839779
Meru,2010,long_rains,556.4382430817932,,20.212717391304373,,,4.555320879120879
Meru,2010,short_rains,352.13116459641606,,20.197956741831593,,,4.555320879120879
Meru,2011,long_rains,402.57597334869206,,20.633447497949163,,,4.5769159340659336
Meru,2011,short_rains,767.1169397151098,,19.654830495474787,,,4.5769159340659336
Meru,2012,long_rains,525.4405943062156,,20.307114438064012,,,4.591999456521739
Meru,2012,short_rains,632.5940996930003,,19.693736769443188,,,4.591999456521739
Meru,2013,long_rains,557.1592745399103,,19.870020508613642,,,4.71453152173913
Meru,2013,short_rains,387.31123893894255,,19.835227795674207,,,4.71453152173913
Meru,2014,long_rains,432.2389686834067,,20.334514971287966,,,
Meru,2014,short_rains,458.39908158034086,,20.255330572173673,,,
Meru,2015,long_rains,608.5781190143898,,20.460308654634968,,,
Meru,2015,short_rains,738.3525687754154,,20.332356189599654,,,
Meru,2016,long_rains,424.8607057891786,,20.40392227235441,,,
Meru,2016,short_rains,402.578114554286,,20.178969167050184,,,
Meru,2017,long_rains,261.63821233808994,-0.7713424836545197,20.780348646431523,0.348475177818466,-0.3966037772437779,
Meru,2017,short_rains,490.3987991530448,-0.2912553585480566,20.26323669274431,0.4071415585168146,0.03705739126756,
Meru,2018,long_rains,1056.7905785003677,1.4286918647012623,19.437736874487307,0.6646873965849412,1.3535166164909556,
Meru,2018,short_rains,494.85030244104564,-0.16529928187911405,20.06404663291918,0.4057006877209855,0.07456878480814025,
Meru,2019,long_rains,342.786939880345,-0.6183233997632973,21.136207957342105,0.3697305637789472,-0.8412914043684866,
Meru,2019,short_rains,1279.241874344647,1.7447949588973621,19.738504371836193,0.487840092764735,0.6191843619464087,
Meru,2020,long_rains,869.863977348432,0.5470507317358672,20.22859721082857,0.5183965964372955,0.9114025982000226,
Meru,2020,short_rains,449.3162076510489,-0.4227364248671687,20.174391777880068,0.466022881769494,0.7438744761381839,
Meru,2021,long_rains,461.70353948231786,0.0701909180735043,20.15698933552094,0.4166327728583421,-0.29308700123004855,
Meru,2021,short_rains,279.1385069619864,-0.9384962971149969,20.42824359564353,0.3722737367852124,-0.5907320540674108,
Meru,2022,long_rains,294.1529050739482,-0.9522244547928972,20.20374692370798,0.3646217644779613,-0.8742383734789224,
Meru,2022,short_rains,462.6031107865274,-0.3272802382214449,19.876189599631868,0.2952857404113155,-1.4555419787495671,
Meru,2023,long_rains,737.5179432295263,0.059381496945894265,20.184815422477463,0.41581133187489283,-0.4727275571137572,
Meru,2023,short_rains,889.1878412887454,0.6492198444566947,20.277145267679114,0.4475178767379382,-0.21256852384908423,
Meru,2024,long_rains,697.6772530638264,0.23657532675418624,20.51217186218214,0.5382834678009575,1.2509707915754678,
Meru,2024,short_rains,485.8924934864044,-0.24894720272327533,20.531009023790013,0.4515242701274767,0.7965100062616249,
Migori,2009,short_rains,74.02107247710228,,21.276814750290384,,,4.315646408839779
Migori,2010,long_rains,778.0043338127434,,21.455236801242258,,,4.555320879120879
Migori,2010,short_rains,346.8099145516753,,21.219297328687595,,,4.555320879120879
Migori,2011,long_rains,734.656381865032,,21.176432453416172,,,4.5769159340659336
Migori,2011,short_rains,525.5277992039919,,20.739950638792124,,,4.5769159340659336
Migori,2012,long_rains,823.645791198127,,20.847173913043502,,,4.591999456521739
Migori,2012,short_rains,517.8103465586901,,20.9254036004646,,,4.591999456521739
Migori,2013,long_rains,774.3745702169836,,21.163946040372693,,,4.71453152173913
Migori,2013,short_rains,400.30707091093063,,21.227758420441372,,,4.71453152173913
Migori,2014,long_rains,645.2164939455688,,21.405258152173936,,,
Migori,2014,short_rains,346.33182393573225,,21.486980255516862,,,
Migori,2015,long_rains,768.9194652177393,,21.599935947204994,,,
Migori,2015,short_rains,640.8749234322459,,21.113908246225343,,,
Migori,2016,long_rains,593.5208666212857,,21.775865683229835,,,
Migori,2016,short_rains,261.51587419211864,,22.564939024390267,,,
Migori,2017,long_rains,716.6982712373137,-0.6259195905393605,22.100339673913066,0.42857166879066416,0.027717949391557806,
Migori,2017,short_rains,352.64241541549563,-0.7549812421292336,21.60605981416959,0.40463675874414,-0.3668928710005348,
Migori,2018,long_rains,838.801707746461,0.7850918068902626,20.829116847826107,0.48505530317835177,1.143978387947177,
Migori,2018,short_rains,444.9960651025176,-0.2629135494750828,21.89089430894311,0.418706102380397,-0.004810983786177929,
Migori,2019,long_rains,735.519853208214,-0.37132464178376506,21.900632763975178,0.40311794717017824,-0.7191725249326556,
Migori,2019,short_rains,882.9566817991436,1.0203767956921406,20.746753774680627,0.427001584600241,0.6104453803238264,
Migori,2020,long_rains,843.442591458559,0.50103364854654,21.223511257763995,0.4917047651860731,1.2477116452813986,
Migori,2020,short_rains,854.9102077633142,1.108831871943585,20.93401567944253,0.43409511096172415,0.7393601773688552,
Migori,2021,long_rains,687.6817756742239,0.01596485173220737,21.27357142857145,0.41437005160010704,-0.6899577616519825,
Migori,2021,short_rains,419.7257706001401,-1.0133278675251098,21.736367595818837,0.42809938216656,0.4216645050322998,
Migori,2022,long_rains,807.767801117152,0.18888351875083642,21.446187888198782,0.44017219341468583,0.14791496974165777,
Migori,2022,short_rains,468.48411357961595,-0.2686273170992588,21.257142857142878,0.346845081656109,-1.6156672668454697,
Migori,2023,long_rains,817.0292085185647,0.2762927810046116,21.67223990683232,0.4068191153476051,-0.6006196199878951,
Migori,2023,short_rains,725.7444683108479,0.43692668940040785,21.414892566782836,0.4000670131951647,0.06293479403729928,
Migori,2024,long_rains,597.819823756814,-0.7700223746013325,21.935625000000023,0.4365312765668318,-0.17624691647353266,
Migori,2024,short_rains,435.83835772485145,-0.26628538080744835,21.396145186335428,0.4134211717812805,0.15296626486990586,
Mombasa,2009,short_rains,10.817089974880219,,26.983699186991892,,,4.315646408839779
Mombasa,2010,long_rains,944.2291709184647,,25.71771739130437,,,4.555320879120879
Mombasa,2010,short_rains,184.8598175048828,,26.896341463414657,,,4.555320879120879
Mombasa,2011,long_rains,479.85217958688736,,26.059130434782627,,,4.5769159340659336
Mombasa,2011,short_rains,376.0892970263958,,26.586260162601647,,,4.5769159340659336
Mombasa,2012,long_rains,543.6189865469933,,25.930516304347847,,,4.591999456521739
Mombasa,2012,short_rains,352.05981570482254,,26.996666666666687,,,4.591999456521739
Mombasa,2013,long_rains,982.2424893379211,,25.41309782608698,,,4.71453152173913
Mombasa,2013,short_rains,328.38191893696785,,26.645121951219537,,,4.71453152173913
Mombasa,2014,long_rains,792.5547196865082,,25.63483695652176,,,
Mombasa,2014,short_rains,497.4534985423088,,26.809918699187012,,,
Mombasa,2015,long_rains,1176.9011746644974,,25.794483695652197,,,
Mombasa,2015,short_rains,565.6107354164124,,27.280040650406526,,,
Mombasa,2016,long_rains,768.6203506588936,,26.06519021739133,,,
Mombasa,2016,short_rains,242.8572697043419,,27.05947154471547,,,
Mombasa,2017,long_rains,995.343054652214,0.16710682504851893,25.70673913043481,,,
Mombasa,2017,short_rains,426.46091055870056,-0.12427599793813116,26.391056910569127,,,
Mombasa,2018,long_rains,1222.9640039205551,0.6759487821637361,25.29864130434785,0.4413978654115523,0.9690468291048302,
Mombasa,2018,short_rains,531.0027369260788,0.3187375440005114,26.73516260162604,0.3073826303884054,0.1570994276125398,
Mombasa,2019,long_rains,864.1274917777628,-0.2811756119089772,26.1013586956522,0.22196767057891265,-0.5347438381556908,
Mombasa,2019,short_rains,863.4748467206955,1.0423207475286673,26.617032520325225,0.3638334976750506,1.3055960299071776,
Mombasa,2020,long_rains,1457.00328511931,1.0913845473008117,25.615353260869586,0.3906273063887851,0.9871516784535778,
Mombasa,2020,short_rains,299.6784808039665,-0.5253920631933371,26.90865853658539,0.29711804097980626,0.2333789706188848,
Mombasa,2021,long_rains,600.4755621552467,-0.8512970849146901,25.7990489130435,0.20821673627936996,-0.8940465876145831,
Mombasa,2021,short_rains,122.79847928881645,-1.0186524746592365,27.192073170731728,0.20762381258259952,-1.449152293614696,
Mombasa,2022,long_rains,834.3039025068283,-0.7055515901279713,25.646141304347847,0.22637211904101093,-0.8079983954209001,
Mombasa,2022,short_rains,223.13061875104904,-0.6603647288448092,26.80268292682929,0.26080938881737004,-0.40218683792066917,
Mombasa,2023,long_rains,1044.4328838586807,0.15051506960863945,25.920407608695676,0.2690160789939594,-0.41563958064084766,
Mombasa,2023,short_rains,887.2629081308842,0.9158452674612493,27.212398373983763,0.30670353478545653,0.48431206285399436,
Mombasa,2024,long_rains,678.9539698325098,-0.2469309371700675,26.451440217391326,0.41633971197229536,1.1640131676249368,
Mombasa,2024,short_rains,346.32344114780426,0.051781705645085996,27.210000000000022,0.2875507969985821,0.076821989613297,
Murang'a,2009,short_rains,62.72697006165981,,17.65893025246044,,,4.315646408839779
Murang'a,2010,long_rains,809.9556167237461,,17.12705663615563,,,4.555320879120879
Murang'a,2010,short_rains,335.9838833101094,,17.515532734274732,,,4.555320879120879
Murang'a,2011,long_rains,479.22586242854595,,17.504445080091557,,,4.5769159340659336
Murang'a,2011,short_rains,586.9241850823164,,17.627599486521202,,,4.5769159340659336
Murang'a,2012,long_rains,950.9600754603744,,17.36792906178492,,,4.591999456521739
Murang'a,2012,short_rains,576.1386127024889,,17.349097133076615,,,4.591999456521739
Murang'a,2013,long_rains,921.5860711894929,,16.88201659038904,,,4.71453152173913
Murang'a,2013,short_rains,367.53784627467394,,17.600000000000023,,,4.71453152173913
Murang'a,2014,long_rains,554.1663408279419,,17.234533752860433,,,
Murang'a,2014,short_rains,374.17813488841057,,17.850243902439047,,,
Murang'a,2015,long_rains,760.6198056489229,,17.41738272311215,,,
Murang'a,2015,short_rains,688.8070072680712,,17.953363286264462,,,
Murang'a,2016,long_rains,697.3958625160158,,17.445629290617873,,,
Murang'a,2016,short_rains,346.2384924888611,,17.891240907145935,,,
Murang'a,2017,long_rains,474.33261132240295,-0.7370388878399711,17.84242562929064,0.4773601332120599,-0.1616673150777628,
Murang'a,2017,short_rains,387.64501095563173,-0.46488835824438074,18.046957637997455,0.5515754807933324,0.47003432700861986,
Murang'a,2018,long_rains,1602.9537811502814,1.4764075483436383,16.86567791762016,0.7670509670630276,1.484162251526126,
Murang'a,2018,short_rains,437.9061922430992,-0.08521694867674112,17.767667950363737,0.46593574123938963,-0.8423570788014039,
Murang'a,2019,long_rains,565.704399254173,-0.7653897806837535,18.115068649885607,0.46912343575809023,-0.48874145004203545,
Murang'a,2019,short_rains,1193.3398063331842,1.7452089601815164,17.61337612323494,0.6022985974294359,0.9259400394424212,
Murang'a,2020,long_rains,1200.2822908200324,0.6011925774382164,17.464076086956542,0.5506527281117319,0.23212555213652272,
Murang'a,2020,short_rains,423.5151561498642,-0.413755146905942,17.577462558836135,0.5980852842286787,0.8149942695792648,
Murang'a,2021,long_rains,615.364402025938,-0.42772075114146263,17.03200800915334,0.4960361151304786,-0.09404558104471299,
Murang'a,2021,short_rains,257.1508031114936,-0.8772891385961209,17.82766795036374,0.5353029147968505,-0.06854506212789029,
Murang'a,2022,long_rains,457.333320281381,-0.7877682115117607,17.15817219679636,0.5027749934147968,-0.14896343796901432,
Murang'a,2022,short_rains,406.3771639764309,-0.3218843620407192,17.51018399657683,0.409973150851207,-1.4255784460192895,
Murang'a,2023,long_rains,652.9707662910223,-0.3095136212164315,17.479104691075538,0.45078095092611115,-0.9902502521433231,
Murang'a,2023,short_rains,742.3041790649295,0.4636065066261735,18.149589216944822,0.5233886332588942,-0.39633372451225996,
Murang'a,2024,long_rains,1533.6845697835088,0.9498311266115248,17.78618135011444,0.6169415273158004,1.0490435235797722,
Murang'a,2024,short_rains,445.2221998497844,-0.045781512343785635,18.100509153318104,0.5693902982022042,0.6785237844334085,
Nairobi,2009,short_rains,82.7223379611969,,18.937899728997312,,,4.315646408839779
Nairobi,2010,long_rains,543.9318798184395,,18.168596014492774,,,4.555320879120879
Nairobi,2010,short_rains,239.572040989995,,18.89508130081303,,,4.555320879120879
Nairobi,2011,long_rains,289.6002886220813,,18.81087862318843,,,4.5769159340659336
Nairobi,2011,short_rains,415.8286877274513,,19.086924119241214,,,4.5769159340659336
Nairobi,2012,long_rains,645.9178089946508,,18.373007246376837,,,4.591999456521739
Nairobi,2012,short_rains,480.8733373731375,,18.70486449864501,,,4.591999456521739
Nairobi,2013,long_rains,583.5369194149971,,17.83962862318843,,,4.71453152173913
Nairobi,2013,short_rains,278.81446196883917,,19.033631436314387,,,4.71453152173913
Nairobi,2014,long_rains,328.3271391093731,,18.377871376811616,,,
Nairobi,2014,short_rains,287.24952821433544,,19.440650406504087,,,
Nairobi,2015,long_rains,435.75550469756126,,18.392083333333357,,,
Nairobi,2015,short_rains,508.7824690937996,,19.304783197832,,,
Nairobi,2016,long_rains,400.6812638565898,,18.551657608695674,,,
Nairobi,2016,short_rains,236.5490287542343,,19.352953929539318,,,
Nairobi,2017,long_rains,271.936081007123,-0.7235668792503347,19.16749094202901,,,
Nairobi,2017,short_rains,240.76393429934978,-0.5260446512199819,19.528739837398394,0.34783330070198293,0.3455585218977292,
Nairobi,2018,long_rains,912.2267392277718,1.2532873765738284,17.565489130434806,,,
Nairobi,2018,short_rains,317.6780980080366,-0.2589279675421238,19.055650406504085,0.3718415229148895,0.2207775660930499,
Nairobi,2019,long_rains,315.2862731590867,-0.8088183950441782,19.319039855072486,0.2210305736997644,-0.6354700280171514,
Nairobi,2019,short_rains,853.4997472763062,1.8824759866163385,18.404105691056934,0.3521267514414384,0.409759131425864,
Nairobi,2020,long_rains,640.970333611127,0.34569304859493516,18.238614130434804,0.3870688287164261,0.7938788391169825,
Nairobi,2020,short_rains,263.9296303540468,-0.47663802163297353,19.207859078590808,0.3214969452823893,0.029326619403149918,
Nairobi,2021,long_rains,417.29556423425674,-0.22662206320957964,18.291050724637707,0.28334660738073497,0.016035053733198763,
Nairobi,2021,short_rains,217.40569742023945,-0.6530412170966927,19.399810298103002,0.29478160970768735,-0.22053043240650871,
Nairobi,2022,long_rains,243.98424270749092,-0.7416698362325366,18.549356884057996,0.2742763973506889,-0.11370267532139489,
Nairobi,2022,short_rains,241.8968577682972,-0.4608415882282452,19.042913279132815,0.16249661574592741,-1.6546695696932818,
Nairobi,2023,long_rains,342.5365438312292,-0.36770707875514225,18.75087862318843,0.1360684776619456,-1.3484367993647906,
Nairobi,2023,short_rains,495.43276259303093,0.2729923772585616,19.56046070460707,0.3595064261109689,0.12222166300470642,
Nairobi,2024,long_rains,1000.6308248465066,1.2694038273230077,18.947509057971036,0.4424863949591514,1.287695609853156,
Nairobi,2024,short_rains,356.04774379730225,0.22002508184511704,19.518043478260893,0.38660535430281256,0.9363351962722177,
Nakuru,2009,short_rains,47.332139138132334,,16.387694639658285,,,4.315646408839779
Nakuru,2010,long_rains,793.5154942814261,,15.814874723655146,,,4.555320879120879
Nakuru,2010,short_rains,192.90451191738248,,16.54494970373435,,,4.555320879120879
Nakuru,2011,long_rains,654.1429563816637,,16.2313577745026,,,4.5769159340659336
Nakuru,2011,short_rains,325.39589763619006,,16.09996003858346,,,4.5769159340659336
Nakuru,2012,long_rains,847.17033415474,,15.718235077376589,,,4.591999456521739
Nakuru,2012,short_rains,315.6745613887906,,15.927897202700862,,,4.591999456521739
Nakuru,2013,long_rains,837.0732104890049,,15.728766580692726,,,4.71453152173913
Nakuru,2013,short_rains,274.497420059517,,16.16452804189061,,,4.71453152173913
Nakuru,2014,long_rains,545.2906927624717,,15.976428703021394,,,
Nakuru,2014,short_rains,221.54320622887462,,16.484613476643265,,,
Nakuru,2015,long_rains,564.8811344336718,,16.298458916728098,,,
Nakuru,2015,short_rains,388.2876124624163,,16.578748794267625,,,
Nakuru,2016,long_rains,674.5090535897762,,16.45800571112751,,,
Nakuru,2016,short_rains,206.939171156846,,16.918841118919687,,,
Nakuru,2017,long_rains,598.9991368604824,-0.8996894717057525,16.978770265291104,0.39613893122547567,-0.21542417612914955,
Nakuru,2017,short_rains,271.9950710693374,-0.1591434429875063,16.75392310872264,0.5251347589731078,0.826617204929302,
Nakuru,2018,long_rains,1224.3993334509432,1.524976511057112,15.391291451731785,0.5744528411021423,1.4452689254254838,
Nakuru,2018,short_rains,240.7411618102342,-0.534036893229326,16.765102659501192,0.47320140748691547,-0.07538431346934983,
Nakuru,2019,long_rains,612.2205991502851,-0.8683786504542238,17.113344694178355,0.305955334987795,-1.2198159756184577,
Nakuru,2019,short_rains,563.2332071177661,1.495625531626561,16.05857654678244,0.532539849183342,0.8413158012789911,
Nakuru,2020,long_rains,979.7000086084008,0.6483484774354578,16.062409727339745,0.5205144404001586,1.0656948152996566,
Nakuru,2020,short_rains,366.88762257341295,0.27526133936095243,16.441237425933604,0.5205393954401395,0.7402549581528287,
Nakuru,2021,long_rains,625.5037178872153,-0.318614955040065,16.12965825350039,0.4188758672700143,-0.0030572078450566607,
Nakuru,2021,short_rains,170.02015248127282,-1.1017680838208694,16.906495797161384,0.4278461819943103,-0.7612062507924461,
Nakuru,2022,long_rains,542.5583885740489,-0.6373164494930691,16.386316322770842,0.345340411632511,-0.7663357239019627,
Nakuru,2022,short_rains,302.30910611338913,-0.1449415028126835,16.660332093151464,0.3834460016490287,-1.4786425560282168,
Nakuru,2023,long_rains,576.0368357189,-0.19192403600706034,16.62839075165809,0.3621872354489686,-0.5996347674321099,
Nakuru,2023,short_rains,444.515120042488,0.24594852367632014,17.117177897202723,0.4472215280871091,-0.5621029940680363,
Nakuru,2024,long_rains,929.3039444070309,0.742598574207601,16.705618091378064,0.4919407005609091,0.7750604186767571,
Nakuru,2024,short_rains,279.04163498058915,-0.07694547181344798,16.644379145173197,0.5035092720784806,0.46914814999692855,
Nandi,2009,short_rains,67.5969750881195,,17.629915164369056,,,4.315646408839779
Nandi,2010,long_rains,1154.9577506706119,,17.12027173913046,,,4.555320879120879
Nandi,2010,short_rains,367.0135435052216,,17.65373276776248,,,4.555320879120879
Nandi,2011,long_rains,1125.153827600181,,17.10895557655957,,,4.5769159340659336
Nandi,2011,short_rains,493.7430750578642,,17.265040650406526,,,4.5769159340659336
Nandi,2012,long_rains,1207.5686202775687,,16.744392722117226,,,4.591999456521739
Nandi,2012,short_rains,580.6134044602513,,17.24517497348889,,,4.591999456521739
Nandi,2013,long_rains,1188.19371791929,,16.83318525519851,,,4.71453152173913
Nandi,2013,short_rains,411.2480870112777,,17.35426652527397,,,4.71453152173913
Nandi,2014,long_rains,1092.6812653541565,,17.134846408317603,,,
Nandi,2014,short_rains,367.3210642039776,,17.64642983386358,,,
Nandi,2015,long_rains,982.3046531677246,,17.40975425330815,,,
Nandi,2015,short_rains,546.0251968838274,,17.510367621067537,,,
Nandi,2016,long_rains,1101.6035240963101,,17.61216446124766,,,
Nandi,2016,short_rains,264.0868950840086,,18.612011311417486,,,
Nandi,2017,long_rains,1110.4413574300706,-0.5902408338510655,17.76412570888471,0.6523990042531697,0.795670439513901,
Nandi,2017,short_rains,391.9425861723721,-0.4072678016424507,17.838388123011686,0.6719859403638749,0.8138758585435953,
Nandi,2018,long_rains,1486.6712769903243,1.4010484623593156,16.480349716446145,0.7155254809725813,1.4118329536267344,
Nandi,2018,short_rains,367.206608296372,-0.4873020101797752,17.96371155885474,0.651124512834144,0.512384267721585,
Nandi,2019,long_rains,1008.2586396988481,-1.2400135723671455,17.821434310018926,0.5277225700566482,-0.8009673651260255,
Nandi,2019,short_rains,769.4706062600017,1.0968786045943408,17.023365146694967,0.641761667588772,0.2670289049159234,
Nandi,2020,long_rains,1603.9840581864119,0.4644696169167619,17.045621455576583,0.6322460518807732,0.43548708133483854,
Nandi,2020,short_rains,660.4824680276215,0.6620446722513861,17.43902085542597,0.6776849663307748,0.9680233946941906,
Nandi,2021,long_rains,1221.8481740616262,0.5635862584444018,17.249144612476393,0.6027894475203569,0.07703925997937444,
Nandi,2021,short_rains,328.6952519547194,-1.0979650758212547,18.158402262283513,0.5980346917322795,-0.5029309608703301,
Nandi,2022,long_rains,1135.51489681378,-0.5977638912663523,17.230170132325163,0.5433627244407262,-0.6278402999325232,
Nandi,2022,short_rains,529.8420815821737,0.2757423465116671,17.720130788264427,0.5426098041948536,-1.3647256427682761,
Nandi,2023,long_rains,1211.9025933891535,0.16994200199876722,17.41631852551987,0.4993678232599939,-1.1196087849020577,
Nandi,2023,short_rains,624.2007421851158,0.11301808655942902,17.88772711205375,0.5663124334180029,-0.6380785705463791,
Nandi,2024,long_rains,1124.3641306757927,-0.17102804223468293,17.738445179584144,0.6213453680467181,0.29899770004800397,
Nandi,2024,short_rains,435.5499240853824,-0.15514882227334234,17.701290170132346,0.6131358014077969,-0.055577251690308804,
Narok,2009,short_rains,94.01567202853039,,18.47004742547428,,,4.315646408839779
Narok,2010,long_rains,593.5103451479226,,17.69400551026573,,,4.555320879120879
Narok,2010,short_rains,260.43567543150857,,18.545948509485125,,,4.555320879120879
Narok,2011,long_rains,497.99934087414294,,18.21135831823674,,,4.5769159340659336
Narok,2011,short_rains,386.98151553049684,,18.121413166215024,,,4.5769159340659336
Narok,2012,long_rains,725.4161036256701,,17.421513435990363,,,4.591999456521739
Narok,2012,short_rains,403.2418753448874,,18.047227868112046,,,4.591999456521739
Narok,2013,long_rains,733.5125574078411,,17.278105374396162,,,4.71453152173913
Narok,2013,short_rains,282.83695571962744,,18.218953252032552,,,4.71453152173913
Narok,2014,long_rains,475.0233908230439,,17.895164930555584,,,
Narok,2014,short_rains,229.17603747732937,,18.571690943992802,,,
Narok,2015,long_rains,647.0776144927368,,18.000892964975872,,,
Narok,2015,short_rains,468.3822458572686,,18.360210591689277,,,
Narok,2016,long_rains,560.1452802401036,,18.120320425724664,,,
Narok,2016,short_rains,228.35692093148828,,19.27150237127374,,,
Narok,2017,long_rains,482.09911265876144,-0.9191504473259947,18.964549743357516,0.49470852710928376,-0.09869196376644544,
Narok,2017,short_rains,301.99204847961664,-0.49130258200566485,18.812270776874463,0.43086766386339387,0.08698357720010279,
Narok,2018,long_rains,1047.9999361289665,1.3811261823471421,16.918033665458964,0.6281189491645289,1.409770483406178,
Narok,2018,short_rains,275.2476568520069,-0.6371547227882919,18.904942976513126,0.4047926786253752,-0.5518248171223888,
Narok,2019,long_rains,538.3436286589131,-0.8590841534852425,18.86783250301935,0.4165792971171926,-1.2088592269621983,
Narok,2019,short_rains,733.2098970692605,1.5564816488623447,17.644187556458924,0.4851437821210267,0.6437050470315488,
Narok,2020,long_rains,812.423528868705,0.4743660418345829,17.348284646739156,0.5916083891446795,1.0233061445620022,
Narok,2020,short_rains,401.22322070458904,0.4018337645749061,18.241463979223152,0.48338119601826895,1.0482984474474517,
Narok,2021,long_rains,573.6137218372896,-0.21853040970807724,17.454861865942057,0.5130221107296004,0.010225528421790142,
Narok,2021,short_rains,245.47653860226274,-1.0560809760752123,19.122419263776003,0.3911521888600915,-0.5959594330973496,
Narok,2022,long_rains,523.1980672134086,-0.5156016225227489,17.966780646135295,0.4977198196864589,-0.19373686173367669,
Narok,2022,short_rains,349.558913606219,-0.1789096567810907,18.829929426377625,0.3356047238899338,-1.5722931130127356,
Narok,2023,long_rains,587.2941829995252,-0.22486453122411812,18.154397267512106,0.42016146588606335,-1.039452779122912,
Narok,2023,short_rains,615.290716862306,0.3939393453284074,18.728969060523962,0.4473674098956044,0.06596277760882863,
Narok,2024,long_rains,844.6828485922888,0.8817389400844563,18.186171497584567,0.5548742399505009,0.5673621696639853,
Narok,2024,short_rains,347.23475324735045,0.01119317888460151,18.45944217995172,0.4873735740010729,0.8751275139445404,
Nyamira,2009,short_rains,91.11150741577148,,18.274367015098747,,,4.315646408839779
Nyamira,2010,long_rains,1079.4373198747635,,18.150388198757785,,,4.555320879120879
Nyamira,2010,short_rains,436.69146586954594,,18.117526132404205,,,4.555320879120879
Nyamira,2011,long_rains,901.9127932339907,,17.92607142857145,,,4.5769159340659336
Nyamira,2011,short_rains,553.9649593383074,,18.02070847851338,,,4.5769159340659336
Nyamira,2012,long_rains,1212.760945007205,,17.63674689440996,,,4.591999456521739
Nyamira,2012,short_rains,646.3952722996473,,17.958826945412333,,,4.591999456521739
Nyamira,2013,long_rains,1058.218607597053,,17.73683229813667,,,4.71453152173913
Nyamira,2013,short_rains,478.13398376107216,,18.09720092915217,,,4.71453152173913
Nyamira,2014,long_rains,997.3074933290482,,18.0375388198758,,,
Nyamira,2014,short_rains,390.2442640811205,,18.46560975609758,,,
Nyamira,2015,long_rains,1065.8675854057074,,18.402725155279526,,,
Nyamira,2015,short_rains,739.4634941965342,,18.284367015098745,,,
Nyamira,2016,long_rains,1019.9003602862358,,18.460970496894433,,,
Nyamira,2016,short_rains,337.4715299680829,,19.047584204413496,,,
Nyamira,2017,long_rains,1014.1119375228882,-0.8284665089110318,18.775923913043503,0.7205293398971646,1.0282423670285568,
Nyamira,2017,short_rains,449.85229256004095,-0.7210252262933706,18.57686411149828,0.6977767153917956,0.6512640086539021,
Nyamira,2018,long_rains,1242.5751116126776,1.216328059618151,17.429689440993812,0.732961846035932,1.220319492879739,
Nyamira,2018,short_rains,565.8335582613945,-0.2215224918713458,18.767456445993055,0.6785553443376682,-0.1175379854942946,
Nyamira,2019,long_rains,969.7462591677904,-0.9581808994098141,18.779914596273315,0.6390978697163234,-0.423685273413314,
Nyamira,2019,short_rains,1062.4056495130062,1.00245306134212,17.93495934959352,0.6775584384041745,0.29583731543644487,
Nyamira,2020,long_rains,1236.4805547446012,0.3012497348610288,18.035582298136667,0.6881760805055371,0.49282253663232983,
Nyamira,2020,short_rains,933.2153376191854,0.9097701527079858,18.1846573751452,0.6826312083760412,0.3681258007152561,
Nyamira,2021,long_rains,1117.7677814215422,0.10235885654349951,18.01959627329195,0.6401476212842144,-0.2639362439727894,
Nyamira,2021,short_rains,452.70545452833176,-1.063955189798256,18.669593495934983,0.6811990292027968,0.3050916049077597,
Nyamira,2022,long_rains,1131.9567205905914,0.09598858299234052,18.187740683229837,0.6231720160653879,-0.5798125933058867,
Nyamira,2022,short_rains,700.7678845524788,0.07345694656933192,18.326492450638817,0.6330770731426337,-0.8540010549776924,
Nyamira,2023,long_rains,1171.405466593802,0.25914921795906315,18.346925465838535,0.6153034581661224,-0.8110045722690552,
Nyamira,2023,short_rains,927.7778037190437,0.29837097222419484,18.5352148664344,0.6546130214792423,-0.4470277398132973,
Nyamira,2024,long_rains,1026.5959463492036,-0.188427043653237,18.568571428571452,0.6426574891228317,-0.25617254928634137,
Nyamira,2024,short_rains,550.6408941298723,-0.27754822488066055,18.296381987577664,0.6613995516516541,-0.24093127792617017,
Nyandarua,2009,short_rains,54.475459441542625,,14.170153220763,,,4.315646408839779
Nyandarua,2010,long_rains,855.5947824828327,,14.07903010033447,,,4.555320879120879
Nyandarua,2010,short_rains,225.50844379514456,,14.196275797373382,,,4.555320879120879
Nyandarua,2011,long_rains,760.942681722343,,14.179650919732465,,,4.5769159340659336
Nyandarua,2011,short_rains,412.35679150372744,,13.932460913070692,,,4.5769159340659336
Nyandarua,2012,long_rains,991.7329813688993,,13.902671404682298,,,4.591999456521739
Nyandarua,2012,short_rains,356.71816760860384,,13.79512820512823,,,4.591999456521739
Nyandarua,2013,long_rains,907.3905315026641,,13.938902591973267,,,4.71453152173913
Nyandarua,2013,short_rains,314.05456326529384,,14.00700125078176,,,4.71453152173913
Nyandarua,2014,long_rains,591.8596988506615,,13.97247909698999,,,
Nyandarua,2014,short_rains,263.8344398587942,,14.17734834271422,,,
Nyandarua,2015,long_rains,597.6357377246022,,14.380087792642163,,,
Nyandarua,2015,short_rains,474.6862875632942,,14.482367104440298,,,
Nyandarua,2016,long_rains,670.5227761268616,,14.551525919732466,,,
Nyandarua,2016,short_rains,239.95113268122077,,14.408067542213905,,,
Nyandarua,2017,long_rains,575.116771787405,-0.7968124823429289,14.776141304347847,0.42560784198663626,-0.40074639129338646,
Nyandarua,2017,short_rains,323.29758082330227,-0.06793366070965651,14.310440900562876,0.6197935719654072,1.2534443082152242,
Nyandarua,2018,long_rains,1392.5286347679794,1.482788517648969,13.72489757525086,0.5855616051579033,0.9914199365130134,
Nyandarua,2018,short_rains,307.5250798650086,-0.2130399438601427,14.396407129455934,0.5636297989429142,0.40001348293015093,
Nyandarua,2019,long_rains,651.3691657334566,-0.7878522383753322,15.074529682274271,0.3728528733532151,-0.928112067816628,
Nyandarua,2019,short_rains,618.5249160304666,1.5995920616194814,14.192467166979386,0.5838031535193414,0.6374610033963174,
Nyandarua,2020,long_rains,1102.4129898548126,0.728814394327505,14.294383361204035,0.5953979005601323,1.2282297232498085,
Nyandarua,2020,short_rains,353.85192561522126,-0.13377771407147973,14.195716072545364,0.54829856344527,0.14176221844187392,
Nyandarua,2021,long_rains,606.085060518235,-0.3772220088404194,14.14066680602009,0.48648994437226367,0.201807982664052,
Nyandarua,2021,short_rains,193.06480876356363,-0.9785514295405763,14.46703877423392,0.5259217088691546,-0.14922340631721281,
Nyandarua,2022,long_rains,466.6476678941399,-0.7370804017212724,14.211757943143835,0.3706154248195084,-0.9466572597810073,
Nyandarua,2022,short_rains,298.0604756511748,-0.33397051292653773,13.962623514696709,0.4617348939444144,-1.0272075368961413,
Nyandarua,2023,long_rains,568.7572372332215,-0.2992412536129025,14.446787207357884,0.37758102509971475,-0.8087238334807276,
Nyandarua,2023,short_rains,458.63587149977684,0.27306367974819207,14.694168230143863,0.4405924937709485,-1.4321739390049713,
Nyandarua,2024,long_rains,1059.527375061065,0.7866054729163817,14.676789297658885,0.5699180544023917,0.9932552221158776,
Nyandarua,2024,short_rains,292.02031123638153,-0.1453824802592806,14.2444857859532,0.5501451237068956,0.1759238692347611,
Nyeri,2009,short_rains,49.86760854721069,,14.668476362541426,,,4.315646408839779
Nyeri,2010,long_rains,742.327398777008,,14.305664251207752,,,4.555320879120879
Nyeri,2010,short_rains,299.0956879854202,,14.510620295091861,,,4.555320879120879
Nyeri,2011,long_rains,613.8533787988126,,14.432727455716611,,,4.5769159340659336
Nyeri,2011,short_rains,556.786684859544,,14.529930743751905,,,4.5769159340659336
Nyeri,2012,long_rains,893.1211218982935,,14.276976650563629,,,4.591999456521739
Nyeri,2012,short_rains,469.1223665624857,,14.392174043962685,,,4.591999456521739
Nyeri,2013,long_rains,760.5873724333942,,14.09822463768118,,,4.71453152173913
Nyeri,2013,short_rains,347.38955464586616,,14.599768142125887,,,4.71453152173913
Nyeri,2014,long_rains,618.722750198096,,14.233240740740763,,,
Nyeri,2014,short_rains,387.49010457471013,,14.791529659741064,,,
Nyeri,2015,long_rains,684.7778605185449,,14.576672705314031,,,
Nyeri,2015,short_rains,658.132653247565,,15.041126166817246,,,
Nyeri,2016,long_rains,627.5902826450765,,14.649989935587783,,,
Nyeri,2016,short_rains,320.60919081419706,,14.730448660042178,,,
Nyeri,2017,long_rains,462.20220697671175,-0.8396502775237228,14.794412238325304,0.5025612777121244,-0.4674150065869041,
Nyeri,2017,short_rains,385.3159637078643,-0.364557588511014,14.84936464920207,0.6094268791461782,0.7952612232604972,
Nyeri,2018,long_rains,1310.5979367606342,1.395168634779291,14.022469806763308,0.6185163330543095,0.5837534907461903,
Nyeri,2018,short_rains,460.72151102498174,-0.08575122426649202,14.807624209575451,0.5344529475274898,0.04475861128859604,
Nyeri,2019,long_rains,603.3515735380352,-0.6758701837299874,15.124847020934,0.5181976253237847,-0.5425709513898277,
Nyeri,2019,short_rains,948.4949400499463,1.7753345226851538,14.83652514302923,0.6174404419429866,0.8382014115689599,
Nyeri,2020,long_rains,1157.1200775764883,0.8665690791809976,14.747493961352678,0.6284057084043368,0.8381722384796039,
Nyeri,2020,short_rains,474.83766523748636,-0.2483554171392599,14.776025293586292,0.5932325711690037,0.6399538836435763,
Nyeri,2021,long_rains,594.2882770784199,-0.25833189062433676,14.315996376811617,0.5480522947982592,-0.07323394345413181,
Nyeri,2021,short_rains,254.36190197244287,-1.0183293246486536,14.922628726287286,0.51050668045468,-0.3352369381174804,
Nyeri,2022,long_rains,466.9171436019242,-0.8558581960983759,14.33159621578102,0.49120192808001467,-0.6904686284308289,
Nyeri,2022,short_rains,394.48993292823434,-0.32038876556841506,14.460954531767563,0.3837185815535808,-1.639400840705732,
Nyeri,2023,long_rains,676.6454325802624,-0.27713580835934365,14.685632045088589,0.4949611891343433,-1.016495623504628,
Nyeri,2023,short_rains,627.9942066855729,0.4092080597155187,15.336064438422184,0.47042926948874214,-0.8568064446042488,
Nyeri,2024,long_rains,1082.410382244736,0.6451086423754776,15.06214774557168,0.6505132628238238,1.251232916664656,
Nyeri,2024,short_rains,389.7403120100498,-0.14716026226683784,14.97514090177136,0.5805313521664556,0.5281886307620295,
Samburu,2009,short_rains,28.505692120525058,,23.227644189383106,,,4.315646408839779
Samburu,2010,long_rains,341.43029889510944,,23.327788043478296,,,4.555320879120879
Samburu,2010,short_rains,116.25002528564073,,23.542977522716438,,,4.555320879120879
Samburu,2011,long_rains,201.37439298513345,,23.892059143222543,,,4.5769159340659336
Samburu,2011,short_rains,373.58493865840137,,22.497616929698744,,,4.5769159340659336
Samburu,2012,long_rains,340.2899956139736,,23.37098657289006,,,4.591999456521739
Samburu,2012,short_rains,257.54127834783867,,22.914229076996687,,,4.591999456521739
Samburu,2013,long_rains,405.3088807426393,,22.977954923273693,,,4.71453152173913
Samburu,2013,short_rains,176.3671994782053,,23.225008130081335,,,4.71453152173913
Samburu,2014,long_rains,259.58103416115046,,23.62430338874684,,,
Samburu,2014,short_rains,176.91095108771697,,23.449695361071292,,,
Samburu,2015,long_rains,288.899909818545,,23.723648017902846,,,
Samburu,2015,short_rains,263.41749880602583,,23.569631276901042,,,
Samburu,2016,long_rains,225.10878580855206,,23.7005971867008,,,
Samburu,2016,short_rains,137.53386000171304,,23.626561453849867,,,
Samburu,2017,long_rains,191.7416937756352,-0.8082100181447789,24.113250639386226,0.2299444578802181,-0.6285355616550742,
Samburu,2017,short_rains,226.7815948172938,0.12434197691396665,23.41179196556675,0.31945995824603485,0.3047339625861576,
Samburu,2018,long_rains,601.0726224174723,1.4297057232941455,22.146841751918192,0.44819612547643195,1.5103429331910014,
Samburu,2018,short_rains,215.2655181903392,-0.08538198845885263,23.421798182687745,0.2601013390559812,-0.25591079422975266,
Samburu,2019,long_rains,234.83156077982858,-0.7600900658275677,24.47430434782612,0.22359015464313095,-0.7052347050404223,
Samburu,2019,short_rains,435.70452899392694,1.4955850635063257,22.604555236728874,0.34828344774238623,0.8310640767317702,
Samburu,2020,long_rains,518.110048139235,0.6343490817530256,23.36465569053712,0.3695530503971238,0.7974334331320768,
Samburu,2020,short_rains,168.86522915959358,-0.43626970287134953,23.50594021999047,0.31095359922066257,0.4843210400205183,
Samburu,2021,long_rains,212.51409484865144,-0.17337322324653712,23.658283887468063,0.2606910178162156,-0.31230668505207565,
Samburu,2021,short_rains,102.68089254293591,-0.9759450780285057,24.1159253945481,0.23454945545851422,-0.5857287491066437,
Samburu,2022,long_rains,219.72436085855588,-0.7420386114196186,23.58559526854223,0.20372209959359266,-0.897888679796902,
Samburu,2022,short_rains,151.19262939388864,-0.5512720587759645,23.52592252510764,0.1877342017853457,-1.413457659609805,
Samburu,2023,long_rains,407.2691321093589,0.22494942080939798,23.347673593350414,0.24227624235359124,-0.5107169248533009,
Samburu,2023,short_rains,326.83420095639303,0.7220940481436902,23.64131994261122,0.2993997377169653,-0.12769728365135738,
Samburu,2024,long_rains,369.8089505061507,0.19470769278193337,23.786938938618956,0.41424988411347546,1.2503538344716965,
Samburu,2024,short_rains,171.83346764557064,-0.2931522604293098,24.250631074168826,0.32211153553304056,0.762675407259111,
Siaya,2009,short_rains,57.1609565988183,,22.553052985702294,,,4.315646408839779
Siaya,2010,long_rains,863.8221881911159,,22.53247563718143,,,4.555320879120879
Siaya,2010,short_rains,295.30923631507903,,22.63586206896554,,,4.555320879120879
Siaya,2011,long_rains,786.4312348552048,,22.312170164917564,,,4.5769159340659336
Siaya,2011,short_rains,521.0809725560248,,22.31573310905525,,,4.5769159340659336
Siaya,2012,long_rains,878.9747539684176,,22.124964392803623,,,4.591999456521739
Siaya,2012,short_rains,603.6830730885267,,22.544317353518384,,,4.591999456521739
Siaya,2013,long_rains,855.8432612400502,,22.31678035982011,,,4.71453152173913
Siaya,2013,short_rains,388.341592207551,,22.737883375385504,,,4.71453152173913
Siaya,2014,long_rains,846.5806793868542,,22.59669415292356,,,
Siaya,2014,short_rains,411.69028421863914,,23.065466778805742,,,
Siaya,2015,long_rains,864.0323606450111,,22.769782608695674,,,
Siaya,2015,short_rains,721.8240646645427,,22.545164003364192,,,
Siaya,2016,long_rains,787.8751987889409,,22.92789355322341,,,
Siaya,2016,short_rains,259.21311208605766,,23.70056910569108,,,
Siaya,2017,long_rains,863.4698418844491,-0.23952373497985993,23.005489130434803,0.31249681457192807,-0.3956373486330813,
Siaya,2017,short_rains,317.20392765663564,-0.747744939475761,23.005576114381856,0.3495068711219755,0.13460136006346549,
Siaya,2018,long_rains,978.3992156945169,0.6352405498453514,21.93017803598203,0.4074991094196281,1.2353202864703436,
Siaya,2018,short_rains,443.15264392644167,-0.08753242611580252,22.959296327446058,0.3585833375409345,0.14587001397490054,
Siaya,2019,long_rains,788.523698695004,-0.7030656926270294,22.825011244377833,0.29324135819160285,-1.0691017792371886,
Siaya,2019,short_rains,848.7943371087313,1.0775323715890113,22.23153630501825,0.30771432981460495,-0.37607048777738705,
Siaya,2020,long_rains,1046.6079114377499,0.2215885296361011,22.358202773613215,0.3746077797695842,0.6397399173880088,
Siaya,2020,short_rains,803.8286437764764,0.6369314822735098,22.386820857863775,0.37478985750355204,0.6343375798941325,
Siaya,2021,long_rains,872.2329357787967,0.3957037493003189,22.32303223388308,0.342603597104486,0.04726611703539996,
Siaya,2021,short_rains,345.53692804276943,-1.011113819540002,23.095747126436805,0.3835583522978214,1.0172584776931028,
Siaya,2022,long_rains,831.5370866507292,-0.345660185609779,22.40699587706149,0.3544098097519042,0.3177156443769465,
Siaya,2022,short_rains,469.1667850241065,-0.11299006905667038,22.491897953462313,0.27033178144540243,-1.2038259208223234,
Siaya,2023,long_rains,1005.249519366771,0.42975538991283263,22.7147095202399,0.32782203628365275,0.15665229131940053,
Siaya,2023,short_rains,676.6630336120725,0.25741333583960757,22.75501541911973,0.3545772785333847,0.017174730626821844,
Siaya,2024,long_rains,830.2673925999552,-0.39403860547793573,23.072878560719662,0.3176414512436329,-0.5201816998963852,
Siaya,2024,short_rains,506.87364537100075,-0.012495935513892812,22.719389055472288,0.3253670467062426,-0.3207224156610808,
Taita Taveta,2009,short_rains,35.75520174577832,,24.28578571428575,,,4.315646408839779
Taita Taveta,2010,long_rains,282.88762049842626,,23.261046583850963,,,4.555320879120879
Taita Taveta,2010,short_rains,177.8525881189853,,24.453301974448348,,,4.555320879120879
Taita Taveta,2011,long_rains,209.29369833739474,,23.57231250000003,,,4.5769159340659336
Taita Taveta,2011,short_rains,329.52422345103696,,24.324851335656245,,,4.5769159340659336
Taita Taveta,2012,long_rains,212.61388122756034,,23.517175077639784,,,4.591999456521739
Taita Taveta,2012,short_rains,299.17588688153774,,24.441580720092947,,,4.591999456521739
Taita Taveta,2013,long_rains,308.4167771479115,,22.964499223602516,,,4.71453152173913
Taita Taveta,2013,short_rains,289.4718149420805,,24.288145760743355,,,4.71453152173913
Taita Taveta,2014,long_rains,291.8523935661651,,23.06079619565221,,,
Taita Taveta,2014,short_rains,307.4205074738711,,24.55986469221838,,,
Taita Taveta,2015,long_rains,335.97791368095204,,23.339229813664627,,,
Taita Taveta,2015,short_rains,409.31481253542006,,24.583616144018617,,,
Taita Taveta,2016,long_rains,259.8393116486259,,23.478300077639787,,,
Taita Taveta,2016,short_rains,220.47662739362568,,24.49853077816496,,,
Taita Taveta,2017,long_rains,246.12362311547622,-0.07874922138490244,23.48078804347829,0.2788394774727345,-0.44289715414988096,
Taita Taveta,2017,short_rains,244.87392712035216,-0.45264009835776503,24.20377642276426,0.2659199261792232,-0.11778930877933202,
Taita Taveta,2018,long_rains,518.0149678797461,0.9560181146206888,22.553524456521767,0.5067329703008226,1.1930186342240365,
Taita Taveta,2018,short_rains,360.3662972911261,0.1416817867308144,24.35540185830433,0.3294423434581737,0.5759765569714806,
Taita Taveta,2019,long_rains,264.9574973769486,0.07942769699745862,23.800137034161526,0.2411760496995755,-0.7207430671957678,
Taita Taveta,2019,short_rains,709.4798917323351,1.406237844871356,23.77303948896635,0.3965987009631801,1.5212026705904893,
Taita Taveta,2020,long_rains,439.49347627664974,0.4100181101424165,22.832378881987612,0.46862957059846844,1.0240169748035732,
Taita Taveta,2020,short_rains,320.4326076002326,-0.2456569328030341,24.391137630662055,0.2909119288567028,0.126779704925607,
Taita Taveta,2021,long_rains,206.2243971223943,-0.3474515741091771,23.25043633540376,0.30346924736124986,-0.2511363506542707,
Taita Taveta,2021,short_rains,108.90645574685186,-1.065644697575266,24.820350754936154,0.210951294690368,-0.8264235014159111,
Taita Taveta,2022,long_rains,197.48386592464522,-0.7052248298670344,23.494317546583883,0.2187091790907928,-0.8815131294038189,
Taita Taveta,2022,short_rains,221.5012125573121,-0.5689511976058766,24.412410569105724,0.18554330343049144,-1.3741051669558786,
Taita Taveta,2023,long_rains,319.02020777761936,0.03757092765237332,23.55873059006214,0.22509902513712177,-0.8813102613989354,
Taita Taveta,2023,short_rains,565.407246523886,0.8878273400625183,24.41866318234614,0.2975822582878789,-0.12963406034303823,
Taita Taveta,2024,long_rains,296.2996414305817,-0.35160922405182315,23.838757763975185,0.44481687421792443,0.8129319690584375,
Taita Taveta,2024,short_rains,309.0974811837077,-0.10285404532274657,24.76169720496897,0.2883592009420967,0.18473000208014004,
Tana River,2009,short_rains,6.419770473614335,,27.41425273834733,,,4.315646408839779
Tana River,2010,long_rains,302.62421800603624,,26.83493324479241,,,4.555320879120879
Tana River,2010,short_rains,157.3521959441714,,27.8848678535017,,,4.555320879120879
Tana River,2011,long_rains,128.65944150206633,,27.37784705717882,,,4.5769159340659336
Tana River,2011,short_rains,255.30269844725262,,27.22136381460279,,,4.5769159340659336
Tana River,2012,long_rains,106.76854547229595,,27.359127289249283,,,4.591999456521739
Tana River,2012,short_rains,266.872180509381,,27.72489190390298,,,4.591999456521739
Tana River,2013,long_rains,230.1267231311649,,26.563784426114932,,,4.71453152173913
Tana River,2013,short_rains,190.82990473438986,,27.541342901210378,,,4.71453152173913
Tana River,2014,long_rains,235.5756193076959,,26.90412204669371,,,
Tana River,2014,short_rains,222.1584986774251,,27.80237706846523,,,
Tana River,2015,long_rains,224.91857086354867,,27.22676062491264,,,
Tana River,2015,short_rains,347.1814383607125,,27.86879957127547,,,
Tana River,2016,long_rains,133.6008301184047,,27.366818992031327,,,
Tana River,2016,short_rains,175.05667910492048,,27.65420306904035,,,
Tana River,2017,long_rains,156.70530854421668,-0.21600720927194447,27.202146302250817,0.18927787832727125,-0.46205562643914233,
Tana River,2017,short_rains,157.24578019208275,-0.5538169632363703,27.99809897262961,0.22010219884816004,-0.6921623919625345,
Tana River,2018,long_rains,405.7389569033403,1.6492754393238638,26.344347301831412,0.379597666995418,1.1517692025514028,
Tana River,2018,short_rains,260.73728502797894,0.04520237848613869,27.714286199775195,0.2458581165026796,0.21552760378817548,
Tana River,2019,long_rains,144.8569448099006,-0.43639013876074567,27.691396791556006,0.17365905468788967,-0.7558323372513898,
Tana River,2019,short_rains,600.3762580284383,1.6352592503718544,26.91737876767837,0.3019140844673624,0.9869047126220781,
Tana River,2020,long_rains,285.3583938428201,0.12641851497148368,26.9583028100098,0.31559177877934025,1.0139858885859108,
Tana River,2020,short_rains,182.7286554861348,-0.4349738602366469,27.77260607011216,0.22915865342141126,-0.19067942945524216,
Tana River,2021,long_rains,124.77591806399869,-0.8384354709385725,27.038376555291503,0.18786237436168982,-0.613361124360363,
Tana River,2021,short_rains,82.1628372548148,-0.9256070858218371,27.73707918333204,0.18083657629904956,-1.243469624332122,
Tana River,2022,long_rains,123.61321381048765,-0.6466688173205252,26.736344715503996,0.1630966616918092,-0.9443007639815818,
Tana River,2022,short_rains,171.734066441888,-0.5201635801440573,27.343439991634654,0.2026467415422791,-0.8582274095116369,
Tana River,2023,long_rains,299.24144742265344,0.23406130731048846,26.989235635397744,0.22154310343750108,-0.3763135511692363,
Tana River,2023,short_rains,491.02236721571535,0.9116691767494635,27.650690141949664,0.29787380754935894,0.7674567440023008,
Tana River,2024,long_rains,214.64692228636704,0.12774637468595182,27.776919998602,0.3082659934214103,0.83208976991802,
Tana River,2024,short_rains,251.97895307582803,-0.1575693161685446,28.048055710890548,0.2969622466142893,1.01464979484898,
Tharaka,2009,short_rains,51.426166739314795,,22.100410199556567,,,4.315646408839779
Tharaka,2010,long_rains,599.2130800820887,,22.222322134387376,,,4.555320879120879
Tharaka,2010,short_rains,346.53479708731174,,22.436463414634172,,,4.555320879120879
Tharaka,2011,long_rains,440.3063269145787,,22.749799901185792,,,4.5769159340659336
Tharaka,2011,short_rains,739.7294977903366,,22.079656319290486,,,4.5769159340659336
Tharaka,2012,long_rains,530.0314793810248,,22.520906620553383,,,4.591999456521739
Tharaka,2012,short_rains,595.9479885660112,,21.849519586104975,,,4.591999456521739
Tharaka,2013,long_rains,555.4236459247768,,21.797623517786583,,,4.71453152173913
Tharaka,2013,short_rains,363.354831404984,,22.129490022172973,,,4.71453152173913
Tharaka,2014,long_rains,427.7169872224331,,22.44715167984192,,,
Tharaka,2014,short_rains,447.520414147526,,22.63697339246122,,,
Tharaka,2015,long_rains,628.1280675679445,,22.453769762845873,,,
Tharaka,2015,short_rains,724.6778526492417,,22.426175166297142,,,
Tharaka,2016,long_rains,479.40440983325243,,22.38596590909093,,,
Tharaka,2016,short_rains,458.54524894058704,,22.405801921655602,,,
Tharaka,2017,long_rains,315.7927952837199,-0.8257113028260328,22.79167243083006,0.2174911287122318,-1.8662415738805465,
Tharaka,2017,short_rains,485.89025667868555,-0.2938322168805654,22.6727974870658,0.3744133472379113,-0.663986088033813,
Tharaka,2018,long_rains,1065.0221480038017,1.345216518625083,21.408989624505953,0.6453432808769032,1.0894634588391527,
Tharaka,2018,short_rains,462.78970385342836,-0.14476027891468926,22.28336659275686,0.32378561713007087,-1.1532659277006454,
Tharaka,2019,long_rains,342.9771027006209,-0.7114045038445395,23.171576086956545,0.3750464138792425,-0.9778894919911408,
Tharaka,2019,short_rains,1262.4880541712046,1.6922779773436638,21.80487065779751,0.49022729210861155,0.6640142997234489,
Tharaka,2020,long_rains,917.1334881819785,0.6579720391840063,22.408917984189745,0.4925406002676432,0.7287495239167986,
Tharaka,2020,short_rains,405.50307278335094,-0.46354626516345837,22.43546932742057,0.48143915644344615,1.0254740546035765,
Tharaka,2021,long_rains,524.7894765436649,0.042396400191176596,22.455424901185793,0.41895667036481316,-0.2759102432361225,
Tharaka,2021,short_rains,268.08909517899156,-0.8886738116199506,22.67294530672582,0.40388495054860146,-0.046744305771759836,
Tharaka,2022,long_rains,358.6563509013504,-0.9269998707193409,22.50148715415022,0.42076318314061284,-0.3016992499006424,
Tharaka,2022,short_rains,439.2067974694073,-0.3485805404096578,22.366116038433134,0.30919271999694703,-0.9184307735248533,
Tharaka,2023,long_rains,733.9671255107969,0.00334136563191841,22.58364624505931,0.44166010178485965,0.010339427504234966,
Tharaka,2023,short_rains,876.4518560543656,0.5939663040432239,22.72888026607541,0.47471863097842143,0.22427552611600735,
Tharaka,2024,long_rains,800.3057091964874,0.41518935375772886,22.88948863636366,0.5186912160879538,1.0753360720540033,
Tharaka,2024,short_rains,523.8862252160907,-0.14685116839856635,23.00335968379449,0.4365153657503786,0.6473345185767667,
Trans Nzoia,2009,short_rains,35.55820678174496,,17.627213599408744,,,4.315646408839779
Trans Nzoia,2010,long_rains,990.0263624489307,,16.78362895256919,,,4.555320879120879
Trans Nzoia,2010,short_rains,255.85981392860413,,17.624460458240968,,,4.555320879120879
Trans Nzoia,2011,long_rains,949.1685283109546,,16.97850049407117,,,4.5769159340659336
Trans Nzoia,2011,short_rains,407.8321381807327,,17.219327420546954,,,4.5769159340659336
Trans Nzoia,2012,long_rains,1093.9101890064776,,16.61015810276682,,,4.591999456521739
Trans Nzoia,2012,short_rains,429.2605953924358,,17.27561714708058,,,4.591999456521739
Trans Nzoia,2013,long_rains,1072.9827729463577,,16.549945652173935,,,4.71453152173913
Trans Nzoia,2013,short_rains,353.11479756608605,,17.287117516629735,,,4.71453152173913
Trans Nzoia,2014,long_rains,838.9824668243527,,16.875973320158124,,,
Trans Nzoia,2014,short_rains,341.5776819810271,,17.39427937915745,,,
Trans Nzoia,2015,long_rains,772.2454234585166,,17.25500741106722,,,
Trans Nzoia,2015,short_rains,415.5222365260124,,17.648033998521825,,,
Trans Nzoia,2016,long_rains,961.1355045810342,,17.36576086956524,,,
Trans Nzoia,2016,short_rains,199.37973772361875,,18.19929046563195,,,
Trans Nzoia,2017,long_rains,1008.8424225728959,-0.6494993021882844,17.541956521739156,0.48956244206956984,0.4413193422629094,
Trans Nzoia,2017,short_rains,330.72245324775577,0.17016604006255606,17.920424981522565,0.5839874269470068,0.5466360388671744,
Trans Nzoia,2018,long_rains,1349.5390940606594,1.57716509151848,16.223285573122553,0.56026876932854,1.0269728827045692,
Trans Nzoia,2018,short_rains,215.28418656031135,-0.6933499064961904,18.176119733924637,0.5507679222129567,0.030008896391849782,
Trans Nzoia,2019,long_rains,929.9163568764925,-0.8579380404944463,17.679876482213462,0.3677062566162932,-1.1223701194329652,
Trans Nzoia,2019,short_rains,515.7671836540103,1.414708899923294,17.118935698447913,0.581748353550258,0.5533531117830818,
Trans Nzoia,2020,long_rains,1470.14974462986,0.7592081292402014,16.818977272727295,0.5064973975237926,0.6613979369195895,
Trans Nzoia,2020,short_rains,410.0802837796509,0.4817041452402777,17.487106430155233,0.5786950027678731,0.6221361764710203,
Trans Nzoia,2021,long_rains,887.8692523539066,-0.08266692361314798,17.21878211462453,0.45939348050344636,0.05572071697050657,
Trans Nzoia,2021,short_rains,230.72861152514815,-0.8028855167784691,17.94437546193646,0.5558289474018206,-0.13101255306746792,
Trans Nzoia,2022,long_rains,962.3606696585193,-0.5560377444923913,17.241089426877494,0.39516238719351654,-0.7740221069452858,
Trans Nzoia,2022,short_rains,278.7179693169892,-0.21866248491915508,17.777058388765727,0.4565771144814177,-1.719962021268165,
Trans Nzoia,2023,long_rains,897.6144726406783,-0.17745461484462385,17.542865612648246,0.4004176157580819,-0.7473144070060912,
Trans Nzoia,2023,short_rains,321.4553892277181,-0.3034472063222564,18.007213599408743,0.5481591700425418,0.019088034538682058,
Trans Nzoia,2024,long_rains,1000.5561006516218,-0.01277659512578764,17.572961956521763,0.5179169747644488,0.8006200487616205,
Trans Nzoia,2024,short_rains,303.1155008758651,-0.048233970710056716,17.721151185770772,0.5576641740145959,0.07975231628383282,
Turkana,2009,short_rains,11.942924462375231,,28.240289624683978,,,4.315646408839779
Turkana,2010,long_rains,271.81261438614456,,27.46401465468385,,,4.555320879120879
Turkana,2010,short_rains,33.192322701303056,,29.089243311986213,,,4.555320879120879
Turkana,2011,long_rains,211.54990608553635,,28.37169378997654,,,4.5769159340659336
Turkana,2011,short_rains,162.15040890022647,,27.18443293818415,,,4.5769159340659336
Turkana,2012,long_rains,325.7860155031085,,27.160864100072885,,,4.591999456521739
Turkana,2012,short_rains,112.36576605768641,,27.588811675826275,,,4.591999456521739
Turkana,2013,long_rains,269.8648857723456,,27.365403206218136,,,4.71453152173913
Turkana,2013,short_rains,64.25930461031385,,28.514978425761928,,,4.71453152173913
Turkana,2014,long_rains,190.92233305808622,,28.030338130515762,,,
Turkana,2014,short_rains,71.90058363135904,,28.15868889191687,,,
Turkana,2015,long_rains,210.11536348403024,,28.097543417537057,,,
Turkana,2015,short_rains,115.41436252574204,,28.092203448850146,,,
Turkana,2016,long_rains,231.24362008238677,,28.246426503926827,,,
Turkana,2016,short_rains,35.80872186250053,,29.125393710920367,,,
Turkana,2017,long_rains,185.64304968726356,-0.8103430456209454,28.593871245243314,0.11606276837831087,-1.0301051623267503,
Turkana,2017,short_rains,74.71422299189726,-0.08637110087142243,28.080153063541825,0.21018490079086863,0.46133422187963097,
Turkana,2018,long_rains,410.99723606579937,1.4352960321837642,26.626440065581754,0.3548509597673764,1.308377168472076,
Turkana,2018,short_rains,50.626756959129125,-0.6956213024980746,28.906324961014988,0.1492247234319198,-0.670609895322631,
Turkana,2019,long_rains,225.34871906682383,-0.7485074521420877,28.4746911181281,0.12324643628234383,-0.8825663952246322,
Turkana,2019,short_rains,168.00311908277217,1.451557246371445,26.996782637658796,0.23381302229367143,0.9398454907808881,
Turkana,2020,long_rains,385.40650818811264,0.5479955423348711,26.809213525220645,0.24659288984594172,0.9600751889856296,
Turkana,2020,short_rains,98.53149403852876,0.22348587993392863,28.005413544079595,0.22699645886336153,1.0059340484138988,
Turkana,2021,long_rains,177.81799982645316,-0.26969723623553365,28.255540037243968,0.16836731105279482,-0.12685772043947782,
Turkana,2021,short_rains,34.58733996679075,-1.1249851718915547,29.28533723940593,0.14620113399190707,-0.6202625083719173,
Turkana,2022,long_rains,176.4782993644767,-0.48446254660041466,28.408039632418443,0.15127962694976205,-0.40182709484305085,
Turkana,2022,short_rains,56.46614739811048,-0.5379814514264114,29.19768042875961,0.10785095535923413,-1.468659117033915,
Turkana,2023,long_rains,256.2364034620696,0.035491002767539324,28.380802870212957,0.17613558349593572,-0.2398420214498689,
Turkana,2023,short_rains,104.14366977685131,0.30909739002186704,28.961365460023334,0.18503616419954452,-0.10570519285914641,
Turkana,2024,long_rains,343.3868945307331,0.2942277033128064,28.517369443769756,0.21870484043852678,0.41274603682607475,
Turkana,2024,short_rains,97.106340724662,0.46081851036022226,28.820080560278537,0.2045011715027367,0.4581229525131904,
Uasin Gishu,2009,short_rains,49.75304597616196,,17.018712195121974,,,4.315646408839779
Uasin Gishu,2010,long_rains,1005.0666828006506,,16.4100739130435,,,4.555320879120879
Uasin Gishu,2010,short_rains,208.10080875176936,,17.271310569105715,,,4.555320879120879
Uasin Gishu,2011,long_rains,899.21313444525,,16.671950000000024,,,4.5769159340659336
Uasin Gishu,2011,short_rains,391.7815725021064,,16.610803252032543,,,4.5769159340659336
Uasin Gishu,2012,long_rains,1093.8797560054809,,16.190245652173935,,,4.591999456521739
Uasin Gishu,2012,short_rains,396.68218756467104,,16.64636747967482,,,4.591999456521739
Uasin Gishu,2013,long_rains,1080.5468411669135,,16.262434782608718,,,4.71453152173913
Uasin Gishu,2013,short_rains,315.44009998068213,,16.684448780487827,,,4.71453152173913
Uasin Gishu,2014,long_rains,772.4843807667494,,16.577276086956545,,,
Uasin Gishu,2014,short_rains,279.43883430399,,16.90388292682929,,,
Uasin Gishu,2015,long_rains,711.6373394355178,,16.87534347826089,,,
Uasin Gishu,2015,short_rains,358.82777471654117,,17.084598373983763,,,
Uasin Gishu,2016,long_rains,920.4278826415539,,17.019545652173935,,,
Uasin Gishu,2016,short_rains,190.20506648346782,,17.78129756097563,,,
Uasin Gishu,2017,long_rains,916.2181920353323,-0.7542776200617057,17.401769565217414,0.40965926272580794,0.12894325214486035,
Uasin Gishu,2017,short_rains,283.90622667223215,0.09158414013332912,17.228621138211405,0.5517243236713117,0.7950543173589298,
Uasin Gishu,2018,long_rains,1344.1673697419465,1.4350162888908695,15.742500000000021,0.5321352853303928,1.427895444997043,
Uasin Gishu,2018,short_rains,188.43272449448705,-0.7305799194774337,17.685258536585387,0.4856535357998597,-0.009995745787531688,
Uasin Gishu,2019,long_rains,853.2044679038227,-1.0293459833894827,17.53806304347828,0.3159379811945242,-1.2529383968140608,
Uasin Gishu,2019,short_rains,518.888574341312,1.3112270923423976,16.4201723577236,0.5606615257965561,0.9962156894399884,
Uasin Gishu,2020,long_rains,1447.4619958624244,0.6911992677034995,16.398876086956545,0.4679160199524041,0.7828271247167073,
Uasin Gishu,2020,short_rains,369.99512151256204,0.311026657975386,16.934546341463438,0.527550235290069,0.4946405956182387,
Uasin Gishu,2021,long_rains,859.9818338528275,-0.01616573626003485,16.801828260869588,0.3964632597156623,-0.12916228718516068,
Uasin Gishu,2021,short_rains,221.76085115224123,-0.76465733500106,17.512624390243925,0.46671397398507714,-0.5110288593301998,
Uasin Gishu,2022,long_rains,876.8529880438,-0.7426451750343476,16.840765217391326,0.3630791315365784,-0.5381529696732054,
Uasin Gishu,2022,short_rains,325.1372014079243,0.1475291818638094,17.356816260162628,0.4017070293412371,-1.5137355388345017,
Uasin Gishu,2023,long_rains,861.2554684467614,0.0356218146489126,16.906502173913065,0.35821779413102267,-0.651748956326,
Uasin Gishu,2023,short_rains,313.75615691766143,-0.2538300998742932,17.371261788617907,0.4658629292792847,-0.40198734006625836,
Uasin Gishu,2024,long_rains,1063.3070224523544,0.38059714350228946,17.021006521739153,0.4595581181477311,0.7083019364721624,
Uasin Gishu,2024,short_rains,287.94128218945116,-0.11229971796213511,17.126500000000025,0.513396304224044,0.15083688160133246,
Vihiga,2009,short_rains,78.98170274496078,,20.203313008130106,,,4.315646408839779
Vihiga,2010,long_rains,1236.7461989820004,,20.14411684782611,,,4.555320879120879
Vihiga,2010,short_rains,437.91910810768604,,20.162337398374007,,,4.555320879120879
Vihiga,2011,long_rains,1187.9396746903658,,19.937527173913065,,,4.5769159340659336
Vihiga,2011,short_rains,616.9525139182806,,19.97445121951222,,,4.5769159340659336
Vihiga,2012,long_rains,1230.4388031065464,,19.717676630434806,,,4.591999456521739
Vihiga,2012,short_rains,741.9132007956505,,20.0342886178862,,,4.591999456521739
Vihiga,2013,long_rains,1190.1138802319765,,19.818831521739153,,,4.71453152173913
Vihiga,2013,short_rains,487.93347804248333,,20.19666666666669,,,4.71453152173913
Vihiga,2014,long_rains,1260.8234387934208,,20.03733695652176,,,
Vihiga,2014,short_rains,499.10552690923214,,20.535569105691078,,,
Vihiga,2015,long_rains,1152.3853328973055,,20.387961956521764,,,
Vihiga,2015,short_rains,764.9867057204247,,20.177337398374007,,,
Vihiga,2016,long_rains,1166.6288451701403,,20.45724184782611,,,
Vihiga,2016,short_rains,333.00014823675156,,21.114471544715467,,,
Vihiga,2017,long_rains,1234.9726946949959,-0.2427085847284672,20.49357336956524,0.6284726289889249,0.7966490246052876,
Vihiga,2017,short_rains,453.6986056268215,-0.6518836398745913,20.449857723577257,0.6527840795259282,0.24835831367613748,
Vihiga,2018,long_rains,1424.082512050867,1.1328201924012888,19.45230978260872,0.6809842067312462,1.2626800659296609,
Vihiga,2018,short_rains,557.9555875509977,-0.18971074395297438,20.501158536585386,0.6722678453017553,0.44091509774614307,
Vihiga,2019,long_rains,1091.7788348346949,-0.8719205784473836,20.526970108695675,0.5721805731377153,-0.5461341194944963,
Vihiga,2019,short_rains,1098.5072900652885,1.16234037502865,19.827825203252054,0.6115918348101096,-0.2817746689468617,
Vihiga,2020,long_rains,1578.6924092173576,0.2967642154986076,19.922690217391327,0.6081784248198846,0.2544565170511445,
Vihiga,2020,short_rains,964.9816352128983,0.630984863530487,19.954695121951243,0.6538084184983722,0.2624341803925841,
Vihiga,2021,long_rains,1266.3065517544746,0.3393902160111187,19.842024456521763,0.5811065701143017,-0.294445873096841,
Vihiga,2021,short_rains,431.37169183790684,-1.0364445641654987,20.474939024390267,0.629205525518538,-0.22339031645483073,
Vihiga,2022,long_rains,1170.849014081061,-0.4696168127515265,19.88739130434785,0.5804728153695949,-0.4056649304153261,
Vihiga,2022,short_rains,644.1957102268934,-0.021693429501502475,19.9642886178862,0.6526419752978262,0.2531662248199729,
Vihiga,2023,long_rains,1398.7778170406818,0.2199880954715678,20.095434782608717,0.5614034344688417,-0.5960103831833115,
Vihiga,2023,short_rains,863.1283973753452,0.22399733722243767,20.360528455284577,0.5920066369942535,-0.04982107997232332,
Vihiga,2024,long_rains,1154.0853865535173,-0.40471674345520564,20.476576086956545,0.5971248413634846,-0.05063694608623156,
Vihiga,2024,short_rains,620.9541687919263,-0.1175901982870078,20.225570652173936,0.615107657827338,-0.6498877512608212,
Wajir,2009,short_rains,2.7597086392343044,,27.7170617886179,,,4.315646408839779
Wajir,2010,long_rains,210.34600219313143,,27.33849371980678,,,4.555320879120879
Wajir,2010,short_rains,64.65177905233577,,28.49672791327915,,,4.555320879120879
Wajir,2011,long_rains,51.827433760568965,,28.339153502415478,,,4.5769159340659336
Wajir,2011,short_rains,350.8474785005674,,26.57631707317075,,,4.5769159340659336
Wajir,2012,long_rains,139.6200617835857,,27.951944202898567,,,4.591999456521739
Wajir,2012,short_rains,123.20020838477649,,28.01546901535684,,,4.591999456521739
Wajir,2013,long_rains,295.1162358998554,,26.986529347826103,,,4.71453152173913
Wajir,2013,short_rains,116.0871600615792,,28.204547244805795,,,4.71453152173913
Wajir,2014,long_rains,209.82331170444377,,27.72136727053142,,,
Wajir,2014,short_rains,126.46192451287061,,28.44595591689252,,,
Wajir,2015,long_rains,189.09851707014604,,27.80188768115944,,,
Wajir,2015,short_rains,182.8673672422301,,28.33025763324302,,,
Wajir,2016,long_rains,162.64495093695587,,28.03955374396137,,,
Wajir,2016,short_rains,161.80372551473556,,27.878346341463434,,,
Wajir,2017,long_rains,156.60013356880518,-0.14187338649099193,28.17255603864736,0.17171483249919825,-0.6179674892661946,
Wajir,2017,short_rains,152.92930175503716,-0.3135302846381366,28.156245709123777,0.23975410142048018,-0.004174569306512795,
Wajir,2018,long_rains,361.34217873529997,1.1943188879650724,26.59817258454108,0.26036317945364346,0.7617518383307712,
Wajir,2018,short_rains,229.07562430622056,0.4731486168655365,28.2733140018067,0.23244290488201616,-0.09176353603666715,
Wajir,2019,long_rains,127.15718880563509,-0.5043067517291873,28.56081835748794,0.15339556774568688,-0.876205076273911,
Wajir,2019,short_rains,443.0780850138399,1.0543558999559974,27.082850948509503,0.33773740417775283,1.2086250705961465,
Wajir,2020,long_rains,337.68467705691,0.1996092513873827,27.705997946859924,0.22122702592029383,0.426476720753965,
Wajir,2020,short_rains,95.09410230221692,-0.48579620799072315,28.216428545618808,0.19699008531786388,-0.8028898124860859,
Wajir,2021,long_rains,122.28171136660967,-0.7692371645372408,27.690455797101464,0.17811354630652007,-0.4667643655674769,
Wajir,2021,short_rains,72.53739215771202,-0.6871017700356568,28.497735140018083,0.14962194970360998,-0.9491060836594566,
Wajir,2022,long_rains,137.38017729474814,-0.4855880476670659,27.504542028985522,0.14888216003589533,-1.140203006932331,
Wajir,2022,short_rains,108.26351153786527,-0.43772134528743284,28.462088708220435,0.13450406718740365,-1.001424430778468,
Wajir,2023,long_rains,342.1981257846928,0.45299146099380394,27.483112801932382,0.223807460915857,0.20049939256788388,
Wajir,2023,short_rains,458.2845788542181,0.9583059535205991,27.473206865402005,0.33904821732592344,0.9785148395193924,
Wajir,2024,long_rains,254.70542633907462,0.05408575007822684,28.227837922705334,0.27086753673587655,1.5064228232985626,
Wajir,2024,short_rains,105.08138851897093,-0.5616608623901836,28.503776570048327,0.22884551233967199,0.3284103785588299,
West Pokot,2009,short_rains,24.119043350219727,,22.197720325203278,,,4.315646408839779
West Pokot,2010,long_rains,705.5925683900714,,20.74719202898553,,,4.555320879120879
West Pokot,2010,short_rains,142.16500115394592,,22.38239349593498,,,4.555320879120879
West Pokot,2011,long_rains,593.0594888608903,,21.294187681159443,,,4.5769159340659336
West Pokot,2011,short_rains,339.10544334119186,,21.272616802168045,,,4.5769159340659336
West Pokot,2012,long_rains,814.2891556899995,,20.692626086956544,,,4.591999456521739
West Pokot,2012,short_rains,301.6326462486759,,21.466411924119264,,,4.591999456521739
West Pokot,2013,long_rains,738.4176064934582,,20.6073355072464,,,4.71453152173913
West Pokot,2013,short_rains,190.18651879020035,,21.85637615176154,,,4.71453152173913
West Pokot,2014,long_rains,441.76248807506636,,21.231848550724663,,,
West Pokot,2014,short_rains,221.7140491567552,,21.718713279132814,,,
West Pokot,2015,long_rains,481.67322541214526,,21.522851449275386,,,
West Pokot,2015,short_rains,257.8771527968347,,22.240302439024415,,,
West Pokot,2016,long_rains,644.5021910527721,,21.55859782608698,,,
West Pokot,2016,short_rains,111.41125340759754,,22.65733224932252,,,
West Pokot,2017,long_rains,602.9273704690859,-0.681595875285793,21.790631884057994,0.3492225727858931,-0.4738917041573401,
West Pokot,2017,short_rains,257.66825924254954,0.28174999911371706,21.88974092140924,0.45409708941817906,0.2760424373443574,
West Pokot,2018,long_rains,995.280934730079,1.5296414571239065,20.068845652173938,0.5398964364524388,1.5498870644900078,
West Pokot,2018,short_rains,134.25031710000076,-0.592758769370688,22.663532791327935,0.37783312931730456,-0.7052503343819051,
West Pokot,2019,long_rains,622.6154737118632,-0.8278452190113902,21.84489130434785,0.31922491366262107,-0.9137511320409356,
West Pokot,2019,short_rains,368.5759159512818,1.344580431746203,21.187728997289998,0.509540578420518,1.0708473518169541,
West Pokot,2020,long_rains,1020.4140924941748,0.7190352614985224,20.541893478260892,0.5070790595810534,1.3574666896006677,
West Pokot,2020,short_rains,283.29044967051595,0.42561755136067286,21.725250948509508,0.5065288034945301,1.0929732341508276,
West Pokot,2021,long_rains,516.9334191591479,-0.11937191458587071,21.72416594202901,0.3939124625798371,0.10184423155494045,
West Pokot,2021,short_rains,122.55658542085439,-1.0692380425982877,22.67145149051493,0.4295733405956768,0.03734935289885977,
West Pokot,2022,long_rains,495.3286781061979,-0.6108851171153771,21.729045652173937,0.31842551428843135,-0.8428945968664451,
West Pokot,2022,short_rains,141.45565855503082,-0.5591003062461996,22.85465799457997,0.307318328234295,-1.6386181953301,
West Pokot,2023,long_rains,528.6374524603598,-0.17695258940505934,22.36187318840582,0.33055978674903946,-0.6954128133464561,
West Pokot,2023,short_rains,223.36892122309655,-0.15460204453752857,22.876588617886203,0.41564517137264284,-0.23043957912968685,
West Pokot,2024,long_rains,745.9449448757805,0.16797399678106142,21.977844927536257,0.42824783950107564,0.4333812822622311,
West Pokot,2024,short_rains,255.74899067271326,0.323751180532111,22.56712753623191,0.44124252272486136,0.1891098784121472,
